StudentID,LateSubmissions,SkippedQuestions,HelpRequests,AttendanceRate,AvgResponseTime
1,1,0,2,59.07447041119022,129.60206004352477
2,1,3,4,79.9053716011832,103.06942538534625
3,1,3,5,46.083182616995686,11.896707588941211
4,4,0,8,87.95072105589031,17.861849120677867
5,3,1,5,66.0557836689998,43.394556266635064
6,1,1,3,75.44768403997072,165.59884935306994
7,2,0,5,78.32132429413308,75.94940899468308
8,0,0,4,83.47956084176448,26.839335103798508
9,1,2,6,75.153798261419,370.2606613406026
10,2,4,2,77.84456437953865,300.7804719100148
11,2,2,7,72.56999685823675,111.90903154140642
12,2,2,9,60.43922296330918,39.740097564770124
13,7,1,3,74.7048315296213,50.17805488726475
14,3,2,2,81.00307406737916,60.18204123024666
15,3,2,5,47.18322462492942,10.0
16,5,2,6,77.73887323523736,24.16787421848633
17,1,1,4,84.53175243526236,129.15717300694496
18,5,0,7,62.97069375578791,31.05209316824784
19,1,2,3,67.52046766250737,23.50555607047689
20,3,3,4,66.72500505431528,10.0
21,2,3,8,70.53681716578748,10.27453060036166
22,1,0,4,67.1175409476217,65.99642634412412
23,2,0,4,73.67191374211407,120.13329696066583
24,3,1,7,61.17452267718716,343.25751546066965
25,4,1,8,75.7899924750088,165.0230726322528
26,2,2,5,92.46259416223634,147.17785053453747
27,2,3,3,87.84852928432773,141.61496213269967
28,3,1,5,59.50624640455426,83.55547741007923
29,1,0,5,56.14739698482582,57.10536655688086
30,2,2,5,69.01005237395955,184.39227329147587
31,2,2,3,85.40770624317761,74.82066019873231
32,2,1,2,93.47944709244587,93.68299986675152
33,0,0,0,80.79860608045848,12.453216709707673
34,0,0,4,85.90629430045074,10.0
35,3,0,10,63.74348043688938,14.347436649609765
36,2,0,5,61.599381207580485,365.16617859311924
37,2,2,7,48.198418329186765,213.9591660825034
38,1,1,3,56.555244068826994,33.12832392456063
39,1,2,3,73.58513470967517,25.924767525271672
40,1,0,2,70.70712964163997,84.25624844953263
41,0,2,4,71.75042974853942,88.96550173259367
42,1,3,4,71.80274818610066,39.07447193311959
43,1,2,4,65.70241946730306,150.70873031464845
44,0,3,2,41.73111751189148,46.0262842281799
45,1,1,3,59.78643325887077,10.0
46,1,0,7,85.06552039093516,130.13007456051972
47,3,1,7,64.78237619770347,71.28150320355375
48,2,2,3,64.05691782101073,64.99890159529426
49,2,1,5,74.65449404179836,14.160158161834532
50,2,3,2,75.94147958142409,42.38192096776731
51,2,0,5,74.54181597321777,28.47530083760467
52,1,3,9,27.981899570244558,61.073787641171734
53,1,1,1,74.01519864183038,133.66520674385842
54,4,2,5,88.80275209070064,225.22961087167505
55,4,1,3,89.34558417000925,10.0
56,2,1,3,69.94939240068575,238.8405293873675
57,2,4,7,61.308409271018924,10.0
58,4,2,6,74.5471845484878,57.75818689362165
59,1,3,7,73.32966621639633,10.0
60,3,1,7,62.39281967936494,114.7976703908996
61,1,2,2,58.788932856485964,78.5518143830264
62,3,0,5,74.7443417630486,77.4543199694678
63,2,1,2,64.30342437088507,368.44994774196005
64,2,0,4,55.82497773143168,49.364382550784555
65,3,1,5,64.44508045500417,38.342926118457754
66,3,0,9,80.86056432969063,118.22303625936662
67,2,1,4,92.81335062934234,597.3286870014447
68,1,0,9,64.80816742015654,100.16485006697268
69,0,0,5,77.34893531199083,369.7152445526613
70,1,0,2,59.283590350532535,366.7859893130387
71,1,2,8,74.321941699806,600.0
72,3,1,1,73.7253922735519,95.31405226069795
73,2,1,9,66.38425478945304,15.695375903279148
74,2,0,3,64.66961722835035,268.92955197047644
75,1,1,3,52.080980895180275,318.51304888624617
76,1,4,8,75.14273483983759,154.6367466186698
77,1,1,3,76.89910243777408,34.224304734262525
78,3,0,3,84.61927573259538,143.71154667772635
79,1,1,5,61.26951188377131,11.484634713938346
80,1,0,7,64.00357945646302,11.476021992039328
81,2,1,9,74.80047395410465,12.727083666664733
82,2,1,7,57.08863187487334,63.40614507789982
83,2,2,3,91.3272936312234,101.9215317231081
84,2,3,8,75.11707761846392,96.51562506982414
85,3,1,8,77.7728794567925,38.18937349217501
86,2,3,7,85.4169741645408,10.0
87,2,1,4,89.98102657329503,29.489577690656542
88,1,2,5,44.04911005274058,97.90557343836508
89,2,0,3,87.42565343980706,333.6756807595133
90,3,3,5,75.8084365801499,18.703996132869797
91,2,5,3,75.89522735855861,187.4002870332737
92,2,2,12,79.22000830084383,128.66648628074552
93,1,1,2,63.85432794944962,131.92688632186045
94,0,0,3,81.51344176040908,46.50916021390277
95,0,2,3,80.99942161353528,196.02359815943714
96,2,1,4,71.91560530840572,374.06153246576235
97,2,1,3,77.0122459982225,73.49183596853278
98,0,3,7,52.63431828344619,600.0
99,0,1,4,85.10074539094259,232.1471609311888
100,3,3,5,72.69696905163374,10.0
101,0,0,7,69.74520876377343,15.711163743917574
102,3,1,4,42.90194801832961,337.0483984629692
103,2,2,4,38.0348481080281,63.65959489728803
104,0,1,5,78.66891049105567,111.34308376089143
105,3,0,6,52.18758837580615,10.0
106,4,2,2,36.33560861233325,226.07553618946352
107,1,0,6,88.4020590183267,35.405022489820304
108,3,1,4,87.85922090186662,81.79989741242852
109,1,0,7,80.25807470546265,223.23948029643466
110,2,2,5,70.80987706069533,10.0
111,2,0,6,49.75555420283854,22.318932441027766
112,0,1,6,80.15445846922272,143.16205119596435
113,6,1,4,66.00003560185812,208.39014552322863
114,2,2,3,84.26119767757908,176.75404835106556
115,1,4,2,78.43674261751171,24.892165078884915
116,2,1,3,64.03370463971699,13.406253675149252
117,5,2,5,39.48631218330261,136.6730459082899
118,4,0,4,73.71557303080355,300.9574439663355
119,2,1,4,81.24193942531528,177.89707731000192
120,2,0,5,62.59733414190747,10.0
121,2,1,8,73.17276585078572,102.8265839551496
122,1,1,9,66.0914810408752,188.8082228055788
123,4,0,10,78.08843671710007,97.60355559800503
124,0,1,5,51.223518449688754,104.87281045815001
125,3,1,7,79.70397600767654,45.729518767591124
126,1,1,8,61.310439186641894,25.33597546392436
127,1,1,4,59.67218150161923,20.54591077865556
128,1,0,4,75.72944150333257,39.248759690166764
129,2,3,6,75.66522462006363,72.57265990295723
130,1,2,4,84.62813081208816,45.288932599546634
131,5,0,4,60.8857103362662,97.42875027836331
132,1,3,5,61.49800276244728,600.0
133,1,2,1,70.82772482825683,35.539117394953585
134,1,1,6,71.74796049457541,116.04279538412474
135,0,1,2,86.9722788526943,27.215597932551926
136,4,1,4,80.2701713081416,10.0
137,0,1,6,81.80799369313195,93.48349852188551
138,1,2,2,82.49836992412489,17.029691265272763
139,3,0,6,33.83817896355601,32.87853598425148
140,1,0,3,82.61459260268765,151.30827978476066
141,1,1,6,84.07832558086051,158.94518615167405
142,2,1,6,58.48880882806058,83.70587297356488
143,2,2,1,78.8496944787657,47.81045446214262
144,3,3,4,69.3572155025031,28.127468170911847
145,1,5,4,69.28395242683098,600.0
146,1,0,6,79.49786891452118,87.76636488850248
147,1,4,5,74.61559354040304,42.69548027692665
148,3,1,5,77.15124025552552,163.24412467460368
149,2,1,4,60.84164342807604,68.78751969076677
150,5,3,3,63.00734665905665,11.107506257175439
151,2,0,4,78.42494080468262,51.23561882043106
152,4,1,5,61.20682762559328,10.0
153,4,2,3,76.68055279116358,65.02809717182404
154,1,1,2,59.162302211991445,39.07328085648546
155,4,0,6,82.16925932174739,326.5174992768251
156,4,1,2,80.43097509245071,10.0
157,3,3,3,61.4714806828411,13.715195066155891
158,1,3,2,67.52838949852486,72.86732067411066
159,1,0,3,88.04910442958533,150.38267409107655
160,1,1,10,88.395958018951,47.1512331810523
161,1,3,4,53.63441761307591,31.432823994072436
162,0,0,12,82.89369158565037,36.01975381220664
163,2,0,11,66.2070116266859,17.80733606596446
164,3,2,2,73.64344668561571,213.8641393162737
165,3,2,6,75.18189053732824,142.93871622341211
166,2,1,4,45.05399759644157,433.65624518730334
167,3,2,6,73.31864978201476,88.45283531235248
168,2,1,4,63.77111157275137,306.5986936680589
169,1,2,3,60.14529491015708,95.23296567149995
170,1,1,2,69.00053403000014,38.12139970144063
171,2,1,2,31.838082266385015,70.84775611524141
172,1,3,5,76.18217226882369,10.0
173,4,0,5,80.38528780323334,86.59658890388852
174,1,3,8,76.4217958140555,25.917542113138293
175,1,1,5,57.04835187526367,50.52787788874177
176,4,1,5,61.38909517582148,58.08437415377144
177,1,3,2,89.76033380202504,24.894194067551986
178,1,0,9,57.435832920979124,36.17371175691808
179,5,0,4,86.29292405248779,12.632613555981987
180,1,3,8,72.40299695534699,22.687629057637675
181,3,3,6,67.36921800781138,10.0
182,2,3,3,52.9821042365264,264.84769255237615
183,5,0,7,62.476274088674835,189.51529908230373
184,2,3,4,50.301345448685744,109.80006397221143
185,1,3,6,81.38262384341917,49.85997470927736
186,4,3,5,28.807958122498604,548.4605669558255
187,1,1,3,73.18595623198061,10.0
188,1,2,3,51.160166052541044,66.92030504912097
189,0,1,6,40.02844959462363,274.61725011379167
190,0,1,4,79.33467343284117,33.405240108773086
191,5,3,7,70.49623411687416,97.99302833278993
192,3,1,10,42.304776473717446,108.12712471216328
193,0,0,4,32.04796946481942,10.0
194,2,4,7,66.22739144830095,40.012415413884334
195,1,0,3,79.13864149192048,301.269893553033
196,1,2,5,64.22179293341436,15.853277822096532
197,4,2,7,73.48342233303758,79.12870721600305
198,8,0,4,61.12812446021526,149.34267547006158
199,3,1,5,90.89466295292739,16.64332080887779
200,2,1,4,69.96134008616689,240.5594471879993
201,3,1,5,81.97608732709094,244.4017708989057
202,0,0,9,52.41623496751298,286.12970033830936
203,1,1,6,86.57754100801424,10.0
204,3,1,5,72.98361221700773,124.59669785277879
205,3,2,6,82.69115068451985,63.125667947646136
206,1,0,5,67.39535847791153,258.2011784345874
207,0,1,9,77.00893138320619,168.11395959489593
208,0,0,2,71.23686937004211,89.43172798673972
209,2,2,1,82.29270553216551,74.18938196386911
210,1,1,3,51.7681404078055,50.831253467880316
211,2,1,3,59.37056272523491,149.6298108233873
212,1,1,11,60.98933999586285,171.79270483762866
213,3,0,6,48.76888891076547,22.254784672389782
214,3,3,5,72.09452858432144,68.7911574521265
215,5,0,7,66.39134105968257,83.87467912877148
216,1,0,6,58.77838889012461,10.0
217,1,4,2,75.90208807594034,40.43872239424845
218,0,1,5,91.60712262963449,42.44821084116024
219,4,0,4,82.45556764353474,174.2257132892336
220,5,1,2,65.93795985503584,193.2326415159398
221,1,2,4,77.73847359272627,310.2765854845493
222,1,1,2,81.40031844971043,175.6697973727778
223,1,3,2,54.4685124013949,52.411527030389124
224,1,0,3,64.91132244573917,35.24345707611481
225,4,4,2,43.22720997371844,292.3774339798794
226,0,0,2,73.35021387570006,82.82793810079639
227,1,0,7,85.92901872112431,78.88532152785515
228,2,1,4,59.649154727296306,31.806264226715268
229,0,5,2,77.68625506599048,164.35724403695679
230,1,1,7,39.143048248616516,10.0
231,0,2,7,96.47321153604334,52.65085198666613
232,1,0,2,61.38371870667972,181.03914939640185
233,2,2,6,77.70808898449683,15.213162156818939
234,1,3,7,83.10044157390135,65.72104680686547
235,4,2,7,49.76247671613861,19.63352190186377
236,0,2,6,68.98690956205094,128.96761004581137
237,1,1,2,86.1716577941252,52.267618303781475
238,1,0,5,92.15948808908534,10.0
239,2,0,6,65.4711241723096,133.5746251567483
240,2,2,2,60.23760109569062,83.90300079862477
241,1,1,4,80.75873091587779,79.28379951709196
242,0,0,9,57.25434267670656,120.9917103708116
243,2,0,7,91.24097245153027,245.7790463274706
244,3,0,9,83.0002725530499,75.56916352335064
245,2,2,6,42.65249258334508,49.35041849744707
246,2,2,5,84.23159025413104,95.88825957439042
247,3,1,10,73.694646083905,76.57768343225331
248,5,1,7,60.109845088369966,251.27399074095942
249,1,1,5,59.24915185986044,85.40750400298336
250,2,0,6,50.685166565429974,213.11091616953678
251,1,0,10,72.47482807027589,10.0
252,3,1,5,68.46275591927923,10.0
253,1,1,5,82.69563150090598,30.72117860637014
254,5,1,1,58.873693317002974,403.3940478313609
255,2,2,7,55.468081080481426,233.2599457047263
256,3,3,2,54.43870465919349,284.2210094677033
257,0,0,5,73.80055497951903,133.9527955096662
258,1,2,2,42.74452659660971,136.84193970852078
259,3,2,5,83.29348946193306,10.0
260,2,0,8,68.97036334535731,99.11821225620535
261,1,1,4,60.70455544019138,67.18640751625905
262,1,1,4,89.17159928009146,57.59728374232433
263,2,2,6,75.23371446296345,172.7654060736863
264,2,0,1,82.7485919760192,38.575068387001735
265,1,2,7,88.94847111248605,78.2989552556372
266,2,2,5,78.7748982999085,222.4134501389403
267,3,1,1,59.8753503795834,211.6467416425928
268,4,0,3,81.12310765381878,130.22104155708774
269,1,1,5,86.19154207818043,21.303264272796422
270,3,1,4,90.35322108281184,500.53536211605353
271,0,0,6,83.13042564399066,11.38789831587772
272,1,2,3,96.37967012094781,16.058059670488934
273,0,1,10,70.80681543726219,600.0
274,2,2,7,50.7229360700532,57.765905539823315
275,3,2,3,41.125098921491585,43.50493602290352
276,1,0,5,73.07359244022578,10.0
277,1,3,6,75.70431244064403,286.2867773195172
278,2,1,8,81.55730897671111,13.429133103351141
279,2,6,5,82.41607787119061,12.717198305334637
280,4,0,9,53.180372654752894,251.27822395947734
281,6,1,7,70.27446181562303,142.29318480957875
282,1,1,5,67.45250801368393,44.72793343941298
283,5,4,5,58.4119201102178,47.52494450554245
284,1,2,5,43.66681456590616,12.319406974084322
285,3,1,3,66.2311159481461,55.900068903500596
286,1,2,7,85.24520640122658,221.62140889344005
287,4,6,4,94.08917700656211,10.0
288,1,1,10,61.88840142853047,62.40172667809385
289,2,1,3,75.97252050465531,208.56704100252188
290,5,2,6,76.12065243388997,177.3763522789635
291,1,1,5,80.90272041799412,272.9770408357935
292,3,2,5,60.39480774751541,42.41428310817132
293,1,2,4,92.112428943926,37.48190655836613
294,2,3,4,76.15848639542575,191.8654423728617
295,1,1,3,71.55838909578672,178.5441351908551
296,1,2,8,59.0172092187448,10.0
297,1,1,4,61.393038595787985,371.1744784041944
298,2,1,6,69.19660762241287,134.31737109923736
299,0,3,6,73.34926300039386,26.436199399895706
300,3,4,4,78.31164674828183,175.08161071508215
301,2,1,7,71.0219902794355,32.05790091085763
302,2,1,5,63.49660891655399,301.7977568128585
303,2,1,5,73.27460451966232,108.44372947020615
304,2,1,4,78.37443488897566,112.96749678680587
305,2,4,6,74.47916780693923,360.4883028597842
306,2,1,9,56.459676628810776,88.13122185018715
307,2,2,4,90.25958262566664,40.884090031566956
308,1,0,7,67.04130441728371,174.50564589488815
309,3,1,8,75.78147129301144,143.87592134803907
310,2,2,3,88.56045409039095,17.93341730652957
311,0,0,8,76.72467426660157,10.0
312,5,4,3,81.29165437340639,41.18659479241191
313,2,3,7,84.30148979042869,10.0
314,1,2,3,58.33957439543983,110.23764159749848
315,0,1,6,64.99946251480762,81.75720643644574
316,2,1,4,64.9591770264372,113.66230598402593
317,1,3,6,69.91847828208476,77.90784064104541
318,1,1,6,67.83894181177747,159.93970597802627
319,3,1,4,83.44773878097718,412.7806536066155
320,1,0,2,74.64765163881792,119.00576602366806
321,2,3,8,45.83126356317939,56.67752414803967
322,2,2,4,52.08218545420454,201.80497437147298
323,1,3,4,78.02039565037995,10.0
324,0,2,2,46.82441726939516,84.55986153008911
325,0,3,8,68.78642326206162,188.2289676575616
326,3,1,6,66.2835301319687,57.28717127495247
327,2,1,6,61.50449025593785,61.90655633586048
328,3,3,4,55.01178075447556,115.5367568407352
329,0,0,7,76.20003944623274,99.68075502406451
330,1,3,10,82.23007148904745,177.86223272546192
331,3,0,4,72.13218966829204,135.9325959150308
332,3,0,7,74.92328567611901,434.4642256297364
333,2,0,4,82.16339816603941,115.78807631130469
334,2,0,2,85.78799948802447,283.0586797343753
335,3,2,9,86.38789145269548,10.0
336,1,2,5,75.93759313493666,585.388231203951
337,2,2,4,89.47096731859351,27.86425810144289
338,2,4,3,66.69120654906452,448.74549497985157
339,5,2,2,59.73106238958907,10.0
340,2,1,5,69.26770700686625,10.0
341,3,2,3,73.24466609883982,10.748501484063924
342,2,0,5,56.04879793479578,79.36573994211294
343,3,1,7,82.10188603621411,404.21832476236386
344,3,1,7,55.07974033877375,236.93934834004403
345,2,1,4,77.85230011134267,27.70332450516624
346,2,2,3,75.8009818215435,29.955757906907948
347,4,1,4,45.97702516546324,243.5193580474169
348,1,0,3,82.07098219293744,97.60316190755746
349,2,3,9,81.99607861744417,68.46849661733478
350,6,1,6,81.52491791484738,351.21649049216904
351,0,0,2,85.96599310777455,99.03492832722316
352,0,0,6,63.98967800990221,92.20765884497122
353,1,5,4,51.00424928091285,26.731314677065406
354,1,2,5,56.908641085398806,298.8935175672303
355,4,2,5,60.441179587671925,24.88324612131761
356,2,1,5,76.08091483163257,38.87072995622299
357,2,1,3,77.04805011972327,31.06327403688853
358,4,3,4,81.90144611892953,240.4126434440422
359,4,1,10,70.27809003129234,19.45609191780982
360,3,0,2,68.84423756791908,56.58026157611892
361,4,1,2,44.27703718396654,202.76014739934578
362,4,1,4,68.20749225390932,23.013660759288513
363,3,4,5,53.466312690538174,10.0
364,1,1,5,72.96144536644668,129.03042482787978
365,3,1,6,87.63688743885002,10.0
366,3,1,4,65.31817332215944,96.49450431423446
367,1,2,10,58.34265780017678,24.592477098137874
368,0,2,7,61.77781189643683,47.70512347370409
369,3,3,9,78.29164536809049,10.0
370,0,1,4,60.30053539640154,254.76609433261052
371,0,1,5,60.467398681901486,99.61313895522416
372,0,2,4,78.21044847646557,254.06161222678523
373,1,0,7,50.61538239903497,75.65767568034191
374,3,1,5,68.47817300595182,147.7810422724591
375,1,3,4,74.27343901486772,18.08473293554449
376,4,1,2,82.06998849212492,74.08821574095464
377,4,0,3,79.5234178701255,172.34838315360892
378,2,1,4,75.36470838726731,54.83089444021269
379,1,2,4,77.30844128614179,46.257353355271746
380,1,2,6,68.10205858105184,88.89953023961415
381,0,0,7,52.55058507228539,10.0
382,2,0,6,44.37386465145687,247.37596975122375
383,1,3,5,64.59333978721567,71.97098847994104
384,0,1,11,64.9137919437896,44.07581302920636
385,1,1,6,75.31846601675919,70.44031457093129
386,0,0,4,77.68786830606308,254.24539873431274
387,0,3,4,64.87110739775727,49.88514850980282
388,2,0,0,48.59617655270462,35.57981893716995
389,0,1,4,57.25664650381829,78.0156024261246
390,1,2,4,75.63858472786204,89.76613261807138
391,2,1,4,48.129214323374846,255.8932965327306
392,0,3,7,64.62171177931413,105.52696874169702
393,2,3,3,65.83122380402509,229.9424837286566
394,2,1,6,87.34632426361426,234.0821706573401
395,0,3,4,53.16694225101909,41.32125817848689
396,2,2,5,82.47451063930069,66.8991096185977
397,2,3,4,49.774688636070536,271.3696137311292
398,4,5,5,70.85348106502923,126.92351777431385
399,1,1,11,90.02537185713828,161.69093037381901
400,3,4,6,76.06292155262354,186.75470991393206
401,1,0,6,68.8267318763279,55.144362102097425
402,1,3,3,67.43435939298286,127.61666174320696
403,3,2,3,50.21759289762775,52.45282950164074
404,2,2,3,89.9488745987171,25.68086158998236
405,3,1,4,90.75672580475268,155.48748484466782
406,0,0,4,80.40346477485654,355.2793736271255
407,4,2,3,89.91393771348615,100.49489958464925
408,1,2,7,40.743979001764366,75.95055129413223
409,2,4,4,86.47666365276466,75.8244143544265
410,2,0,3,86.91131567763651,36.99018994565829
411,2,1,3,68.12578129762574,10.0
412,4,2,7,67.69183961993825,310.90123387294335
413,0,1,4,87.06513974748037,172.46885454533248
414,1,0,7,75.53663965600414,85.53049352510008
415,1,3,4,60.06810501522581,13.592250001722757
416,1,0,4,66.42107947926431,117.922008855445
417,0,1,8,78.49770380422423,23.100908694077066
418,1,2,2,41.92727648673379,98.18511478816768
419,2,1,9,70.53437679433183,166.29287799058386
420,0,0,5,49.13747216619432,401.4664481130747
421,3,1,1,87.28351204924942,111.90215343084327
422,3,3,7,41.75895739927992,76.08244894091368
423,5,4,9,52.861722066414444,95.1832820013841
424,0,1,8,66.9446374974392,212.1543634897985
425,4,1,7,67.02201357398772,183.81948175729377
426,0,3,5,81.37010359257617,509.8424262852533
427,2,1,5,77.61029805858651,35.56596627644733
428,2,3,4,64.55631222077415,56.51876016098392
429,4,0,2,64.61505105120851,368.8322906255235
430,4,2,10,56.04186749316919,187.71260625738935
431,2,3,8,65.64777710096334,10.0
432,2,1,2,67.09330275352625,64.8185958698533
433,0,1,4,58.07524816144019,184.19959682656742
434,5,2,7,71.4366710283793,10.0
435,2,0,6,42.38776011425849,10.0
436,0,0,2,65.81980518485634,71.06855426782124
437,0,1,7,75.13134658248893,312.27478195642385
438,1,3,5,83.32844150640999,68.39550776571213
439,2,1,9,46.41133827310801,185.27114868134026
440,2,0,7,71.222739957193,10.0
441,2,2,2,95.99191737001398,14.734296022126154
442,3,2,9,81.95330528494222,10.0
443,3,0,8,93.78822547348273,175.14909126269166
444,1,5,5,79.87409222861477,169.52510932497773
445,1,1,5,78.20482616555836,193.54518394527383
446,0,1,8,80.21583144679312,140.16519447192343
447,1,0,6,81.24042346646695,90.95457335741446
448,0,1,3,17.774888891626365,105.3684099395707
449,2,3,4,75.14280518316244,112.43237517658991
450,1,1,3,63.28784514556225,228.78866645073987
451,0,0,6,56.158861249646364,41.580002427566555
452,4,2,5,67.2821045457464,141.0378066403027
453,3,3,3,70.59375604578105,226.93238525254586
454,2,0,5,76.42603663664552,106.65023337288855
455,1,3,7,76.90693358204445,55.35503355131927
456,3,2,5,73.59020328779363,403.6106543162957
457,2,2,2,72.94347231733465,233.25179227150184
458,4,1,1,53.825591751245675,58.3311698876058
459,4,2,8,82.03064902343411,91.265331531379
460,3,1,4,75.4833172631727,48.276674046160025
461,4,1,5,43.46279921600028,28.560813800332376
462,3,1,6,73.64527724906807,58.738644944074814
463,1,2,6,79.61291684540014,39.46391787536053
464,3,1,3,67.27035090211362,55.67834379041884
465,3,1,9,86.17622216688804,35.11281841564712
466,3,2,5,62.90027850059396,15.183582651582052
467,2,2,4,68.27340117173148,154.54248367431427
468,1,1,2,58.99905461016015,171.97140378697256
469,0,0,7,68.34819820889822,284.76640297413053
470,3,3,4,72.70203609153963,25.11229455340984
471,1,0,4,85.55807477000161,26.279184343850698
472,0,3,2,60.650414694051676,162.11860620256792
473,6,2,9,76.02530362860843,378.41392563387524
474,3,4,9,73.10821138140795,75.8967114820948
475,3,1,7,69.08910965473707,10.0
476,4,0,5,54.711264341904844,61.806341844253424
477,1,3,5,76.3265473346465,21.019171364329605
478,0,2,3,63.739989160061874,310.21404401241995
479,1,2,3,56.78362964749005,10.0
480,1,2,6,73.82345609305327,132.17573520482617
481,1,1,6,75.01674811805107,139.867643972853
482,1,1,5,69.74919743714827,90.43173034551454
483,1,0,4,84.67496252612298,296.02791932706566
484,1,2,9,41.9651560914467,47.180916115853066
485,2,1,3,58.011629932824796,186.0049068216611
486,1,0,5,66.46242445841986,126.07559466439604
487,3,0,6,76.52723631816693,104.29216018703451
488,2,3,1,70.95807272773685,361.79160647415375
489,1,0,3,87.27536237233966,46.6650471878778
490,2,0,4,37.03137399798255,91.47016314906823
491,1,3,6,68.51954244422726,460.9678254661808
492,1,0,1,62.11804801404172,48.718606430771324
493,3,0,5,66.14276832148906,54.56011420213516
494,1,3,3,81.81182560989393,109.7326612034318
495,2,1,8,81.05851732010348,44.506319072283354
496,1,0,5,73.2814564381286,148.0699114673814
497,0,3,4,75.95284923888677,88.37562617785908
498,1,1,8,63.167959075336064,124.46597383458065
499,1,0,6,65.86087166313331,18.709292288969046
500,1,1,6,67.86353212756012,101.0737005991986
501,2,1,4,70.32716310257877,13.591770711005898
502,3,0,2,86.33280536959982,99.92809780508524
503,4,1,4,57.38306048672291,221.9374715367952
504,1,3,5,36.72800509272136,122.92540525297835
505,2,2,6,87.76577918281127,524.4881410358925
506,2,3,6,47.35275534931926,345.63371022406346
507,1,0,4,65.32013208847876,157.02994942755703
508,4,2,7,68.07366913187843,32.338250016957815
509,1,1,6,37.9214746946397,263.32403985196606
510,1,0,7,45.52849302873913,92.89687925192595
511,2,1,3,66.7780985719779,120.6857812440432
512,3,1,8,70.50602705140854,181.28810308182628
513,2,3,3,84.71743324406883,68.91719885911098
514,1,1,7,62.3616746925889,238.24963239131446
515,1,1,6,70.76669493357359,40.69225119064594
516,4,4,3,62.9808467555947,78.20586748344937
517,1,1,5,82.79181744605401,600.0
518,0,0,1,86.98588920923488,239.70451613195678
519,0,2,9,77.48061434671995,600.0
520,4,2,5,59.05237074451086,13.28648124620155
521,2,0,5,59.195108510413455,66.23743507974554
522,3,1,3,57.34670052407025,95.54864349719774
523,1,4,5,86.40026589705117,157.05241808717196
524,4,1,5,67.74902384374451,85.65171415005067
525,2,1,5,64.71115091411082,355.0525829540334
526,1,0,6,83.93131065604986,41.06592003314978
527,3,3,1,84.41204917007866,43.319050355434406
528,2,1,5,49.379112574617515,306.7620498742764
529,1,1,1,75.02090868646478,80.75620833445397
530,1,1,6,71.71790252038346,25.642480512096874
531,3,1,4,59.158531863037844,364.8341499961133
532,1,3,3,90.22379860483852,64.10049895104508
533,2,0,6,65.53741706857716,10.0
534,2,0,3,64.9448374717315,36.38147973615213
535,0,0,6,86.85298417406881,91.38190401570226
536,2,3,4,76.97438071347997,283.36592499350013
537,0,5,6,94.5841438591367,42.56081366634424
538,2,0,5,63.44854387356481,33.54809155509406
539,1,1,2,75.81701400580246,133.33589144472555
540,0,1,2,74.96461732019176,138.68688601218295
541,2,0,4,60.24254127426594,81.7834807239306
542,3,1,1,21.406255347249175,35.98271336236762
543,1,2,4,69.9915989103417,27.76029003134142
544,4,2,6,90.4939188625521,20.5592665666832
545,3,0,9,84.71078916771128,70.95805333553271
546,2,3,1,79.32509056494574,13.894189384167541
547,1,4,6,87.45297499993174,39.44852879815179
548,0,1,9,83.46463316201508,10.0
549,1,2,7,60.82410098820375,326.9415099908177
550,3,0,8,90.32939462846089,111.59816952216535
551,2,0,9,54.665221785300986,336.52583140886645
552,6,4,7,44.49470589300878,57.056842867689234
553,2,1,6,53.608978160706634,78.80981953322927
554,1,1,2,51.31843673325201,132.68583040401217
555,1,0,8,49.872912268130726,10.0
556,2,0,5,49.26208947794588,103.73551910068812
557,0,1,3,74.63378165147756,201.8883253762297
558,1,5,8,96.83100967629659,68.95762911600164
559,1,1,3,94.90165642872167,56.091368215614054
560,2,1,5,76.75900579524223,73.3322802758998
561,1,6,2,80.49211562379412,32.782682905965615
562,0,4,1,92.59104885154834,10.0
563,4,4,8,88.67747530725929,164.3168121201701
564,1,2,3,78.71013169005714,28.058517636788288
565,2,4,7,79.32937406508707,349.79152815541
566,4,4,10,77.52111499458772,106.07950343995222
567,1,3,2,87.02591051318063,94.21566873136618
568,3,4,1,63.75134126326435,10.0
569,5,1,6,57.804953181563945,257.03754147501184
570,1,3,1,73.46454215899676,95.5071761235703
571,0,1,6,55.753504304086995,160.95489920457462
572,4,1,3,63.49054838235403,43.400595761661634
573,1,0,9,78.62959673761256,10.0
574,1,2,3,79.31209410502014,19.104348270204937
575,3,3,2,54.91115334574053,93.22400237915339
576,1,1,6,77.45566716227651,365.40697544341594
577,0,1,5,63.791699702898974,60.14235232998688
578,2,0,8,81.38490142530407,10.0
579,1,2,8,54.468622471130935,10.0
580,2,1,1,68.40294682372749,10.0
581,0,1,2,60.059721622915106,21.643900154411224
582,3,0,5,90.32666372617928,10.0
583,4,2,5,90.86955130690103,27.876230748119525
584,0,1,6,47.875491612018536,131.0927393645931
585,5,3,8,59.153098527364776,78.28305245478727
586,2,2,5,71.35492876146574,103.03189566991603
587,7,2,6,63.57349561537858,157.20080546433
588,3,0,10,72.94854825141465,287.03377266195207
589,3,3,6,72.20606881727196,15.206653964148249
590,2,1,10,69.03366353185673,172.63039078981043
591,2,1,3,84.64998686658714,293.6112718877251
592,0,3,2,66.00671202308263,30.21392229262063
593,3,1,2,58.45237874370086,17.48177293467472
594,3,3,7,69.43078443111158,236.66380797078335
595,2,0,7,51.78764167351167,35.847002022026984
596,2,2,5,83.04185107481675,195.32071866143724
597,2,0,3,60.5351315102139,54.27480141034821
598,1,2,6,57.029717468932425,43.38579105494677
599,5,3,14,53.26432003915056,10.0
600,2,3,5,61.62070057699237,115.57905637066281
601,6,2,7,80.71387113084252,27.495506908551828
602,2,0,4,75.65439465539372,121.45035695403335
603,4,1,4,81.81864145666049,54.77072476876057
604,2,0,3,68.01371351646092,90.62935130118127
605,2,0,4,82.2462807534866,204.5358583296216
606,4,1,3,81.13081370085325,106.2628625660862
607,0,2,1,88.722882014708,11.386308585800535
608,1,1,7,63.70080117554665,105.79031786516049
609,1,1,3,67.0546758388807,488.69384745268206
610,0,2,2,70.82370576599061,188.57518677230317
611,1,2,2,45.2363353662714,202.01740736373065
612,1,2,3,65.97206735330036,287.991407299991
613,2,1,4,56.24808239623367,109.82814657379173
614,2,1,5,47.513987035044195,47.05922409164126
615,2,0,5,87.43629792507839,238.49120830271684
616,3,2,4,79.35376024137162,225.77357260359372
617,0,3,6,58.43068622266221,106.6312367843174
618,3,2,7,81.8756146754631,163.088217978294
619,8,2,2,70.9188980858551,19.218177344328502
620,2,2,4,93.39504651688206,46.71711176361939
621,3,2,3,57.88048551286358,122.48426818695528
622,1,1,5,75.27508134499683,155.448290799905
623,1,6,7,89.1684276941048,10.0
624,5,2,2,52.458507569024384,239.04595344588697
625,2,2,3,66.4855384520527,105.50387682778354
626,2,2,4,67.24344732004313,425.0145333773168
627,3,2,3,70.23293745143624,134.0094225446128
628,0,2,8,63.78655606995546,68.60929096759725
629,3,1,4,64.96848196778546,600.0
630,2,2,11,24.58638236024615,21.61059323438834
631,2,2,5,52.513929005945315,86.26601063971908
632,2,0,6,70.75149377360151,76.9975723530939
633,1,2,8,74.75384066185686,125.66131656213014
634,4,2,4,45.8242205896649,46.73028748504803
635,3,2,3,46.56875389609805,40.72975077695412
636,2,0,3,80.87520137428963,44.496371104769295
637,2,2,4,80.05303933569401,21.941053213666883
638,0,2,8,74.80404827602602,10.0
639,1,0,4,70.48537889890721,35.40370631907371
640,0,2,1,33.702624704928304,30.47662263862691
641,0,1,6,68.59131690708742,180.6065603326134
642,1,1,7,54.50015479531807,34.788248006803535
643,0,0,7,62.22509995360499,137.8708964607523
644,3,2,8,50.74603631743364,38.99829011638989
645,1,1,6,54.003968218963884,54.58730525512913
646,3,2,5,91.28690474890449,234.15755004189535
647,2,0,5,21.815348866769547,375.29165612812847
648,0,3,7,71.25321321616183,46.05535099989413
649,2,0,4,79.21225320909548,232.19676487736967
650,0,3,6,60.35864007489107,151.41106662650347
651,4,1,4,76.71695460402897,52.70366765882819
652,2,0,6,74.77088890345213,27.041435358498873
653,3,2,5,79.96537390722497,67.86909146446335
654,2,1,2,66.27377610392111,63.87339305889032
655,3,2,4,52.84923199902637,175.9564280721741
656,4,1,5,75.43617409625053,87.39145904657893
657,1,1,4,63.68293194685063,39.665934411948115
658,7,1,2,79.56265927332899,95.28728903699307
659,1,1,4,67.36497198635576,111.2301659647529
660,1,2,5,67.25730746550515,84.40709032029727
661,2,1,1,76.62446256082127,44.0031004942249
662,0,1,5,58.498205045329335,38.67453126015501
663,3,1,3,77.99661737077221,57.186036648368386
664,3,0,9,80.37140758162228,10.0
665,1,2,10,73.2958101939554,159.50934828680977
666,1,2,2,51.002467797241344,74.65268727885639
667,2,3,3,82.78039905792983,96.44606315871789
668,3,0,7,68.81864606588316,88.7224331787962
669,1,2,7,56.07866861364727,64.8759731763342
670,1,3,4,75.79665648941116,25.19208289093065
671,2,0,4,78.45638152680215,173.7530270842206
672,3,1,7,87.84745252711708,387.7019360784963
673,3,1,3,69.45346870724933,64.34238406082477
674,3,1,9,68.87308730514475,10.0
675,3,3,7,44.97210298134993,127.51112467284908
676,3,2,5,48.83384435136003,264.7592418310663
677,1,3,7,52.44797283617517,23.313343415606965
678,4,4,3,76.86315936801121,73.94999546636083
679,4,1,4,74.36976947942458,232.9814104799265
680,2,1,8,39.93040578855284,71.59033985722468
681,1,2,4,65.51944827835435,10.932937874223196
682,0,2,4,62.93888185921489,360.4767207987989
683,4,1,3,67.32439901510176,144.1786790659069
684,2,2,2,92.02263792139166,134.82919393787213
685,4,3,7,84.94074422927056,77.3717586444623
686,3,3,4,58.52652914908204,54.73658697031914
687,1,2,3,56.462919194723504,276.78933664375876
688,2,1,3,89.09033804654692,98.40101438099103
689,2,3,4,64.26998376000046,11.36575851073588
690,1,1,3,85.10162264941846,130.16120333957116
691,0,2,3,92.46443704926342,18.993252758129202
692,5,2,5,52.26308824894268,80.23225488468566
693,2,4,5,65.70579168364493,81.66100551608614
694,3,1,4,85.77902362957192,208.63145400529538
695,3,3,1,75.54640546317984,73.2903810117445
696,4,2,4,52.006224436810086,40.30409713152518
697,2,0,3,88.67385044019862,407.25366721123316
698,4,3,3,84.06890536299863,95.22790318348399
699,2,0,5,68.13687939962915,48.90511624038042
700,1,1,6,53.89013733951781,34.60744758514685
701,1,1,6,83.9155986048741,78.1063920509447
702,0,3,6,71.56948054992908,199.56654539125478
703,1,1,6,64.57219075209724,10.66287706841056
704,1,1,4,65.38543035727746,150.26106320347756
705,3,4,3,58.42934012129619,160.0114900598133
706,2,1,3,75.7516031285266,208.91454897409488
707,2,1,5,69.5465038051154,182.2466213194317
708,7,1,8,87.97904380684932,111.19110153573531
709,2,2,4,47.06798736918128,66.15727268217066
710,3,2,4,56.90620140622433,99.51994830130138
711,2,2,5,51.1545991747007,362.9926988253248
712,5,0,8,69.98222300673635,10.0
713,1,2,8,62.14259802066972,22.45803300559346
714,1,1,6,57.18943589331913,39.77006943273183
715,3,1,3,65.1158228437308,167.13977285241344
716,2,1,2,58.98678503732676,23.676424917370873
717,1,0,2,87.49219204451812,10.0
718,3,2,7,89.01275441804412,235.04144860706822
719,2,0,8,66.37057105305384,136.50353251894194
720,2,0,5,53.81429264003265,200.51251439257493
721,0,2,5,80.57897720972537,463.4244446484994
722,3,1,6,76.58516889644149,179.5546957964056
723,2,4,9,91.33654766382625,40.81022529861928
724,0,3,4,55.872067078286406,130.12426906329188
725,3,2,5,51.27065799306707,61.3621901756559
726,3,3,4,48.665122957262575,26.812517613050357
727,2,0,8,79.15179274998637,87.93876028047973
728,0,0,5,81.25844868739232,10.0
729,3,1,6,59.36699852388047,239.14861726452165
730,2,3,1,49.12877190408012,46.646998177320654
731,0,2,6,49.60988390790661,62.18616965870612
732,3,4,3,37.71742532378045,209.9013714795987
733,4,2,8,54.78633260532418,132.06629504564526
734,1,1,9,72.4679243239664,49.0041781053075
735,1,1,6,82.89243978431313,20.10231107142756
736,2,0,5,56.63820456038843,36.15625765550528
737,0,2,2,75.28186171678335,80.49169317998191
738,2,2,5,47.11127358168209,11.187847837513447
739,2,3,4,71.32272177591756,147.30917622296693
740,2,0,3,81.31610397603491,60.4778055856225
741,1,1,4,81.780210296187,148.12119402050635
742,5,2,5,68.0335872236052,20.70486422279548
743,1,1,2,77.37468883845608,10.0
744,1,1,5,79.21115503668258,88.2980668006035
745,1,0,6,81.37352662722088,36.720923686651865
746,0,2,4,63.333527092922104,148.66308811061418
747,4,1,6,88.87688405217106,48.897590238122305
748,0,1,5,85.94668353582546,214.08606286220726
749,1,1,5,90.86087384450788,30.11369725333475
750,3,1,5,51.09282052535147,172.55684114438694
751,1,2,6,71.49165867975958,155.46331668810978
752,2,4,4,71.31220004852584,264.5914435525705
753,3,3,3,76.52058548098843,166.6677703665972
754,3,0,5,62.06471663948642,10.0
755,1,4,6,82.08575501581751,62.00729220395395
756,2,1,7,86.15898798857825,134.4611938019448
757,2,1,3,94.1166226225406,10.0
758,2,1,3,74.9270926387381,118.7842834514545
759,3,4,4,66.74355339570731,24.94656885098206
760,3,3,5,81.39087716636179,284.89333063913784
761,1,2,3,58.27851004684944,34.78125296786995
762,1,0,3,67.82623281205424,48.74226439948367
763,3,2,9,77.57636885965314,74.8203604904455
764,2,2,4,73.3248441705315,38.237579958944124
765,1,2,1,76.51150307785632,212.89337103899052
766,2,0,4,84.76572295522399,46.18935352628839
767,2,0,3,53.50945707532249,112.4485232971406
768,5,2,5,43.57104704434545,77.45530297487775
769,1,3,7,67.67427924292006,130.75440240606676
770,2,0,1,79.74880834220686,79.84235906981077
771,1,1,7,89.45173137099613,54.24982348687305
772,1,1,5,73.1588455450451,10.0
773,2,3,3,65.77287385293485,25.455957190720735
774,3,1,7,64.01670146933401,167.47788651862882
775,3,3,5,97.57178643300554,146.69794831900907
776,2,1,3,70.50396460696155,10.0
777,5,2,5,38.57619221549595,53.310469431305776
778,4,1,11,74.99546842290405,168.6877666243424
779,4,0,4,76.196080422202,146.25444528215544
780,2,1,7,68.92573103142877,10.571128528521239
781,2,1,11,46.51386205778881,97.5399368847085
782,1,0,5,51.41122142386136,236.45838360037897
783,2,0,3,72.29444609469971,509.7811796179302
784,1,4,6,59.908526010407016,10.0
785,2,1,5,82.54207586081428,32.9170205436365
786,3,4,6,96.99630216108648,236.79929523389583
787,4,4,7,80.25001409758428,219.12404087658734
788,1,1,9,75.2503758772471,20.171838719379043
789,1,2,4,40.13608864391548,77.2487628668202
790,0,1,10,93.83473758264084,277.357503469563
791,1,2,7,34.17020047933538,62.41646028761787
792,4,1,5,71.65009475155716,83.5052032704912
793,1,3,3,85.68126337203567,116.50265237962896
794,2,1,4,55.39311752380295,12.468355754271577
795,1,1,3,66.26313328106309,160.91428982917148
796,2,2,1,82.16967746757481,12.751433806442177
797,2,1,7,90.16107927426705,74.13283833035648
798,1,1,2,77.45741206126944,255.05596398816152
799,1,1,4,83.23121202150557,81.92925762253013
800,3,2,3,78.08259462891607,62.69489730142339
801,1,3,3,59.68709956324929,58.126536622432454
802,1,0,3,86.34747386912908,172.60540242695288
803,1,0,3,78.74532495828429,39.47549808727914
804,3,3,7,58.13440156961103,13.039194270341923
805,1,2,6,82.16350997750513,59.43187946526554
806,0,2,2,65.73049336194397,21.147808702173222
807,0,1,4,67.9542344071665,69.85564754796943
808,2,2,1,78.35940072054376,134.17085896268424
809,1,0,7,67.5167727457792,278.48956189331227
810,3,3,7,74.9738253526857,336.2247830152208
811,0,4,7,48.42225775058993,195.0145133194688
812,1,0,3,74.16871919652127,131.17185418339946
813,2,1,3,78.0136273956775,463.9368392255182
814,0,1,6,95.80401111347908,132.4828559902542
815,2,2,5,40.33824332865176,232.37363635741312
816,2,1,9,79.94764735200744,68.69885028581392
817,4,1,3,46.952559823841845,211.04939121195332
818,2,1,3,59.672287604023076,184.273497623948
819,0,1,3,67.08679766490019,116.90997011035984
820,1,0,9,51.919780490351876,185.5259617632388
821,0,1,2,72.84949322523343,71.39831431906039
822,1,0,4,50.99812169312502,34.51604171367846
823,3,2,4,96.04961537744023,209.74751675509455
824,2,1,2,72.22340952477995,134.11073585470427
825,0,2,3,93.91161490460333,109.82819468019696
826,3,1,6,60.92348398563738,16.98695171739191
827,0,0,7,54.78077167782208,102.23044604176307
828,3,0,9,81.19231418084776,600.0
829,2,1,1,72.97773501214047,58.02046528030945
830,6,1,6,70.7915580668009,50.8269591348921
831,2,0,2,45.00044987110677,43.032890165778674
832,2,3,5,90.92820220420353,60.815168775852236
833,0,0,3,73.51868454117559,207.34538082637704
834,3,4,8,56.294616766681514,85.53003045075012
835,0,0,6,91.37971300445528,145.91158281343974
836,0,2,9,73.50364717860988,10.0
837,0,1,6,62.3504544539769,49.79356408835889
838,2,0,4,78.9517218810949,323.90168026158005
839,4,1,5,81.16279113144135,234.98997363307112
840,2,4,9,84.7031958195807,116.84573428455766
841,2,1,3,33.393438139365095,285.68473406239474
842,4,1,3,81.55081802945652,186.4891405386296
843,1,1,7,67.24501501683848,28.07478572110451
844,2,1,9,63.927458293110426,96.79245517379479
845,0,4,7,81.1394869028636,297.6841314099313
846,2,0,5,71.26610246741137,53.24436608690939
847,0,2,8,64.20359439465877,59.093584146484815
848,3,1,5,71.57739640565828,24.80519340489948
849,1,0,3,86.97553918079963,528.3896540537288
850,1,1,8,75.05916944929825,69.07614201508386
851,1,2,2,71.41800625102327,147.88415488933688
852,1,1,3,75.27631953098076,169.78358636275448
853,2,1,3,70.71213510993334,37.64695963157413
854,4,2,3,79.84911659559666,62.404542755117
855,1,1,4,63.30388881561553,50.4873350606144
856,0,1,8,71.63726719474903,11.240728889456834
857,4,3,6,85.28122479970702,42.0487086491137
858,1,1,11,62.749525962912124,191.98654824613809
859,3,1,9,59.9515456446787,345.4713667912608
860,2,1,4,63.96980558322459,265.78848252231984
861,4,2,9,76.43316185052446,10.0
862,0,2,7,68.44276903030932,28.72776156546855
863,2,2,3,83.94460821185899,93.81680425519997
864,0,3,7,49.249230067749686,349.8691343246121
865,2,2,5,90.74321032448766,104.85231388116131
866,1,0,2,83.64062901693897,269.62097812448803
867,5,3,1,72.60610322791767,10.0
868,5,2,4,63.61968742443565,41.395230096477384
869,2,2,7,63.369160810875044,10.0
870,1,3,3,66.09025385089554,81.69776542621032
871,2,0,3,39.76829449594583,208.5569633164584
872,0,2,4,82.20418522303406,10.0
873,2,0,4,71.87253705797434,50.26799661062901
874,1,2,4,52.13831869015959,45.6574847524803
875,1,2,3,93.71740257314411,91.43319012057331
876,2,0,10,70.05483384273023,257.92162797194396
877,0,2,6,56.83425386575676,35.99548887848848
878,2,1,1,37.505724850241094,459.6206982184671
879,4,4,7,83.45885937225525,334.50710036131915
880,1,4,5,61.18768824702458,34.58898603787844
881,0,2,2,82.18317260763077,10.0
882,2,1,5,63.43502508537172,40.19368622346605
883,0,3,4,40.084708201901506,61.903190656090004
884,1,0,7,88.2611549555572,92.13685266383499
885,2,3,7,86.90302197586097,282.3359978758559
886,1,3,9,64.81155072447872,69.6477174210062
887,2,1,4,60.571772070401195,196.50725117685772
888,3,2,4,57.20548375912943,10.0
889,1,4,7,90.558981466013,10.0
890,2,2,4,81.2691157411115,48.36474361977829
891,0,1,5,62.31005192724304,20.117031407809637
892,1,3,13,55.54932438590916,167.5127160745292
893,2,2,6,82.05104405726537,53.69748558302539
894,3,1,3,71.03646791558172,15.387577886307124
895,1,3,10,87.66239475811375,113.43503220987694
896,3,2,3,48.78158464197115,45.84122604298834
897,6,2,7,61.624719538567675,382.22875597076546
898,0,0,6,74.47691906316695,426.56091174028404
899,2,0,1,62.7453781710526,43.603024778030566
900,3,0,8,95.69633167856617,52.356369542382126
901,2,1,2,75.25217207756882,212.70372248579716
902,2,2,6,70.25224639463646,161.49563107516022
903,2,0,5,87.45418413375329,186.11016068260022
904,5,8,8,65.31072979118423,10.0
905,1,1,4,62.458573800487684,142.83127452206745
906,3,4,6,64.51736311991623,95.12924160007913
907,0,0,5,84.43727640943803,69.88183666175112
908,1,1,5,61.022431219075614,239.54835138379622
909,6,0,2,84.30373083419242,58.99280272120981
910,1,1,10,64.80320184748439,20.718602041192057
911,3,0,8,65.78089219240385,219.60171560815226
912,3,1,7,63.016622075323745,97.90790347052638
913,2,1,12,66.14970407876038,47.72126246598995
914,5,2,9,68.73168483098334,347.21869489244017
915,3,3,3,58.93245697536184,14.18031592637086
916,1,2,5,77.89780876646857,214.77760574374733
917,1,3,5,76.08049094265188,195.94761901463662
918,2,1,6,68.79604309488457,41.20159716946027
919,1,1,4,47.16809915259624,146.12926291148165
920,1,4,5,62.34353757748986,10.0
921,5,2,5,84.41485085348097,63.495351426406984
922,3,2,8,84.66443312559906,28.347738857898193
923,1,0,5,62.256715124808935,60.065247063957464
924,2,0,6,89.61082242997382,93.48935923810893
925,2,0,7,72.73423302837452,145.09025432736294
926,4,0,3,78.86980611232141,25.19677144419454
927,5,2,6,66.88240709617428,31.73676880522719
928,3,1,4,61.35166321240847,19.186376966175015
929,2,1,7,58.02738377225116,325.403155847839
930,2,1,8,43.40258968820436,26.223138761080033
931,1,3,7,89.42738295281,549.7948354070842
932,4,1,2,86.4521922275004,10.0
933,2,1,3,58.164256944787375,10.0
934,0,0,5,79.57669512130474,18.091816808966108
935,3,0,4,76.2918453719987,227.42579953821783
936,3,1,4,88.83668918174234,10.0
937,2,3,8,71.77787045028992,10.0
938,3,2,5,66.59251966627843,90.73262624027063
939,2,2,6,88.01209312374196,80.70274352822884
940,3,1,7,80.15992432458702,600.0
941,0,3,5,75.81507239187683,10.0
942,4,2,1,58.702275024586015,10.0
943,3,0,3,74.88497148293384,163.39416504765302
944,2,2,9,90.80912300047662,56.91251422937001
945,2,0,4,71.08386190489729,49.38683724737507
946,2,1,5,60.89106965096003,258.73664533194574
947,3,0,6,76.2182612225096,10.0
948,0,2,7,89.6403098815515,565.1444692532167
949,1,3,4,81.36623451549156,12.800950464170164
950,3,3,5,76.36266575577993,41.487937670459814
951,3,1,5,63.18221598406206,137.52453761602465
952,0,2,6,80.41060917211597,406.6922831289419
953,0,2,6,81.696113216981,192.35133314840144
954,0,2,6,79.235394757493,313.6134771025948
955,5,1,7,72.99471372256534,20.42737040811311
956,2,2,2,81.98727900895022,50.96116239141247
957,1,2,6,66.18900903184402,95.8687632595527
958,0,3,1,72.84534404068232,292.2943700362997
959,2,2,9,86.99058282865055,324.2811775799833
960,4,0,10,49.08691311650203,205.91736408798252
961,3,0,3,48.925031254808445,216.99805563121612
962,1,2,5,64.14700931512975,153.53519047624587
963,0,0,6,53.91658720526864,67.59997495595645
964,2,2,3,84.7326684190262,93.91574108846287
965,3,1,3,42.29618427924537,121.2780917719554
966,3,1,4,77.78466334571758,214.8365893182864
967,2,0,6,51.38612158939536,103.78533407685678
968,3,1,5,52.559430784414694,39.50412780582498
969,2,5,3,52.722487661300896,147.27024572763236
970,2,1,5,76.34574410698498,134.60224588325838
971,2,2,4,70.32990080471706,92.3248610775019
972,2,0,4,80.05901184489976,18.191793346662248
973,0,0,7,66.47267063156337,117.07374772601172
974,4,1,5,76.12418212528405,12.568951139235343
975,5,1,7,70.36634123053918,366.20623058187374
976,3,1,6,43.85743986094693,148.65288915347384
977,4,1,6,94.74053784854738,129.33237850765116
978,3,0,5,87.11708985965726,38.936050585328644
979,4,2,2,77.4657397352854,600.0
980,3,1,5,90.07230404860339,97.34292041697339
981,4,0,2,75.63902513329775,449.78937955898243
982,1,2,4,86.46307009261446,181.55144992259554
983,1,1,3,95.00579701878675,98.25324272148079
984,0,2,9,62.918512854820705,115.31829348869788
985,2,1,3,79.66755793111255,66.84625097776119
986,1,4,5,91.76077356057826,15.285302195586945
987,2,2,6,80.78607777904648,10.0
988,2,0,7,82.47747343128819,352.54058782223683
989,4,1,5,86.86816242891099,258.76512142605276
990,2,2,5,44.32626317602284,415.8156904984087
991,1,3,3,86.02107977053856,38.219605181961846
992,4,0,4,47.560160677191476,53.924905677952346
993,4,0,3,53.890328026544886,205.62159963252654
994,1,4,7,38.581892259369674,324.5123515975537
995,4,0,3,77.6579807848928,193.97202162914346
996,3,0,7,78.63172746836791,66.43315687260865
997,2,1,9,35.61015691799416,36.19530914252841
998,1,1,3,75.97023258809297,74.21742469433869
999,4,2,8,79.70177358032102,166.93267151458465
1000,1,2,9,85.76524501804306,75.58930524271531
1001,0,4,5,86.3615499897555,12.682458685622112
1002,0,1,4,75.6564942980708,13.859581051769286
1003,2,1,8,67.57504395596608,202.39359419335295
1004,4,4,5,81.57216879472516,21.4714800384884
1005,1,3,3,73.28049088889867,138.28246671809907
1006,4,2,8,56.55140758398457,10.0
1007,3,0,1,66.66145840523374,50.067055737779796
1008,1,1,3,63.834494254800944,25.02691327012512
1009,3,2,3,56.222587687314395,103.22360195485834
1010,3,1,7,78.60297864908948,27.422015942037127
1011,4,1,5,73.26353778285508,10.0
1012,1,0,0,57.43894917445724,42.7644044967546
1013,1,1,7,76.85516376281906,216.150764023021
1014,5,1,6,60.67564789134099,28.39439017691059
1015,0,4,5,87.05102360735428,269.8466918748018
1016,5,2,5,97.94387445791632,138.85171787371357
1017,1,1,4,88.75792346687615,251.88605482133656
1018,1,0,4,83.11964559686162,130.0700097500494
1019,2,1,3,80.79027650858914,105.13416993503336
1020,1,1,5,88.36048918886164,72.24749624096123
1021,2,2,2,78.88721890816514,68.06236144610112
1022,4,2,1,74.14390103917795,34.50359810135147
1023,4,1,5,71.9791916484255,49.554218982722375
1024,1,1,4,89.01786307117244,137.21145843143896
1025,6,1,6,73.28531056526843,209.38423629579714
1026,1,0,2,87.04088827956508,347.4603678715238
1027,4,0,6,60.86205325302855,187.85259809684453
1028,3,3,3,70.60542628968561,48.12811727075263
1029,1,1,6,83.41079760236315,53.585730133068395
1030,5,1,4,81.38258969613,63.845321507850166
1031,2,2,4,78.13064168020644,127.61330101898979
1032,2,2,2,49.548543122390555,63.30927038344981
1033,1,2,10,77.31156497827403,301.2194256940794
1034,2,0,4,75.63330820657298,116.0597069556214
1035,1,0,4,68.93046610080437,306.13119029196383
1036,2,1,8,76.06622985741403,207.8451714323636
1037,1,1,5,76.77933361980833,116.16852009025472
1038,2,2,5,63.375762497262485,13.374620027437105
1039,1,3,3,57.39264591512941,33.61445536189186
1040,4,2,4,69.41888661965476,10.0
1041,0,1,7,81.37054136064576,52.013477759275425
1042,4,1,4,90.7573628029408,35.28805373161102
1043,2,1,3,71.55655097304776,88.53068471709972
1044,2,2,8,31.94745073913347,285.07535164699004
1045,2,1,7,71.00336830307167,205.02070436011178
1046,2,3,4,70.3936565981319,42.32648809191257
1047,1,1,7,88.32583123349754,46.1003101700135
1048,2,1,5,46.38661968227232,127.71277511391423
1049,2,1,5,65.23475674410989,18.86737477998482
1050,2,3,8,70.96907123711912,41.65766317050728
1051,1,1,3,89.30507570549351,383.8308321658918
1052,1,2,5,63.923874318891805,103.0830097574662
1053,2,0,8,56.80862295692197,44.61331444860106
1054,2,4,8,87.07820931431681,33.273205597511314
1055,2,1,3,90.25635080396738,84.75108624887514
1056,2,2,2,72.47452064789447,10.0
1057,2,1,4,86.35871487247313,52.347646464756416
1058,1,0,3,60.91779732015414,32.12910662563011
1059,2,1,4,58.542415047118865,36.07095462500256
1060,2,1,3,60.61223980820725,26.557362982596267
1061,3,1,7,84.06556493371922,11.939425843308086
1062,2,2,8,71.09244434416752,188.17460554088294
1063,5,0,2,89.53914395248574,153.66151388683684
1064,1,1,7,74.75234542593678,10.0
1065,3,2,3,74.30510001679707,77.93044680231135
1066,3,1,5,61.7884472454608,217.55505313232902
1067,3,1,8,67.10006109310285,114.61261727940726
1068,3,1,3,51.63149327295141,94.34291498679278
1069,0,3,4,90.23424167809054,54.06673123596546
1070,0,4,5,59.31571349388006,24.194460300414935
1071,0,2,2,71.99143492882965,138.63595475692546
1072,2,2,2,58.278806323563245,208.3814833550333
1073,3,2,4,48.25053122916397,35.10905079066378
1074,0,2,6,82.20453432602686,72.56818378120504
1075,4,1,3,86.16786552824304,29.755907606875518
1076,3,0,8,69.7427959091015,15.723151609354824
1077,2,0,7,51.2858621139472,22.834185660096207
1078,1,3,3,62.28084261252105,544.7052812873733
1079,2,4,5,63.45265840171408,14.183907401723415
1080,3,2,4,43.484059214052145,10.0
1081,0,0,5,50.218634982170116,40.718643673005474
1082,0,2,3,93.04566238007614,128.79030695178793
1083,1,1,4,74.59309134141004,34.93864763727035
1084,6,3,2,76.42400535304463,245.61751239881377
1085,1,3,4,60.56932300588835,31.436214900704705
1086,2,0,6,61.59768701546451,15.83107408186713
1087,3,1,4,81.89495560735578,166.28728473960706
1088,2,0,4,54.48720511211329,36.14520708598943
1089,4,1,5,55.44207282795155,256.42810921686805
1090,3,1,4,57.32365859961638,36.39262389509742
1091,3,2,7,56.78348142557803,140.5749658852605
1092,1,3,5,70.25004832617545,248.2464457742244
1093,3,2,6,82.69537946744495,26.072463900935496
1094,0,1,2,60.93396109390405,10.0
1095,0,1,5,62.85847523231415,69.22775156979517
1096,1,3,1,68.43817996464864,33.13511140044397
1097,0,3,2,95.50330425835797,42.92380883022016
1098,2,2,5,93.28854320194216,66.38185827217274
1099,2,1,6,54.322218319187165,96.84139886786974
1100,2,3,3,62.3187708299961,62.28274540399453
1101,0,4,7,62.3834160968033,69.23155098287536
1102,2,0,5,48.246158741310815,450.8816685010359
1103,4,1,2,72.41315479873123,10.0
1104,2,3,5,76.08414755299665,17.171036751738217
1105,2,1,6,34.014606066724596,14.014094943633433
1106,1,1,7,80.7507195767595,10.0
1107,2,2,4,62.302599641100876,43.219929880975286
1108,4,0,5,68.44293627261563,12.955191355613948
1109,2,0,3,67.41645907928475,35.989015375655136
1110,1,3,9,70.84051535716414,45.684991847992016
1111,3,1,4,64.79990435047272,56.82974774613511
1112,0,3,7,83.48129037332804,53.52438342684468
1113,0,0,6,81.11937817490204,105.37950054949545
1114,2,0,5,68.8641268234018,448.45689655617
1115,5,1,7,91.11196174127478,28.023198586907217
1116,1,2,12,61.06948809923003,35.78345944454856
1117,2,1,2,62.52434861723165,18.41234703577924
1118,2,1,4,84.57696325079692,30.895044181939035
1119,2,2,12,88.18924887575773,74.08540868395035
1120,1,1,3,86.88901127218708,66.5644943525285
1121,2,0,5,49.347100175597234,245.75246906813612
1122,1,1,7,73.6170809060557,76.10666585168349
1123,1,1,3,27.461856887132356,134.94281437970565
1124,0,0,4,63.9291566840964,193.8264553986801
1125,0,2,3,53.02143247407031,98.81952294012869
1126,1,1,2,79.93534158983927,101.78898667284066
1127,0,3,4,66.10170997490447,211.38496650466644
1128,0,3,2,63.338855886283085,143.13750115863047
1129,1,1,7,82.91944209709101,16.67139208748769
1130,2,4,3,93.65817084150912,27.51936272933293
1131,1,0,6,73.41930018612841,36.17525828890016
1132,4,1,1,93.99392694288876,130.6209892379224
1133,3,1,2,58.27821349152013,46.06523127164751
1134,3,1,4,47.14390418852361,27.026044762499033
1135,4,2,3,73.41917134763267,10.0
1136,2,2,4,84.77149610035447,292.62942012813835
1137,7,2,9,53.86167842627812,58.10122946013814
1138,3,4,3,71.23405454643213,108.95799764685961
1139,0,0,8,50.6209882099379,176.7138624929672
1140,6,0,7,89.96807868418055,52.7534035440347
1141,2,1,7,59.83961043403242,29.79546695491667
1142,1,5,5,85.57912589840988,60.41244693430808
1143,0,1,1,83.92660646620428,12.001084589665412
1144,0,2,7,58.28272361211994,62.030608184401295
1145,0,1,2,68.40845081350632,216.44531934871006
1146,1,2,3,74.73468728415239,68.76124366305476
1147,1,1,4,62.06091945625653,41.61011262599058
1148,2,1,8,91.55754704689932,10.0
1149,0,1,2,85.33034440337863,24.34925011758738
1150,0,2,4,82.70126818007849,73.59794206179168
1151,1,1,7,87.3447115112522,260.45031804199465
1152,1,2,7,85.32114400086283,76.64038790804591
1153,3,0,6,72.26092014819324,380.8660082729599
1154,1,0,6,69.5698859793246,17.815929192651566
1155,0,1,6,90.51488004434987,59.44743730803195
1156,1,0,9,69.81639350623344,171.49570750352555
1157,0,1,4,63.71513731988657,22.258329267234075
1158,3,4,8,80.01329943873839,327.2348172415293
1159,2,0,8,63.2415619754299,60.6502374942888
1160,2,1,9,78.64541547562648,477.92221648369866
1161,3,1,3,89.86147877397937,16.368390589147953
1162,0,1,2,86.17917498310105,25.597395155593073
1163,4,0,3,80.56191470660305,58.93071629918379
1164,1,1,6,81.78309913861779,95.14629296728441
1165,2,0,7,76.83738393447015,78.32308901728607
1166,0,5,2,76.49445390306964,20.604727606411547
1167,0,1,6,69.1690357268334,57.64758256847169
1168,0,1,3,47.86325573988009,76.74268215371885
1169,2,3,4,66.15358871895727,62.98039742457985
1170,1,2,4,78.11982286110388,10.0
1171,4,1,3,65.53409308688862,341.76934618211976
1172,1,1,7,75.38628701191718,50.70541827004071
1173,2,2,6,44.108424831352146,10.0
1174,2,1,6,51.29681235419603,14.372464974307627
1175,4,2,4,64.00346540248553,345.47633822506003
1176,1,1,4,73.28373878797423,25.14758865103615
1177,0,5,4,70.05512879828768,10.0
1178,2,4,5,73.32298129746843,74.36853348412879
1179,4,0,6,86.0362330995443,171.02990724602978
1180,4,2,5,70.43342770900159,37.55798353573138
1181,0,3,6,50.91147351091394,70.46535402798538
1182,2,0,5,44.292875035853115,24.33877807594299
1183,4,3,7,71.38860021390111,41.21691831175277
1184,1,1,6,88.39721116887814,600.0
1185,6,2,4,57.339263444071435,73.84669078499665
1186,2,4,5,62.52135506826219,123.10456376368286
1187,4,1,6,86.34541961086151,66.2127798452775
1188,4,3,5,68.13971644177063,201.15975317219073
1189,3,4,1,56.80374098130785,21.877801861938742
1190,2,0,8,55.987906062588024,134.26884146317119
1191,1,2,7,68.42328837638631,15.66810858138529
1192,1,1,6,34.932765010084175,226.41328718546967
1193,2,2,5,63.14920809750896,37.69074505614288
1194,4,0,5,81.89142154708279,79.70140510014322
1195,3,1,4,76.95888446567722,197.1570441768665
1196,2,0,5,61.923227612545716,32.9992617991306
1197,3,3,9,64.96329325366081,10.0
1198,1,2,5,72.48088687941538,86.13357595947869
1199,4,4,9,70.50885085455303,10.0
1200,4,1,2,72.66166154631797,82.73212742619135
1201,3,1,5,81.08858637034837,222.49838534602938
1202,3,1,6,60.596164524590655,32.036681441410884
1203,2,1,4,78.22010553795761,40.785717191714234
1204,2,0,6,69.90841193465283,98.69877967375774
1205,0,2,3,61.51340244612841,43.06269048642152
1206,0,2,3,71.7456421249449,171.82376456068235
1207,1,0,6,92.38691204745191,239.1651590930714
1208,3,2,3,71.56125064782735,98.67938137387323
1209,1,0,8,58.96442668657996,311.4109661978268
1210,1,4,3,96.56524728422127,248.19708731727982
1211,3,2,4,74.37310545376386,10.0
1212,4,1,2,66.64024839079565,14.02203036082357
1213,2,0,7,55.48373063152674,517.8080201464088
1214,1,0,5,45.599032598215004,113.47674633959993
1215,1,3,8,71.29557169097498,403.28731189433626
1216,3,1,1,73.49384285418506,57.36456939280421
1217,3,0,6,63.63073782992138,106.31024750122477
1218,1,2,8,71.45108140617828,102.99659635967728
1219,2,3,2,88.95693973401573,13.063128039280443
1220,3,0,8,77.46118739251543,19.885715492044284
1221,1,2,3,86.69914228867076,106.15850828471318
1222,2,1,7,56.82617871242219,138.86703294357324
1223,4,2,5,55.9310822821381,118.19296567260811
1224,1,2,9,66.34527609835796,25.909019034740716
1225,1,1,4,70.73877862976595,122.9798065613084
1226,2,2,3,67.34936381018854,188.4181424724128
1227,5,4,3,60.42933193790546,55.15891289157794
1228,4,2,4,76.50202146796283,15.100205955248285
1229,3,3,5,59.874864155515105,320.5492838217894
1230,0,2,5,82.47685237326834,66.77445829196695
1231,2,1,1,41.43448577638837,171.9385729935439
1232,0,0,3,63.88161041691883,10.0
1233,1,1,7,65.49840671318984,38.84915089210124
1234,2,1,6,45.47392963643229,90.42241730594682
1235,1,0,7,96.81838932849351,144.62287901833068
1236,1,7,7,83.29674472587337,151.37237678861464
1237,2,4,5,83.17307741899964,318.5711304423949
1238,3,3,6,50.45124385056926,93.08260399834494
1239,0,3,6,78.38560438751401,45.583608879412346
1240,2,0,7,93.38893567005218,227.8466954704489
1241,2,0,5,46.69466391315966,220.17111904176636
1242,1,0,3,80.53478831707527,368.67454050292713
1243,0,1,5,97.92596707389318,41.38163879149154
1244,3,2,4,89.47972961440472,297.01532781691935
1245,5,2,5,69.36055474143,72.45661013051713
1246,3,1,5,71.13085863490332,120.58366749785775
1247,2,1,4,44.4262537173044,10.0
1248,1,2,4,78.9441919335965,56.981519830639606
1249,2,0,7,83.29186128497248,24.716769845515387
1250,1,1,4,53.46034206275698,480.98821220130344
1251,4,2,5,68.88755930861109,10.0
1252,2,1,6,71.24505681740631,62.407880993982545
1253,4,0,7,66.54524189936227,13.490740825462666
1254,1,2,7,71.50000330636722,206.64358175449757
1255,2,2,6,71.50904944538266,359.3577930085687
1256,4,3,8,79.09780544256324,11.731028910122559
1257,4,2,6,92.53987165991622,141.92990827146187
1258,2,3,3,75.13292741409495,26.40560770049187
1259,0,4,7,46.42352515452542,45.64925702732379
1260,1,0,7,75.93675162604482,90.49452367131872
1261,1,1,3,77.56494426554053,111.78757066005481
1262,1,2,5,81.47862120720578,10.0
1263,1,2,4,85.67012499445885,95.62472659582443
1264,1,3,4,61.874029564199695,175.7387300197148
1265,0,2,6,54.82828125227046,14.942692320929241
1266,2,1,5,68.94009856343041,58.88791906259799
1267,2,3,3,72.22829279702223,129.44284578614517
1268,3,6,6,74.55206104712408,10.0
1269,3,1,3,68.21472798930279,426.1554097192955
1270,2,1,7,76.61327235799914,121.87107064261453
1271,3,4,3,74.13266895560142,471.10335215091305
1272,2,1,6,51.93399376933694,76.67659002405914
1273,1,1,7,42.232188821015185,75.7779073538711
1274,1,0,5,70.97664295118383,15.153897086889293
1275,3,3,6,77.7436219866077,55.12252854675301
1276,1,0,2,70.79053666068313,21.014277639564398
1277,3,2,5,77.68094931851671,220.76081458380207
1278,1,3,3,79.97989948927435,75.37490778334953
1279,1,1,10,84.23649574218045,19.80187186938197
1280,3,0,6,83.57501585727853,377.86622290957007
1281,0,0,4,50.74532939188319,10.0
1282,0,0,5,48.00445333228646,80.73297064950837
1283,3,1,7,75.60755696851757,342.93399280390275
1284,0,0,1,76.04166445106354,14.432975948347298
1285,2,0,3,40.240025948705906,328.4886075128277
1286,4,1,5,49.32374673341757,150.66270577148313
1287,1,1,0,80.92394601897695,88.6388826658387
1288,6,1,5,82.46789903747955,71.97545830287864
1289,2,1,5,63.70869814926046,101.10135921163464
1290,2,3,4,59.24782069243578,332.8412733348089
1291,0,2,5,81.76700850133662,39.71488314539532
1292,3,0,5,84.66198685353658,442.5439915477243
1293,0,0,2,88.5092216801791,136.24521702459705
1294,1,1,6,77.9518667325154,67.18086721961318
1295,1,0,5,51.07924659550178,20.02573439369511
1296,3,2,6,89.08132962439382,98.1991317932889
1297,0,1,8,79.27862670178402,43.25677363198971
1298,1,1,12,67.41402257359942,86.83291352462672
1299,2,2,12,92.78506149732686,260.1303247302791
1300,0,1,6,66.70836842454094,35.197004896621586
1301,1,1,4,35.33210384162157,142.90935138163837
1302,2,2,6,89.08163402922334,96.90177791870723
1303,0,1,4,76.06425825896308,312.9265024222307
1304,1,1,6,54.61104533919225,106.25753840629297
1305,3,1,2,82.9111495810066,98.12628035996133
1306,3,3,6,67.23424124258722,86.19046603648171
1307,1,3,8,30.888829436175826,73.7064579734445
1308,6,0,3,67.87975527219723,10.0
1309,2,0,3,77.04267243849375,414.6214289355384
1310,2,0,8,53.2152910609366,17.776725460759856
1311,0,0,5,58.85463319717129,30.426614568713127
1312,4,1,5,80.00828046772803,13.557418741620289
1313,1,2,5,79.43983290103031,178.6936315212975
1314,4,3,6,83.87573306858764,69.63968338176119
1315,3,1,6,67.28897585742536,403.7602371032281
1316,4,0,4,72.14297678477132,534.0018413867217
1317,3,3,4,79.7112054966684,466.48229474065414
1318,1,2,3,63.07090302517039,21.296238352405773
1319,2,0,6,59.919762264214604,12.987066042230948
1320,5,3,8,84.77877319366962,32.091114439010866
1321,3,3,7,66.79173266421434,137.60249105861942
1322,3,0,6,84.59524725952478,81.66430522452134
1323,1,2,6,55.78307021404684,352.97070706476535
1324,4,1,1,60.85650637453822,25.029485237940598
1325,2,4,5,37.313630855544595,151.55613361504064
1326,3,0,7,83.90744259435361,500.6610285339816
1327,3,0,9,55.19996203810642,246.79726391910344
1328,2,0,3,81.24972895674092,176.72788603900707
1329,0,0,6,80.28328292263686,114.36871559599022
1330,5,0,2,67.68618764204678,111.23111861027297
1331,2,0,2,80.75215581653656,10.0
1332,3,1,4,48.48176316368317,102.45752458207319
1333,3,0,12,78.57617012664093,255.8497864347176
1334,2,1,2,45.304854817735425,41.82461425777106
1335,1,0,5,59.2699388271935,305.85734263842414
1336,5,0,5,47.03897880551635,180.63700648712538
1337,1,1,4,54.821596811470506,199.53023254189125
1338,1,1,8,45.36507291007909,18.04754129734744
1339,5,5,4,77.38277573843732,31.017735362117605
1340,0,0,7,62.24556607891252,268.114262759098
1341,0,2,4,92.13606646501655,105.06164676217534
1342,2,1,6,64.33018014362949,52.398025741623265
1343,1,3,2,60.7790293829232,178.9962801822531
1344,3,0,9,75.00604974919027,139.41231764760843
1345,2,2,2,52.51128180381668,10.0
1346,1,0,1,73.89311027974003,333.71187406744446
1347,4,2,5,67.30927814551781,10.0
1348,3,0,3,85.3965088977768,10.0
1349,0,0,6,45.53920742077139,86.4850168715314
1350,0,0,2,69.35102019096537,254.3569241210771
1351,1,0,2,76.18880005533369,206.09637920975013
1352,1,3,4,79.27731113907201,273.21176164995035
1353,1,1,6,92.4136444890281,198.5735768441108
1354,3,0,6,76.33416673599982,40.723733124131854
1355,1,2,7,80.7575228945248,89.62203096198262
1356,2,0,5,54.54661076110058,36.10072132517729
1357,0,2,3,86.38576890052947,82.02816735996376
1358,2,1,6,75.75567315437229,54.549343943719045
1359,1,1,5,77.32350553051862,10.0
1360,1,3,6,67.05080049126173,442.05678875229387
1361,2,2,3,63.50416561079085,106.17780068086022
1362,1,0,8,36.25970380438847,57.5232701420941
1363,0,1,3,60.38313772754502,18.40408535564466
1364,0,1,6,44.76039134270714,127.08460628011464
1365,3,3,3,73.65543337567826,60.361534481683464
1366,1,1,3,90.21303090780671,44.99042664832592
1367,4,1,3,85.50393702462283,52.8542082767402
1368,0,0,3,89.84374594677452,38.80460521459649
1369,1,1,5,77.27309631975696,53.83549411518527
1370,0,2,0,68.99318053738193,100.05684886548427
1371,4,1,4,57.8855999167846,26.13607089718512
1372,3,1,3,89.34941704942725,83.78668887276974
1373,1,1,5,84.26507969501694,88.1560020251775
1374,5,1,4,69.3070891332653,110.12478577466521
1375,3,3,8,23.872103209123292,61.343509550953634
1376,1,0,7,85.49238369130956,114.51378445071299
1377,2,4,9,64.36169737740721,52.54052910354039
1378,2,0,4,71.85262175361076,73.27138663962096
1379,2,3,7,83.86963570918712,51.723927279333886
1380,4,2,3,65.01500193687527,24.19542956892861
1381,0,2,2,85.20837133656175,31.96333373948342
1382,1,0,6,49.209693824207626,146.46996215429016
1383,2,2,6,89.46609817863241,108.07290801698
1384,2,0,6,82.98131861407187,77.54988954628598
1385,3,1,6,68.427870130085,297.9793731118673
1386,1,2,5,56.26111083730157,136.0639750510112
1387,2,1,2,80.3143998133598,198.29793193494967
1388,3,2,5,70.7079420997623,246.2739567351225
1389,5,2,4,73.82660319034501,174.45857004875228
1390,1,2,10,80.24969407460068,36.057632126936724
1391,1,2,2,76.75374259047746,127.53999275714419
1392,5,1,4,77.04363377211985,32.997740770813344
1393,2,3,6,79.40901110671331,87.51285940424918
1394,2,0,1,44.107910622946434,26.22631443560813
1395,1,1,5,86.75675773659128,203.19069276832946
1396,2,0,6,67.94390513930537,17.258647389960657
1397,4,0,8,85.81139151502902,69.74443971636381
1398,1,1,8,80.11457180117138,236.40213598689164
1399,3,4,3,79.60108787605145,23.90281860835825
1400,0,1,5,80.16705025648714,86.8342708637487
1401,1,0,8,51.863950355724306,72.06029455767003
1402,2,0,6,86.10340813083411,10.0
1403,3,4,8,41.563848440228355,123.51639050459656
1404,4,2,3,72.87370441151889,189.04512468681162
1405,1,1,6,31.647765058327295,10.0
1406,4,1,8,54.7648258269285,27.19579784368702
1407,1,1,9,62.370989626257945,160.38052809336438
1408,1,3,8,41.283194226144126,10.0
1409,1,3,10,70.3461116659986,17.80370783674279
1410,0,1,6,65.81633794897925,10.0
1411,4,2,9,59.47046843899805,75.14159379844233
1412,5,1,1,64.75600570945154,111.18939712611883
1413,1,5,4,55.463002408547155,33.86872286753303
1414,2,2,7,67.31827423098507,54.01513577656107
1415,3,1,5,75.98021917735845,534.2780168649161
1416,1,4,9,72.08676611906562,115.70251096707679
1417,0,2,7,88.17980069371376,10.0
1418,3,1,3,86.35394052507604,143.30781682001418
1419,1,1,6,56.91068304426399,16.047054116399742
1420,4,1,6,78.16513859845743,89.05082625979911
1421,4,2,9,81.78319231847374,62.56447098144262
1422,2,1,3,85.4256352319081,205.88353962603952
1423,3,1,6,73.85915200478506,90.84712375533036
1424,3,6,3,54.643854322626154,311.2415797466209
1425,3,2,4,75.79415259838372,38.1316697857241
1426,3,0,6,63.45021451907922,38.316426619839575
1427,2,2,3,74.1348770580633,15.902435229491287
1428,3,0,8,73.89708646216596,21.859039344109743
1429,6,0,5,78.42472640760384,373.47816112144204
1430,2,2,8,62.150755190643345,42.89944209136992
1431,2,1,2,95.19711984439847,411.0478733719004
1432,4,2,8,87.43292021429784,60.461177485423924
1433,5,0,8,70.12945637044824,185.8526058982457
1434,1,1,2,87.82430424973123,169.02726097757454
1435,3,1,5,82.16156180385829,514.0061906682056
1436,1,0,8,76.50568107495415,64.42728685129305
1437,2,0,9,63.88630122317468,66.64455152765441
1438,1,1,4,45.65908880497533,154.62599256651524
1439,1,1,5,88.47691277767268,91.33491091191406
1440,3,3,5,64.65867412509041,521.8262024005309
1441,0,2,4,65.28397261585671,142.2216362703299
1442,3,4,7,91.22743800304774,34.31862074451875
1443,1,1,4,42.829648621336545,390.6384944664669
1444,1,1,5,58.525743045213744,30.222002050121986
1445,2,1,7,45.025766244759716,37.632809958042486
1446,1,1,4,54.68498113066283,16.336889066342156
1447,2,2,5,48.26786310970335,70.54255016840787
1448,0,2,6,59.4880556991634,90.84794179346096
1449,3,0,7,75.12378800532069,174.89643517757025
1450,3,0,6,50.03535611028745,66.33706142996351
1451,0,0,6,30.07142216259442,10.0
1452,2,1,7,42.24539122912741,82.48698534079972
1453,4,1,5,66.71721612017674,41.67746422411055
1454,0,1,8,85.30338193938302,155.98401403410713
1455,3,3,4,71.25252464415003,10.616840298123385
1456,2,0,4,50.09118427514334,13.978338665494109
1457,3,0,2,56.67110116780009,245.95383462944105
1458,1,0,6,68.59859456250683,600.0
1459,4,1,6,78.85934894049451,294.34140520779385
1460,1,1,9,71.92334349629678,247.9709325103762
1461,2,1,1,58.9877017230154,30.81245274210074
1462,2,0,4,79.03012362583232,10.0
1463,3,1,2,52.665936001407644,10.0
1464,1,0,4,78.72637666756265,10.0
1465,5,1,4,45.45217761841306,16.212291873895193
1466,2,1,7,56.2790103028066,95.92305883990088
1467,1,2,8,77.207052612325,27.886247556095647
1468,2,2,3,49.87428997809275,180.44825966956446
1469,3,2,8,62.26910548797814,251.5149343268381
1470,4,2,4,42.50236249678035,71.93934135426456
1471,2,1,10,70.6379007030862,46.562543290012556
1472,2,1,5,87.56862652968003,116.16908401926565
1473,2,1,1,70.69661491323359,87.04997125621325
1474,4,3,3,69.20964718342093,32.208931480931206
1475,0,0,4,77.4282465948202,278.0110266894187
1476,2,2,6,65.21205763056103,46.74028465721753
1477,1,0,6,43.722791407253794,22.358366526580554
1478,5,2,7,70.51366670447206,132.98532455482803
1479,4,1,4,57.50733917581601,189.02760875075663
1480,3,1,5,89.8299280927682,103.35020292557928
1481,1,3,5,88.14374409277804,46.02365593450688
1482,2,4,5,76.09957870063775,97.10098847732226
1483,0,0,4,79.17895410204531,94.41205709930448
1484,2,3,5,60.9881074464245,134.2038005355128
1485,2,0,6,85.98319121914422,143.06963547678075
1486,2,1,6,66.50104799527499,120.78031890569926
1487,2,1,3,83.04503470812854,11.763959077993126
1488,0,3,5,68.85350947539295,45.982902865843926
1489,3,2,3,86.20792694049136,40.59418523418615
1490,3,3,6,40.09432046009015,20.45459970008466
1491,1,1,1,54.46143937691793,10.0
1492,2,2,4,65.59704217347894,276.89011733506527
1493,3,1,8,59.761697048286344,171.11350137314264
1494,3,1,0,57.61388176731613,16.698535159369666
1495,1,1,6,81.92237496162446,132.7000211435056
1496,2,0,3,78.99872891221098,48.56038053186414
1497,2,1,7,72.15243379098322,121.04444635012992
1498,2,1,4,70.42081929596762,83.57469709872733
1499,2,2,3,64.95440791899722,59.212088713018574
1500,4,1,3,78.44624214161539,57.131101576114155
1501,0,1,7,77.10252086567864,488.9828020670081
1502,2,1,4,75.61692769323216,154.73530212898794
1503,1,1,8,53.704100902975995,259.8928449140978
1504,1,3,7,57.99437731043281,38.40837122153798
1505,4,5,10,69.53906130155754,92.02785478596387
1506,2,1,6,62.22355697551166,65.41479872562812
1507,4,2,4,67.88916916477467,10.0
1508,3,4,5,73.98982269607612,23.51465938702985
1509,1,2,5,87.01171255390965,455.57543219929323
1510,5,2,6,77.36867413292516,19.007339210094624
1511,0,3,3,67.62213206675295,10.0
1512,1,3,4,59.109143327381474,28.023386801726858
1513,2,2,4,93.24001770457812,80.72078662238404
1514,2,1,8,65.5260892862184,47.65214603986341
1515,0,0,2,78.42132750642612,274.3748658847916
1516,0,1,5,90.39185367344707,229.25691693747467
1517,2,3,12,88.04497001841267,213.4263911080397
1518,4,2,0,91.80097166679852,53.295528628400255
1519,2,2,10,69.34252374751992,15.458246699221787
1520,2,1,5,88.08749170819003,103.68522756316983
1521,2,0,4,76.31465625482451,78.04792710754931
1522,3,1,6,71.12665059623116,10.0
1523,1,1,1,74.06021152054525,168.94692003493574
1524,2,1,5,72.3865917885018,86.9009451228171
1525,1,2,2,85.77844004686038,209.29814104414643
1526,1,1,7,88.66643477681953,263.34006620318246
1527,2,5,6,87.61208398224578,43.790062360596345
1528,3,2,2,78.20864841389329,10.0
1529,3,1,9,61.26748291404911,255.40485460270224
1530,5,2,9,87.22977533390281,167.08225850366566
1531,4,2,8,83.10477727809487,88.3572301499636
1532,4,1,4,73.61350257639461,275.9948060940754
1533,1,1,4,93.22771474145601,295.31710548139307
1534,5,2,3,95.58686514709535,141.82409510336157
1535,3,3,6,69.43628879417938,10.166659517923263
1536,2,1,4,72.25688008240422,309.488468917427
1537,3,3,8,62.809771619042586,53.893372431082405
1538,3,0,7,73.90606214712334,88.73260738231936
1539,2,2,5,95.24689006908963,21.34148151606313
1540,2,3,14,74.255455217146,26.668434783276314
1541,2,1,2,39.716554563006184,10.0
1542,2,3,5,64.57102179305014,54.65997690235877
1543,0,1,4,77.0907115832361,33.46109876539853
1544,1,1,3,63.74867018371062,28.533807444064653
1545,0,2,1,78.34588229583007,120.71431315429267
1546,2,1,5,74.84613852878786,97.28810102121098
1547,2,2,3,87.70372662788341,43.168861237498554
1548,2,3,8,68.53911935022488,61.992235821326915
1549,3,1,7,79.82820057871774,103.17589092597754
1550,2,2,6,74.01601558076686,144.79926978635152
1551,0,1,6,78.58538449123694,19.316050078623515
1552,0,1,3,71.30730348574593,10.0
1553,1,1,8,78.89148168207107,37.934963556558536
1554,2,0,3,65.9272032436593,67.86360297059898
1555,0,3,5,80.77119839618008,376.5514735654548
1556,5,2,7,48.05370957488094,183.29202518210084
1557,2,0,6,66.70220489825715,178.75353420725472
1558,1,1,3,69.26215142614433,10.0
1559,1,1,6,50.853276297464674,28.495328821539083
1560,2,2,4,88.37609780788694,12.004495598502938
1561,1,1,5,90.22892211677744,160.12324959834942
1562,1,2,8,60.73672897372966,147.68766306581395
1563,1,1,5,63.49747843331637,83.11330974803981
1564,4,1,2,76.67894305943402,314.9258783235239
1565,6,2,5,53.679515269697674,10.0
1566,1,2,7,64.359484735164,101.00742011686951
1567,1,0,4,83.26022096935388,78.75501602506502
1568,4,0,6,51.85195486398572,10.00270462716734
1569,2,0,3,86.1912821657778,214.26093885870802
1570,2,1,5,61.389456392128196,95.09064047476055
1571,5,0,5,53.6974809491422,132.75083318148586
1572,1,3,7,83.67154374514827,10.0
1573,0,4,7,60.554412996880714,65.55211758637556
1574,3,3,5,72.03154477157348,206.96904297648763
1575,1,1,6,84.97416515323208,210.3527636957575
1576,1,0,5,52.99388602614478,169.38556568540284
1577,1,1,5,79.50573670917697,15.054992862023537
1578,1,1,5,88.98991247462725,302.3601193103752
1579,1,3,9,86.92801506508452,14.128635515530748
1580,1,0,3,83.43576861308294,92.7881711686005
1581,1,2,1,75.11734604660222,10.0
1582,3,0,2,72.56872193896118,16.771818316165476
1583,1,2,7,92.68872442735643,444.89521725397856
1584,1,2,4,64.84056642597959,187.32230973229343
1585,0,0,5,30.77226919377703,271.0595483137824
1586,2,1,8,65.69428127217566,277.47175412435644
1587,2,2,5,80.43590287681353,93.56307915049246
1588,1,1,5,69.21200359239259,59.76182542120508
1589,2,2,3,78.7600751279574,32.301021280842804
1590,0,0,4,72.12202373653989,84.75288862264247
1591,2,1,4,59.22199303687968,40.37744490795449
1592,3,3,5,77.6477212569142,63.32862601707793
1593,0,1,2,43.558073931072485,24.36266863834279
1594,1,1,5,32.42052034433338,15.949689321360104
1595,7,2,6,77.10289836618655,63.01795046312926
1596,0,3,6,90.94034853404396,85.38356418603907
1597,4,0,12,79.63526325027213,14.275739221450177
1598,1,4,5,70.05774964665805,16.184379708458188
1599,2,1,2,50.822124176621266,87.34086539823483
1600,2,3,2,50.23837533771329,153.19291333528352
1601,0,0,7,78.87189234699555,15.27340449026862
1602,2,2,5,74.01316718116938,88.374028141654
1603,1,3,5,57.264017494806765,10.0
1604,4,0,5,59.6146324545076,183.8756066846721
1605,1,1,5,58.2171223427029,33.98607939866017
1606,2,0,7,64.78043775921523,89.53754486865654
1607,1,1,8,66.66566121504775,123.83906150570732
1608,0,3,5,67.03406431731355,408.5182980733044
1609,0,1,5,74.00263868757713,32.46606858712256
1610,3,2,7,43.06240008062625,316.3260787507678
1611,1,3,8,89.4195166916331,126.91632456196777
1612,3,3,8,88.23106642717138,136.5670165506669
1613,2,4,8,79.67570410678817,98.55471557718919
1614,3,1,3,76.54993159564462,361.22823831674714
1615,0,0,2,48.253429549022684,10.0
1616,1,0,7,83.37928934776082,63.439838822311636
1617,1,0,1,78.03733084756024,13.74684789745778
1618,5,2,4,68.21116698021913,13.482348295255765
1619,0,1,7,58.65589128638168,154.4309802235336
1620,2,3,5,47.35958141968424,107.83129694538151
1621,1,0,4,45.18265186627697,30.906500414266
1622,2,1,2,57.99202294548868,49.594914717359444
1623,2,2,5,87.7722671950824,124.69829064689783
1624,1,1,3,92.6702412444217,16.143268939450234
1625,1,1,8,80.03223101404929,32.920662131449824
1626,4,2,3,72.29941066789011,43.9115147502211
1627,2,0,6,77.99561445936884,10.0
1628,0,2,2,59.88551584669478,146.346541182536
1629,1,1,10,57.108437469133165,123.29852415092381
1630,2,1,6,47.941403339999354,53.579674953537626
1631,4,0,7,76.36333570936308,15.124510952176038
1632,0,1,3,74.1209642281943,209.41843276678281
1633,3,1,3,83.44487289005922,278.98112126635164
1634,3,2,4,91.95808279331452,108.50762868259268
1635,2,1,8,90.43941814347932,153.25589883234866
1636,0,2,3,69.75657417081331,390.8873062591464
1637,1,1,6,53.590897619910486,117.90136612155543
1638,2,1,4,40.17073110482159,151.09484169902234
1639,2,1,5,54.17859338296699,28.2325156821691
1640,7,3,6,49.28256794984853,146.71921004173848
1641,1,1,7,79.15788452083473,10.0
1642,2,1,2,83.6013408465225,97.21796818553159
1643,2,0,6,89.25199422948546,109.76725347537959
1644,3,1,7,84.24003377761726,15.942378102294786
1645,1,1,6,77.36715427384743,41.08127099054169
1646,2,0,2,64.33908632999956,35.62859890049863
1647,2,1,1,62.567971059153116,167.11860894699873
1648,1,1,4,65.18467739490778,310.5333189629622
1649,2,2,1,53.85488645082881,10.0
1650,1,1,3,79.02795047768912,21.057402545232552
1651,5,2,6,71.26598836766719,65.64063347580931
1652,4,3,5,78.60959177667196,24.778711414714866
1653,4,1,5,57.14324845155123,94.4137023636644
1654,1,3,8,74.0965343579565,281.1782130525454
1655,2,0,4,62.61864743332842,205.6976562437252
1656,1,1,9,50.92260835063767,63.70777102708343
1657,1,2,6,56.53614494385243,88.5749639232164
1658,3,1,2,68.50598934570611,17.7608517519992
1659,5,0,3,58.211329751445376,50.23756822944277
1660,3,0,2,78.25333292207837,23.74494174601283
1661,2,1,4,54.782457305490674,262.5665703164474
1662,1,2,4,84.14184033207988,320.2742197874715
1663,2,1,4,34.19849523911666,71.72244265298549
1664,0,0,7,58.60861907048198,302.2022834976509
1665,5,3,2,56.61460500982947,55.32347595087019
1666,2,1,2,66.02274149871155,14.706292332603528
1667,0,0,6,86.52116936778438,24.646631794119372
1668,4,2,2,69.14854778685216,48.66953620300011
1669,0,0,6,43.71176800812053,156.25512610557308
1670,1,3,5,76.58173985298129,44.958328145357655
1671,2,1,4,63.18620324464877,24.859315715867915
1672,2,4,7,63.531163920700074,10.0
1673,4,0,5,71.16989159396124,24.348137145715413
1674,2,1,8,61.51272333888759,388.61211773883804
1675,4,1,4,50.51544425210657,65.54764866769413
1676,3,1,4,70.06535745597361,10.0
1677,1,0,7,75.94493731636356,137.35646498112538
1678,4,5,4,78.26626690816265,21.833615434151927
1679,1,1,3,60.14806158646289,10.0
1680,1,1,14,24.236245404968752,36.916265604165616
1681,0,1,3,65.49352838299424,413.79588427783375
1682,1,4,5,46.11885228691683,37.05761139731195
1683,1,3,10,55.890474744971996,23.16374715789104
1684,2,1,6,85.85523173934348,99.30334406049711
1685,3,1,9,62.322942701266236,47.44012375570487
1686,2,1,5,55.92042721766289,37.67228732051215
1687,2,3,4,69.4654687331282,133.13527321842142
1688,2,3,7,81.34342316714245,149.74599937324123
1689,2,1,8,78.59518437235307,58.76794509815241
1690,1,3,4,78.09517645612665,85.76018616691354
1691,2,2,4,71.16852749395602,15.777172353359223
1692,2,1,2,67.49929709034512,311.3777244234264
1693,4,1,6,89.34107439694696,42.25449906432869
1694,3,2,6,66.52239950888666,222.04309337395696
1695,3,1,8,69.95415890536869,413.49985244527767
1696,3,2,6,80.25864919661377,76.75686729853192
1697,1,3,2,41.22832941056353,142.02861709760796
1698,2,1,9,95.23277329652242,103.72992648311448
1699,2,3,3,87.28365711623634,24.07446318378012
1700,0,0,6,98.42148526130667,39.57957081334577
1701,1,0,6,57.69611286592241,20.352322633310408
1702,2,4,8,69.83888605287844,151.19210266120498
1703,1,2,8,80.69876508955322,33.29994605172105
1704,3,1,6,67.34504151355749,137.62417688490885
1705,3,0,6,51.076080666502065,24.953632004728902
1706,6,1,3,93.0201071380971,30.55084164307003
1707,0,1,4,84.51533310257712,112.59510863042944
1708,1,2,6,60.700398516176676,19.940758599159714
1709,5,0,6,51.72819317437123,216.79872757315917
1710,2,0,0,81.21137426998857,18.160583362407433
1711,1,2,3,80.19153803311036,10.0
1712,0,1,1,81.01718026465197,221.53181882019138
1713,1,1,5,75.61754741226153,38.57726537185955
1714,3,0,5,82.78097602793949,81.57198110004418
1715,2,1,4,79.38119226604057,73.92267423757689
1716,5,0,8,68.77924857144825,62.60457169799972
1717,4,1,4,77.56195497220808,261.0070499494118
1718,3,1,6,46.21843053069327,10.0
1719,0,1,7,80.09398702761037,179.96815626905627
1720,4,1,6,45.0694026429258,10.398028085039348
1721,2,2,6,84.48168978683144,12.596509467013043
1722,1,0,5,81.81588735595484,13.580629549970228
1723,1,1,5,79.29556857130568,47.733094786220704
1724,5,5,8,66.50636785022796,28.095755627510464
1725,0,0,2,51.51212064647102,49.443755826013096
1726,1,2,5,46.76083312017696,41.636584149662596
1727,1,3,5,76.05076255782379,474.145643275839
1728,1,4,4,91.87365196918616,151.99106338094916
1729,2,3,6,84.76716394566785,34.60338573780931
1730,3,3,5,72.58899121913888,206.46312490339196
1731,1,1,5,71.95307762969614,79.29179707208088
1732,4,0,9,60.23207249185031,95.47930583733718
1733,4,0,7,71.59299294476736,11.506358423238165
1734,3,2,4,66.20034066190674,63.56980199225274
1735,0,0,7,63.75604980055941,254.13718262403555
1736,6,1,4,61.90690254653855,164.5112901993328
1737,4,1,9,71.38450228319181,90.41613334098423
1738,3,0,4,56.13127529528704,68.78916471297643
1739,5,0,6,52.75244085854845,102.69611310525242
1740,0,1,8,81.954706264528,122.44168653525867
1741,1,1,8,57.19290845812128,98.68318223582153
1742,3,0,0,79.68149533082305,19.21795877137359
1743,3,1,4,75.2336011389792,306.1409109134499
1744,1,1,9,94.103451826235,444.65827756856726
1745,3,2,7,88.26954286654352,156.44349093936387
1746,2,0,3,72.81509039136466,204.532515030972
1747,1,1,8,76.78946818904903,130.09973876059541
1748,1,4,1,64.42402236281373,42.6176375605158
1749,2,2,7,58.06749137130388,18.78022535188839
1750,1,1,6,75.56747623911681,170.62171034081481
1751,4,3,4,61.0931626074086,189.30929945846387
1752,1,2,6,91.6977844939882,38.46383033047007
1753,3,0,3,93.98986530642902,316.915427626579
1754,2,0,4,78.13289484018784,131.2490811295456
1755,2,4,3,77.13904207665792,10.0
1756,1,2,4,80.45069767282604,186.68729579357924
1757,0,2,5,74.20961753202391,10.0
1758,1,3,4,70.65723900931683,159.21202778472525
1759,1,1,5,42.243478239043704,46.63471250264703
1760,0,5,3,70.60809923075193,86.18218201447955
1761,1,1,5,78.18386277924778,458.6111874533717
1762,1,1,4,75.33165370894021,87.63070252722112
1763,4,2,8,66.98767963772283,244.7258134350571
1764,3,0,5,64.08032716576045,89.78959008021609
1765,3,2,6,58.18303327925594,16.999916335453666
1766,5,1,5,49.24589695012612,454.7105078398398
1767,4,1,2,73.99171339664983,10.0
1768,2,2,5,75.71046561947225,233.34775745993102
1769,3,0,3,79.9390798984183,228.5092060487895
1770,1,2,4,66.65051293228127,74.43178603170009
1771,0,2,7,66.0482445598892,595.741467743508
1772,1,1,7,70.96295060565168,129.00610263866116
1773,8,3,3,70.11154692589349,355.2383776767616
1774,2,2,5,71.72442575911558,145.51499109545367
1775,1,1,4,76.12605787212867,97.88831927483737
1776,3,0,6,67.60771622769234,116.3037907373975
1777,1,4,6,72.6276525115352,26.71567640726962
1778,4,2,5,72.95625239190487,133.06647043761552
1779,3,2,5,50.69547791856442,72.00573771892235
1780,1,1,8,40.64834145837567,64.28110344879907
1781,5,2,7,57.596969021492086,90.3785913723742
1782,2,1,4,73.11795388546327,110.31812453409222
1783,0,3,9,94.3267925340093,44.43283005166191
1784,1,1,2,59.6843467849078,26.993765912341058
1785,3,0,9,87.49799242486715,32.52164678906368
1786,2,0,4,90.40925386499052,42.065451895575556
1787,0,2,7,90.92962799315548,28.30681770555348
1788,2,1,5,84.12102162613628,345.09799550971985
1789,2,1,2,90.52972957948671,25.65606226957418
1790,3,3,3,77.25889985407932,51.69975113365513
1791,4,1,7,49.9902524641337,10.0
1792,2,2,4,77.4401986822123,96.53573117226105
1793,3,2,1,58.49742695225642,72.53584911246521
1794,4,1,5,92.73329257647414,66.70569905965131
1795,2,3,5,83.82939948969337,52.90289898248819
1796,3,1,3,78.67376188580468,123.09556899925015
1797,0,2,4,92.85226016879756,31.96197314634575
1798,3,2,5,88.35740459359472,80.89763988959258
1799,2,0,4,65.705329907713,27.508476863060274
1800,1,1,4,69.32627965585993,20.274123010989094
1801,1,0,3,43.453218037031675,10.0
1802,1,1,9,62.00820342796182,10.0
1803,0,2,5,52.81362205155769,222.92651469206376
1804,2,0,5,59.73853209518266,46.87397810712477
1805,2,1,2,81.7937576913243,180.89051566357745
1806,2,1,5,70.81132471630929,203.98361872325117
1807,1,1,1,55.39032962496828,276.07577394590237
1808,2,1,7,78.5480213821878,299.4961546175031
1809,3,3,4,61.07429364596675,25.97723475388096
1810,2,1,3,48.72786202178968,67.3255451072256
1811,4,2,5,57.285000401990025,56.34279590123049
1812,2,0,3,43.25522578456655,121.9437409068239
1813,1,0,3,67.07882860119608,300.9382880243659
1814,1,4,6,76.89465770611467,140.6114948022878
1815,1,1,6,67.19923830827184,33.109821807074404
1816,1,1,9,74.82772589636335,146.43989284900852
1817,2,1,6,64.91230949396268,34.58851881387011
1818,3,1,6,87.18072461100958,97.368526632959
1819,1,3,5,73.99467832789058,114.05522816960001
1820,3,0,6,75.80744164149716,520.7211574190857
1821,1,3,7,58.78830307066158,88.20396494902809
1822,4,1,9,84.31485029365297,20.772301352421735
1823,2,0,4,50.13726429146793,112.13141482821683
1824,2,0,4,53.12519842683724,72.47227034810305
1825,2,2,5,85.95808055925025,20.365941949601766
1826,0,0,8,80.23787869086667,475.53199141042484
1827,3,1,4,65.78720548855947,14.464251885821417
1828,3,1,2,50.796705289810305,333.1310805670427
1829,3,1,4,86.00936125260576,290.23920184986775
1830,1,3,6,76.24951659354942,396.23980170235143
1831,0,4,3,73.8894543813821,206.6846508535233
1832,1,0,5,51.13789606302544,129.43543490591466
1833,0,2,3,70.50017681338782,27.07313438645873
1834,2,0,4,55.68773186622794,139.12328612756033
1835,5,2,5,96.67666407120115,120.02101357762173
1836,2,2,7,68.93613354811023,203.48101844838604
1837,3,0,5,70.63596667303811,158.44075921988866
1838,1,0,5,78.41733555758009,287.7316522222225
1839,1,1,4,59.19430471978576,72.71250282223814
1840,6,4,6,55.052935832071206,31.303553301473208
1841,2,2,6,55.493889589853254,17.055627566816494
1842,2,1,5,74.15491442946322,91.86879682667187
1843,5,1,7,90.09936970026477,90.87467401669372
1844,3,2,5,70.50418980722003,54.68717772145133
1845,3,2,4,60.060304280490094,22.352232522519728
1846,1,1,7,77.83186061940039,22.805892273983314
1847,3,0,4,78.3093325723468,142.53279158789513
1848,1,0,1,55.26025628051854,543.2365555416766
1849,1,2,9,66.75233224296487,122.66662442107915
1850,1,0,4,75.41166529305036,102.30388919710303
1851,3,2,4,84.42335328309893,65.80634494432672
1852,2,1,3,74.76879385385823,459.97724361159345
1853,4,0,3,88.54646120624618,24.80269399561429
1854,1,1,2,62.649603295962955,21.982628187268922
1855,3,1,10,59.990081621081906,218.1009838568232
1856,5,1,4,67.0945255853592,210.41787795552113
1857,4,3,6,73.65724788773834,16.844114060795256
1858,0,1,4,75.04103978769356,279.731150495142
1859,1,2,9,62.19260343878644,144.31059165862163
1860,1,3,3,75.04205413779597,106.40091518313555
1861,2,0,2,47.22350857335784,10.0
1862,1,4,8,74.50612864805005,136.79736720242616
1863,2,2,9,59.65886826407396,52.15694287607506
1864,3,0,3,89.06844201884331,59.084956684360264
1865,1,2,4,93.31033170520104,215.24441495328267
1866,3,5,4,61.447175964203836,149.41542093463437
1867,1,0,6,51.62208204588331,10.0
1868,2,1,4,81.41833730815205,167.49913381017203
1869,4,1,6,61.00871527183776,75.36584306060573
1870,2,1,1,70.6608560625273,28.883365392402048
1871,0,0,3,76.96757185521045,165.97573178078167
1872,3,1,2,80.77531872543085,426.04777904911793
1873,1,1,2,75.61183128900386,229.0712183158726
1874,5,2,8,56.501163160771874,173.91827297048823
1875,1,1,8,77.98236133074916,17.93830963837413
1876,0,2,6,80.12763955503868,10.0
1877,1,1,2,64.15787352857592,87.8958739146939
1878,1,3,5,80.83125264394086,16.601658169881826
1879,2,0,3,72.5914350121009,10.0
1880,4,1,2,73.31870143051242,24.637199307259586
1881,1,1,6,54.22945225773476,36.374854767706694
1882,2,2,8,66.57300390296199,217.36402845932213
1883,2,1,6,77.73303176866516,19.69545268785229
1884,1,1,3,30.847852409331455,39.55371585970758
1885,1,1,10,91.41533550501111,21.17603117853878
1886,4,4,3,76.26335559462561,49.72748386944272
1887,4,1,2,61.72525297965389,55.26973042578833
1888,0,2,5,48.05822905308324,44.085654649407594
1889,5,2,6,69.98307662725226,23.76744852391999
1890,4,1,4,74.31359785139074,36.01378664498152
1891,3,5,5,71.90576888668885,46.685581245502874
1892,0,1,7,72.18965674121527,124.99009757001575
1893,2,0,3,72.58230287536732,13.73700300093978
1894,1,1,3,67.0407341738732,47.048993487565404
1895,4,1,5,83.1929125433383,49.876325040425314
1896,0,2,6,77.73474726250815,91.91344779933219
1897,1,0,5,69.30007926976248,80.94729025958983
1898,2,1,6,71.17264264941356,186.59481147983684
1899,2,5,3,72.76854826794815,340.47564459403134
1900,5,0,5,84.69570886977382,24.289162215180674
1901,4,4,7,91.86647913667184,10.0
1902,1,3,4,78.19848701524627,78.62506994800138
1903,3,1,5,69.77464728665656,61.856210603920076
1904,1,1,5,54.329452982085726,250.43329879987616
1905,3,2,9,88.8283089788482,213.30010871775966
1906,1,3,1,78.18750693453028,31.359113951736962
1907,1,1,6,82.1555987207235,72.34767639636057
1908,2,1,2,43.67952135726257,332.38644182335617
1909,4,1,5,61.41805233551718,31.29203650487173
1910,0,1,8,69.78596065362997,246.61285674356606
1911,0,2,8,75.63799022253855,24.684436970838703
1912,3,0,3,74.39399897699433,42.443596007995616
1913,1,1,4,79.70448377433236,148.75340359874764
1914,0,0,7,73.5276249244587,18.557493780241565
1915,4,1,4,80.83762519379673,85.11934729755295
1916,1,2,2,82.45944487608784,124.09664932969923
1917,1,1,9,74.20691324532103,38.25361222045947
1918,4,3,2,56.03044927477334,36.918424283956355
1919,4,1,5,82.34995289018235,16.208231697834954
1920,2,3,4,79.41253018013008,23.196878356077722
1921,4,3,6,73.02576498130006,477.9065711690046
1922,4,2,3,79.74472561370199,144.64819566481998
1923,2,1,7,73.78246595943874,13.867495825061146
1924,2,1,7,80.55199256925214,39.67530641863898
1925,1,1,3,79.97734552674416,140.40171194472978
1926,1,1,1,73.58000004164238,72.79819671504238
1927,0,1,1,76.28434924498895,130.66272539980963
1928,1,0,2,97.562353469256,117.47276425427177
1929,2,1,9,75.90137311608646,230.7058428898125
1930,2,2,7,93.00851719734644,10.0
1931,3,0,8,79.6566519377667,70.08650447236259
1932,2,2,2,95.81976479613627,41.40313521374511
1933,1,2,8,73.51549182845092,158.97949259265903
1934,3,2,0,53.22584197410705,10.0
1935,1,0,10,58.50791612633957,241.11788002946912
1936,3,2,4,41.079602151954866,48.74213900104255
1937,1,0,5,77.02811964762351,58.02084833705224
1938,4,0,4,58.47184936048738,17.273360428388347
1939,1,1,5,78.74648408452398,77.51287435077917
1940,0,2,5,62.93591450018967,205.27078622533477
1941,4,2,7,61.222892571163754,81.75301133982994
1942,2,0,4,77.144292612757,101.8982870685203
1943,0,1,7,36.75447982179498,48.6117173291995
1944,0,1,2,64.61900305930158,110.87929003665428
1945,3,0,9,78.27748635388609,99.10449742622532
1946,0,1,8,75.5479930080538,40.106246992050814
1947,1,1,6,72.30600692199917,42.22789075905891
1948,1,2,6,75.93182641959058,20.662630849710357
1949,0,6,6,48.67957702542075,146.01789867590796
1950,1,1,5,66.55455309009592,31.429985776620075
1951,1,2,4,86.7949137642176,10.0
1952,3,1,5,71.15725185637801,149.70507643878582
1953,3,1,6,53.5983635355249,21.793120944118087
1954,4,0,5,65.85443070396539,271.67467011516857
1955,3,1,5,90.77599870406041,10.0
1956,2,3,4,78.78409025408627,600.0
1957,2,1,1,81.65800914108188,166.06069901965608
1958,1,0,4,84.13673254954018,22.136084454390293
1959,1,2,5,57.234186770280495,177.49649418811754
1960,4,0,10,39.23711931759146,130.99407105195326
1961,2,3,8,75.28109748267761,69.30210588597481
1962,4,2,5,68.14834198424268,127.99143214962498
1963,0,2,10,67.2452979536279,102.33519006532207
1964,2,0,0,84.1176608075251,100.75495233357016
1965,2,1,3,73.55364556502386,47.02833841695436
1966,2,4,4,67.47634186551778,65.36010450988942
1967,1,3,6,63.348695575503164,248.86028549957555
1968,3,4,7,79.71815887073377,459.19389047197024
1969,4,1,5,75.43326087647301,223.57205042980934
1970,3,2,5,46.7866621055372,113.74090621169555
1971,3,0,2,93.24462012415461,334.868992205453
1972,2,1,2,53.846323506920015,100.74131853528948
1973,3,1,5,68.38791989064897,201.9571359394542
1974,2,2,4,66.76078006771999,108.85016741675496
1975,7,1,3,84.19228235748363,336.96537862686534
1976,2,2,4,84.71177306896486,22.665423098766972
1977,2,3,3,74.1171476904182,365.9760094403531
1978,2,3,4,89.2582668782846,25.314826557047844
1979,1,0,9,49.06026766583441,68.97755288007751
1980,0,0,6,45.42779680956517,51.631021447781805
1981,3,0,3,70.71816525797325,182.75071009833346
1982,2,0,4,62.023070698676804,124.40834067430715
1983,2,0,5,66.28452135260545,249.96960969553018
1984,2,3,4,70.42186802624799,188.4353479285542
1985,0,1,6,71.04915718301855,78.610205074472
1986,1,0,7,73.24254167557778,79.94206494139375
1987,3,0,9,54.70938108640897,17.206652388694163
1988,2,3,5,67.44384408034418,115.20992790500914
1989,0,2,3,80.67595936965807,124.83993550343378
1990,6,2,3,76.79371452477999,79.22826246588497
1991,5,1,4,81.8395939441255,534.7217087581772
1992,3,1,3,31.74230907375008,72.51655717783251
1993,2,2,8,60.95179461248059,58.51316649290372
1994,2,0,5,59.6882230106903,87.49449052317836
1995,2,2,8,48.931244942063884,118.56756578426752
1996,4,1,6,81.3641821347199,198.60696168092417
1997,2,2,3,72.05933774651515,47.188164138569476
1998,4,3,4,87.13202420505002,215.36541919178666
1999,3,4,11,79.38699134970214,10.0
2000,3,2,12,79.56907154118603,15.366874698595844
2001,0,0,4,55.16816895390353,15.592874882236046
2002,3,2,5,89.7748498998976,126.87515360753494
2003,5,1,2,64.35894648925806,115.91842456624566
2004,3,2,1,80.9349917961777,86.50677406738335
2005,0,4,8,74.25054591120606,199.80269492103284
2006,2,4,4,71.31190490839893,41.6678190095171
2007,2,3,8,65.00739276060641,47.75653657153381
2008,2,0,3,70.76196209040914,29.25463852380423
2009,2,0,8,64.77559241808783,31.871214469611104
2010,1,2,6,62.472352930613376,74.51380319348335
2011,1,1,8,75.76168579350644,12.333102653701074
2012,1,4,5,74.86682893606053,47.945297376821976
2013,3,0,3,78.45344383642133,121.38116298400122
2014,0,2,3,67.90859622941745,21.73298777001221
2015,4,0,3,70.46810609156553,198.9623787407963
2016,4,1,4,70.1066207177782,65.03728484992439
2017,0,0,4,84.04199399714675,21.92901312534652
2018,0,3,5,49.92976284349335,10.0
2019,2,2,6,83.49558542367251,93.63587266279252
2020,2,4,4,58.76215868685462,121.64578847214047
2021,4,1,8,73.2229372032088,73.17260437737329
2022,2,0,3,67.02684596496789,547.0408215136384
2023,3,0,5,40.893714447821964,143.50390947943
2024,2,1,4,88.16329983463822,112.23321383061312
2025,2,0,5,86.84807068409646,521.378136642018
2026,1,2,6,51.29068408591589,103.03665779931451
2027,3,3,5,60.72218703366757,29.82601112279988
2028,2,2,4,80.86894724764406,166.71067995725508
2029,0,2,6,77.47531470131739,39.665357677487115
2030,0,2,4,77.68790892103493,25.647668882948093
2031,0,1,4,65.56575397673609,83.18273401651595
2032,3,1,3,76.57165542507988,45.20629361157912
2033,0,1,5,73.48822383249225,130.62886841043434
2034,5,2,4,90.32228325494593,129.80538764923182
2035,3,1,6,76.7382061855182,82.4767766668041
2036,6,3,5,76.44413180668812,71.92708175188366
2037,3,0,6,86.03105916597531,18.225036460249086
2038,0,0,7,62.33534854583681,412.7727365589594
2039,1,2,5,59.15190720444193,53.99396494796524
2040,2,1,6,71.13255269286728,81.2413933279554
2041,3,3,6,61.431769541543936,70.91312375797833
2042,3,0,0,66.17723082673882,115.09873962106194
2043,0,0,2,59.04991935131516,53.933082652065956
2044,2,0,6,88.1365004034596,92.77243939943811
2045,4,1,8,71.86778040573007,26.87717046692559
2046,0,2,5,90.33642778556644,15.76714851394976
2047,1,2,3,67.15524447068894,174.64743748158753
2048,4,3,6,87.63882879888611,24.18758940768751
2049,4,2,4,80.04825515485562,102.47280396945388
2050,1,2,6,60.07825400912624,54.70381091806276
2051,4,2,4,75.87305147838012,38.38271482464375
2052,2,2,5,56.82169133907943,123.98248999209444
2053,5,4,5,59.94336016052853,163.44627819591236
2054,1,1,5,70.42860311501425,135.1684025932229
2055,3,5,8,74.40694709889372,10.0
2056,1,4,4,81.30439235862829,81.16479304334611
2057,1,2,4,88.59695912264169,185.39966524881257
2058,0,0,4,77.3544456506819,409.8432073019036
2059,0,1,6,73.30139368144262,165.99972610411407
2060,2,2,3,96.11923992467808,17.574358686451856
2061,1,4,7,84.48045625792078,203.9895680343845
2062,0,2,2,67.08863068324554,87.20619526374789
2063,3,1,8,77.06468806898079,467.5950009721313
2064,2,1,6,67.77776474334748,212.8133983685409
2065,2,2,2,66.63140251412483,59.013288170516326
2066,0,1,3,81.73504182839231,59.35379081738266
2067,6,0,4,83.25521975366486,10.0
2068,3,1,9,82.58176386330761,148.41002364774735
2069,2,0,5,49.29877226143218,226.9757764957062
2070,5,0,7,93.5550654710286,54.60430967167344
2071,1,1,5,58.70463614586294,91.87630375582023
2072,0,2,7,62.478455375982676,77.7039612772665
2073,4,2,1,83.40095869623457,541.6499856613394
2074,1,1,7,45.894582955489085,252.85625995264755
2075,3,1,7,51.7577400606382,46.93783778129644
2076,3,1,5,85.46208674147351,36.3442482006757
2077,3,4,2,76.56929807019944,30.655579002784897
2078,0,5,5,84.8466008743984,48.507988226866765
2079,5,1,3,86.4757623111409,11.18421435960809
2080,1,2,8,59.813512817544336,10.0
2081,1,1,5,68.5238490922362,37.58608005683238
2082,3,3,4,82.77718489960239,99.09815595850222
2083,0,1,5,78.36349146556985,193.2219602969413
2084,3,0,8,68.05601727615802,121.9354319005323
2085,2,3,7,89.91683318211335,10.0
2086,1,2,3,67.80489317594176,169.84979704165497
2087,1,2,2,76.37194153182695,10.0
2088,0,1,7,56.03482811754652,34.074532498807244
2089,2,3,2,75.67286041539776,149.83158220273282
2090,1,1,4,64.20196152212732,74.99029772613027
2091,1,0,5,83.76823920412313,256.4110539500427
2092,1,1,4,44.942929605735735,26.043519189442144
2093,0,0,5,87.75690717186316,24.34776417391755
2094,1,2,3,60.27814582713056,65.31502302524024
2095,0,2,5,65.4199279785853,65.39595375980419
2096,0,3,4,90.31546312609098,55.42250178588816
2097,1,0,4,93.66090222854609,75.1228649336721
2098,1,0,8,71.87242766229348,141.8986445260444
2099,0,0,6,91.57075088838612,18.651804408883795
2100,3,3,8,66.83863694644543,411.22503665776736
2101,0,0,4,81.7985858802232,95.81658397389468
2102,0,2,5,55.50807339454532,116.13091391783546
2103,4,1,4,84.76966113726377,89.72072447220945
2104,1,2,8,69.6100689283393,31.052653977201064
2105,1,2,4,73.8810861766932,47.25309060406535
2106,1,1,4,48.29806344537787,231.90031314702688
2107,1,0,6,67.05823098268876,388.06643676443593
2108,3,2,4,78.20065912147136,22.89655402553701
2109,3,1,4,43.30708971117874,164.08096922061839
2110,4,0,4,72.8587467873124,20.05345279547658
2111,2,0,4,87.61101565142134,72.5763826105923
2112,1,4,7,75.51091702737266,262.7895321184472
2113,1,0,5,54.706698181779615,396.8689548837065
2114,2,0,2,93.0774036334272,10.0
2115,5,2,3,73.83800476183198,121.64187141116281
2116,2,2,5,67.84932572894036,72.46770945052836
2117,3,2,6,56.87120530942781,10.0
2118,1,1,7,83.7369067235506,51.03476339656641
2119,1,1,1,72.43808222859862,271.68890362778535
2120,5,3,6,67.59849806366903,72.81904973845221
2121,1,0,3,85.91870866695979,66.94018520901814
2122,2,0,8,73.02201239188,123.7321170545397
2123,6,0,5,71.05311638786753,96.46256504413941
2124,1,1,6,85.28435605830099,100.00439242457416
2125,0,2,3,48.96838551272252,91.67054193757065
2126,1,2,5,80.70418717868029,26.726791634047963
2127,1,0,5,86.23575431621852,10.0
2128,1,3,7,48.84276158654632,19.729812974051406
2129,2,3,2,71.48674741914519,292.4640918758099
2130,0,2,5,74.52085986700881,206.81039348855822
2131,2,1,2,82.34697202837773,37.53993657051473
2132,2,1,5,80.61769624948802,269.02332020814794
2133,4,3,6,72.83015999338504,342.3129623509998
2134,1,0,6,49.21409813335855,95.45652129697307
2135,1,2,7,93.92822786347739,55.582870762579944
2136,1,2,5,57.91295213344904,277.0032845723468
2137,5,2,2,63.11765053746925,56.00285077748786
2138,2,1,4,74.24397368357742,19.06801571696592
2139,2,2,8,87.85740751693821,600.0
2140,2,1,5,76.0387575213609,88.9524622078073
2141,4,2,3,69.89616094689376,188.0874860782953
2142,0,2,5,58.84659318739794,122.71751878398933
2143,3,1,4,81.02896647315052,116.21800512478538
2144,1,2,7,69.91376146987113,36.31351957641656
2145,3,1,6,61.46840302097674,78.3298265230706
2146,2,1,7,73.82608942929258,424.2361510360253
2147,2,2,2,80.19681401206648,10.0
2148,1,2,4,61.94017585083979,104.69454539121942
2149,1,1,4,58.98406065033106,91.35483619554115
2150,6,2,9,72.00675546293614,10.0
2151,2,0,4,59.267046301618024,61.67931902607474
2152,2,3,6,71.29192253504836,50.93946101693253
2153,2,2,1,79.26205163530207,284.55035070765086
2154,1,3,5,76.1288697030902,118.65494108050403
2155,2,1,6,78.76342605060074,19.752568989730978
2156,2,1,6,57.48311181146113,12.555680966962216
2157,1,5,2,73.18748163990759,97.26205338326021
2158,1,2,2,39.33082557791035,37.24870981119915
2159,1,2,3,74.35300182128763,227.53661949425964
2160,7,1,7,81.68387720014945,18.691975767363093
2161,5,3,7,78.56492298471845,108.09518272552515
2162,3,2,5,91.53219615749931,57.444154940294744
2163,0,3,3,63.015216537940574,14.926446253902101
2164,2,2,3,68.10552690628288,66.54771461393122
2165,2,1,6,53.86115320752278,52.10108339383515
2166,2,4,3,75.52986512029294,76.36675563382128
2167,1,0,4,57.84956997596026,10.0
2168,0,1,4,83.83672600248957,42.88809112951918
2169,3,0,7,86.12079461976863,74.908456988927
2170,3,1,0,72.31704936136809,15.597199606530513
2171,4,2,3,72.40733337474727,29.34126476277055
2172,2,1,3,62.462895355655675,64.28227217788276
2173,1,0,5,55.28456430928894,34.67087684210463
2174,0,2,7,87.44543489961043,85.88963827148076
2175,0,2,7,81.26506445666418,63.423962837276804
2176,3,2,4,75.77518591391174,42.310456202309155
2177,4,1,7,71.28500079812734,178.65243843062726
2178,3,0,6,72.04639391545567,104.18554965900424
2179,3,0,1,77.52033195892832,45.97544507405892
2180,0,4,2,52.011504186802235,129.1943996396941
2181,0,2,9,63.927096493464475,88.33474033472918
2182,1,0,2,59.10753047593186,13.934545212177673
2183,3,3,3,69.47291523274791,163.1888120875493
2184,1,1,3,63.64208257630656,176.03192892408566
2185,0,1,3,51.898797510816244,18.790781050565837
2186,1,1,4,89.95798635695782,274.34904417143656
2187,1,2,7,68.93605673490983,54.490509555795036
2188,4,1,7,92.71041403644948,35.80892412753606
2189,4,0,7,89.09092118061255,187.2100808927006
2190,1,0,2,81.61547228699641,177.784060545642
2191,1,2,2,49.67393953875102,99.13283408073133
2192,3,0,4,60.39988221238307,181.64121772419915
2193,2,0,4,33.35145624394721,38.07049784708695
2194,4,2,10,34.78448327528646,104.36310124738375
2195,3,2,5,69.49076199441873,30.02259987242719
2196,3,0,1,84.46361217831445,127.12421564296787
2197,4,5,4,59.2537281059403,112.67577806103705
2198,0,0,7,74.63322405490138,174.38534779647716
2199,0,0,7,68.11291968358779,105.25021954409979
2200,7,3,6,89.46955087517482,338.9214484593555
2201,4,3,5,81.422510477545,49.40798054055938
2202,0,2,7,71.98225015853598,12.576097606668746
2203,1,1,5,76.96638067462239,288.58830694696314
2204,5,2,5,78.74523320249519,71.34467177232375
2205,0,2,2,83.54363771399588,176.62789045965002
2206,1,1,5,65.95115451913048,79.47561519944603
2207,4,0,0,59.16944888913191,67.8105520868011
2208,0,4,8,68.79136811111199,39.4679273020875
2209,2,0,5,65.32988291878577,12.369968005862788
2210,2,1,3,72.19187622748274,10.0
2211,1,1,7,48.47898757794981,53.21219049355142
2212,3,1,1,66.39249246585872,29.32383318965008
2213,3,0,5,49.51436395087517,10.0
2214,2,2,4,73.63028491177036,76.51001103152782
2215,2,1,5,85.32896595609195,298.66309684992837
2216,0,0,6,48.29763474339344,30.54937105759741
2217,2,1,4,70.69250354503271,12.040226851175639
2218,2,2,8,90.03687963096765,55.99520669060867
2219,2,1,3,58.88166238257083,143.3644317610799
2220,1,2,5,67.99340141382446,64.7229084345965
2221,3,2,5,78.71637402634701,117.42614221584623
2222,0,2,3,54.96151506877699,10.885104937175734
2223,4,0,5,71.88859784403942,48.38333122583883
2224,3,1,7,80.32917297220995,30.622177660412838
2225,1,3,4,45.615719900761675,15.428433912627925
2226,1,1,5,57.62182151592609,147.69035428847252
2227,0,1,6,44.40396694202494,10.0
2228,0,1,8,78.25601174986902,125.04922730115786
2229,3,0,5,68.69714702948151,74.55973396812114
2230,4,1,4,37.01604283680805,47.60493433520425
2231,2,0,6,60.3997661343884,10.0
2232,1,5,5,63.64839366582819,85.29289826399886
2233,3,1,9,65.71754679910853,191.89186018306935
2234,1,3,5,63.3611952875943,77.27805204093424
2235,0,0,7,77.05537041880288,92.05785411185967
2236,0,2,3,88.55102101054624,10.0
2237,1,3,3,64.64586047908173,56.94492505851268
2238,1,2,0,58.75121208599585,24.786197565766532
2239,4,1,7,63.56264774151158,86.31260096023682
2240,4,2,5,55.6313225822668,24.76258516487453
2241,3,2,5,73.34588041041133,166.50782161046942
2242,2,1,8,51.87447234105461,507.65747880943115
2243,2,1,11,95.18615016309163,66.65339577557722
2244,4,0,6,33.836968946444685,99.3650261612586
2245,1,5,4,64.28006460115311,194.3007572524645
2246,0,3,11,45.71148758940619,32.55698828620835
2247,0,2,2,93.94017761439574,379.66232454417076
2248,1,1,1,65.98223898410896,102.87421189347899
2249,4,2,3,68.99271499694252,46.20347827891887
2250,1,0,2,78.80350126691216,85.6529741436521
2251,3,1,5,79.6472950768371,259.88152862251627
2252,0,2,5,83.26972159933504,463.4545519105658
2253,4,4,2,73.13090837592407,20.135831056770595
2254,1,1,8,69.18974638101002,74.39178339948808
2255,5,2,2,67.87076239401371,60.56466766529339
2256,1,0,5,66.00917125481972,10.0
2257,2,2,4,73.36905619938764,55.245107307196584
2258,1,2,6,91.03096845315044,69.22728655390212
2259,5,1,8,62.37912023482926,46.16804889889276
2260,4,1,4,88.6310209143422,268.275168451356
2261,2,2,7,82.01761740654307,52.198761985482975
2262,1,3,5,61.40812178518732,46.283489425813414
2263,3,2,6,74.88542489206802,245.39814073674614
2264,2,1,5,68.97963711106394,34.641463271155814
2265,4,1,7,88.74936912472876,344.8434348941085
2266,2,1,4,58.05432498298472,83.82506220956746
2267,2,2,3,74.03263264933864,33.61013159052638
2268,2,1,11,37.084672054928625,42.705108883612716
2269,3,2,4,71.12484501877513,49.17342779035132
2270,2,1,5,65.64032501335313,48.21959453787776
2271,0,2,4,55.558366571891604,10.0
2272,4,3,4,59.14708138865237,63.450748850409
2273,3,1,6,35.77811846439239,466.1401767029485
2274,5,2,3,88.92423226682256,27.006376892697364
2275,0,3,4,77.83123887835086,229.00343590866922
2276,0,0,4,60.29846066336211,24.74740465916331
2277,7,0,1,83.77646312120956,37.26710772530649
2278,4,1,3,75.82918144562541,54.368566220426
2279,4,0,4,51.09470281900242,600.0
2280,4,3,1,65.55738578557478,159.15262920206237
2281,3,0,7,71.18787649140317,26.734523172778594
2282,0,2,11,78.4605859797261,24.775576515006907
2283,1,5,7,88.27641197443755,10.0
2284,0,1,6,87.30899368124314,69.46580830082956
2285,4,2,2,90.78785553897056,204.47413988348706
2286,1,3,4,93.65033900398309,211.3249414677794
2287,3,1,0,57.663645520835104,240.19874046367414
2288,4,0,12,43.86857271578181,169.60806485904646
2289,0,1,4,53.19347383275527,10.0
2290,1,3,6,79.19282997576144,58.39179266030904
2291,3,4,2,87.593582614585,267.87897797946914
2292,4,2,7,33.0283308720486,22.18768087426847
2293,2,2,9,60.40897920496933,107.28216207842263
2294,1,2,5,72.11197823261315,15.842312696112304
2295,1,0,4,63.59292243407625,207.65229758934186
2296,2,1,5,69.63262987131988,28.82430498375313
2297,3,1,3,70.16750591635004,77.70103384935858
2298,4,1,8,75.36681979717524,126.19940709750112
2299,3,3,4,64.90143162914941,64.2680578297894
2300,2,1,4,71.14057437502524,27.29286614473111
2301,3,1,5,79.90012341204661,10.0
2302,0,3,3,89.41598111460236,280.3363275103363
2303,0,0,2,66.05318164179057,73.95598874481065
2304,1,1,0,83.62255711919022,131.84771681412371
2305,3,2,3,80.39036972572211,77.95830250312441
2306,0,0,3,58.381448463864736,370.5489887138491
2307,2,3,6,61.178976769860206,33.52399149319254
2308,0,1,4,69.78202206852554,263.42529743346745
2309,2,1,9,64.9036617696194,206.19078386551172
2310,3,3,7,62.281410041367316,103.81654018276814
2311,3,3,5,58.50787663649489,106.56434256890829
2312,1,2,6,80.14105987967588,65.51060816689524
2313,3,1,6,69.04066831752006,38.697624747910396
2314,4,0,5,57.94582360791385,477.96325397458577
2315,2,2,2,93.21693449368792,332.3484110256326
2316,3,3,8,82.69688701656574,445.08858376666
2317,3,2,9,66.21123975064378,402.7057419548324
2318,2,2,2,79.20986558555029,25.475406487396764
2319,3,1,6,81.63347430392966,10.0
2320,2,0,6,73.89723343552954,132.08527439817144
2321,3,0,6,81.93182300062458,17.11773499168292
2322,6,1,2,76.89445524519095,121.56952211027786
2323,0,3,6,68.20772017639626,88.9896918094486
2324,1,1,4,78.22548843416233,304.2751022271975
2325,3,1,4,87.5659535768661,98.9755128079359
2326,2,3,6,59.229156746598996,83.69217995467454
2327,4,5,6,85.17278389163741,10.0
2328,3,1,3,78.99803413984522,31.129730161246705
2329,2,1,7,82.16374869980302,54.36299542129175
2330,1,1,6,69.45011911641966,253.539609776484
2331,6,1,4,78.45302691730583,21.88518926451347
2332,1,1,11,62.17549773141948,10.0
2333,3,1,5,86.97938278689911,48.016621199461156
2334,3,2,6,63.725539857505744,80.3834554012369
2335,2,0,7,85.73488418044283,41.334398355983794
2336,4,4,4,81.22855957600854,259.0806334905987
2337,0,2,7,55.550581379470884,155.42078778689682
2338,2,5,6,52.360589173540994,95.41127139950378
2339,4,0,1,85.08920498829505,68.72043224786195
2340,4,3,4,55.627673985904956,48.40634544454688
2341,2,1,4,50.11251811276863,66.85487564641105
2342,4,3,4,52.44516591485624,284.70136372552577
2343,1,1,2,66.46903574007531,10.0
2344,1,0,5,92.46385147432743,10.0
2345,3,2,6,79.47509592727641,10.0
2346,1,0,6,66.5847977541005,82.90422271553443
2347,1,3,7,74.85307023849224,136.7281981316352
2348,2,0,8,64.88115585607972,137.1142097999574
2349,4,2,4,81.25211132229285,21.467706832347062
2350,1,2,8,77.59378460968384,10.0
2351,2,0,2,85.98157919758461,40.74525618023803
2352,0,2,5,59.434088898032215,64.71629664721006
2353,1,0,4,84.11828064996637,88.07221081273391
2354,1,1,4,86.96872529755726,145.57479873811607
2355,2,2,7,80.15299524614949,15.93281883208126
2356,2,4,3,82.15695780825652,12.374284835731391
2357,3,2,6,63.286011192263935,10.0
2358,1,7,4,38.835278492014005,52.01900317760017
2359,0,1,5,80.95681013195139,56.764884997474866
2360,1,5,8,88.7685131079005,10.0
2361,3,2,6,74.11248044013742,85.1521025998032
2362,0,4,2,78.05935046957758,144.08948589446163
2363,2,3,3,54.48264538772592,68.62798227425962
2364,1,0,4,74.1006087883656,237.4522566374696
2365,1,1,8,57.44595840684461,67.98523002523659
2366,1,2,3,84.43043225414186,10.0
2367,2,2,5,86.36648000629535,10.0
2368,4,2,6,52.67691012176875,20.08934022320003
2369,2,2,1,37.52931872500288,64.31672540813494
2370,3,1,5,54.33106498265046,49.579065577292624
2371,1,2,4,74.60552123321287,184.5830138310923
2372,4,1,8,70.34144043102178,10.0
2373,1,2,5,76.26594309982224,365.9560237885305
2374,4,2,5,73.71096465861199,32.42911779020812
2375,0,3,5,45.03691508482452,24.31662310593899
2376,1,2,7,67.89317968771634,88.97807585258226
2377,2,4,4,76.68554485752779,326.508213133127
2378,3,3,7,70.3040266003178,37.24719887465025
2379,1,0,4,81.27239432154745,23.56102930709616
2380,0,1,6,69.13371581575763,262.0082418507446
2381,4,6,1,56.28919805115417,10.0
2382,1,4,5,80.58730755033196,105.79893546980195
2383,3,2,3,80.40260997641707,10.0
2384,2,4,1,76.92880664272474,268.44683456672834
2385,2,3,3,54.467156131102236,16.80995769624233
2386,3,4,7,37.05106099937092,28.325490848483774
2387,3,0,6,67.58094462210022,195.3051103319944
2388,2,5,10,76.38589068308247,155.59384665796048
2389,2,0,8,86.82327838787806,144.30845891526252
2390,2,1,7,52.272771054510656,62.2080973472914
2391,2,1,8,76.49528073098423,237.44598190535203
2392,1,4,9,69.72797798754529,112.67684609784732
2393,1,2,6,63.90198524634785,81.07879963682755
2394,3,1,1,78.63263218003476,10.0
2395,1,2,5,55.619569228714816,291.7902266914813
2396,4,2,4,61.14960742503952,30.147141358920408
2397,4,1,8,65.72931629451718,171.7732167685231
2398,1,1,4,46.21655141716791,163.4861562242725
2399,4,1,4,73.72789285212293,111.62083075797342
2400,2,2,3,72.54773960016433,285.28116103123244
2401,2,4,1,75.62533018229112,10.0
2402,0,2,5,76.85191108644169,100.09463303098612
2403,2,6,4,79.3066662726391,153.95560591834973
2404,3,3,5,87.4627038842846,107.63447142682408
2405,1,0,3,75.01501807842274,209.4507176733079
2406,2,2,8,47.5184486495413,296.00376939332887
2407,5,1,5,97.98930723232249,89.86089400366045
2408,0,2,4,85.2819734116174,64.16364510693583
2409,5,1,3,82.30702407088069,10.0
2410,1,1,3,65.72076344216586,98.90440011521262
2411,2,1,4,33.27683627692517,63.93134297675034
2412,3,1,7,57.44415014324492,61.7074381370264
2413,3,1,2,70.7144808757559,86.24429671741926
2414,3,1,9,79.59144217621606,108.15484953631596
2415,4,1,4,82.33177796203947,36.015961474867076
2416,1,0,5,47.38817607741229,79.48635999055942
2417,3,2,4,68.52480672783749,328.7872500633403
2418,0,1,7,82.177712238794,154.17680567849314
2419,0,0,6,40.54694511424597,218.95494244872302
2420,3,0,5,79.00770090823346,85.94805598368463
2421,1,2,3,65.94243975992772,83.20497578167887
2422,1,3,4,73.3161653541963,33.16997298184816
2423,3,1,2,72.79639000344872,90.00196684239361
2424,1,1,3,72.78374476112768,10.0
2425,1,1,3,57.499679828018316,134.5997675395579
2426,1,2,6,79.17116482417092,49.0790232433191
2427,0,1,9,77.33503164344901,70.13110809277296
2428,3,2,5,80.03202453556187,52.7675257020575
2429,0,0,6,51.495004019691706,224.20580482105063
2430,1,2,7,85.57388143309956,136.7433168458778
2431,0,2,2,75.14503997569386,105.55076521879116
2432,0,1,6,62.21381561895172,300.1233013861759
2433,1,0,3,54.832149530238624,519.8978956540142
2434,0,3,2,59.31558171236093,499.866206288473
2435,1,1,6,71.38164006068735,34.971704210385816
2436,1,4,2,63.985602805391686,327.21920143425376
2437,1,2,4,83.94721389062579,100.70616393027551
2438,1,0,5,75.460491241451,43.69678964093207
2439,0,1,3,49.60039547360254,38.050648841423396
2440,2,2,3,80.0240669863851,57.8673574662697
2441,1,0,5,58.10584254443335,489.5905231624391
2442,4,3,3,69.77525029490289,155.85602211754514
2443,3,2,6,88.09361056215248,18.950458696632182
2444,1,1,3,92.91199159924005,323.3271925798698
2445,0,2,6,76.96014930985686,443.90804923401623
2446,0,2,10,61.16078370277026,65.27085590611064
2447,4,3,6,61.62062822347806,54.562289853361044
2448,1,0,5,67.70000636226061,24.543098995973892
2449,3,1,7,76.56135546300638,162.11464440743316
2450,1,1,3,71.82756086681607,10.0
2451,3,6,4,77.22011509563228,346.8941153426261
2452,3,3,6,79.4913810796165,75.47485818424205
2453,4,0,7,88.04171589334132,316.8512788694047
2454,0,3,3,78.25779482203691,305.2811426048458
2455,3,2,1,63.77403248458703,50.610038417995
2456,7,0,3,75.76947904208525,10.0
2457,3,1,3,60.813840713444044,33.03899850982228
2458,1,4,8,90.123649207504,31.711654492754523
2459,3,2,9,80.9033237399106,220.77674956445443
2460,4,1,4,68.16603803195542,52.064040495287834
2461,3,2,11,39.855083280142146,284.4981671614427
2462,5,2,4,81.71599356430278,10.0
2463,3,3,4,65.86980594918379,47.85627880547974
2464,1,1,4,70.65349429783352,88.46963894302436
2465,2,0,8,84.90498949931721,33.362421631003464
2466,2,1,7,87.16438107605948,83.5594403707317
2467,3,0,6,72.43681118376745,44.95139940533957
2468,2,1,9,72.37102016383933,54.98281968576917
2469,2,0,5,87.01327079897514,175.68082197304363
2470,4,2,2,88.5101543745477,78.29728747685449
2471,1,1,4,45.723472041129085,37.98498025614523
2472,1,1,4,79.65475280646793,11.51396303389255
2473,2,2,6,91.77758626937081,275.13898093358466
2474,2,1,4,62.42802326687621,114.07752507371836
2475,3,2,7,55.60513290554591,78.48783848384875
2476,4,0,7,40.05651299882119,184.34060597400227
2477,2,2,9,74.19258237164308,55.17573376784405
2478,2,1,3,83.52706713783516,15.154982016689223
2479,2,2,5,76.65508144998772,10.0
2480,3,3,4,29.98089145846802,26.952132726187802
2481,0,1,5,76.43484009927349,27.89635351332659
2482,0,1,8,80.14967808052845,328.98509962147745
2483,0,2,7,79.59520003983629,22.60343784112419
2484,2,1,0,72.53421609558845,159.45137691893154
2485,1,0,5,76.96767516653017,243.99805910788228
2486,3,1,3,72.34251957962222,18.673224362344925
2487,3,1,3,61.332873053201666,144.54020735668087
2488,0,3,5,81.6809050701932,157.77588700868282
2489,0,1,4,84.01737473501156,35.509710719923994
2490,1,2,3,78.82317689250577,116.04999761951383
2491,1,2,4,68.0130522122279,311.3638727395828
2492,2,1,2,75.51285462454945,25.257974394766343
2493,1,1,5,76.98353002063045,70.33808281553345
2494,2,2,3,50.01441987599087,16.36097417237197
2495,2,1,7,30.405393745486265,85.69533798532805
2496,1,0,3,82.91029888756738,34.97026859418563
2497,1,2,4,77.8923781215745,38.246952804147604
2498,1,0,3,74.54786333315252,62.29195677565491
2499,5,2,8,65.81809531452515,10.0
2500,0,1,3,88.65719280830695,38.17522796513116
2501,0,1,10,70.45739148611916,38.029575113173706
2502,5,1,6,68.78397634722883,63.178108167896
2503,1,1,2,89.93781310544364,36.05860259566474
2504,2,1,4,54.927363162594474,191.358325646766
2505,1,3,6,46.64975176638188,391.80797180543806
2506,2,0,4,88.93502389925874,122.06387078059704
2507,4,2,5,67.96964704561961,206.59185368219343
2508,4,1,2,85.10255173285725,135.78774681919262
2509,0,0,2,75.41343784389386,69.10789837862389
2510,4,1,4,71.7587566063076,114.05829541528244
2511,3,2,4,85.48075760366046,135.97665639687085
2512,3,0,8,88.92346102773408,82.61090297473874
2513,2,2,10,56.21149059320678,64.43993377571279
2514,3,2,7,85.15830428232395,178.38072629841207
2515,1,1,9,65.433824673121,99.7910577996764
2516,0,3,6,57.2330399891196,221.92424088689376
2517,2,0,4,72.65743398649661,113.53619370333419
2518,0,1,7,87.92840574130042,163.00500997121304
2519,4,1,3,80.63721963300591,10.0
2520,0,1,5,81.36843548301552,183.23710819998385
2521,2,1,3,63.28168407049297,293.312954522456
2522,3,1,8,47.7934893984894,195.5236753951141
2523,0,1,4,71.17952179367212,117.29221803290862
2524,2,1,2,48.05295351223741,74.88223334929151
2525,2,0,3,80.73148293123356,46.9539031307685
2526,2,0,6,85.02300430692594,14.945605595332003
2527,2,1,6,87.96161219027826,88.10270213645212
2528,2,2,3,27.682114485581266,52.58770267792371
2529,0,1,7,72.06885843940168,19.03281832584249
2530,1,2,4,41.19716451127379,72.29984870709013
2531,2,1,5,77.52409523549986,10.80801564094978
2532,2,3,5,74.59254324943082,128.60189436243837
2533,3,1,4,62.57626409273931,50.18302194633746
2534,2,1,10,60.382407607369636,292.2643299221061
2535,2,4,6,83.21166767601652,143.3587379370511
2536,3,4,5,34.27577417286134,10.0
2537,2,4,6,71.25517187302582,11.648119045505872
2538,1,5,7,84.87810095901497,35.48413389117966
2539,1,0,6,67.18242418974306,10.0
2540,1,0,6,40.225872423425436,126.92866645682595
2541,2,4,3,62.73906749007314,44.98992784396571
2542,3,1,3,79.47549445221028,118.1487269397481
2543,1,0,0,84.45039853631276,19.943732435975676
2544,4,1,9,70.24247304609972,10.0
2545,5,1,9,40.660799754990734,33.48871191991575
2546,2,0,5,88.62421617327043,140.04317073658345
2547,3,1,10,89.96759996321715,117.76020351642819
2548,2,1,4,73.72136654958126,21.60538870079639
2549,6,0,6,71.46932144226066,33.604189110268905
2550,2,2,5,62.19115910616583,158.2269264625933
2551,5,2,4,85.11467356140099,107.98478777982633
2552,4,2,11,88.25448846587027,415.94614648845254
2553,1,2,5,49.61935478248429,39.86007887091122
2554,4,1,7,73.05097830807311,10.0
2555,3,2,5,45.67156489102489,78.19624477595725
2556,0,0,4,83.95016402633186,33.56338292651488
2557,0,1,5,78.65605271343692,71.06091564575988
2558,2,5,5,74.71647884795561,142.93473153046716
2559,2,3,9,80.6731062106602,80.78935386590754
2560,2,1,2,65.79088797052842,56.13612469359344
2561,1,1,3,62.159575826225165,11.102760072643498
2562,1,2,4,45.62505509455885,127.780799001835
2563,1,0,5,42.36804489331744,549.6550151549061
2564,3,0,10,70.33657448761684,37.547067210037724
2565,1,4,6,72.08183058380556,170.3629547881747
2566,1,1,4,73.9682581319039,27.413242893233438
2567,0,1,5,89.41411234257201,26.354797559759167
2568,0,1,4,45.09887859230952,314.9472209209515
2569,2,4,7,83.34223657545196,39.35552027558719
2570,2,1,7,65.61778001008803,10.0
2571,3,0,5,89.0314467230741,49.888971829470506
2572,0,0,6,64.82443610944198,274.0084005022162
2573,1,0,6,91.67072777318894,10.0
2574,5,2,5,65.15271352786128,66.35791341861743
2575,1,1,7,48.14733225305606,163.89880568508028
2576,1,4,6,55.08163348480453,92.37857942483525
2577,1,0,1,73.71881434699688,282.70492151446183
2578,0,1,3,67.26274563342209,36.12714145300905
2579,1,2,5,67.91179002087206,107.04802458774091
2580,2,0,3,67.81493612186111,150.64232728710275
2581,0,0,6,77.34327218453771,194.3325241022764
2582,1,1,6,85.28800904140313,32.47518374976438
2583,3,0,5,58.10894380896321,38.88796861699738
2584,4,2,5,86.82195371203333,133.79453259995947
2585,1,2,1,92.95572484569347,389.535985944296
2586,2,4,2,88.13792492330526,34.455042013994394
2587,2,3,5,35.43881033514427,10.0
2588,1,3,8,45.43011052200396,73.37763952541697
2589,3,1,3,65.53657848566654,78.55353103822213
2590,6,1,6,64.63467529166276,10.0
2591,2,2,6,59.505468637836515,17.827902592250815
2592,4,1,1,69.61770837303722,353.22382607163047
2593,3,1,5,53.98674886461483,154.90258481038452
2594,3,2,3,74.2880726962216,205.7748951010189
2595,1,1,7,75.4850060186822,194.53736688435546
2596,0,2,8,88.84944646345967,10.0
2597,2,1,7,95.80454421796784,35.87398039770794
2598,1,1,3,86.7427961535569,246.1969970591782
2599,1,0,3,76.82033694618269,16.25148251877804
2600,1,1,8,73.70767631819874,143.48190310484043
2601,1,1,1,50.74309948026753,174.23240582627827
2602,2,3,2,86.30001535169004,10.0
2603,2,3,5,45.70226858892244,145.75165537405218
2604,1,1,3,62.532804503630246,162.98438492284123
2605,0,1,6,88.9414487347037,10.0
2606,6,2,3,64.29437340288871,21.897186448607155
2607,0,2,6,58.161788735694685,57.738200995976044
2608,2,2,1,68.67981837071568,10.0
2609,1,5,0,70.59599178371518,41.47907236546648
2610,1,1,5,79.98721747862352,65.02266298370826
2611,2,2,4,26.718314082914535,10.0
2612,1,2,1,94.15627707323527,232.03803939415388
2613,3,4,2,80.95201439280795,160.77112261821134
2614,2,4,8,75.45193986991052,186.27867259060977
2615,2,1,7,87.6029409093966,73.35466990062734
2616,2,1,3,78.07638785812875,145.18385284453484
2617,1,2,7,65.34250209361335,157.9411697426244
2618,5,0,6,65.56256500711508,340.0998036454091
2619,2,3,1,75.27199601118355,62.516248621473835
2620,2,2,3,67.2212043309167,60.15648333617946
2621,1,4,8,85.43720276542949,10.0
2622,1,1,5,87.768363405072,91.39173889707338
2623,4,1,4,68.28461262446183,44.847053911847155
2624,0,1,9,93.84585028710312,86.37187885722314
2625,1,1,4,70.99209918206377,10.0
2626,1,2,6,73.00348710549972,306.7069394379207
2627,2,2,7,49.27227088768961,216.63435430192916
2628,1,4,4,64.55300487750695,301.29215733846326
2629,2,1,4,58.7463885809829,306.91587525564734
2630,0,0,2,76.13278862662408,141.26625521321313
2631,2,0,4,57.367548979740924,245.30063333965686
2632,1,3,5,76.82139017813522,575.4929164039237
2633,1,1,4,77.43363640752322,260.5600831493745
2634,2,4,3,58.85669233989681,132.96926491274374
2635,1,1,5,82.12899359581034,45.09606639826287
2636,2,1,6,76.84725260161667,214.66814321908885
2637,0,1,6,83.2404463204224,11.154597237533403
2638,0,1,3,69.42387269884439,33.727516688153244
2639,3,2,6,67.05200338508122,182.42100611497028
2640,4,4,2,69.67531292966846,123.79147851695402
2641,2,2,6,68.33968017831008,118.14426883668796
2642,2,0,4,58.157297269422756,66.73153156760523
2643,4,2,4,73.6457195661218,14.666567080107152
2644,3,2,5,65.39812875216728,322.9964069063146
2645,3,0,3,83.124247846698,383.93735516358
2646,3,0,3,57.09482668349849,34.610046193387
2647,3,2,3,65.26862936113693,59.934188511284184
2648,1,0,4,73.85579678780636,30.700216770631496
2649,4,5,9,70.43071939608811,299.31024623476446
2650,1,2,3,60.23652769510787,65.14612641197907
2651,0,0,3,52.9686538577913,90.13529183153078
2652,3,4,4,85.36431907529727,40.350904337905604
2653,2,2,6,77.17176761483616,128.72047948870167
2654,2,1,4,71.42794881928944,50.8103876730308
2655,1,0,3,80.34076169220803,188.36565151610205
2656,3,0,5,90.15332825610555,251.40788556176454
2657,2,1,6,73.53040548812942,162.66770816172073
2658,0,2,0,52.58632121554243,99.86533696594378
2659,3,1,4,81.08657547033862,43.66159427552955
2660,3,2,4,62.16476890186557,44.67071452275447
2661,3,0,5,55.002482471036515,113.83559399631899
2662,0,1,3,85.0693617866343,29.29348949916041
2663,3,2,6,82.02830286461477,29.736869666812822
2664,6,3,5,62.817145174447994,11.03744369366085
2665,2,4,0,75.94533223589136,64.59217651057034
2666,3,2,4,52.89074434674894,23.854041759614113
2667,3,0,4,57.143039810130766,56.155991402682616
2668,1,1,6,68.32355672365313,147.57382251088129
2669,0,0,4,76.25765708119351,33.35765126754162
2670,1,3,7,70.29619909883445,40.93229997166313
2671,2,0,7,62.32301704353517,119.52236791368824
2672,0,1,4,48.30680420678924,119.71820729890439
2673,0,7,4,63.73752498762414,10.0
2674,2,2,7,79.47910150115598,213.60417578440178
2675,2,2,5,63.13659719654642,115.56839158822002
2676,4,1,3,72.20184773742886,159.61074826483758
2677,3,2,4,75.80391882914424,574.2115191482646
2678,4,2,3,92.61049607797956,33.40188568794691
2679,2,0,5,82.48142226926709,146.6988493682338
2680,2,1,7,81.51703857949032,37.76945517004708
2681,0,2,4,94.86210378155624,123.8236476192657
2682,5,3,6,78.60508387670716,83.61297760664715
2683,3,4,5,85.08677103461125,347.16376154341174
2684,3,3,6,68.21418681107352,66.6481377328341
2685,1,5,6,66.01999748281305,240.88062731149907
2686,2,3,2,69.9852147196518,472.20374415320873
2687,2,2,6,55.79412594296558,89.34821966895454
2688,5,1,4,65.1625143261927,16.217008800474296
2689,0,2,3,78.3774086509642,266.38321922869477
2690,1,2,2,82.95949011220586,117.09193200272634
2691,1,1,5,79.61885426950772,13.507781712344805
2692,2,2,4,54.84309608615619,22.807218582765554
2693,2,0,5,80.741201734062,43.26780426614877
2694,1,1,10,73.20489217615889,56.706483506912114
2695,2,1,6,82.1900127685101,164.31487290191146
2696,1,2,5,53.89807593450083,10.894143339562863
2697,2,3,5,66.50204222906157,70.52128918540706
2698,2,2,9,78.31038479679702,198.82972608789623
2699,3,3,2,58.87787280025868,47.75431823817054
2700,1,2,2,45.73715087108038,159.59664623424692
2701,2,1,0,64.02293983627767,315.33239234250124
2702,2,1,3,47.51095818092093,85.03649384648041
2703,2,2,6,83.23463999298627,26.50136450605317
2704,4,1,1,77.7623910944254,87.36584732729807
2705,1,2,5,65.52648558834017,10.0
2706,2,1,7,56.039513711141566,600.0
2707,0,0,1,91.37658755619805,17.709763167682336
2708,1,1,3,51.04021148319109,140.26884680291036
2709,3,1,6,76.72008283619533,10.0
2710,3,0,9,62.80021495579887,104.59133679918459
2711,3,0,7,61.54558016939756,163.365444062317
2712,2,1,8,66.3905187325171,60.07709069205019
2713,1,1,4,62.00575843985323,202.34400683939094
2714,3,4,7,74.80721918738281,34.119389050332416
2715,1,0,3,72.39086526311189,17.644158513292343
2716,2,3,3,92.41402549633601,26.250517274094285
2717,0,2,3,78.4454781788142,21.64237422536856
2718,4,1,4,86.06416928270487,156.16609146616076
2719,3,1,7,70.35060789131289,168.41733161127777
2720,3,1,5,69.86026611431534,32.05088146482405
2721,1,3,7,68.62437809450284,240.9456554692322
2722,1,2,5,65.83547814993528,205.20316099286646
2723,0,2,11,77.78584920400475,186.70030268314412
2724,3,1,6,60.16673269026693,54.72951370506666
2725,0,2,2,49.38423071894826,293.1181857903617
2726,2,1,7,62.176998111782524,111.77892329280368
2727,5,4,8,60.104987013256775,226.63760998423024
2728,2,0,7,75.80141522027448,139.6303048690012
2729,2,0,4,55.1627617360997,97.52819606686171
2730,4,0,7,65.13422494765726,245.68406835346278
2731,1,1,6,46.557457778322345,81.61532877435347
2732,3,0,3,77.10043520392786,519.2543384886718
2733,5,3,6,62.83064889101671,222.22324572513074
2734,2,3,8,77.61798667135713,454.2312187039777
2735,2,1,4,65.93871235082517,41.59661328275882
2736,0,0,5,73.88667916806287,153.87392456678066
2737,1,1,4,72.03517664343022,116.03940544156484
2738,4,2,5,88.62349422029534,61.65280590408615
2739,2,1,4,69.11786646259904,10.0
2740,2,2,8,58.85411676956115,12.503357703586872
2741,2,1,5,87.31907886163593,68.66937912628534
2742,2,0,7,92.61629591943839,309.8975746528943
2743,2,4,4,46.87313958373146,282.45227738375394
2744,2,1,6,67.00989644503557,93.07603611740629
2745,1,0,9,55.683765875233824,182.24534964644783
2746,1,3,6,65.66844001593535,100.86166503895952
2747,1,3,4,53.116626726389626,20.897953018276972
2748,4,3,2,65.98893398667201,438.8270513963425
2749,1,3,6,46.927338605935965,13.217696741183802
2750,3,0,3,55.28499749515019,56.13422271307199
2751,0,1,6,51.714778373609846,37.4499027291696
2752,1,2,3,63.705653809521564,10.0
2753,0,3,4,64.36866592822827,41.493894614263695
2754,1,1,8,52.205343429380456,77.8529042765141
2755,2,1,6,75.75469362202291,81.6708696671781
2756,2,2,6,53.50861129673443,13.51223478978121
2757,0,4,8,59.321642256432185,11.393308705445587
2758,2,0,1,71.37597795053354,46.111102880460116
2759,3,0,2,80.40271082052288,276.00360853893653
2760,2,3,5,51.43032774599007,34.6636976999528
2761,2,3,4,25.261359254988974,186.82849414132016
2762,1,0,5,78.36663158761482,132.0534114769295
2763,2,2,3,74.49131307017896,173.15560184393232
2764,1,0,5,66.34283349534982,124.13820718893584
2765,1,1,6,76.2012516704508,10.0
2766,5,1,6,42.90546065476866,188.2398412989776
2767,3,1,5,41.565849006952405,40.14656293478505
2768,5,2,5,74.09467257211334,18.643919201234745
2769,0,3,5,76.34289666743395,150.4227980833035
2770,3,1,3,55.495373595313936,205.64305325763095
2771,4,2,4,71.01673880226811,42.840917098632424
2772,1,1,5,73.77247817253657,407.7118442461558
2773,3,2,5,73.09340030986743,201.28548072118593
2774,2,2,6,89.86432370214268,76.70127963826783
2775,1,1,8,63.219486800064864,154.16535383598122
2776,3,1,6,76.24350571358012,47.55153622978503
2777,2,3,6,75.83297030814138,299.02071746078315
2778,3,2,7,73.60970257475287,35.84141620764374
2779,3,2,3,80.1020916725854,62.981090095411886
2780,2,1,5,86.21799267954361,300.7740032969038
2781,1,3,3,77.70919223733436,128.4668845147551
2782,4,4,2,80.22016322491116,75.72695933209906
2783,1,2,9,83.28026459130426,133.5981268244852
2784,3,0,4,72.53971346761269,158.9872531803918
2785,2,1,5,67.53705665118825,11.258325912855684
2786,4,1,5,90.36404054094088,18.028107983623602
2787,2,1,2,69.08185673768034,67.7653559318858
2788,1,1,7,80.65800144799896,14.97657019483028
2789,4,0,4,63.18002256605516,91.86647077287274
2790,1,1,2,63.329833646535775,428.1803578494448
2791,4,1,7,81.12447677322217,181.9183961512414
2792,2,1,4,57.96913798249898,59.28858271734201
2793,3,2,4,78.89978279570326,40.17525674539105
2794,2,1,4,68.41126636819446,243.9908402322114
2795,1,2,6,69.95562549263626,25.325826542191137
2796,1,5,4,81.39105959693799,34.07052282411903
2797,5,2,5,78.77968128467694,230.7409418956442
2798,6,2,6,92.84786477892214,15.59903878095642
2799,1,1,4,86.76192808030487,15.658033421464413
2800,3,1,3,64.54527847289305,109.4644474425397
2801,1,3,7,82.16792925961978,115.49522424089167
2802,1,3,5,71.14499371485432,120.96338110612238
2803,4,2,5,81.63360009018697,25.194512544393923
2804,3,0,3,68.08862761707103,10.0
2805,3,0,6,76.39673073607592,16.767474118710403
2806,2,0,4,78.3639029553157,144.23398462016087
2807,0,3,5,68.03660508754771,10.0
2808,3,2,6,82.31277131796239,273.5763002273476
2809,2,1,9,44.35508242355541,43.9736735002465
2810,2,3,7,63.19359625100037,203.57792161124877
2811,3,2,7,54.806881965616824,131.3119441286704
2812,1,1,5,66.33590728084093,53.97458265570203
2813,4,1,3,64.21881142708999,71.64129987042652
2814,1,2,9,69.96351067653883,27.687866436495433
2815,2,1,4,61.216188790724104,175.29451213225627
2816,3,1,5,67.20071476057954,33.80073009617658
2817,0,2,6,76.95834017753046,152.8697923630387
2818,1,0,2,79.67525875375688,233.68322717047337
2819,2,3,5,80.37307254531537,27.6104510597176
2820,1,0,5,76.06116535913318,10.0
2821,1,1,6,57.5641977482641,10.0
2822,0,3,4,77.88812968336187,41.3784815945477
2823,3,1,5,87.97456629859246,10.0
2824,2,2,5,79.16561114166517,186.74212232275974
2825,4,2,4,69.1087891324412,36.968596327698435
2826,1,2,11,77.43416821327578,31.234892349408163
2827,2,2,4,76.34722828204204,25.61662818317728
2828,1,1,5,83.32533452392221,76.83039378623684
2829,2,1,4,60.07356759290515,134.38519395492654
2830,2,0,1,59.48237338462285,600.0
2831,0,0,2,69.7666755685832,27.16458574311251
2832,4,1,2,62.331273888474236,52.11619076667834
2833,4,2,4,78.78647315986396,136.04246440638192
2834,7,0,6,72.90259487751842,56.90029735014876
2835,0,2,4,78.86064041583245,286.0706242133543
2836,2,3,8,90.4165376037795,10.0
2837,1,2,3,88.65247153110265,55.75582595017547
2838,1,2,3,60.26008199260575,89.14331913689307
2839,2,2,6,78.91095295168704,103.63656305506308
2840,1,2,8,70.29237086920872,10.0
2841,1,2,4,46.59952530671287,81.57346188586175
2842,2,1,8,74.0876501686287,218.8777624834753
2843,1,4,8,74.17040761194838,94.86278983375439
2844,2,1,7,82.82306832112761,86.91382236194168
2845,3,2,7,78.96597247767272,23.275856899183534
2846,4,3,6,83.98935993188194,143.71062100418854
2847,1,0,5,78.98741692914174,299.5781498607201
2848,1,0,3,73.24703767694729,238.12291097456514
2849,0,1,4,67.44661019821258,145.6475640120168
2850,3,1,7,59.15579782811775,70.85920064469222
2851,2,0,7,86.89704425722556,27.616543376137596
2852,4,0,4,90.75038222193619,38.34670516246323
2853,5,0,8,66.47421328861802,73.35034421609396
2854,2,0,10,76.85337722907464,238.7681377168227
2855,2,0,3,73.45798390269765,65.7440572228048
2856,1,4,6,93.51530406191058,15.56156335285632
2857,0,2,4,55.33018427608025,55.08582114776629
2858,4,2,6,56.42864658480554,52.14764540682656
2859,1,1,4,96.15473827160706,101.4945568581541
2860,1,2,11,59.04469415168647,185.72265875270264
2861,2,2,3,34.039813684682336,186.32692513806103
2862,0,2,9,76.41716458209076,112.24352063575063
2863,0,0,2,85.63385049393752,24.090843833119287
2864,1,2,6,90.93584530352055,89.29377530647747
2865,3,1,3,73.1038719394879,151.73487675473328
2866,4,3,8,83.99228102593347,87.26037863231753
2867,1,2,4,70.69013481699291,86.55797305788953
2868,0,0,6,75.21432220890858,17.816740466461436
2869,1,2,1,64.72489300174261,150.69685115835944
2870,0,1,6,60.87062929968901,78.1652460568506
2871,2,2,5,87.58355071700313,29.38275359064521
2872,2,1,4,72.42493114512222,13.42191218746496
2873,1,2,4,74.1716864138604,254.9016166787592
2874,1,2,4,77.4446594305827,59.689653787929274
2875,3,1,5,82.12320980145078,146.3955701687621
2876,5,0,0,50.91957886997746,42.10758244349242
2877,1,3,10,90.43610185405868,93.5766038082362
2878,0,3,2,73.87813628207999,92.0023349823457
2879,0,1,4,69.05437244526507,164.2638184963486
2880,1,0,3,73.20294062813413,14.194310194430413
2881,0,0,4,69.1562749496972,10.0
2882,1,0,3,72.44313184624211,25.742898966906594
2883,2,0,6,88.24950482047169,24.7004688200552
2884,3,2,6,57.38095183280378,111.91330091791001
2885,0,2,0,56.3360538293232,22.066900053342923
2886,3,1,2,76.8764143252722,600.0
2887,4,2,8,60.646236311173375,74.39622216437125
2888,1,4,4,62.05325330225296,102.68958104477184
2889,0,1,2,89.02137148475241,310.64921285222465
2890,2,0,3,71.64732365372176,211.51605642642576
2891,0,3,5,58.7477285059819,94.92140834450112
2892,2,0,5,61.9687015681355,107.07211560332541
2893,4,2,6,82.48556178768041,146.11756701951592
2894,1,3,4,61.73819696215486,35.81840436860915
2895,1,0,5,84.58136769530763,30.981672048201293
2896,5,0,6,52.04019569846155,178.22924676212156
2897,2,1,6,88.24960672563354,308.5370166486807
2898,1,1,3,85.49440012006703,74.75097274823536
2899,2,3,6,87.12848763777288,10.0
2900,2,1,3,64.1511433899123,212.57299368864437
2901,1,1,6,74.40271032585524,80.63944536822497
2902,0,3,7,80.02548670485746,361.4383520213557
2903,1,3,3,62.87244603129834,333.72813206148606
2904,1,0,8,55.53777315423394,46.75856383754553
2905,1,2,6,57.47497405571025,122.23849859398952
2906,2,4,5,60.18166734225171,32.43317759965032
2907,3,1,6,93.52034381094924,132.33532542887
2908,1,0,6,50.63629179451039,58.79834920949582
2909,0,1,4,67.25216918070379,149.07169510628603
2910,3,3,6,77.28364418078088,55.839926158564964
2911,1,2,5,65.43188074375837,20.120162956604446
2912,2,5,3,51.32424715052078,74.48968818513755
2913,3,1,3,73.12019342446258,36.05806393466926
2914,3,1,3,81.43965467513549,47.872179880658415
2915,1,0,3,59.222546749779745,13.28730045989954
2916,3,3,4,81.36202063141576,37.044652329078765
2917,1,0,7,85.95344431987876,12.933611475911219
2918,5,1,12,78.3272201551214,364.5595425011351
2919,1,2,4,73.90077553424653,39.9474491622812
2920,1,0,8,84.41475334224698,52.93111051954793
2921,2,2,5,83.25539299825473,273.70509409173604
2922,0,0,5,77.44045532455145,124.5261140811783
2923,1,2,4,56.37276437377214,15.197651148168848
2924,4,2,4,74.63671857397823,60.247790241647884
2925,2,1,7,81.50292826951181,13.614501740904398
2926,2,3,4,68.54916402147857,10.0
2927,3,3,5,59.323591317350576,186.91033854147452
2928,4,1,5,66.63485180620555,10.0
2929,0,1,7,77.86088962048173,30.05037984153919
2930,0,0,3,69.2086633321972,10.538111452530963
2931,3,1,4,48.272660815571435,118.4342798285166
2932,7,1,5,42.878235592856726,18.150872715052014
2933,2,2,2,73.70510811294074,65.60891883020876
2934,5,2,8,46.77727984881493,10.0
2935,1,3,6,67.85608336878286,134.0520052825934
2936,1,1,3,68.55558280187886,22.050896391905503
2937,4,0,8,63.21321637191115,219.76985976794663
2938,4,2,7,71.32715187159596,24.823123768406557
2939,1,3,8,61.529414815503046,99.22985917594407
2940,1,4,8,89.46402745636371,27.26562264226085
2941,1,1,4,63.92707432436916,222.65329032091896
2942,4,2,5,81.75602543850597,16.651962616789376
2943,3,1,4,76.24703633632215,248.68619681729535
2944,1,0,10,55.65751935778685,247.35122046725343
2945,1,0,4,71.37509270634703,118.63556927531287
2946,3,0,6,78.28102833235752,10.0
2947,1,3,4,74.19328257206746,532.1037031241794
2948,3,1,8,80.79881630760441,187.9360265552201
2949,0,1,4,39.452075295304525,116.63878317583854
2950,2,1,9,52.83943402609188,193.81019315551046
2951,1,0,7,66.44038296490753,53.867569829647934
2952,5,3,4,81.415529827056,203.50904520068926
2953,2,2,2,62.92502536150947,67.46473535423591
2954,1,1,5,65.51880531105569,51.42405079088451
2955,2,2,5,86.36307668097956,32.934390824213516
2956,2,3,6,73.93286992464634,77.14609626179984
2957,1,0,2,54.63584326573089,86.60052385398019
2958,2,1,5,69.47145959891148,25.590139444961824
2959,2,3,5,85.62649232963527,70.38598918143848
2960,5,2,6,57.96160683214592,196.87522087673463
2961,2,1,4,66.58751040363103,43.56681156532932
2962,6,3,8,90.62728880026873,162.94219572836798
2963,1,0,7,53.57978106274537,354.4184606023061
2964,1,2,4,45.16420034060816,218.0522072841901
2965,1,0,3,74.40402636005692,11.236310223304967
2966,2,2,10,73.49022907957519,41.67618291910933
2967,3,3,5,68.25326468842863,245.3219515612509
2968,1,3,1,58.4874532833376,112.26975202775337
2969,0,1,5,63.10113035501169,71.18010125859537
2970,2,2,2,56.71598949342961,476.1964990541849
2971,1,2,6,89.50787899325641,288.3929717556278
2972,3,3,3,72.49695401797692,10.0
2973,1,0,2,73.69637272390115,176.7372132123725
2974,2,1,5,85.95231296041257,52.084705237332315
2975,2,1,4,65.93345227857998,10.213519799795844
2976,0,2,5,61.797888925314346,159.04249507392117
2977,4,1,4,54.168583261298444,11.64625345171085
2978,2,0,7,70.97912005001842,65.8555508575542
2979,1,1,5,78.48463581937582,68.43485957881161
2980,2,1,3,63.503300211626104,77.77443558361732
2981,1,2,7,88.60934940248313,84.16850248055557
2982,0,3,6,88.77540261413282,105.68748333690311
2983,0,0,2,80.40921437037099,37.44404396967633
2984,1,1,5,55.3440544897899,21.114259691660912
2985,2,0,4,57.963239247585584,78.85110895009241
2986,0,2,1,78.73714648701313,10.0
2987,0,2,8,68.75845616430763,109.15259717838399
2988,3,2,4,56.38914255347396,288.88874436895816
2989,1,0,4,57.193227314257115,117.03887974456771
2990,1,3,5,44.03622536883246,37.484311959589625
2991,3,3,5,83.89230225729568,19.24963832535501
2992,0,2,11,60.06580761332132,37.31005808839652
2993,1,3,6,47.10877688090606,81.71695352361034
2994,0,0,6,72.67943604802404,10.0
2995,2,2,4,77.97712993257329,177.84821542944584
2996,2,2,5,91.27599645407778,600.0
2997,3,3,7,64.22339585076607,42.09234594910835
2998,2,2,3,83.78020524294178,600.0
2999,3,1,4,76.88848418686761,30.74985934796222
3000,2,0,8,93.71435975685695,220.4732737896095
3001,0,1,7,59.027085097749065,75.00331943828768
3002,3,0,5,89.03410836969492,27.91344855070715
3003,0,4,5,67.24897016564299,88.28432310753672
3004,1,0,5,57.36501237124868,13.605014681134874
3005,3,2,3,85.43268784218134,53.46708691446105
3006,0,0,12,75.44322858995326,38.794700811432726
3007,4,0,6,83.2940391483806,86.25818152850312
3008,4,0,3,90.23254854168606,254.67740549558994
3009,5,1,4,61.31381857702749,31.91111993336359
3010,5,0,7,89.78662268921563,59.49569795307765
3011,6,3,5,62.90256201922737,100.90329746474173
3012,0,3,10,59.59133210320822,10.0
3013,1,0,5,72.04171278249227,231.66748796000942
3014,4,0,6,64.26097809631024,220.578209756239
3015,1,1,3,55.659764559846,285.6163580158842
3016,5,0,7,41.45866943847453,489.42965901947724
3017,0,1,3,45.33696849074332,10.0
3018,3,2,2,50.357149388004565,141.62665591167035
3019,0,1,7,62.86386408574274,274.1909275397457
3020,4,1,9,70.6444094115739,412.5673507338048
3021,1,0,8,60.60923873963638,453.83123449019837
3022,4,0,7,72.53364939573348,82.97414981511167
3023,3,2,4,59.4452178205917,158.31857935043917
3024,1,1,5,57.60075044200834,77.76651408389313
3025,1,2,2,70.69069348832025,193.46630996432586
3026,1,4,4,67.65207411429495,153.9247167192094
3027,4,0,1,64.1745631699673,85.02596600903745
3028,1,1,2,79.38184154459387,118.52460384212593
3029,2,3,5,87.7547389368263,51.42232240615661
3030,1,1,3,78.65579403917764,10.690858900764924
3031,2,0,4,63.22616190331374,60.25479046757104
3032,2,0,4,88.30142486707236,10.0
3033,4,3,5,41.411597610430775,34.935761259284426
3034,3,0,3,72.84126926249232,77.26603741667141
3035,0,0,4,63.89072608161045,27.01764522970029
3036,0,1,4,72.48834042295934,10.0
3037,2,4,3,51.53407500127998,20.289391546516985
3038,5,2,3,60.49353109804447,30.24096971764144
3039,4,0,8,60.976416955315294,93.74205746977616
3040,4,4,2,56.65616142510965,297.75124594000704
3041,1,1,3,79.60174993416513,131.35067435659337
3042,5,2,4,80.6664768355604,10.0
3043,0,3,3,78.29436695795677,13.566797788514556
3044,1,0,5,82.89640630250764,66.10617332234054
3045,3,3,4,75.32326928027909,82.95778171234747
3046,4,1,8,76.99842992755181,99.45612209680215
3047,1,2,4,67.7880578205413,122.50474895315223
3048,2,1,6,37.99466363719897,161.40123735312523
3049,1,2,5,89.1884264901867,335.3490731826219
3050,2,0,8,66.80227809728804,186.94548252831248
3051,1,1,6,83.96881597385452,156.88821408544587
3052,3,2,5,84.69856890026475,43.85013281066481
3053,1,2,5,79.29248751312397,45.5621188107088
3054,1,0,5,75.92744034158062,304.56898098219574
3055,3,2,3,74.87447443247267,76.11784801311615
3056,2,0,6,76.26722056224885,31.012101845414524
3057,2,1,7,96.74446911555631,55.34302655989858
3058,0,1,6,77.51527504237555,31.138008057935465
3059,2,2,6,52.17736885264347,343.91182287945315
3060,1,1,6,41.24452977587901,334.98290966229536
3061,5,3,4,76.9556438047319,73.43185887871431
3062,2,1,3,80.81982762739386,227.44677893401374
3063,2,1,7,69.48747225516524,24.707307375716148
3064,3,1,6,49.705121268297006,38.49506635751644
3065,0,0,6,83.80346307459479,377.98847859878634
3066,2,0,5,96.52379807031349,278.18016969153956
3067,1,1,4,70.39888579439274,70.35376711012621
3068,3,6,4,61.89396411856284,25.671447757493638
3069,3,1,6,54.32508722760048,58.82702432079084
3070,0,1,7,68.30876142528784,64.38039856051358
3071,2,3,8,79.19619947067201,92.36728495039912
3072,2,2,5,63.88554109268977,158.11350253162652
3073,1,1,6,67.99940804514368,322.3392793575828
3074,2,3,10,84.15602181293714,46.798489577285416
3075,1,6,6,68.10299248016791,10.0
3076,2,2,10,81.76112878326093,141.54568956644192
3077,5,1,4,86.95744769730325,252.34016405784476
3078,1,2,5,50.44577213406033,10.0
3079,1,1,4,65.38056224924306,33.97313485104861
3080,0,2,4,30.313645793515303,77.06956315561516
3081,2,1,5,75.2212327625599,23.785358659331667
3082,4,1,6,76.9777262040665,46.965108966132
3083,0,0,3,63.72410470663533,49.918910427365795
3084,3,1,7,48.24304418749675,63.18225706949726
3085,5,3,4,75.01560617934533,105.0251112635968
3086,3,2,7,89.03075443963507,550.3534430547596
3087,4,3,6,74.46527291977179,168.9357447148737
3088,4,2,3,56.16562026065722,216.30320825086523
3089,1,1,4,78.76592560486787,27.387462564152063
3090,1,1,4,78.99383597041317,10.0
3091,0,0,5,80.11986066607967,25.982174720287972
3092,3,3,5,57.363721211490294,73.04080042174797
3093,1,2,5,82.56305272893394,17.02736216570636
3094,2,2,4,89.94253525776237,305.6280447614628
3095,0,4,3,46.624477598071664,36.721677927605334
3096,0,2,3,48.044908054693806,543.8176613826917
3097,2,0,3,53.45484395639034,104.23954206246206
3098,2,2,4,81.29461161931913,205.68865335796656
3099,2,1,7,64.66295436345793,367.32566022914375
3100,1,1,5,65.09568328840272,314.1127130295148
3101,2,1,7,79.83103976434744,24.502596000991844
3102,2,2,7,76.30630895559086,183.69955644453043
3103,1,0,2,84.62121551076818,360.4607869371244
3104,3,0,6,74.06472744483244,114.76549725372891
3105,3,0,7,72.67719129528946,19.27176816145832
3106,6,1,3,88.79995876293194,152.86014309611485
3107,1,1,5,86.34842508534713,86.17983180344545
3108,0,1,7,91.20242959694194,250.47027205382082
3109,2,0,4,67.23318176923244,64.74815886944222
3110,3,2,6,74.70888577327383,25.549462936847682
3111,0,1,8,76.82825629458975,10.0
3112,2,0,9,69.94329176178695,34.83037037775157
3113,5,1,7,76.40617886289233,149.37946622152637
3114,2,1,7,64.27576776841163,86.72112976207777
3115,2,1,8,78.50765181306781,21.56009263944079
3116,1,1,6,62.515682295715955,10.0
3117,2,2,7,90.13817758691773,112.15985809559088
3118,4,2,7,36.03455242528745,87.46652615384647
3119,1,0,0,84.18759581303416,43.81029675752261
3120,1,2,4,80.45722090096586,155.6330137826834
3121,3,4,2,53.87146057529522,132.77992253130776
3122,1,0,3,71.65083774652248,108.58333143592677
3123,2,0,4,62.21872431052662,96.28605281903295
3124,3,4,0,89.37720015107949,287.47236642624836
3125,5,5,6,71.1060568668243,177.4357197633861
3126,1,3,3,54.632518333323986,41.899681543510816
3127,1,2,5,92.19341646425055,134.10202431001127
3128,3,3,3,66.2029345155296,105.73058266432137
3129,1,2,7,46.58452807741232,31.76169702758545
3130,2,1,3,48.30291795088109,40.839166419012116
3131,1,0,4,82.09478314591678,71.15927089457823
3132,2,1,4,68.3284286881743,188.9245911793374
3133,1,2,1,77.53049187288578,109.87275275776773
3134,3,1,4,64.91995851231415,169.92585453474894
3135,2,2,1,45.775068916804166,45.81579692575433
3136,4,2,6,55.61686311099084,61.89721521957344
3137,3,1,4,55.58748576708603,104.51134477771245
3138,2,4,6,79.9420156587444,136.22109163277895
3139,2,4,7,69.54174384390916,53.61371306840418
3140,0,1,5,59.17700919099005,84.53510448992587
3141,2,2,1,69.90483215024747,31.101817418465014
3142,2,4,4,61.40112587792819,302.92006562554946
3143,3,2,9,72.26511294331446,60.00287225580137
3144,2,1,7,41.74675955201061,103.44659054129812
3145,3,2,8,86.5213361764995,45.5550281770047
3146,4,2,0,70.33897334161914,37.78872091328145
3147,4,2,5,82.21846088934058,41.49156576783409
3148,4,3,11,46.730705913302536,61.16959776351641
3149,3,3,2,26.90763451751889,102.89493328924415
3150,1,1,7,55.753686779301816,241.6233872863744
3151,4,1,7,76.16788491897171,19.23807552761355
3152,3,2,6,82.05548579370604,196.37420219659913
3153,0,2,5,84.53139774380648,447.54713295818226
3154,4,0,5,43.09918445759689,107.96748273220598
3155,2,0,2,65.97008788226105,38.21739260313665
3156,4,1,2,58.59969072697627,129.67230309855023
3157,1,1,2,89.85642523024855,70.91024841321574
3158,0,2,6,74.8520828295842,22.74357020435475
3159,1,2,4,68.05230556964716,146.5609468131918
3160,0,2,7,72.28438330173384,10.0
3161,4,1,10,87.13667225432793,22.61590139550329
3162,1,0,12,69.61632484568167,123.14895943675224
3163,4,2,7,81.21757657188827,30.391493462356102
3164,1,4,6,70.72841585138406,63.2566490272824
3165,2,0,3,82.68088674796181,19.07523038072175
3166,1,1,9,83.49018905441821,167.98632887535595
3167,1,1,4,62.47863181754979,10.0
3168,0,2,2,67.61613137019538,10.0
3169,0,0,8,46.19342355172751,119.52399809527964
3170,3,1,6,72.94771168137605,533.3068708997904
3171,1,1,5,48.52802555991199,27.725480035402274
3172,1,2,5,55.987944248002776,94.71926867821384
3173,1,3,5,72.67339490620496,91.2421279529583
3174,0,1,3,55.407182225679875,95.20111443134466
3175,3,2,6,67.6820451008602,352.45913850547254
3176,2,3,7,66.57347857551322,22.943227281639803
3177,5,0,3,70.98128949931487,78.12214259437187
3178,0,2,7,84.18900939548408,23.770158713702052
3179,4,1,2,60.551939723850765,49.997392119298084
3180,1,0,4,77.50143582491295,10.0
3181,1,3,5,74.82488497660543,34.44891741533687
3182,4,4,9,62.458739228681495,27.010960779550636
3183,0,0,6,83.19895357051462,10.0
3184,2,0,7,88.85499138930908,17.629917022475674
3185,3,1,3,70.97442679378487,583.4885161752063
3186,2,1,2,86.7602198044619,10.0
3187,3,1,4,76.5391334948398,10.0
3188,2,2,3,65.16811594273565,212.11311193988072
3189,1,1,4,85.14462987691196,64.41312755029494
3190,0,1,5,67.16847898278179,54.66603796868268
3191,3,0,4,84.9816481057054,10.178362038547565
3192,3,2,3,49.98715607504343,139.1767374321316
3193,3,2,4,60.1206084593099,10.0
3194,2,0,5,89.15996736010851,414.92154284206606
3195,1,2,7,49.84533638457438,68.0881145301359
3196,0,2,6,81.94046295015356,79.59221718249356
3197,6,3,3,80.7647705727375,105.40105641272794
3198,3,1,4,55.468483877580525,40.05585407125418
3199,2,2,4,52.60632754145258,115.04435800898106
3200,1,1,5,86.77817171213812,242.7093501522266
3201,1,1,4,88.14300167548001,75.63097861487844
3202,0,1,3,77.01547764485329,100.71077899004361
3203,0,1,7,75.26569584513831,12.14329928280527
3204,1,1,4,62.58908740024746,46.618180705529305
3205,1,0,5,54.80426068168074,132.51150677087358
3206,5,0,6,62.19997476791719,76.25881147469943
3207,5,2,4,80.9403320747271,142.76074013249672
3208,1,2,3,90.70449058166784,78.82666668949165
3209,2,1,7,72.32330161245486,278.5477193633121
3210,1,2,4,58.85374375846493,10.0
3211,0,2,8,47.859262523837636,131.75235537415423
3212,3,2,4,77.80110684543274,138.62103201652008
3213,0,2,3,52.22402347789404,189.72154867153534
3214,0,1,13,82.42420722395272,10.0
3215,1,1,7,75.88649936732294,96.87976557943705
3216,4,2,2,73.87826044792806,24.431235257078395
3217,1,0,6,98.56744270790782,136.59209982130938
3218,3,1,4,83.81443699302244,250.80302744291447
3219,0,1,14,35.00872449979108,118.54875741784504
3220,3,1,5,66.07827678054701,109.46185054101772
3221,5,2,1,58.73844960615754,42.29652721285963
3222,4,1,6,66.85149517466196,115.04427220249839
3223,3,2,2,65.27793414001492,10.475023028114935
3224,3,3,9,69.1841224534604,13.941862820667573
3225,2,2,6,59.42603853022131,207.25060100546514
3226,2,0,3,65.62551108707252,10.771308884896202
3227,2,0,7,54.03726373597977,28.742103191036968
3228,1,4,5,70.33367041191396,109.73184812765211
3229,2,1,4,89.47764433228738,237.1329493083204
3230,3,2,5,69.10407672852108,11.63670075134482
3231,5,2,3,66.43265069003593,102.0720218057685
3232,2,0,10,79.07632952966833,54.098291410627176
3233,0,4,7,54.4511140695497,143.2569873286574
3234,3,1,2,75.55741714922964,216.4211035660487
3235,1,3,6,51.460118412588564,158.9444250429598
3236,2,2,3,27.01101153611934,82.07161740909207
3237,1,2,2,80.48346588312887,107.7374921748369
3238,3,1,8,63.2293530910212,87.40490231565879
3239,5,0,6,75.56480252514753,192.4026025586483
3240,2,3,4,97.9604672307872,180.7483396197087
3241,2,2,5,72.86550202641696,182.0010794434612
3242,2,1,4,84.93532663913233,75.02477727645847
3243,1,4,4,43.48106548932507,10.0
3244,0,0,7,56.58792391371136,151.34656732506855
3245,1,3,2,80.61099895421803,26.651849878915495
3246,2,2,2,84.40105067580605,111.01525518098282
3247,1,2,4,89.29414473060103,16.042263341663983
3248,1,4,3,81.33426793319123,278.5373090569558
3249,2,2,6,37.10831247779233,35.79333251498564
3250,1,2,5,47.626880306343494,39.141735714049716
3251,0,1,6,79.91821366474011,194.33496939455316
3252,1,2,0,78.76599584699086,77.28735411207794
3253,1,1,4,78.92610082709528,91.78228670846259
3254,2,3,3,46.10333254710355,37.18055717740154
3255,2,2,4,62.390335944570516,61.36907964002675
3256,2,1,4,70.74231332879218,37.65016837314916
3257,0,4,3,74.72856214939004,146.5775739932921
3258,0,2,4,87.51915130734474,44.94273257135301
3259,1,2,1,72.6120584477542,200.95001500815818
3260,4,2,4,75.90234039424124,26.17964061456934
3261,1,0,1,75.9826636808031,25.597894189495257
3262,1,0,6,53.34361253191039,278.2791446492899
3263,2,2,1,66.84443676466064,294.1753565938309
3264,0,1,3,39.73088608893533,108.22637910491731
3265,6,1,3,71.04619122383454,150.6414432584338
3266,1,2,6,66.64218054224743,222.80854702732864
3267,1,1,3,69.08832598628997,30.780477162777423
3268,1,3,7,77.34752535779505,15.839688713489583
3269,2,3,2,88.62407889005591,330.9005015132671
3270,1,1,3,67.90827988052452,140.12012155199233
3271,2,1,6,70.2337239026912,125.8293566241124
3272,1,1,5,79.70706930488817,10.0
3273,3,3,5,88.1906242124755,15.60519566512436
3274,1,2,7,78.05777242140269,220.95035325574904
3275,0,1,6,68.19175653462639,220.79149426969803
3276,0,3,7,75.83460030814577,10.0
3277,4,0,4,85.70637395912554,30.575804656284305
3278,5,8,1,80.51493298827042,18.87194137726858
3279,2,2,8,83.21906406518978,10.0
3280,3,2,7,47.128026543467996,196.6090573901004
3281,2,3,3,76.36072871082197,219.36965810246292
3282,4,1,3,88.51200974337387,472.0425105460223
3283,2,1,6,83.15926566432442,22.095797848264034
3284,2,1,7,77.95959544644437,25.21194520377996
3285,1,2,3,70.73455200104594,79.0890748783188
3286,4,1,5,76.73399718919792,142.17544396656564
3287,2,0,7,75.89889161716712,73.53467918701597
3288,1,3,3,66.98756236987143,246.035325887803
3289,1,2,4,78.18219562607878,107.7188834563734
3290,4,2,4,60.26988333542997,10.0
3291,2,1,9,74.11680457595229,10.0
3292,5,1,5,62.49885199522714,38.32746504575084
3293,1,1,4,57.41830425820774,10.0
3294,4,1,3,80.08397534504479,127.01963216860956
3295,0,1,6,57.50305929023973,21.303153729307176
3296,4,0,6,85.94880510081299,16.13585710141573
3297,2,0,3,61.530531260018215,35.99281126220536
3298,0,3,2,44.65292100948217,96.42695003785958
3299,3,2,6,65.40443108571819,193.42119079342405
3300,3,2,9,85.0629440560581,152.80104928979645
3301,2,2,1,75.08073958833029,10.0
3302,1,1,9,71.37410006123864,372.0874824952588
3303,4,2,6,50.85422127039803,255.9453395922208
3304,2,1,6,42.25280786640374,356.81330890732414
3305,1,4,4,40.95064324204417,11.688017522241266
3306,6,1,2,85.95222484732187,26.137131276343943
3307,0,2,3,92.63773011857928,37.41997655639927
3308,1,2,5,69.22258960186181,197.5074905914132
3309,2,2,5,49.50260461356056,18.021806005346622
3310,2,5,4,60.15199201170531,43.95672822742767
3311,3,0,6,43.12073418623857,12.379262571687116
3312,0,1,2,60.44995935726345,23.159716801953536
3313,5,3,3,54.9633087343394,10.0
3314,2,2,6,58.876541759582665,126.07776269937455
3315,2,2,5,45.47793967701195,33.83295129541206
3316,2,1,2,72.54666816641875,85.42419609508009
3317,1,0,6,66.64309026317102,145.10926459121217
3318,3,2,1,73.26289877480093,141.68264212225418
3319,1,2,3,50.47903146319174,35.92803377516605
3320,3,3,2,67.096347015639,35.01603255000071
3321,2,1,3,54.44069836297268,20.042574718490314
3322,2,1,0,81.42248462214646,27.29670630366222
3323,0,3,9,56.51889072415997,578.4803154886716
3324,1,1,3,79.07168465609753,10.0
3325,4,2,3,82.45231356468913,49.41037586679377
3326,1,2,5,57.61095275826158,12.53317307414894
3327,1,3,4,78.26348657187128,333.84930567479705
3328,5,0,5,64.52797881117908,111.01963370896159
3329,4,1,7,91.57681942688033,105.8079742205302
3330,3,2,9,61.26322399567958,20.90944800111239
3331,3,0,4,56.04999160765446,508.76962856603814
3332,1,0,8,76.27545362203138,109.58756881546826
3333,1,2,2,62.21292742757933,317.87106828043426
3334,1,3,6,83.13051011345604,19.622858394223524
3335,5,2,5,42.88627212296418,28.899844663373493
3336,0,3,5,67.18083132874797,21.303015878167677
3337,2,0,6,67.59479121207542,173.3607240921826
3338,2,1,3,82.49692464625691,300.31441903726653
3339,2,3,5,62.30542295392173,242.20934153349765
3340,2,2,6,88.90253944843307,78.94107592904338
3341,0,0,3,69.49236527880461,34.423190894871894
3342,2,2,4,89.25099261566714,26.038683888815786
3343,0,1,5,67.24464377780984,152.23333820212144
3344,1,0,4,60.033236443854086,542.6729588965383
3345,1,1,3,51.70829773084253,407.9930906362077
3346,3,0,7,62.0376602948639,89.65334973445374
3347,3,1,7,65.39638224481789,10.0
3348,2,5,8,53.46455494230159,191.12545131345567
3349,1,1,6,71.78534725613872,147.22488546857502
3350,3,5,8,64.62455599193379,150.5984141969281
3351,2,3,5,71.5000062753967,24.035633901697746
3352,3,3,0,72.68892888671593,112.27830776916753
3353,2,1,8,75.58087491367274,153.0409197863583
3354,0,3,3,61.703480184647084,171.20514703092323
3355,5,0,6,43.37910785183804,231.47869602277692
3356,1,2,5,69.39987148485922,10.0
3357,2,1,2,62.66327120728993,56.331467965086446
3358,5,0,5,83.82237111492739,105.95149751348423
3359,0,2,4,75.89917697746537,16.151992731219778
3360,2,4,4,60.386177175293994,156.9101699239416
3361,1,1,5,74.45274452270137,10.0
3362,0,1,6,55.55295076467708,43.39367794049016
3363,4,2,3,61.888576232115355,325.9114631098413
3364,2,3,6,55.34009697928912,49.339533151656575
3365,1,5,7,48.68377411462067,103.94254412798554
3366,1,0,5,75.34073739766308,11.346445486229586
3367,2,0,3,75.91824059695033,118.87726747659276
3368,1,2,7,83.59501030118673,223.0193374918031
3369,4,1,8,72.65697986855972,45.85569301138142
3370,1,0,9,65.29362144373411,61.78780145566249
3371,3,0,2,90.3618169086564,57.41963595392349
3372,1,1,4,71.06969481066494,131.4517971510588
3373,0,2,1,65.90189988307615,34.11503320767949
3374,2,0,1,64.90417411334883,34.76773678419549
3375,2,1,8,83.2009479950127,12.293722012545059
3376,1,1,6,79.43545227531746,97.84306138467149
3377,1,1,5,66.72672475137324,10.0
3378,3,1,3,69.50711206628304,262.8559469548807
3379,2,1,8,70.25529753651907,10.0
3380,3,1,2,65.25334015786505,49.23265677516458
3381,7,1,7,52.742022479687314,113.47884262898475
3382,1,2,1,79.87407375264954,229.2119557174654
3383,2,1,5,58.264637987497906,22.455958098057003
3384,2,1,1,81.62249474441903,36.64894265979736
3385,3,1,4,76.16005937560864,200.38005105357172
3386,0,2,5,56.457834448513175,367.3130723647746
3387,0,2,2,90.14447926732257,20.67876924415448
3388,2,1,3,87.24180377994497,51.49792774548977
3389,7,3,5,69.27119313356876,250.0914266700152
3390,2,1,4,84.67513507064827,94.12490770661807
3391,0,4,5,82.64679602480219,10.0
3392,3,1,6,91.92828842039259,20.71531349462455
3393,1,2,6,82.77879291655974,301.68940147406016
3394,1,1,6,85.34253638625027,179.8084742702363
3395,0,1,3,86.45902615278564,89.14702027902538
3396,3,0,9,71.02175896954914,105.24271468626311
3397,3,1,7,84.24883814843159,295.4067628539809
3398,0,1,9,76.39364829664498,24.003814119593233
3399,2,1,7,63.652440885450325,21.701215538731113
3400,2,1,4,41.85380711048349,120.69209292522943
3401,3,1,9,82.12014501700425,93.44438573348206
3402,2,2,3,76.34583380089207,68.85202256626826
3403,2,1,3,81.23279854969468,12.520174251694215
3404,0,0,2,85.35784128027584,16.74065363705056
3405,1,1,5,77.76498977278644,67.54423010682024
3406,2,3,4,87.27570114820773,123.8468736780676
3407,1,1,8,77.97392490729042,55.14680779905998
3408,2,1,6,63.18303110247292,61.84508955092233
3409,2,0,5,74.89561472822102,214.86704060353696
3410,4,0,4,84.63669412594226,138.57545500781646
3411,3,2,1,37.2008715297418,79.14965424214859
3412,1,2,1,81.23751197573253,10.0
3413,3,1,4,73.7372898636732,293.86188158699395
3414,1,1,5,57.51304963035737,68.29791881620184
3415,1,2,5,63.710451201765636,39.88575176097916
3416,0,3,4,66.09704637660553,186.9985094733261
3417,4,1,4,56.43238442791028,164.32710111494154
3418,3,3,8,79.93504465908478,119.0333554988058
3419,0,0,5,77.06070414205321,283.3889415038552
3420,3,5,4,85.09473035992934,23.756695124686974
3421,3,1,5,79.63601311041573,70.51892789373004
3422,1,1,10,68.66220860937212,97.60294649898245
3423,2,0,5,77.38482333072668,250.60135063030788
3424,0,1,6,88.77470031256303,73.29071691454672
3425,0,4,3,77.30734236556165,292.4409973894714
3426,4,1,6,59.02388468414566,105.3164140421938
3427,2,4,6,78.12750110045712,76.36258442414804
3428,1,1,4,69.38031046183718,54.49527973170986
3429,1,1,9,59.50148521156535,175.78151583270497
3430,2,0,3,75.00636922001013,308.34095140362064
3431,3,3,3,60.07479727522219,24.642297710079212
3432,2,0,6,89.71332428851562,21.465002656194837
3433,3,1,2,90.13905833961911,309.1778731639833
3434,3,3,7,56.866661495440674,37.31939542778412
3435,1,3,3,75.65344488066056,29.391339066820233
3436,2,1,3,68.77585352695607,85.12232936359274
3437,1,2,8,47.65320629975545,30.577185699491732
3438,2,2,5,85.18548354793664,47.20682359439385
3439,2,1,3,76.9538853334027,21.51414037634949
3440,3,0,3,61.02432845436674,165.05275124143154
3441,0,1,2,66.05859812534783,22.190049461518324
3442,3,0,5,50.71451943230091,421.5932088816666
3443,0,1,4,85.81312475723016,443.67144550908245
3444,1,1,5,50.0372255977022,74.09465955897242
3445,3,1,3,68.7059559049725,142.42290948669114
3446,2,1,4,78.14301659973218,10.0
3447,1,0,4,48.3405039540619,503.4925823872825
3448,3,2,6,59.98388243294307,149.91776306907292
3449,6,0,9,88.38364167172476,399.85012519005477
3450,0,0,6,93.31088875203628,75.936463216329
3451,2,1,9,39.01499189989641,208.86792393571918
3452,3,2,5,70.57472861147205,249.37965122854652
3453,3,1,3,51.62178010809949,10.0
3454,2,3,8,65.47873090493157,229.71945895626436
3455,5,3,4,62.7883668623756,37.57840379123681
3456,1,0,7,81.28689642767254,54.61199243196069
3457,1,1,5,72.90159681372593,62.50953619849002
3458,0,2,4,87.45708281448292,71.66015712694066
3459,2,2,4,63.12997001375502,23.631158682851147
3460,2,0,8,76.22185961556238,34.7654501172793
3461,1,0,5,74.5949605066378,52.09377991087963
3462,3,0,3,98.55804517832688,70.06665241846976
3463,3,0,4,53.18392969542673,261.4390621773209
3464,4,1,3,63.01653485040072,10.0
3465,2,1,6,53.03834714488808,193.56856793376198
3466,0,0,8,77.2674898025277,10.0
3467,2,1,3,83.22424064241062,139.76563466626942
3468,1,1,4,62.55840191787831,11.585252028703957
3469,0,1,6,25.96078386358492,97.87037798101184
3470,1,2,3,63.03599759679741,15.309584003997744
3471,1,3,4,62.57753861466644,319.4750661145218
3472,2,3,4,66.27326796820587,23.188795356231783
3473,0,1,2,72.22002467577494,253.5480650653623
3474,2,1,8,71.79276738277153,35.30237298325014
3475,1,1,7,73.11262050918099,10.0
3476,3,4,3,53.33366515585083,97.13628719581165
3477,1,1,8,58.50367833565983,53.41544016763066
3478,3,1,8,81.45168808909295,141.15399470615617
3479,1,1,5,79.92042881837843,73.45080435729287
3480,2,0,4,73.79932455271287,130.53483688611183
3481,2,0,6,68.25030804574166,121.43107493007659
3482,1,3,4,63.04900927086254,79.28151551857874
3483,2,1,8,69.41399523032997,71.45440583800178
3484,0,3,2,83.888763979992,97.45780509134289
3485,3,2,5,82.95140467455634,600.0
3486,0,3,8,58.54048519595266,74.99056372538064
3487,4,2,5,68.54536813214905,151.39637229143116
3488,1,1,11,50.33970050826877,139.09019786843697
3489,2,3,4,67.62980128355959,13.646990892153118
3490,0,2,9,54.40193722603305,71.30144499244338
3491,2,1,5,89.69495858260532,31.4433026450184
3492,5,3,6,82.15555953357213,80.08779647458347
3493,1,2,4,46.700434157170676,152.33433858696813
3494,2,3,6,50.832585610213386,48.00362837100133
3495,0,2,7,52.664542156354834,227.4861358932587
3496,3,2,7,53.404210705523894,14.072320774471915
3497,0,3,0,52.800453861999316,250.689711944444
3498,2,0,7,81.78029192538021,253.18093781738366
3499,3,2,6,70.54695464375891,154.45714906280503
3500,4,1,5,52.4154794913029,17.913918358488672
3501,0,2,4,65.77708148180213,10.0
3502,3,0,3,67.29452353954744,11.516876434843693
3503,1,5,8,71.26019024570351,144.2461498875106
3504,2,1,6,65.2816027496004,151.89908988347025
3505,0,1,8,66.065736152792,122.2419581455189
3506,3,4,6,84.30238088346071,166.35758420221535
3507,0,1,5,73.03250859908583,135.93939534940537
3508,1,2,6,74.59145440451498,42.76647069991738
3509,0,2,5,70.58825292374847,138.5208586100592
3510,1,2,3,45.77433187149261,118.3437313561286
3511,1,0,3,52.08411084633157,52.59072780348155
3512,4,1,6,73.28856250214471,352.7567336527437
3513,3,1,12,47.05753918612532,275.5344558667884
3514,1,1,7,82.06680383562676,73.31316673417233
3515,2,3,2,83.71079446022453,46.24192928126348
3516,0,3,5,70.39926133029756,23.15055960637248
3517,4,1,8,68.50248135028502,184.8451647539507
3518,3,4,5,72.88799342131944,96.91490077440507
3519,1,2,8,85.40809418409894,74.80306215363971
3520,3,3,6,81.79691528237343,186.46976200433443
3521,2,5,5,81.86407531778708,25.122414834629613
3522,3,3,8,63.361035221029404,17.960606190543274
3523,3,2,10,51.713819808612485,16.7512641801016
3524,0,1,5,61.676721770905964,351.15479956407444
3525,1,3,5,85.05413763706662,210.11879062841462
3526,4,0,1,63.81725533267895,25.088387338034547
3527,3,0,4,77.95295506204045,204.16672384506717
3528,1,3,5,77.80074972647543,12.065374954825131
3529,5,0,7,76.38368738555177,193.27563710939472
3530,1,1,2,61.22457690960893,100.66225977373723
3531,2,3,4,72.2787675313392,62.68409979599379
3532,4,1,4,74.83506948243337,86.58839147814258
3533,2,0,6,64.48350266318691,115.26821108033955
3534,2,1,5,52.096340804523436,142.06751030443016
3535,2,3,6,75.38140549859962,156.2374936812849
3536,3,2,6,91.49532289872793,52.36810504690254
3537,1,3,6,61.20283488149336,71.63693550652724
3538,2,1,3,74.6761051146406,276.3538859408371
3539,2,2,4,50.681130875762314,61.244307321432444
3540,1,0,6,70.22059838912553,396.4553509944804
3541,2,0,7,93.53489639261768,91.77577945271928
3542,0,3,3,58.86086809992357,25.845132027291086
3543,2,4,3,72.34739501410957,150.09260591462595
3544,3,2,7,82.82513949683337,150.3877170477528
3545,2,2,5,53.95870681882141,10.0
3546,3,4,5,92.56780505560904,10.0
3547,3,0,8,47.86708438099481,78.40372628170988
3548,2,0,4,75.07146857870215,105.59149173606438
3549,4,4,6,84.01941523000755,166.74135352726523
3550,1,5,4,39.92277191538414,72.74115903041957
3551,0,3,4,80.1415734177411,600.0
3552,1,0,2,78.9509776650047,147.63709642096367
3553,2,1,5,78.19535509196464,115.1330485173054
3554,1,0,4,69.87799752321516,125.44364309466124
3555,1,2,2,92.97933049040724,71.71534959105281
3556,2,0,6,63.14060167722278,581.5955145388124
3557,1,0,13,62.907615402394825,113.46631230386242
3558,1,1,6,64.2318474022419,10.0
3559,2,0,7,41.93337473502079,32.123612358848554
3560,3,3,2,66.3001775503983,10.0
3561,2,0,3,82.35910449683041,52.15472128385431
3562,1,1,5,59.715316641989446,48.5176849376977
3563,2,0,1,75.12168369667015,338.6459811016272
3564,2,0,3,85.65033125682312,262.98216127532294
3565,1,2,0,79.70460740372609,45.6549174856267
3566,0,2,2,89.6844200380022,206.43478659171146
3567,2,4,3,73.90642753989033,316.311607538124
3568,3,2,2,87.22356492563293,404.6327230571148
3569,4,1,2,62.78793740539215,16.38488476876114
3570,2,0,3,79.51409144093823,242.23201481081185
3571,0,1,5,74.52881336819355,128.23292548901742
3572,0,2,7,82.32321899038106,10.0
3573,1,1,6,60.54433091592324,10.0
3574,1,2,5,80.3457619958559,10.0
3575,4,1,9,84.81782362924221,193.1230999299856
3576,2,1,5,67.43893136950128,40.736557074402064
3577,1,1,2,55.881450159849834,218.45007782349313
3578,2,0,5,80.15089444613297,21.719195111540955
3579,3,0,5,77.55494336058933,10.381808522554278
3580,1,1,1,70.67926656967705,63.31387192521447
3581,0,2,3,71.48951097756309,106.37536171181193
3582,1,2,2,73.40907300334113,192.95978315334642
3583,4,5,6,76.49033486110632,227.8899222341446
3584,3,1,4,62.98496017640186,87.66509170533706
3585,2,1,4,76.5149243913821,179.90260943878798
3586,1,0,2,85.81261403875443,10.0
3587,4,6,6,93.68785541897373,170.16311958872234
3588,2,2,10,65.32636545743868,195.4423887804599
3589,4,2,4,86.15463805537378,73.26065066455823
3590,4,3,4,74.55022985188666,16.71859804718968
3591,1,2,4,92.41229495862977,28.20857234202937
3592,2,4,4,83.03434735963063,32.333770562519454
3593,1,0,4,81.37748497926415,26.091403209866108
3594,3,3,1,85.38233577195093,69.00428671576068
3595,3,1,6,35.80390884567956,211.0326839367126
3596,3,0,2,58.435662481713976,58.67307705544001
3597,1,2,5,75.97193090967818,30.448540831113178
3598,1,0,3,78.59737087264064,127.90947122276165
3599,2,1,7,56.19968488395043,29.191607311566944
3600,3,0,2,61.38464845699348,59.25458463089535
3601,4,3,8,58.78319501985689,133.37874949873378
3602,3,2,4,47.312565857685144,51.06875497567485
3603,6,2,5,78.42641707921553,104.11789619157152
3604,2,3,7,56.154025987725696,154.7861468096715
3605,1,2,4,73.64349622208825,193.0693916870996
3606,2,2,5,85.49475561839033,41.465205423054634
3607,2,0,9,72.68683140706914,54.2934223085392
3608,3,4,4,90.8351259137614,78.70143878983998
3609,4,0,4,86.78556875720803,21.97327728638169
3610,0,0,2,55.4945976890863,14.220231917650997
3611,1,0,4,61.816822314565655,45.309753737203245
3612,1,2,5,92.62059328915737,115.54213362572008
3613,0,4,6,63.752667100450736,91.00500364106263
3614,2,3,4,40.126361554834304,41.750605244915754
3615,2,0,7,87.35894020448029,42.931208777159476
3616,4,2,3,60.69647744921216,21.957435037660325
3617,0,1,3,85.2335286266468,38.63366177433849
3618,2,2,6,74.03234070286395,58.9791869237917
3619,5,3,6,62.38368579686604,127.96816915942364
3620,2,4,7,59.7676304254531,172.36175916036652
3621,3,3,4,92.4080124655143,281.4272375290483
3622,4,3,6,83.12841307273092,49.48392009848006
3623,1,4,6,70.97831055808491,201.39819403960962
3624,4,1,5,57.15682413232878,107.27062927671898
3625,2,1,2,80.50148532135326,131.02189990529374
3626,2,3,7,62.069297038059744,320.2048930023198
3627,2,2,3,80.53527915772581,62.24884218128682
3628,4,2,5,71.04495909819522,93.9209170044495
3629,2,2,6,81.35555386160216,94.76827272524763
3630,1,3,6,58.484262720729106,36.89758391643876
3631,0,1,5,54.73992723927551,50.45693161431897
3632,1,3,4,87.48052964473217,179.18057270191636
3633,0,2,1,66.00847896475267,49.30138232846674
3634,3,2,7,48.02209158706798,11.453687931374253
3635,1,0,6,56.21044706998133,158.91826864979788
3636,2,1,3,62.76908180323103,13.67487758176098
3637,2,1,6,74.4608191239113,377.8284627731705
3638,1,0,3,85.53226042745108,119.90985708241986
3639,2,3,4,76.52272977034322,106.00956664700277
3640,2,1,5,63.537459691774544,205.56140769716345
3641,0,1,6,59.455064035847435,135.5303201125944
3642,1,2,3,73.27834438774094,175.95003389885562
3643,0,1,2,67.02797457553525,255.05708203707326
3644,4,0,7,75.55760556099116,303.70178683863946
3645,2,2,0,48.03975265050819,10.0
3646,2,2,7,73.55132731352812,280.36380828862696
3647,0,1,6,75.02534020890992,10.0
3648,1,1,5,44.82849224774404,186.43214551463058
3649,1,0,7,66.65899774897217,26.57004005588809
3650,2,2,5,47.381849246057264,401.8532689062591
3651,2,1,4,67.16980394925886,65.79011835890276
3652,1,1,6,75.2057334195403,42.900359313728444
3653,2,2,2,53.43063247541966,97.24503865620278
3654,1,2,4,61.488507673840665,44.866971746525
3655,1,1,2,65.6889535929628,40.67574399467322
3656,3,1,3,76.71175113758089,68.34761982744857
3657,1,1,7,82.1491025562024,91.2975578932014
3658,2,2,5,70.57099197991188,28.059284131486496
3659,1,0,4,90.61200588247182,32.44388759304494
3660,0,2,5,67.81431306198104,158.76293908416224
3661,0,2,3,79.28480997291541,183.00470524673608
3662,5,4,7,65.56579142087996,176.10920153811335
3663,1,2,8,75.73543084264259,43.62290383058855
3664,2,2,7,79.23619045372969,331.1461215225911
3665,6,1,4,50.27601114436951,42.56410339505819
3666,2,3,7,72.92301335050946,204.5591086355966
3667,2,2,5,87.56634399117877,10.620340998167817
3668,2,1,4,72.31688259933046,64.56248691708659
3669,2,1,2,74.62679293559624,104.01766332472229
3670,4,1,3,73.12998091495864,10.0
3671,1,1,8,84.10361365120855,85.52545718240795
3672,2,0,3,82.61757195829766,43.51824324131316
3673,1,1,3,54.611174469049786,49.580684201067065
3674,0,1,4,81.88990479811565,201.50933023291867
3675,2,1,4,80.69428237124117,22.442151646456395
3676,0,1,6,28.43914312013554,45.9791183487699
3677,3,2,6,84.96184261725489,24.52712763245192
3678,2,0,7,82.36631762543595,15.950821107544723
3679,3,2,4,55.925651905467845,66.48532958506559
3680,1,4,6,93.21430553733155,190.5669306309827
3681,3,1,6,69.07656742732793,50.049781681614846
3682,3,3,10,68.00725310145019,100.43132748398041
3683,0,3,6,61.98565910506395,138.49269461283743
3684,1,1,9,85.07735795215822,213.105850801497
3685,1,1,3,61.3001134131658,80.07828685895957
3686,1,1,7,78.80018951237861,35.38513816934154
3687,1,2,4,65.36163632997074,204.06107261917833
3688,2,0,5,87.68355757698004,22.10757703920495
3689,0,3,5,87.13397819161572,83.5865604193453
3690,3,2,3,83.14849116226269,297.41910574318746
3691,2,2,3,50.01368526032029,235.43862783813378
3692,1,1,3,75.02092394413084,116.68564667282351
3693,2,0,5,75.6587155034845,96.07329207329339
3694,1,1,4,74.53802573189542,105.91517655598184
3695,2,1,8,74.14598446696156,18.502332040104168
3696,0,2,7,59.84090412695272,31.487597368047563
3697,2,6,3,80.13746062661329,37.1763568093772
3698,2,2,6,78.78505005056218,35.754912409837154
3699,0,0,5,67.34044327191849,194.6208293616251
3700,2,0,4,88.44473964082272,22.64067647264183
3701,3,0,8,62.60802399115126,136.69725308518505
3702,1,4,2,76.55818449163702,19.83752199285218
3703,2,2,5,84.28848419233496,81.99174003651358
3704,1,3,3,81.96188415252492,37.02491302164359
3705,4,1,7,59.461811593492975,36.04295278389312
3706,3,3,6,48.30733531477213,34.48076478266277
3707,4,1,4,57.36314162185631,164.8109744606921
3708,2,3,4,57.311898687439,196.9353824941987
3709,2,0,6,86.97975189800707,439.7294302308968
3710,4,2,4,92.69784383761385,106.32345464267925
3711,1,1,4,68.61492804301436,281.2674441541681
3712,0,3,4,89.5930358659504,77.13738503962577
3713,2,3,6,90.09062397636222,10.0
3714,4,2,7,89.11990874332432,80.06529977988606
3715,1,3,5,51.306506022386245,188.30876862271626
3716,2,2,3,64.31408069886365,465.78157350376654
3717,1,2,4,41.001349791184616,147.25765074981808
3718,2,2,4,74.36042028240041,209.19510493042046
3719,1,3,3,56.51597056379113,31.33685202889539
3720,1,0,5,65.25876232915302,346.9853189366389
3721,3,0,1,79.46187359519948,245.7323610278754
3722,1,1,5,85.1175143331281,64.54533581787342
3723,1,1,5,66.42872818544613,197.22615143932438
3724,3,3,6,70.91449563771477,106.79060680740096
3725,2,3,2,53.02233970391481,244.09526921051483
3726,2,3,3,50.16376212577243,54.821885498731426
3727,1,0,3,71.66554350255649,10.0
3728,1,0,3,62.979241966994536,129.55584290449139
3729,3,1,4,60.90864210010734,70.70306668597055
3730,1,1,5,87.1782518698025,34.42040812364348
3731,2,2,5,81.21368307219113,80.07509923390654
3732,4,0,5,82.31689103387976,53.97297371892673
3733,2,0,4,87.72457025781006,87.56467471102253
3734,2,1,5,79.87980801326837,13.986341066697898
3735,2,1,4,87.0440951083482,38.918546845305194
3736,5,3,6,38.9168951527347,128.4597817404851
3737,4,1,3,77.10968593160977,10.0
3738,3,1,8,85.62558979695426,138.73506426428364
3739,3,0,6,72.2752175923594,50.42961015269525
3740,2,1,7,55.9368008042255,95.90866031703743
3741,2,2,7,91.50665551099276,178.23195812578317
3742,5,2,4,54.43911312792806,26.43693216897293
3743,7,6,6,47.11594109367068,107.55434346336646
3744,1,1,10,65.59589905991197,91.28919694799504
3745,2,1,6,65.6602123428571,322.5391889894318
3746,3,2,6,61.83706166647163,98.66968855816422
3747,1,3,6,71.94609535302286,105.85967965067775
3748,3,1,3,86.59478682712071,22.494828978659967
3749,2,2,5,72.52935974761763,177.55787777079053
3750,2,2,3,85.21872118918414,116.28615529564132
3751,3,0,5,62.8553299649625,153.00381430000206
3752,4,3,5,88.29951641634618,91.30502574581323
3753,2,2,4,76.44484439104396,151.60783101389342
3754,4,1,9,70.60407577242084,168.91129631336506
3755,4,1,3,82.85660490346068,505.49463160051187
3756,3,0,6,43.22669548798977,80.28119901969634
3757,3,0,6,61.26222328937525,99.58892044709397
3758,1,2,5,91.98816494950883,110.57739183680125
3759,1,0,7,69.39253972404906,235.6348832480976
3760,2,3,6,65.61671732610142,28.193912263151333
3761,3,3,3,61.696491436528376,51.01716781456359
3762,1,2,5,80.4075736699432,232.34286199370277
3763,1,4,10,52.20869817297314,100.68157592687373
3764,1,3,4,60.36156167424532,128.29485432239062
3765,2,1,8,43.29642645071195,57.3357524288284
3766,1,4,4,48.13591030689581,37.95538628452603
3767,4,0,2,61.06589017794861,46.8239231831806
3768,1,0,2,55.19183199254422,234.11692998822542
3769,2,0,5,87.06661007694453,23.226956697956883
3770,1,1,3,78.5893488935662,126.78289659822153
3771,0,2,8,61.41142955363069,198.18164400738635
3772,5,0,7,84.23497902831603,59.62992955238774
3773,3,2,6,75.88844116218574,248.6671305806644
3774,3,4,5,66.47153156790353,52.49824709926942
3775,1,2,2,81.60965848097243,195.0795928262867
3776,2,0,2,69.5710962037133,101.66318228428162
3777,1,2,4,55.13562464119316,38.05200339684206
3778,2,1,3,58.50057522484485,11.16881330700121
3779,1,1,5,53.78770796493275,129.84420615561504
3780,1,1,7,90.13918534438264,50.7890396452577
3781,0,1,8,73.45804247098367,353.6420481645075
3782,2,1,8,80.21253496064222,17.139276212782445
3783,2,0,7,67.9159608791673,48.53699177101796
3784,5,0,5,38.093714067145534,10.0
3785,2,0,6,64.06287364471815,600.0
3786,6,1,4,55.78816842539395,454.1439961746184
3787,2,2,5,70.02284233968435,166.05685314593816
3788,1,3,6,55.44675358784406,104.50129810330435
3789,5,0,4,60.84013726513706,268.4198689782578
3790,7,2,5,60.28569790903173,162.35523758184735
3791,2,1,6,86.09428208879366,10.485008847231432
3792,3,1,3,94.10270175560713,264.32825101155595
3793,3,2,6,88.48525528668881,136.32573432313444
3794,2,3,1,83.24601896936551,34.04647160698325
3795,2,0,7,54.13434575245706,108.27333885083648
3796,5,3,2,77.49822413784615,308.81590781966923
3797,4,2,7,79.30920039097639,78.10437962318173
3798,4,2,3,42.985877974263005,24.22040082436478
3799,2,3,11,50.23002664470621,120.22992948051478
3800,1,1,6,92.80742216338786,97.5434286593551
3801,0,2,3,88.83616112780597,10.0
3802,2,1,5,73.42219029047448,92.71924512473709
3803,2,1,5,76.62427904868409,497.98580973599513
3804,1,1,12,59.3627781912057,108.70210242847659
3805,0,0,6,48.138688140362966,10.0
3806,1,3,4,58.82683472171362,26.93099779767779
3807,2,0,5,68.06867197324571,507.04914490081944
3808,2,1,6,76.30375165036014,29.673472355114523
3809,3,1,2,61.26244552045189,10.0
3810,4,0,1,82.22668536496568,40.04404382523142
3811,1,3,4,73.80880640799815,218.2929098375854
3812,5,0,1,44.79305604737299,143.42198775049613
3813,5,2,11,81.58071980101134,27.56011061998462
3814,1,1,2,65.65922917946615,157.12396309076402
3815,1,3,6,71.65329775645742,243.02457426080701
3816,2,2,6,93.95656105531329,10.0
3817,6,1,8,74.03839056725651,401.45512085995557
3818,3,1,5,66.33547455022818,320.67059279815
3819,3,0,2,58.39093263945572,83.75472267420731
3820,2,2,3,84.19378120680514,28.614541508888138
3821,1,2,6,73.22351967571275,30.80317955818829
3822,1,0,9,81.34070757547966,123.37566155390616
3823,4,0,7,64.64913543510372,48.102385740706225
3824,0,3,4,62.8767189170367,173.55290573889698
3825,1,1,6,83.10911343601074,215.75814909056308
3826,1,4,6,77.16078134137288,47.11447438270719
3827,1,2,7,34.0482477380869,15.285770121062432
3828,4,2,5,76.3427923419194,257.41126714963343
3829,0,2,6,60.1255041301917,331.1090415912599
3830,4,1,6,75.03807357986015,194.06208309458003
3831,1,1,3,75.54142589314588,61.882645601711175
3832,4,1,6,71.59634689645564,30.42595806182376
3833,3,4,7,88.09220806595167,10.0
3834,5,2,2,76.73767535952027,10.0
3835,4,1,4,83.05604040059006,600.0
3836,0,0,9,74.03337748978754,21.289737936832555
3837,2,2,7,52.00792071186145,144.19579819222054
3838,3,1,9,84.06648248986242,99.24282217927802
3839,1,1,4,81.5030169037259,169.75500862028318
3840,2,3,5,61.94084450368694,307.5620758514176
3841,3,1,1,46.73004310697333,204.00708607855003
3842,3,2,8,75.51631699823037,10.0
3843,1,1,5,46.76856215433379,109.02700955850818
3844,2,2,7,51.353498049198166,201.11374539972354
3845,2,3,5,93.97690022302794,60.24664243538922
3846,2,0,5,87.76309473006344,83.96304981606534
3847,3,2,3,76.99750265856885,10.0
3848,1,1,2,42.333849133052084,19.136772941953186
3849,1,2,4,67.1856410113297,70.13455100688257
3850,0,2,5,72.97254352495547,33.11945852447279
3851,1,0,4,84.39143730737861,33.428838651048345
3852,4,1,7,84.61099636650529,209.99148481269262
3853,4,4,1,66.70016936489385,136.35776107186848
3854,2,2,3,75.11600329353973,29.08608087155531
3855,1,1,5,68.32917322465104,54.7150968411291
3856,1,1,8,83.88965099176792,39.579367607905034
3857,1,2,8,67.20159372680155,25.519329204637895
3858,2,1,6,80.0423269938349,60.014536458247235
3859,2,2,6,75.00824566327533,204.06698276898078
3860,2,2,4,78.85489913921245,12.343410536193321
3861,1,1,8,33.04213408664806,31.280309339666974
3862,4,1,6,60.56940419981228,56.03152957506433
3863,1,1,4,63.42501817778993,61.7720711971501
3864,2,1,8,56.467539494577345,18.335730635991865
3865,2,0,6,78.16981916581433,22.568942678093936
3866,3,0,6,66.43187928730562,78.45760741237599
3867,1,1,3,62.259938238991296,10.0
3868,1,1,3,83.73567029275299,35.649662152882094
3869,2,1,3,77.26749665266853,232.07187479629573
3870,4,4,5,69.47098947432283,204.42440109534843
3871,2,0,2,46.66623348238741,233.7604618204498
3872,2,0,6,60.93033913637183,454.0911540879973
3873,0,2,3,90.10286904719956,88.74792099695982
3874,1,2,5,79.51096169046814,59.3378902686423
3875,2,1,4,67.03078579041227,126.89213796834234
3876,1,0,6,75.89178058277,63.18365539191249
3877,1,1,4,69.5649171652426,65.35041946546245
3878,3,2,5,62.53139149870657,47.22451356300351
3879,3,1,5,78.94569100058855,50.041539415301955
3880,1,1,4,63.56388352837885,231.63366385689056
3881,1,2,5,51.03659300383882,22.413460829427716
3882,4,0,7,65.714891663961,21.91398733289227
3883,3,0,6,55.49661350870887,66.34960756509747
3884,1,0,3,71.54508858803457,182.96202486147848
3885,3,3,7,77.79420050635176,17.029525475301725
3886,1,3,5,83.14890522693507,188.96557547632716
3887,2,3,3,67.95923240148404,20.663883428888305
3888,0,0,2,85.73265860364371,106.66372257815756
3889,1,1,7,88.18113891764239,28.25826569327393
3890,0,0,3,61.26669425873088,68.9116582800155
3891,1,3,9,70.72325964554638,10.0
3892,3,1,3,65.7460258846151,48.14947182272047
3893,1,0,2,69.32316491690825,151.0299455711444
3894,3,4,3,83.10878571251982,179.69109973302113
3895,0,0,4,66.44657815951679,10.0
3896,3,1,5,78.42016310548782,11.62350892319599
3897,2,4,2,80.32082846000777,145.9683180317996
3898,4,4,10,49.30390114488316,11.747620121645408
3899,3,4,7,80.3376722126517,200.42608546263688
3900,1,1,3,81.00927458607305,220.12841660316298
3901,1,2,4,33.61498400814174,530.2147787506609
3902,2,2,9,63.50089075958135,346.3306763512162
3903,0,3,7,63.70925201519119,106.65810339312037
3904,3,3,6,74.62032506181357,331.5261745602075
3905,2,2,4,74.56669638948622,31.54852089933778
3906,1,3,4,70.19488719162128,33.010973682139124
3907,5,2,4,74.48317163421149,369.5688795487343
3908,2,0,5,80.05375931085685,49.35838514561781
3909,0,1,7,73.44328832941903,96.07895903184591
3910,0,5,5,83.23174092291613,23.55278098363988
3911,2,3,6,66.29213357497142,319.3461075845685
3912,1,3,5,52.495111657303895,67.21391879324509
3913,2,1,3,51.833505649784094,144.76090946229965
3914,0,1,4,57.44313794001972,131.9034004796114
3915,3,0,4,83.05028339738443,10.0
3916,2,2,1,92.05332129851381,10.0
3917,2,1,1,70.04740910961922,114.87485056921255
3918,3,1,6,86.85146994186178,105.16369295331903
3919,2,4,6,72.86290073209744,32.4005996455184
3920,0,0,4,75.29546444970381,48.99753153939718
3921,1,2,3,85.73128843551116,122.93808525300301
3922,3,2,3,76.32814351188591,10.0
3923,0,3,5,79.24976422078542,157.58897193726065
3924,3,2,8,78.54747403885933,275.93892461364885
3925,3,1,8,65.1541855899014,83.6481804221092
3926,3,1,4,62.925100063780505,185.77724129014652
3927,2,0,4,62.438850526580836,75.37789065785053
3928,0,0,7,84.12121522024137,42.10534508692185
3929,2,0,5,83.38922229276889,54.30570490502211
3930,2,1,4,83.5038513849659,127.32266902412637
3931,0,3,7,96.21767575403129,255.63694607346224
3932,0,1,7,85.81630280664147,246.0051587021918
3933,1,1,6,87.88129045077919,41.13800404452676
3934,1,2,10,69.19198231046165,24.51794731255372
3935,2,1,7,53.7322929024395,194.7156322597897
3936,2,3,6,53.45581679362058,205.49198005288298
3937,4,4,6,72.86776537425435,10.0
3938,4,2,5,82.9008253614709,103.26992341569849
3939,5,2,3,70.97921186650149,155.85634802522785
3940,0,3,6,75.71862214186764,374.3044217049713
3941,0,1,4,75.52245226962762,95.6172816186125
3942,3,1,4,76.42115045637831,26.823668935609682
3943,1,2,9,71.7740996978138,102.21980693912879
3944,2,0,6,47.685675015747705,379.16195006212604
3945,0,0,6,75.54944602329124,32.737993396929454
3946,4,0,1,73.37650822194927,30.766143748144096
3947,2,0,6,79.51301162758412,99.03287316149188
3948,1,2,4,79.99892207667718,371.5943869297305
3949,1,2,3,76.64429710334207,67.37053084235865
3950,4,1,7,78.05024684601858,24.173426652588564
3951,4,2,3,39.97109376150536,62.14465204644715
3952,3,5,2,76.97126433404013,577.6608245825721
3953,2,2,3,48.615590154467526,10.0
3954,1,1,5,68.10142273820536,95.78538090074777
3955,4,1,1,71.12865092083676,14.105441957518703
3956,4,3,0,43.443876001786805,108.77655579576368
3957,4,2,3,80.09073017348263,78.36338231179165
3958,0,3,4,51.15411888068376,179.55298875411762
3959,0,1,7,59.35654861342776,372.15075895652336
3960,4,0,10,68.29438376400722,349.6186802309562
3961,1,1,5,88.11047978123622,580.5093187279433
3962,0,1,8,68.55739174741015,442.6674259522664
3963,3,0,7,38.174628277947356,160.21517565959834
3964,1,2,4,89.5843978188228,173.25643550547392
3965,2,1,4,64.12625341842804,129.6803596754478
3966,1,1,2,37.88441994644405,259.82770367057975
3967,0,2,4,87.64069756796616,210.65359753483122
3968,3,2,8,65.48482921181099,90.98120695140331
3969,3,1,5,89.94957169482673,164.96573236930345
3970,1,3,4,57.648561402485655,52.88870060073029
3971,2,1,7,66.61388404686323,18.60396368864312
3972,1,3,12,72.90214527730377,77.58293358350288
3973,3,3,7,71.04357564816573,126.488753560828
3974,1,1,6,42.968628710660774,61.64334696302094
3975,4,0,2,74.7120405049021,16.964221525179195
3976,2,1,6,40.52454259309947,39.69392697518361
3977,4,3,5,69.04451620670322,59.83529772409413
3978,2,1,4,90.92320310977264,22.1257054382513
3979,4,0,7,50.93067622764573,70.48739010177515
3980,1,3,6,46.2347887085941,53.60105996007759
3981,0,2,3,72.55000413734058,404.56402668896465
3982,2,3,11,81.01359718951107,44.219233925466405
3983,3,1,2,80.32516909902216,111.48756569668764
3984,3,2,6,62.494771314079586,271.43195554960005
3985,1,3,7,68.49946989315652,36.22684138922663
3986,0,0,4,88.68096876434414,109.00851503522911
3987,3,1,7,66.27835638982081,69.76580280222288
3988,2,2,9,81.67236555928864,39.14036845889747
3989,2,3,8,53.026770541692116,56.59988471943171
3990,3,3,6,83.46999800008929,53.51823540194035
3991,1,4,9,58.16878736711253,115.46180241946847
3992,3,2,3,53.119820068663955,63.86933606242038
3993,2,3,8,71.0152946751989,461.5143333446545
3994,3,2,2,60.51236107147271,17.7917414476702
3995,2,2,8,81.61847205342154,17.692654357516304
3996,4,4,5,81.55638777339959,192.34830998981224
3997,2,2,7,66.86463644429644,30.62005973256851
3998,2,1,4,69.06071482196988,140.65074167600605
3999,3,2,6,71.43717936831493,74.029592961145
4000,2,2,2,79.30190756277501,184.08754721398765
4001,2,3,4,49.020724507323706,22.93105253570009
4002,1,0,2,34.070350376179654,27.46918438953726
4003,4,1,2,59.47125328974536,48.51255291184327
4004,2,1,4,65.259382170707,181.20109815421043
4005,1,2,0,76.39912182335077,30.350127456060115
4006,2,0,5,79.9524939441486,141.0398817759595
4007,0,0,7,81.65280722440399,71.26480124631996
4008,0,3,4,58.47351060484433,468.26747374490634
4009,4,1,7,68.7362292679289,350.90978228147225
4010,0,0,7,85.77816596230394,210.22948616116253
4011,2,1,4,81.55900943662124,104.46908075020818
4012,3,1,7,52.96960530740328,299.12809223663135
4013,0,2,5,81.14458776331203,15.254475816814555
4014,2,1,7,73.36512644888032,160.40590243805266
4015,0,2,3,82.94737115565724,12.757198477273372
4016,1,2,8,74.03417229761293,545.2356421296979
4017,0,1,6,88.61591425587359,159.03385498918448
4018,1,0,2,82.16960805835501,10.0
4019,1,2,3,80.46236866948841,10.0
4020,0,1,5,87.72198982439922,112.87660796104605
4021,3,2,8,72.3435243435136,108.45146600754515
4022,2,2,7,79.90289577172175,159.0153835626025
4023,0,1,5,74.82526967269132,102.1589522164699
4024,3,2,5,88.04655974419545,72.2252331982993
4025,5,0,5,78.05625927408933,27.641266474029162
4026,2,0,4,85.66363096811389,67.07722968296429
4027,0,2,6,62.98769435006057,182.32378035242164
4028,4,3,9,85.29915111280437,121.95707732947808
4029,4,1,4,75.21086815900647,125.16100669548922
4030,2,2,3,42.41943459370241,94.45750610167438
4031,0,2,6,62.37484400425216,52.70547907983804
4032,0,3,5,55.853093916156716,255.00897960384017
4033,2,2,7,72.53103180839518,10.399336340191931
4034,1,1,7,63.16182093094878,193.80855152960953
4035,4,1,1,89.7909607634152,29.257393648551705
4036,4,0,3,87.59952257806852,254.21371301128548
4037,1,3,3,87.7541160051727,165.62350801275667
4038,2,1,2,82.9630865178306,67.91190374913207
4039,1,1,8,54.4870862904937,56.992475465365416
4040,1,0,5,72.6145600078521,348.51632232164565
4041,0,3,4,41.97170136446305,10.0
4042,1,1,5,59.42234852197474,20.681142935547225
4043,1,1,4,55.90816059699636,59.54916697078984
4044,2,2,5,79.3708759321801,116.90130669658798
4045,1,3,10,73.3574305784448,396.4565108617438
4046,1,4,7,56.897315093544535,60.44907351070072
4047,4,0,5,33.75012479195683,287.96261335283464
4048,2,0,2,50.625125526002726,79.4167596437981
4049,5,1,4,76.859881640326,10.16957123082699
4050,3,4,4,77.11685734211504,80.06457377741133
4051,1,1,9,57.880791250231255,57.678175663762644
4052,2,1,6,50.08114836059225,329.457689339869
4053,2,1,8,67.51881183827173,39.74340915482571
4054,0,3,4,77.99090061370299,146.48836621247656
4055,4,0,5,78.00046839268042,16.0603428594436
4056,1,0,4,67.93885174983109,65.72151006203343
4057,1,1,2,63.84505577974888,111.12532291410541
4058,2,3,3,71.37427118831421,16.75638152626096
4059,1,1,2,80.83738331565627,10.0
4060,4,3,10,74.69431943371185,10.0
4061,2,1,9,54.09868288389683,78.41376044057493
4062,4,2,3,65.95870473760934,226.2878893035895
4063,2,4,3,56.407446837348566,10.0
4064,2,1,7,86.39627270656412,10.182735335282588
4065,3,1,9,32.43457080328178,10.0
4066,2,0,3,67.04201183530425,152.6959078199826
4067,2,2,2,84.09233991961432,178.18108632976353
4068,1,1,7,70.4173030360418,40.507445569747404
4069,6,1,4,54.82060729833953,34.747063029274386
4070,0,0,10,74.40348565010599,380.76018177177366
4071,1,2,5,61.95168869337779,116.90919659058662
4072,2,2,5,49.390465813013336,32.75899688196637
4073,1,2,5,78.5446551957285,10.0
4074,3,2,5,70.18956868284792,216.03406671841083
4075,0,0,8,65.40651290864929,10.0
4076,2,1,7,76.92869339692936,217.3151995067849
4077,2,1,6,61.74275550297398,50.6199282300752
4078,1,1,6,71.47848879303697,108.21677908793019
4079,3,2,7,84.86377052847475,120.41605136011246
4080,1,2,2,51.47857200446999,10.0
4081,3,1,8,73.63548130395223,10.0
4082,2,0,3,52.5765676966695,156.73412345394306
4083,2,4,2,79.83964622460597,108.02047054192032
4084,2,2,5,86.13867540898497,73.98351709086803
4085,3,0,5,64.90021549400545,172.21606898886273
4086,3,1,5,85.9527543850648,240.56651768235983
4087,2,0,6,79.57403585469918,67.0888440817737
4088,2,1,5,50.90589979043686,101.12242006429855
4089,5,3,4,67.39458029302,69.76461774845976
4090,4,2,6,92.44667947814933,143.9411751211854
4091,1,0,6,85.09295446828276,16.00119737902904
4092,0,1,9,80.27794062145273,75.31616965124232
4093,0,1,2,64.97736749342512,23.114614661457836
4094,0,0,10,78.88301393107614,207.58433597596618
4095,2,1,8,74.29002431047415,75.94213717721912
4096,1,0,10,82.22642046375638,67.52632877519228
4097,3,2,7,72.02765708107428,10.0
4098,4,2,4,49.51150619548921,75.12360451969118
4099,0,1,7,63.19829526155253,16.676505643342416
4100,1,2,9,79.24678738669527,431.1028661452007
4101,3,2,2,73.74684011139192,20.520077316058234
4102,0,2,5,82.1095849793823,70.34513009448108
4103,1,3,4,67.44451646650045,65.42924688726755
4104,2,3,4,50.926510560072934,85.3055010443239
4105,6,1,5,59.4957872555287,189.02867085907155
4106,1,0,0,39.60075937249339,80.68044350574148
4107,1,1,8,84.30088177976934,474.0516602290984
4108,1,2,6,86.67496365793127,59.707521433439496
4109,3,1,6,79.5520403754891,52.09298241645286
4110,2,2,8,62.66532331197692,19.884130224818488
4111,2,1,2,67.87695519164897,258.87563019115277
4112,0,1,8,74.83872126595045,35.66229249532502
4113,3,1,4,68.27307587643172,17.90201359781626
4114,2,2,3,73.49783857029357,10.0
4115,3,2,6,64.39742501332513,68.88208269127799
4116,6,4,8,28.22451147511902,76.55278845950353
4117,3,3,5,48.372386393183184,60.913821857954304
4118,0,0,4,31.60876725623173,52.828766256134045
4119,3,3,5,71.00525977328785,154.6033257404835
4120,2,0,3,84.54936234551106,10.0
4121,1,4,2,41.2095115822843,44.8411804967264
4122,0,2,8,61.76088701893852,77.79023546752138
4123,3,1,7,80.15243506093466,16.289693241601757
4124,1,0,7,80.18580526205105,87.0347759590021
4125,2,2,7,80.16939744346833,90.41970656103962
4126,3,3,5,70.82463001518676,205.31846525665196
4127,5,0,3,62.07386520716705,355.63525452964967
4128,3,0,3,69.49747910165438,12.645848282998394
4129,0,1,6,73.09798927758344,146.47359107284876
4130,2,1,8,59.893101226092725,34.10903573224685
4131,2,1,7,33.755638073156256,42.90252580802279
4132,1,0,3,67.06651508256193,104.61013002257657
4133,4,1,5,66.03761801556693,19.00660254216243
4134,2,3,4,57.732100490919045,14.442640783469672
4135,0,0,6,76.65781743208481,40.609922400559114
4136,0,2,7,74.55903865081879,73.64321101698603
4137,1,1,8,73.70649997403683,103.52574833212687
4138,2,2,7,74.91655705595134,536.8874536282967
4139,2,1,3,64.19940510378883,26.38436677140469
4140,3,1,5,59.563479498728434,16.23420001267246
4141,0,1,7,79.20569865310397,220.65792179857087
4142,2,1,13,59.69147899841295,165.74520543280124
4143,2,2,4,82.30359831574918,91.8850984320353
4144,2,1,8,80.02777091161038,58.85878349588996
4145,1,3,8,52.55261244445404,96.1888156580849
4146,1,5,3,66.47137409881843,319.5868872764157
4147,4,1,5,53.87298003736707,94.43955425295673
4148,3,2,5,51.20960785884845,117.41859013604031
4149,0,2,8,84.41285821477636,78.18894637584002
4150,2,2,4,92.16605340969781,507.5072524703447
4151,1,0,0,60.59918329980402,103.9772252087058
4152,2,1,7,64.72109767855227,294.26134232453524
4153,4,0,5,63.41233522934016,163.0375287569566
4154,2,0,1,51.72792361681924,67.52424464634683
4155,2,2,7,82.53402354464818,222.807708916526
4156,3,2,4,84.63980827279751,331.9259493910513
4157,4,2,2,84.69832818190196,279.58372144482627
4158,1,1,6,83.71389702174406,411.1191167007426
4159,2,0,6,79.2146877747547,36.965918283111435
4160,2,1,6,85.04793975978875,296.4864625909389
4161,0,2,9,72.88770325511729,162.8422385073561
4162,5,0,9,87.03096136926627,108.03514424414082
4163,3,1,10,76.10834267749541,14.982619459938524
4164,2,2,4,90.38817254802449,247.6122899822151
4165,2,1,4,57.35120556334977,186.17251634631594
4166,1,2,6,68.83990659132468,21.360843177199744
4167,0,0,5,55.22964460819873,199.3423340204492
4168,0,2,5,70.33845243134748,600.0
4169,1,2,6,59.4747982333504,308.0376379932844
4170,4,0,7,50.290987950311475,94.50745709679482
4171,1,3,8,66.81817258941041,47.02812468922611
4172,3,0,5,74.10700633606798,10.0
4173,0,0,4,80.38393579762311,139.8075031190703
4174,1,2,5,90.25287367914238,110.2969200450332
4175,4,0,5,67.81317085925251,24.083195692931337
4176,4,3,3,57.60886214274763,134.7468386378586
4177,2,0,4,89.57568293207059,170.07019228216762
4178,5,2,10,93.48225579574039,125.16745938470292
4179,2,2,6,56.732522912038895,194.75455094457897
4180,2,1,5,70.34534382040599,41.1052308885222
4181,5,1,5,74.09541622090248,119.39529200372317
4182,2,1,9,90.804465029624,113.53974086759497
4183,1,2,2,91.02250531575339,311.7613136775852
4184,2,2,6,68.71989534247976,164.55543704426884
4185,5,1,5,94.03240665960918,134.36988682442865
4186,3,0,8,84.92142443583755,169.78157463876138
4187,5,0,4,81.02348412006585,134.0370182385168
4188,3,3,4,74.12147213765307,343.6037898733675
4189,1,2,10,65.37742003638694,10.0
4190,2,1,6,71.09982357468849,125.12311959635089
4191,3,1,3,80.50141596796861,117.6657640426848
4192,3,1,4,87.96272395320774,277.1462424535629
4193,0,2,5,74.72726829493229,47.5776524096117
4194,4,4,7,38.43522866654891,166.7304072434619
4195,3,1,4,69.53895258699767,260.723490199383
4196,4,2,9,50.101124360478835,19.83193691381138
4197,2,2,4,80.0951970874043,44.34176782654508
4198,1,1,10,66.18704473505004,86.40113014226799
4199,1,2,3,77.0265533105012,254.20961090448247
4200,3,2,7,70.6117592927508,111.41107637823148
4201,0,2,5,42.23247514532328,212.1336038270836
4202,0,1,8,94.80234051453091,25.042631997998303
4203,2,3,10,56.40565310202611,123.62083425879794
4204,3,1,5,77.51779520283326,14.395555901992882
4205,2,2,3,55.65391778682146,93.15524611658442
4206,1,1,5,51.298676812502485,152.67981526386924
4207,3,2,2,87.2906271407103,166.03079481354465
4208,1,1,4,46.700651909417466,171.37028581145853
4209,2,1,6,74.36634455183668,36.69806201225498
4210,1,0,6,80.26011862301584,211.1926162532693
4211,5,3,5,57.658338673559115,38.46384205445701
4212,2,2,3,66.14149920970853,98.91155897886634
4213,3,0,5,75.68347239591317,37.38152938205493
4214,3,2,6,57.77566737684936,140.42162129255334
4215,2,3,5,77.95097822569265,198.0907891243749
4216,1,2,1,68.13462538616297,28.998869576165177
4217,3,0,8,73.59985902942256,10.0
4218,1,1,4,77.59814228871241,67.36449657460906
4219,1,0,5,79.16014032776319,56.38348390136727
4220,1,1,6,58.33032099211667,14.870715178141538
4221,3,2,1,64.7272891811226,12.033408604286148
4222,1,2,2,89.02411680324819,17.663222759363464
4223,4,0,5,87.61131444040218,551.6167608327243
4224,0,1,9,76.81229653566635,10.0
4225,2,0,2,45.385709266778676,10.0
4226,2,1,5,66.26897847264566,88.40906336238729
4227,4,3,4,95.93711452564494,10.0
4228,3,0,5,78.33470086497304,76.3667556877533
4229,2,1,4,60.33157458851045,30.9671085911882
4230,3,1,4,73.2828735073189,16.17863489098244
4231,1,2,5,64.94538412616284,163.79114108611375
4232,3,2,6,83.10508983194012,524.4078363675623
4233,4,3,10,58.439139730781356,177.8897380130703
4234,2,3,4,81.37295071177113,49.43163111728396
4235,0,1,5,85.91424874115091,348.8409600370057
4236,0,1,5,17.585753126596522,235.6107465875815
4237,2,3,3,76.2883258291974,232.22320761286912
4238,1,1,3,81.9342831880122,13.415953925282865
4239,2,1,8,82.07760641603761,82.72151612126956
4240,2,1,10,88.14278145413866,140.6165110192924
4241,0,4,3,87.68001468184781,58.16441150211426
4242,3,0,4,64.83295152783015,163.84605976466995
4243,2,2,6,56.22728788498249,10.0
4244,3,1,5,51.143174868695304,109.84339242027318
4245,1,1,4,59.758359036594044,165.60107191395488
4246,3,0,7,51.037730940081474,58.15156016527465
4247,7,0,2,77.85882649326197,10.0
4248,1,1,4,76.5771498774243,223.0826700670259
4249,2,0,10,62.219623884706955,50.84582450862651
4250,2,1,4,72.70610475694245,35.71713963503788
4251,1,3,3,87.14550812439207,395.4708170602277
4252,1,0,8,67.85282757117793,26.663952186886767
4253,6,2,5,69.52284023702495,178.69632576297965
4254,3,0,3,72.04434173455212,10.0
4255,2,2,2,78.56303545063331,181.98099885392762
4256,0,0,8,90.79851805807105,343.53279388158126
4257,3,2,5,82.26191158075669,28.377765256248242
4258,1,3,4,84.81568701839048,176.27070068288816
4259,2,2,4,52.47179603490066,65.00915141385347
4260,1,0,5,83.6997772723199,20.744802503648508
4261,0,1,6,48.66063564069441,39.11590713700688
4262,3,1,6,64.15379105959902,22.617609826454242
4263,3,1,5,82.83386609838401,276.65922019598014
4264,2,3,5,64.21419515966103,225.41950573660324
4265,0,3,3,46.190026220349964,189.87789340440747
4266,3,2,7,68.71914717213066,181.71800000024191
4267,1,0,3,76.77939036384225,40.7606826780057
4268,1,2,0,86.07361735666007,126.83300000203221
4269,2,3,4,81.23506100455941,211.71703840802797
4270,2,2,8,46.872463601479204,16.257661178680042
4271,1,1,6,82.4809493952121,18.95933589146337
4272,1,1,4,83.93020157575837,123.64216896028644
4273,2,1,1,82.28058525447037,10.0
4274,1,0,2,97.30129874518086,142.10021169869609
4275,3,1,10,72.86478592794415,10.0
4276,3,2,10,73.40726310310629,207.07234037189482
4277,2,1,2,69.50632840481578,176.81628556674488
4278,1,5,9,64.15480212098959,479.9813570366946
4279,0,2,8,51.03755935194159,42.810410932118415
4280,1,0,7,73.60271399060252,26.93216607738261
4281,6,0,9,42.61340575497784,237.88914244077495
4282,4,2,5,74.97417868670733,522.9098653026826
4283,0,2,7,83.59162669125335,82.2451136134078
4284,3,1,8,85.81252917286044,105.95328783600078
4285,1,0,3,72.68978548164691,22.171512013835663
4286,2,1,5,55.744950671746764,46.16388860375211
4287,6,0,3,75.66980329856437,10.0
4288,2,0,9,81.37755807805719,151.4434376266726
4289,4,2,6,87.4448075813107,126.5811434744556
4290,0,2,5,54.515039385282506,172.9923208027734
4291,1,1,2,79.65811962836386,43.010057295730135
4292,1,2,3,60.929511656035686,14.173042808117644
4293,3,2,6,67.44597767215336,97.62514103011918
4294,2,1,3,77.97649805140426,144.7730371581684
4295,0,1,7,86.4734364579114,258.4078505754418
4296,0,4,10,80.19207807580231,317.0105055354585
4297,1,2,4,72.88159144673946,14.196887397208924
4298,5,1,6,81.10453852484613,41.02389881550058
4299,6,3,2,91.60902461650115,129.92440887549364
4300,2,2,3,81.94609954788451,149.26846088746453
4301,2,3,7,71.54181309318271,220.84382171522694
4302,1,2,9,53.05362844681603,23.545777887022638
4303,2,1,5,91.05233532472718,131.22702382445857
4304,1,1,6,70.75669071931316,82.34472333563706
4305,2,1,1,77.16332789821129,10.0
4306,3,3,2,60.60116668354155,57.67750545172666
4307,3,1,5,56.10993396858085,46.763688267504065
4308,0,0,4,54.63727466758434,131.28238371516522
4309,0,2,4,67.73827404923571,119.56856190629131
4310,0,0,4,68.19485490033672,39.85238360452478
4311,1,2,2,44.85135439773889,288.53682807378516
4312,3,1,6,76.39449717048028,123.00660931489153
4313,1,0,6,77.89935831150731,142.30006104366277
4314,0,0,5,73.07712571136364,86.24408455537436
4315,0,5,4,68.7073141619136,33.41711543975854
4316,2,1,6,71.0587720165521,22.36345409269426
4317,1,1,6,48.56762242242415,274.27137863941505
4318,0,2,8,65.67817096687173,46.23549537646707
4319,2,2,11,70.54029035791547,59.17260458123681
4320,3,2,6,89.64565535659752,175.22361476796848
4321,2,0,4,64.99853604170073,14.440289358320445
4322,1,0,6,64.04138100648956,58.37043084744653
4323,3,1,3,82.61249256937909,176.91463071075702
4324,1,2,0,81.74133563820443,94.66498273512512
4325,3,0,4,68.28015130092152,108.64056996824544
4326,3,2,4,68.7543447793673,10.620873705223573
4327,4,0,6,57.48357252640016,127.34715271116738
4328,2,1,4,67.7843447813481,198.5564700101964
4329,0,0,7,68.6647286116419,47.86083566924125
4330,2,0,8,42.80700673203891,71.11983749642329
4331,1,0,4,54.995385844348476,41.226477958154064
4332,1,1,6,67.3943006101867,106.82476900372055
4333,2,1,4,78.16540267721307,84.33867213539214
4334,1,0,6,51.814858297455515,37.66687758343817
4335,3,0,6,67.43157140664428,142.69620318838557
4336,3,0,3,96.53183514276535,32.91307530832831
4337,3,0,4,80.46547154793721,32.56455640107521
4338,1,2,5,80.75422166876251,137.27735630370776
4339,2,0,6,65.83600201437918,213.85585753001433
4340,4,2,9,87.22318135011776,25.7146274564809
4341,7,1,7,85.5624793379012,80.4213130758615
4342,3,1,3,83.32594088387737,349.82888492514417
4343,2,1,5,67.64093768076525,145.88539944840176
4344,0,2,5,79.62317764464066,41.16517237277846
4345,2,0,2,93.79213760192837,128.25342800896465
4346,5,3,6,64.94621265707354,112.56376347725018
4347,4,4,2,71.4970780624791,105.79292011539354
4348,0,1,8,89.35175237867271,246.52550925443046
4349,1,2,6,66.70332490874152,19.989094379525874
4350,2,2,11,89.79513924466154,479.50706884374404
4351,1,1,7,36.19489804536376,408.14899606411717
4352,2,3,5,75.24253690845661,10.0
4353,2,2,5,83.96084392172712,65.6118200146808
4354,3,1,8,85.63093592462853,21.30184341021575
4355,3,0,6,87.97695682206846,75.46729923825696
4356,0,4,8,78.31496509776295,39.977944128836185
4357,4,3,10,73.1018559802444,10.53726474701194
4358,1,1,5,67.36089407123868,112.64714807979644
4359,3,2,5,86.96235341356672,26.94912298422718
4360,5,1,7,76.76314346809005,27.15833234057975
4361,1,2,6,81.35400072604777,105.28101660952677
4362,1,0,6,65.26835210815858,99.60859857404273
4363,1,1,3,49.62294807876581,106.69640891225443
4364,2,2,7,70.15457308256151,31.905993217630098
4365,0,0,3,63.45923189447541,43.1883402855948
4366,2,5,5,60.30466808187245,128.92253927979556
4367,1,2,4,91.14580697296232,95.86322478544254
4368,1,1,4,97.81797538725364,56.242944398711934
4369,2,4,5,48.504895946317305,10.0
4370,2,0,11,60.15932311738297,166.3616465879615
4371,2,0,7,70.49751781461173,10.0
4372,3,0,6,59.43613835304446,40.03770844335168
4373,2,0,6,72.42926517977094,64.37104853660928
4374,4,2,4,66.45980456687931,346.1314778680127
4375,3,2,2,62.289577264592076,41.688152065426834
4376,1,2,5,72.08922355526374,600.0
4377,4,0,5,60.377349260078816,67.20207507597898
4378,2,3,4,68.68735869516229,14.487248458177357
4379,1,1,7,87.6573884077992,101.49045893953407
4380,1,1,2,81.97671650397443,10.0
4381,1,0,4,43.459035735427015,122.94153255080548
4382,3,0,8,74.92947087090852,10.0
4383,1,1,5,79.06178264626766,111.58860135380209
4384,3,2,8,71.95281616745322,187.71670386690346
4385,1,3,7,77.63607808578344,75.27977017312013
4386,4,0,9,50.739552055889725,211.6121237454935
4387,1,2,5,59.771824679782505,50.831700355616
4388,1,1,1,44.71538854647213,17.148959674392124
4389,1,0,3,58.041823079686154,91.57359631111056
4390,3,1,5,58.610347853087376,36.5453188501132
4391,0,2,5,83.67099764446235,132.6101888439025
4392,5,3,1,89.16841948483656,168.46432907607488
4393,2,2,3,60.20012725617534,12.533639500109144
4394,4,1,6,82.61160203694519,55.686284793311785
4395,2,2,2,64.10962747784173,83.24479323728968
4396,4,1,6,87.80689875692008,15.52673330937629
4397,2,2,9,56.640709551426596,22.3554737930083
4398,1,2,2,58.57218315077709,250.08956374577735
4399,0,3,5,90.94457355783004,135.5062729447167
4400,0,1,3,82.32810063551649,347.8334267140319
4401,3,1,6,59.94691436676432,10.0
4402,1,1,4,72.0975740342584,236.87964423767565
4403,2,2,7,47.57432420362069,219.24489677059552
4404,0,1,5,78.87198395670441,25.213729424723457
4405,2,2,2,87.42831317302624,285.5967098024927
4406,2,1,3,73.91825835106685,243.83711664215082
4407,1,2,3,55.289037766036444,140.52169100436012
4408,1,0,4,63.08405194865141,344.718275518392
4409,3,4,5,76.04705501257688,14.791012907321154
4410,4,1,8,77.89056737703078,26.94119433637618
4411,2,0,2,62.74675818020119,269.3412994195842
4412,0,4,9,81.5257420498045,261.25510743782013
4413,4,1,1,64.42400806576659,25.54532579447602
4414,3,0,4,81.15581830641256,92.54608194304194
4415,4,1,6,84.53451672152586,132.20884559243964
4416,2,0,7,77.85496712319996,82.03534881836748
4417,1,0,2,84.55040639557119,118.26088443492583
4418,1,3,8,88.65950514998356,82.089851520398
4419,1,1,3,81.86767382806609,114.12703897250542
4420,1,2,5,47.66231056914162,10.0
4421,0,1,7,76.99984642763788,90.1065214949014
4422,1,1,5,87.33844807650212,69.49446357655916
4423,1,1,11,81.46552869102813,127.76625120597451
4424,0,2,2,38.33380210300197,10.0
4425,3,2,2,74.75108077479078,91.78546324203296
4426,0,1,2,58.56091304849799,247.6711265883459
4427,3,0,5,72.38954811660166,98.50057806969834
4428,1,1,5,58.31546230167554,10.0
4429,3,1,9,85.56765846194031,368.5970950939844
4430,2,0,6,85.05644252540317,143.45720015385754
4431,0,1,6,69.02793277933574,35.99443683808255
4432,3,1,2,74.26573517696357,97.99506426635557
4433,4,1,6,63.85675971646953,90.2850757571306
4434,3,1,3,67.84473160780892,97.72716849157925
4435,2,2,8,68.42195219191531,10.0
4436,2,1,5,39.87571593656592,187.73902826731583
4437,1,2,3,51.223004304414474,28.90814280433806
4438,1,2,6,65.7125490221777,10.0
4439,5,1,4,82.26816292692672,139.9980162991028
4440,0,2,4,53.40660874113853,73.59924636241598
4441,4,1,4,86.0616961286982,10.0
4442,2,2,2,60.38975563112412,24.741398957018024
4443,1,3,3,43.415763323791836,271.1098120311283
4444,1,2,4,76.38927552002059,36.816033292846996
4445,2,0,2,40.97809939248885,43.53295808594091
4446,1,1,4,63.78364887188296,111.14268873058157
4447,6,2,4,76.40916592514762,82.88948893751595
4448,2,5,3,64.0749154930534,49.984155661003754
4449,2,0,2,79.04420145042702,46.624339769508914
4450,3,1,4,46.50312008838955,10.0
4451,1,1,4,73.20410491500213,130.24485215625072
4452,3,2,9,69.9206544479299,29.567966669268806
4453,0,2,7,68.23529799489482,105.50336566648433
4454,2,1,12,77.01067158464848,114.23214444210141
4455,2,0,3,65.29509360105068,298.3339028859372
4456,1,1,7,80.36300148344189,83.67354130337125
4457,3,1,7,91.68467532766681,74.05290840273317
4458,1,1,4,65.30039778457767,10.0
4459,2,1,8,63.73559731319316,118.54672319701791
4460,4,4,3,50.203916084701476,51.5893283170522
4461,1,0,4,87.21642736218573,92.65325900134452
4462,1,0,7,70.91827358094682,25.226834160219152
4463,0,0,3,60.01525541962975,64.25798971995962
4464,1,2,6,65.7883023834112,91.9347501880845
4465,2,0,3,73.57350156513802,41.174498912025385
4466,1,4,2,41.213468378555554,29.94981404481515
4467,1,0,3,60.629565684559736,451.2846654850438
4468,1,3,5,59.592450763233714,150.8737834862667
4469,1,3,7,73.43711308290163,78.06437051756718
4470,2,1,8,73.76000002671891,75.89216590090182
4471,4,0,7,69.80923855012409,124.65325825846377
4472,3,4,5,70.26476161753635,24.059946060583357
4473,2,2,5,82.58776591762512,44.9279021067961
4474,2,1,5,75.52805354876146,113.4047861582604
4475,2,3,9,83.8588605617957,81.61088795989244
4476,1,4,5,95.24874819257259,10.0
4477,1,0,7,62.80925424117862,93.00002233863441
4478,4,1,9,84.72628956571543,138.27137103999235
4479,1,1,8,87.87240362682111,36.19382204470357
4480,0,1,0,72.45642676286016,279.5136280584361
4481,3,3,4,73.12067482033711,34.86725993804974
4482,1,1,2,63.46406443267253,25.320650755531606
4483,0,1,2,75.56726952421516,403.81470439138104
4484,0,5,4,98.30055682822329,10.0
4485,3,2,6,71.91708985241128,50.64074321306547
4486,3,1,8,46.02034898203916,197.58500439394243
4487,1,2,5,56.59267990068324,58.78206311008267
4488,0,2,7,77.46092489452056,352.0846114522487
4489,1,1,4,75.06140353579855,91.18860391398253
4490,1,3,4,82.59196171979052,86.33742203667825
4491,1,2,5,28.499237921960212,223.20943441264902
4492,2,4,3,86.05601445117127,269.2214938638326
4493,3,4,5,85.36715274061237,49.97532628197522
4494,2,1,4,77.89160681789329,52.612647281931274
4495,1,1,3,86.6835346386713,161.36784675263502
4496,1,0,8,76.72181208018283,170.96596912821875
4497,3,1,7,82.77822291903607,61.362633873159695
4498,2,3,7,95.67119214310894,10.0
4499,1,4,5,70.53037574329726,59.80069003279708
4500,0,0,3,79.36104393639553,339.6930246123097
4501,3,2,4,70.61264015629845,277.4978225471933
4502,1,3,6,83.18309366908765,27.28433435561274
4503,2,0,2,64.6076209730278,107.70629495636315
4504,0,1,3,82.47815082572842,93.01646602030397
4505,1,0,7,78.55041154322807,150.20874338708725
4506,3,3,9,59.79790484683119,145.732185108525
4507,1,3,7,63.07792815727685,83.95615808148366
4508,2,2,6,57.69086191329485,35.60160345992144
4509,2,0,7,85.4847143195365,17.642300987356556
4510,3,3,5,84.12575517494835,136.34314956569872
4511,2,2,5,55.45655393539168,10.992109546463409
4512,1,3,1,70.74776262123585,195.28196275219526
4513,1,1,6,56.876152410765926,366.6363652495058
4514,3,3,4,36.30580970098645,51.92294548168878
4515,1,3,6,78.79571845706991,163.319313456006
4516,3,2,8,78.57234908647438,118.21880814084595
4517,2,1,10,63.21111057936316,76.02074857270415
4518,3,2,5,78.88388301845485,75.27252930228353
4519,2,1,4,75.07052654398343,28.05840851399311
4520,2,0,4,90.95842030096104,39.17479712955441
4521,1,2,7,79.23596282263757,118.50108235109796
4522,4,2,1,66.21224642170536,10.0
4523,0,0,2,96.29840214791928,35.11245520593168
4524,1,1,6,64.2933090438984,253.7315261538055
4525,1,2,4,48.33427562747318,88.6193209632955
4526,4,3,8,79.27377720501558,53.46941383025037
4527,2,1,3,87.68478079669892,53.770451008924546
4528,2,0,5,72.88287691286001,99.06301772471281
4529,5,0,2,89.93774431945653,223.96917309489535
4530,3,0,2,80.90730903267216,54.376344866476494
4531,3,0,6,79.79000739581907,180.5466154872167
4532,3,0,5,78.03371810117304,16.32026519142545
4533,1,6,5,66.58082483373309,309.6326833391277
4534,4,0,6,54.82959693377807,333.66152688402195
4535,1,3,1,52.27326025329232,44.08363528857563
4536,2,2,10,85.37664481721463,241.6311778570355
4537,0,0,6,58.9251435397401,90.77851439980735
4538,2,0,3,76.0479562371837,20.48757503033858
4539,1,0,5,85.95517593617679,161.97991662223717
4540,3,1,7,50.89278017099983,227.6860155791563
4541,4,5,7,77.31044701102735,10.0
4542,2,4,10,66.88894934318216,114.63630677976947
4543,1,3,3,66.67658387281168,306.71404325599644
4544,1,2,7,77.43035508338048,22.884625034276997
4545,1,2,4,80.30369498548086,111.90731450401886
4546,2,1,3,87.39349682546079,34.47724035448683
4547,1,0,5,68.88711314831764,476.5307683780888
4548,0,2,5,86.72761006010703,36.214841789098536
4549,3,4,2,61.284570670127195,83.50540564242787
4550,2,4,4,42.36703348540844,402.9999091426141
4551,1,1,5,61.1270443451325,353.7993384208386
4552,2,1,5,65.00015823282851,236.02989725670452
4553,3,1,5,90.048759366941,294.8040721085591
4554,1,1,3,53.97624253940009,52.181403100654784
4555,3,0,5,71.70868481055727,62.75254410702011
4556,3,1,3,64.04966445699337,385.8929193090104
4557,2,1,9,75.81147844126048,222.5246434968111
4558,3,1,3,88.85357146688978,28.620448470406174
4559,0,5,8,65.1391302755737,50.46562502054046
4560,3,1,8,72.73999239937824,61.85720472431995
4561,1,0,3,82.08825918245078,10.0
4562,3,2,5,52.82024646297446,31.377496727935807
4563,0,0,4,74.97100708215129,157.4614445488828
4564,3,4,4,74.41547364098172,24.04170556185462
4565,0,1,3,60.789975860237334,320.34093605340036
4566,0,1,8,69.52248923516285,10.0
4567,1,0,5,60.483084580741895,50.16629076687747
4568,1,1,3,84.26399022167243,132.94660932342651
4569,3,1,2,82.67336332870624,16.19274699976237
4570,3,2,7,84.78641446791704,106.18963637386956
4571,1,4,6,75.23246809864888,143.90619095299112
4572,1,1,6,84.37046209694896,102.15608274835816
4573,1,1,7,83.12451104708262,10.0
4574,3,1,2,61.60135350353308,10.0
4575,3,1,2,83.53494997729533,10.0
4576,2,3,3,77.04544356337792,159.861678018804
4577,0,1,7,82.15539789413245,104.79217084352321
4578,1,1,5,77.59657921332649,36.47810029370952
4579,3,2,9,30.22314906409055,19.17195496226664
4580,2,3,10,68.5460577184673,38.08030513174203
4581,0,3,7,62.44219558315899,213.65496563041128
4582,6,3,9,95.62183614593562,32.850727003788535
4583,2,0,5,61.09732408472338,10.0
4584,1,2,6,47.35387242244508,145.2977188848285
4585,0,0,3,78.36996589541985,113.41591084904262
4586,1,1,7,59.09607641170752,475.17308910809874
4587,2,1,5,67.20933581954857,95.273575555274
4588,1,0,3,73.73576181653547,130.94424710179945
4589,0,0,5,83.39443144222368,10.0
4590,5,2,6,74.83234230096498,277.48621462070156
4591,1,0,3,73.93455452427004,97.92401970389915
4592,4,0,3,88.75800760477046,93.28557980292658
4593,1,0,10,78.97927338988677,85.22523851146661
4594,1,0,12,68.2732409549526,113.86496619092651
4595,2,0,2,80.21978622900909,465.94998030747666
4596,4,1,6,81.29527090318643,98.62825072978421
4597,0,2,10,67.34440559871882,133.75846254673115
4598,2,2,6,86.8364068110311,320.5556527412902
4599,1,2,2,73.41191925349247,14.907299331993336
4600,3,1,9,64.79950391846762,118.51876081134759
4601,3,2,4,73.21658823553405,73.8576383707448
4602,6,2,8,63.46382616795844,104.87469343707795
4603,1,1,4,92.20633522891836,10.0
4604,2,1,5,49.91229658713062,307.0944930919667
4605,0,3,6,87.62513855569168,10.0
4606,3,0,6,57.45978297052646,156.74050020345797
4607,2,0,2,87.57402587263043,51.6458652251702
4608,2,1,2,76.79143501484809,265.92086557849717
4609,2,2,5,62.96878274556147,271.95551897815324
4610,5,3,4,79.8460454363531,54.746247017374365
4611,1,0,2,54.20475989207062,91.80462822699349
4612,2,0,6,79.33463810813677,16.492053537978787
4613,2,5,5,84.00849679032589,227.8403709068295
4614,1,4,7,82.45096574954441,194.5630175657337
4615,3,1,7,92.03330477656189,148.59919220471417
4616,1,2,5,82.84866044467718,44.096418859659856
4617,1,2,3,74.13399435071565,38.910038758237654
4618,1,1,8,55.348138156229574,10.0
4619,4,2,5,55.89840324397641,121.59892851363145
4620,0,0,6,64.16034175738287,99.65002563978202
4621,1,3,2,57.53233051286308,573.5288792974595
4622,3,2,7,85.26941656906185,116.40818194135656
4623,1,1,7,69.83859373713584,87.12745012489924
4624,0,0,7,85.56880163886365,11.168996378876974
4625,1,2,5,75.74916451209877,129.9350247067247
4626,1,2,7,78.93773442804795,229.9264908928283
4627,3,2,6,65.92809036513721,600.0
4628,3,0,4,85.42987970036268,196.54217818952543
4629,1,1,5,67.31597792581508,151.08874585822005
4630,1,2,6,62.156496757463955,208.16071733393977
4631,1,3,6,67.76995135428639,219.77558711240005
4632,3,1,5,80.18067329517496,76.97109631608267
4633,1,3,3,63.23317822753462,18.885103582047627
4634,2,2,10,61.24426907699908,65.1201335271949
4635,0,2,7,82.0498472196122,78.27208505305902
4636,1,1,6,74.98849664772709,10.0
4637,1,2,2,76.6958379773073,80.94479439505288
4638,4,1,7,55.88806644811024,54.46208678027561
4639,4,1,5,61.35467121366901,218.11750736188014
4640,1,1,4,64.14612507990121,10.0
4641,2,3,8,58.781151596286726,104.13775508281364
4642,1,2,3,55.96100488418887,194.53818414769734
4643,1,1,2,71.76155535135851,17.47697156505002
4644,1,1,2,75.29668392849119,77.70177388664705
4645,3,2,4,80.74448766773996,374.31667803734
4646,1,1,2,57.05876712730274,52.78850685977154
4647,0,0,3,63.20379167009025,518.7252204279575
4648,3,0,4,80.59977926970306,37.09030414531392
4649,3,2,8,81.69433646292437,331.08039071134715
4650,3,2,7,60.47479225255626,148.03433693519506
4651,0,2,5,87.26425926333938,10.0
4652,3,1,5,78.35950948380427,354.067068276225
4653,2,2,3,73.07267969625309,17.791174648904516
4654,2,1,6,83.29371107357638,365.3053208993287
4655,1,0,2,49.18382139481305,10.82156048443643
4656,4,3,3,64.23394674957026,141.09441008229203
4657,1,1,5,67.69263884925047,284.3773636827467
4658,1,1,6,69.18236972462063,141.48122458442418
4659,1,3,7,84.65336959310243,284.04175875195114
4660,1,1,4,60.36901195929288,161.20003091369114
4661,2,1,7,55.82711501001904,30.313835405264676
4662,2,5,4,62.911458112144125,12.157754334928981
4663,4,1,5,71.99608754452392,111.23580446526648
4664,4,3,5,86.73385293295277,289.74117720284676
4665,2,1,2,75.84294896306862,20.31911939536832
4666,3,1,10,80.38176079097546,147.6365804752923
4667,2,1,2,86.14362925313497,11.616194516742233
4668,4,4,5,83.92257097765119,35.64217026994444
4669,3,1,10,65.06836865233625,529.0999022143953
4670,0,2,8,63.89000697883179,53.82134457915267
4671,6,1,2,45.8160621171451,44.89262687319452
4672,3,2,3,79.65781887341294,67.02077426146347
4673,0,3,3,89.85956018761169,22.572581947684135
4674,2,0,4,81.98120273235075,57.31729397025239
4675,1,2,3,60.81484808030409,55.91374703603725
4676,4,1,4,45.95682085960915,60.79637152529829
4677,2,1,3,78.398316150088,30.795158988456873
4678,3,3,7,47.003419305348814,19.039426318472305
4679,1,1,8,63.25444659660664,31.138532970520853
4680,2,2,4,90.3619007561418,120.14860462756162
4681,1,2,4,56.640539882444926,26.445821402886985
4682,1,1,4,72.80936220436107,412.9190112227442
4683,1,2,7,69.9467479439387,219.88037233228377
4684,3,3,5,36.50002071294834,145.44207552365432
4685,1,1,5,78.27629886223161,539.6851638325106
4686,2,3,3,37.71340901667656,322.6825341924842
4687,1,1,5,60.068310532609836,157.45591017043256
4688,0,1,6,64.92716652774575,92.65423315405799
4689,1,1,6,82.891798353179,150.12651660389824
4690,3,2,3,79.94405691453873,128.85433224238497
4691,2,2,4,51.29843231297067,132.03806568089462
4692,1,1,2,51.60066988045862,82.08872169847932
4693,3,2,7,75.57309829630016,13.552577050005379
4694,4,1,6,55.32494496821793,600.0
4695,1,1,5,60.75738049550712,92.32078321702134
4696,1,1,4,79.60831075523022,28.542631917274107
4697,1,0,6,73.76218920008425,244.19121155810328
4698,1,1,5,59.24532242273839,70.10768322879913
4699,0,0,7,67.96042721680536,157.9883945487758
4700,2,1,6,65.43865766851195,10.0
4701,1,0,6,67.07585438762914,265.503139665684
4702,3,0,4,36.21248107566867,143.53856819052635
4703,2,1,4,89.76081942403876,290.23965349286254
4704,2,2,6,92.99841918259273,50.73389629353584
4705,2,3,5,86.83860727638375,158.0291168198305
4706,1,2,4,45.396119037308985,186.42947819637732
4707,1,2,6,68.14599093437624,13.305627379767536
4708,4,1,4,37.71184137307726,221.81446231322917
4709,3,1,4,85.68108715189656,146.29009765896126
4710,1,2,7,48.81346449333493,40.37946401038311
4711,2,1,5,80.7320735480632,38.97559103385645
4712,3,2,2,62.11940401075468,210.7509550991765
4713,3,2,6,83.04721183392613,316.0553004128615
4714,2,3,2,76.19841271570168,64.42865828731047
4715,4,0,5,71.17273383804546,203.89297438495268
4716,3,2,3,82.78869495647952,85.47972038912677
4717,3,4,4,78.78835562208111,343.2930246293917
4718,1,1,4,46.120081744121535,180.8589627320818
4719,3,4,7,62.954479476458616,41.60059026638748
4720,1,0,6,76.6038031623777,15.516482774785858
4721,2,1,3,43.58900271323055,99.71986679499491
4722,0,4,1,58.640565656228574,38.50834751143893
4723,3,0,2,77.3631177016789,44.65010720162545
4724,1,3,6,76.58835947819354,85.68246484559585
4725,0,3,3,78.39525866760356,166.63275876963738
4726,1,1,4,71.17961374027132,71.2602458177284
4727,2,3,4,81.85654360015697,10.0
4728,1,3,6,63.02279713193233,36.3705372159156
4729,3,0,6,76.38000689292681,323.3518889246941
4730,0,3,3,71.30155128781446,473.1496525080242
4731,2,0,10,52.353519949133634,294.51732029383464
4732,1,1,0,87.25722672864458,308.9493427066755
4733,4,1,6,79.51994138769534,10.0
4734,4,2,4,72.9845582297275,102.651578732335
4735,5,3,7,66.44047827903421,283.3348516671976
4736,0,0,3,49.57348361151021,161.11451022047706
4737,5,1,7,53.514439282289814,107.14798150689396
4738,2,1,6,45.146556266975445,98.30006645509926
4739,3,3,9,77.50791348065273,13.902554723869988
4740,5,2,8,67.45864726390158,85.21481013206521
4741,1,3,7,78.19445474958052,67.91257569551517
4742,0,2,2,81.2211823871276,91.84239869651643
4743,1,0,7,81.26924352522656,10.0
4744,1,1,5,53.48646394896627,128.53760237074601
4745,4,0,6,88.59540480330281,257.1423708802553
4746,1,1,6,67.4258626375162,31.02497306866593
4747,3,1,6,79.2434029499507,42.1758342704038
4748,3,2,8,86.41275116140042,10.0
4749,1,5,6,97.39889653671383,25.074307706368323
4750,2,1,7,68.29816904742624,107.95346974527402
4751,1,1,7,57.56335004847001,24.41439879723372
4752,1,0,4,71.62514253390025,89.77554456197409
4753,0,4,5,63.60239409611712,36.338629601641706
4754,1,1,4,90.75676251780617,31.055765033523308
4755,3,2,6,59.74908353539018,158.110813391661
4756,3,2,6,74.63848449780936,30.495966858934114
4757,1,2,9,77.59094139618065,50.81681502856983
4758,1,2,3,57.40390404749832,99.16035997347366
4759,1,2,4,85.97549643915427,263.95509967895543
4760,4,1,6,78.48575405995261,70.31825223902841
4761,3,0,5,81.49684060267542,40.53513957301475
4762,0,2,8,83.44643688565984,46.48255204259102
4763,2,1,5,75.61415183756087,140.68450416776653
4764,1,2,6,62.484994127340634,10.0
4765,1,1,1,58.01245943224477,32.265855258466196
4766,2,0,3,88.52509177113845,27.104433677439925
4767,3,1,6,72.21087578336873,163.4327226954673
4768,2,1,4,87.57307837608157,44.21956362303911
4769,4,3,7,80.8231848437014,16.71747663215373
4770,1,0,5,68.44407681271136,27.06626430171252
4771,4,3,8,52.275247938142385,319.3251263475851
4772,0,0,6,68.99637464292738,68.2812755325041
4773,4,1,7,61.48028179529717,56.085935153369846
4774,4,3,9,62.71401848601319,72.63671945022517
4775,3,1,7,66.71858911567007,260.4574463750501
4776,3,3,8,80.89952149365455,355.4006623352409
4777,3,1,5,58.313125024779644,92.50595512265471
4778,2,0,7,62.63056755807471,210.87291698816307
4779,2,1,4,89.89965600778092,201.14359806551633
4780,0,0,3,80.39485321025589,98.36462955035263
4781,5,2,12,76.83486878849874,142.1055157606771
4782,5,1,9,55.490057224488446,22.246268513563653
4783,4,0,6,79.9615037234421,10.0
4784,2,0,2,88.51104019696709,55.88438628201791
4785,2,2,7,74.4189573752258,16.47588043272196
4786,3,1,5,76.11621772937647,103.07350060648635
4787,2,1,6,58.462540884212245,30.68370519196915
4788,2,0,5,40.876313232270775,137.7952158021696
4789,1,1,8,89.16230948665445,12.905598832169153
4790,3,3,6,49.80910422710957,175.20786181383363
4791,5,1,5,64.14738841178776,113.71511838048002
4792,1,4,8,71.87414742146925,10.0
4793,3,3,5,82.48866512376901,10.0
4794,2,0,8,75.11139962742394,81.91342042830387
4795,1,0,1,69.6283963360263,10.0
4796,0,1,0,91.18663742402263,224.9567846074478
4797,5,3,6,53.04393996067422,128.19060011042592
4798,1,0,6,40.3463751320194,98.34261196986323
4799,3,0,5,84.42101873334782,138.0625927359286
4800,3,3,2,73.58954004899147,24.38355600796232
4801,2,2,5,83.22489860821965,34.3214993057086
4802,1,0,4,63.487808712454616,91.3124645315951
4803,1,1,4,61.76672822052887,55.63580040624698
4804,3,3,4,73.08043784162001,10.611082477696009
4805,2,3,5,75.64441188362201,154.19802444377066
4806,3,1,11,69.32875837897336,97.50699177341987
4807,2,1,6,77.37407422491569,85.10384217276054
4808,5,2,3,71.5579150531037,20.787627488821883
4809,2,2,4,60.18047587195422,236.34377235192665
4810,2,3,5,81.40691148247556,153.7658493232297
4811,2,0,5,67.27917685226988,39.91908552768889
4812,4,1,0,69.36704226937043,10.0
4813,2,0,7,66.2500762071663,59.789384078548665
4814,2,0,5,51.867042179315995,42.891219758801704
4815,0,1,9,86.02295353425772,185.60716317682682
4816,2,0,6,71.17306510132141,19.132507057097186
4817,2,3,8,55.83358422356063,10.0
4818,1,3,5,64.63548017781655,10.0
4819,3,1,2,77.47093326047624,51.099864350866476
4820,1,1,3,71.81398934537293,106.52216510578968
4821,5,2,10,80.05629894103727,61.56855443574586
4822,1,3,5,40.00065288668337,36.86109974493291
4823,1,3,3,90.20718141741642,79.36702438605747
4824,0,0,7,82.14715458451052,265.47830512549797
4825,3,0,5,72.50329097233644,15.663871276284251
4826,0,0,2,87.04595152786692,18.734825065664403
4827,3,0,4,50.24825300982595,209.6266348229991
4828,0,1,3,74.68968541913429,238.30482346486934
4829,1,5,5,57.42031776319696,165.7411740594333
4830,4,0,5,86.41651213708853,10.0
4831,0,0,4,66.8634104237579,114.72738484004203
4832,2,1,3,53.54791957561484,537.682324644976
4833,1,3,2,73.80975897241979,98.98776978457825
4834,2,1,3,76.39628103707508,150.47234410283687
4835,1,1,10,77.86615738481356,32.45532247258475
4836,3,2,3,65.87995452008177,10.0
4837,1,1,7,69.32371391364454,152.0251094994606
4838,5,2,4,79.80398628988281,239.2706733329792
4839,1,2,4,37.35557222605947,278.20877380538207
4840,4,3,6,80.17442901672679,310.11122781899365
4841,2,1,4,84.43987864180882,73.41617686809856
4842,4,1,3,73.89220537972444,11.579800636721206
4843,2,0,8,71.57478935228941,326.0363488267264
4844,4,2,4,71.22046764319383,480.64234198719714
4845,1,0,9,65.78388125427959,42.90122317475506
4846,0,0,9,44.08037536516719,50.299539273910646
4847,3,1,4,86.39960272686761,34.91384589264734
4848,2,2,2,58.75440412552596,188.58362751413216
4849,2,0,9,81.75831390073415,10.0
4850,2,2,7,39.63356155128285,10.0
4851,2,0,4,68.46884158741445,265.2982919878984
4852,5,0,7,68.26567361587415,31.355799701117743
4853,2,2,6,85.09219120710021,166.52089129224245
4854,3,1,4,80.5373716080854,40.28604005561783
4855,0,2,2,87.70504930925101,159.3188555233344
4856,2,1,5,77.44272638713082,101.49484601026042
4857,1,0,3,47.99875816356549,31.854512226308778
4858,1,2,4,71.54859464419091,566.7653781756615
4859,3,1,5,85.69570014032477,128.46989801795974
4860,1,2,7,66.54964002836726,84.47436442608013
4861,4,0,4,69.66118755208124,86.0280234919044
4862,3,3,4,61.98675635583037,313.41034673003526
4863,1,2,9,82.52464083387952,29.47447642736855
4864,1,0,2,67.68806985837314,570.9669723612528
4865,1,1,2,63.03579624997943,253.96821774167285
4866,2,2,4,86.04703696171624,121.71962656984289
4867,3,1,5,76.853968642367,69.9191214462961
4868,2,3,3,56.26345862437765,155.41388686130054
4869,0,3,4,67.36254100339602,163.29778695540983
4870,2,0,7,42.319313329909065,139.71076460797408
4871,2,1,8,63.79159073051189,181.27601266595693
4872,2,0,5,90.92865156096104,102.54990456070526
4873,7,0,3,44.812495514902245,29.901579410363695
4874,1,5,6,63.63595151477054,21.45837912706425
4875,4,1,5,40.87623437606293,96.6342993148183
4876,3,0,8,52.805537684215096,103.8248173264391
4877,2,2,2,61.8464067730662,37.357685047610886
4878,1,2,2,77.60265271074842,243.67386308993093
4879,6,2,4,78.34937245434968,205.0893061988197
4880,3,3,9,52.58850228521096,10.0
4881,1,0,5,60.65381173115697,290.81415333458574
4882,4,4,4,60.02546511101807,151.8202611880154
4883,1,2,2,78.28349420903596,35.52581502240792
4884,2,1,9,53.80681438563458,40.435050288981046
4885,2,3,9,85.74177938714213,283.19854625777043
4886,1,1,3,71.75730625683633,10.0
4887,4,0,7,74.45846204470274,91.27422329062192
4888,4,3,3,77.38330017191184,114.22370520687403
4889,0,1,5,44.00607682841669,211.99398573963606
4890,2,2,5,85.68646689021749,251.27688652205092
4891,6,3,3,62.511011228708355,160.6857855707645
4892,4,1,4,77.71290473008149,152.40047295241965
4893,2,1,3,64.17859757262377,334.9436693264914
4894,1,3,8,78.75313837848547,63.60686144927965
4895,0,0,3,94.71218292233507,92.99290527163315
4896,2,0,2,78.35291817949431,470.7020228020059
4897,1,0,3,92.75556391482446,90.35592887840991
4898,1,0,5,81.67250939982239,174.32325217587527
4899,1,2,4,77.07288837294676,110.4367535248069
4900,1,0,4,71.19471116918339,17.098413776778447
4901,2,0,2,74.76460728086852,10.0
4902,0,2,5,56.89618955057687,276.89885945999083
4903,1,0,2,72.97146863051603,426.14771376818896
4904,1,1,5,60.31114329101843,29.91305764280905
4905,3,0,4,74.54077214239521,172.2527039095903
4906,1,3,5,68.27819902021547,54.323603348414906
4907,2,2,2,76.89211106546351,168.84191301115513
4908,4,1,7,54.08595588037037,189.04113711544508
4909,1,2,6,71.82174511126976,154.4675692813886
4910,2,1,5,82.8128141941898,27.724134669198868
4911,5,1,5,38.1193443621881,70.54897643295344
4912,0,0,3,77.52899092970492,11.325209935554192
4913,1,0,6,68.38928285515104,39.32283193513692
4914,4,3,4,52.5476626046617,81.49481413724067
4915,1,2,7,75.8771852534589,26.768060958604675
4916,1,1,8,60.03849326583735,17.286847541925358
4917,4,1,8,76.39263802209895,107.39965536843691
4918,1,1,9,50.333351437743175,131.55857538133512
4919,2,0,7,85.61504409260993,16.147925069291666
4920,1,3,5,90.21411518656637,194.18224339288156
4921,3,2,2,88.11982504689638,18.035283780334193
4922,0,3,6,74.53627627723246,140.73014201918681
4923,1,3,7,83.8390385040785,162.1797688301129
4924,1,0,5,74.14369974207716,60.483826460745206
4925,3,0,1,74.13069116715522,361.8132347120737
4926,5,0,11,39.30692905242408,10.109196083534188
4927,1,0,4,76.817796971845,10.0
4928,1,0,5,73.54506847311409,17.22069006635965
4929,2,2,4,96.91478270802904,292.84684916982553
4930,2,1,3,97.72050486042868,53.21077950310494
4931,2,1,3,50.24094298352022,59.76922145780606
4932,0,1,3,78.69878855704044,78.68890262223493
4933,1,0,9,54.15150634474985,165.16365270172875
4934,3,2,4,79.13637943215332,25.756498646316278
4935,2,2,2,70.4692008521052,10.0
4936,2,0,3,86.7655772917046,444.77269740281685
4937,0,3,3,61.31543483927242,123.26214756408874
4938,3,1,3,87.56463300782451,38.90153531077779
4939,3,0,1,92.6927231002822,101.60461408283989
4940,2,2,9,52.81377744082156,36.07054672160529
4941,3,2,9,77.28177068109844,28.222236551938717
4942,3,1,2,81.12259842243763,33.63776743741304
4943,3,0,4,77.33727367050733,16.23372658941821
4944,0,1,7,75.370667097924,26.47849639694233
4945,2,1,6,91.81227190264927,26.494314535956953
4946,0,2,8,69.03232457300173,121.58951110907537
4947,1,0,3,76.08736118477674,162.04573517319523
4948,3,1,5,89.12134037672104,41.113906518096414
4949,3,0,7,47.79796291301803,244.4304522932132
4950,2,1,5,55.810442013661735,19.36119417505816
4951,2,1,6,65.97484342240682,204.41723537715794
4952,4,0,4,39.347226698438234,63.12227537757604
4953,5,2,3,71.25380725929662,67.81116607534136
4954,1,2,14,61.444461776946405,70.44232392136817
4955,2,3,7,80.18459733746884,204.19058709196517
4956,2,2,2,61.527931217731535,11.51822150765527
4957,3,2,2,80.28249713973914,232.94362359485086
4958,4,0,1,58.3641866425199,88.08191029526883
4959,2,3,4,92.20852840387911,10.0
4960,0,3,3,73.2729802557856,49.71097073816848
4961,4,2,3,74.54851149860514,10.0
4962,1,2,5,67.47892281724327,59.873055957141396
4963,0,1,1,58.38802934303652,69.69183582750375
4964,4,0,4,63.560594772390374,80.1731160817535
4965,0,3,4,58.6449067390509,202.24384219896086
4966,1,2,5,81.076473383549,160.57368054082767
4967,3,0,3,65.66049076918358,72.69206276150061
4968,2,3,9,73.94600404446115,105.41615849379116
4969,1,1,5,66.8952809888858,58.93557393032609
4970,6,1,5,60.71666463374535,396.01240196017295
4971,0,0,3,57.95705087287464,34.14676834123793
4972,0,2,5,64.06486332023174,233.61817726315516
4973,3,2,6,63.85904467858526,10.0
4974,4,1,1,81.7916583961147,295.38639835395963
4975,3,2,6,80.69500300780415,97.71254984104982
4976,2,1,5,41.356198735099255,69.73609906073449
4977,0,2,2,71.72053949197154,42.54668940030495
4978,1,1,2,70.05629250661366,449.25202033446925
4979,3,1,5,62.77801007673624,62.76639216614023
4980,3,0,3,96.91705279732476,73.7617090479149
4981,4,3,6,56.70089835351405,78.6388854865104
4982,4,2,5,74.66513839996142,46.917709726231635
4983,1,0,3,47.29485715594547,117.60634760638781
4984,2,3,6,77.22926466589131,137.02849576862047
4985,3,1,9,50.26712998445638,21.353371310041677
4986,4,2,7,71.26466525415672,120.00160834738051
4987,1,2,8,51.79577488034409,112.11005866983267
4988,2,2,6,68.24051636714107,27.06651719505806
4989,2,1,10,63.370162272480556,67.55416307098199
4990,0,0,5,92.80305652357103,167.26279779151346
4991,1,2,5,80.98827916515582,294.6080941322019
4992,3,1,2,48.35731413559303,13.035691863122322
4993,0,0,6,70.16890335748022,109.36158701072834
4994,1,1,7,66.34479271215542,227.03462978923338
4995,2,0,4,78.71912205243493,151.9891540021969
4996,1,1,4,50.73537704249493,30.622429691691245
4997,1,3,7,77.19094669502124,47.83335408630758
4998,4,1,8,73.94114535296188,71.81317969830236
4999,1,3,9,84.46818979162694,235.10049521387265
5000,1,1,6,66.71353518918646,119.06962201850102
