StudentID,SleepHours,StressLevel,ParentalInvolvement,InternetAccessQuality
1,6.058190517985622,1.0,Medium,Average
2,6.717266492503831,4.7884785619508365,Low,Good
3,6.798544609808725,4.591590484882616,Medium,Average
4,6.088873398250861,3.649737982834446,Medium,Average
5,7.080707825854176,4.159140139540892,Low,Average
6,7.360711898600332,5.839796512475405,Low,Good
7,4.472623521821767,5.47322986441581,Medium,Average
8,7.166003689072601,1.8101726764222903,High,Poor
9,6.123792840604815,3.596388660055753,Medium,Good
10,6.345934970576021,6.13004287938923,Low,Average
11,5.482690132717094,5.180315562982353,Medium,Average
12,6.2232456523267325,5.685645823971272,Low,Good
13,10.170925892533988,6.656374387955542,High,Average
14,7.545040288636142,8.486840070472745,Medium,Average
15,5.297624022954494,5.625609089411281,Low,Average
16,6.957034343262808,5.828379286807513,Medium,Good
17,7.502634801129235,3.8664372589211804,Medium,Average
18,7.16133650197469,2.8756628601204857,Low,Good
19,7.085983050836871,6.759187272704789,Medium,Average
20,7.864191100538114,5.614942297571474,Medium,Average
21,4.160441939857411,4.116936868428801,Medium,Good
22,8.342752344823715,7.897379125906378,Medium,Good
23,6.605711763493101,6.51003856227549,High,Good
24,7.309736211566779,4.632481758828344,Medium,Average
25,5.8689769815120245,5.101788010237936,Medium,Average
26,6.535122935213473,3.4738994157561542,Medium,Good
27,6.835536982757049,6.770237294644644,High,Good
28,6.256736421804427,3.1376246646609096,Medium,Good
29,6.061618502937964,5.273029133658715,Medium,Average
30,5.023885125180293,6.358524885858433,Medium,Average
31,5.006418888076826,5.793025410905294,High,Good
32,7.100104113643779,5.872329086183401,Medium,Average
33,9.01891143396715,3.4302479315350785,Medium,Average
34,5.926529732290295,3.8193311599862305,High,Good
35,6.977203382493398,5.204589847086882,Medium,Poor
36,5.835095567638673,5.499511037871331,Medium,Average
37,7.234646603686372,5.044348400136544,Medium,Poor
38,4.642348775369905,4.744668001980537,Medium,Good
39,7.048953753677795,5.764209793839317,Medium,Average
40,7.157084498611379,4.945116427735039,Medium,Poor
41,7.392947141767257,4.2467239085398205,High,Average
42,5.54174758786888,3.030934301234049,Medium,Average
43,4.76615043656456,8.581160785494419,High,Good
44,7.319484297207605,8.109888596017958,Low,Good
45,7.264876980371754,5.4221284896016515,Medium,Average
46,7.045425302524119,6.168009429433864,Medium,Average
47,8.14011293979449,4.216700065751399,Medium,Good
48,6.376001621039677,4.281334561482805,Medium,Average
49,7.082332011634267,4.508726753014797,Medium,Good
50,7.707572776742586,6.487350117174371,Medium,Good
51,4.78916339136371,2.6406924259355704,Medium,Good
52,6.352039361500171,5.584186480281531,Medium,Good
53,6.309662545905352,6.32851013839371,Low,Good
54,8.520754818614039,4.740579430592171,Low,Good
55,6.282940161036424,5.693406195472065,Low,Average
56,7.794356538739564,3.577018118533017,Medium,Average
57,8.090755970135918,5.08293946418978,Low,Good
58,7.828403099610565,4.329490160211141,Medium,Average
59,6.441315552555933,4.766916432304317,Medium,Average
60,8.19522948851875,6.1629469944778865,Medium,Average
61,6.027894382595882,5.153132463106962,Low,Good
62,5.778097841290264,2.6837384777579514,High,Poor
63,6.549105306343391,3.3146246497925924,High,Average
64,7.6467458719628905,2.9124304279090887,Medium,Average
65,7.887706433465194,4.386902099303809,Low,Average
66,8.573919260400405,5.508671250232365,High,Poor
67,7.4084023505547885,2.1185220317825797,Medium,Average
68,8.148496007983283,5.074933304433799,Medium,Poor
69,7.468846496541831,4.601534587749216,Medium,Average
70,5.916478998984233,6.216248760565063,High,Good
71,9.039119732927613,5.5899727586344525,Medium,Average
72,6.100080935165433,6.036417608541949,High,Poor
73,7.248500567639308,6.081759688889014,Low,Good
74,7.721951830991087,4.2910318017941,Low,Average
75,5.4726157828722,4.527472511326535,High,Average
76,6.0888835669376,3.679417303657236,Medium,Average
77,7.392986029725916,3.917383183826745,High,Average
78,6.718525525743345,4.660439014225403,Medium,Good
79,7.471559370532111,5.182612285222678,Low,Poor
80,8.136935507437624,3.509860558474668,Medium,Good
81,5.025050490998743,6.761196050817249,Low,Average
82,5.140022020027433,2.1999368443233833,High,Average
83,7.285207784798506,4.788401643074197,Medium,Average
84,6.5352196614921505,6.397757517842972,High,Good
85,6.218283559639488,5.232649490547348,Low,Good
86,6.780829053143533,1.5942833294880505,Medium,Average
87,6.949680532076283,6.697778726799079,High,Average
88,7.557973182670269,6.772804071238658,Medium,Average
89,6.5174487441574245,2.783295881231046,Medium,Average
90,7.108926435470539,5.1510076650255865,Low,Good
91,6.683941755639122,6.224528886702133,High,Average
92,8.17885284078,5.842263327542371,Medium,Average
93,5.458285414008985,6.656292292312871,Medium,Good
94,6.1622727311885335,3.269111686439385,Medium,Good
95,7.265706377523934,6.110115902826166,High,Average
96,7.6717240448838835,2.1695991279672167,Medium,Good
97,3.9648532226447055,4.187793475186657,Medium,Average
98,6.974701083272794,4.899932608339943,Low,Poor
99,7.254904101287642,3.123631083858216,Medium,Average
100,8.466902608096344,3.1227014613740134,Low,Average
101,7.3876883921296015,4.918776086141615,Low,Good
102,8.05972821265627,3.4641438599011174,High,Average
103,5.867805962352099,2.0101033882206067,Medium,Average
104,8.641377646870447,4.41011471796009,High,Good
105,8.725421379520407,5.731153954804035,Medium,Average
106,8.511281429925491,7.1760393847623964,Medium,Good
107,7.897761592425729,2.6405925040817455,Low,Good
108,5.886031477131763,3.05045750831354,Medium,Good
109,6.337684963287927,5.159961627801178,Medium,Average
110,7.111265304392395,5.772446660678821,Low,Average
111,7.794011207930653,9.096010129586144,Low,Average
112,4.0306464661530725,3.2032284758490253,Medium,Average
113,7.852722627767808,4.829596173137605,Low,Good
114,4.5394983982269625,5.455074549338309,Medium,Good
115,8.019815714163055,5.087738151075223,Medium,Poor
116,5.853216845054984,7.859899370757207,Low,Average
117,3.192661536101621,4.089831657681255,Medium,Good
118,7.245653049210295,3.984586029847783,Medium,Good
119,6.745137991123924,7.136521726419588,Medium,Average
120,6.053039315160869,2.684095766630189,Medium,Good
121,5.438052488032639,3.92494344243938,Medium,Average
122,7.086517403439333,5.408740827279981,Medium,Average
123,7.045785175347518,4.603153848440011,Medium,Average
124,7.208172347003416,5.734015681978373,High,Average
125,6.141922482179462,7.773108144823134,Low,Average
126,9.538199139347059,4.908842079995797,Medium,Good
127,7.7151159419829405,4.085732662152474,Medium,Average
128,7.362879653543451,5.087291228432119,Medium,Average
129,6.292745585032019,7.091825691860041,Medium,Average
130,6.0954225793288845,7.19517991340747,Medium,Poor
131,7.848255605984335,7.609681076555605,Medium,Good
132,5.47327692286345,5.360789856383701,Low,Good
133,8.986244450308746,6.825016736487529,Medium,Average
134,6.3786236274148544,6.499358354207258,Medium,Average
135,6.831999358343143,2.9632712841395206,Medium,Average
136,7.109449504294356,5.221920410468101,Medium,Average
137,8.423701818829434,4.651107728187249,Medium,Average
138,5.444212956664147,6.165261790173814,Medium,Good
139,5.817892110226566,3.173248855503007,Medium,Average
140,5.937833647702492,4.151379200307585,Medium,Good
141,9.635264054777554,6.080579781144568,Medium,Good
142,6.096702749596082,5.138565930496398,Medium,Average
143,4.227055082363661,5.37268699843083,High,Good
144,7.243879787487477,5.391462906968308,Medium,Average
145,6.576433279135788,6.603374659618419,Low,Average
146,7.293363583749869,4.1603440713029105,Medium,Average
147,7.278812598893426,4.294935226670945,Medium,Average
148,7.33101079827977,4.426270360738531,Medium,Average
149,5.750131402078727,2.6993056847619137,Medium,Average
150,6.199281282025061,3.928166836989768,Medium,Good
151,6.524045457451421,4.955770460941026,Medium,Good
152,6.444233428604284,7.610446854100244,Medium,Average
153,6.436464976321064,6.350001970149233,Medium,Good
154,7.864336612328641,3.662735004816323,Low,Good
155,7.018687353985519,5.244412825351567,Low,Average
156,7.32883060827355,5.474468637346292,Medium,Average
157,7.824689967942413,5.774846636151268,Medium,Average
158,9.521364549054836,6.7725042972769165,High,Good
159,7.440757260642048,8.464423222352808,Medium,Average
160,6.2765833490121326,5.3294512528677,Medium,Average
161,7.953119862437074,3.927496933606096,Medium,Poor
162,9.780226806361101,6.519394403748235,Low,Poor
163,8.482483860241615,2.889336062695337,Medium,Average
164,6.246539758144609,3.529608809560267,Medium,Good
165,5.9462072293661885,3.2232393512084005,Medium,Good
166,6.236939112758433,6.613417132783353,Low,Good
167,6.241287309747551,7.25598102510723,Medium,Good
168,8.747852646173953,4.097736403310324,Medium,Good
169,7.546644511440934,3.056491280906707,Low,Poor
170,7.09098817919179,5.562209090564457,Medium,Poor
171,9.116395648016104,5.344205749194833,Medium,Average
172,6.7250249791317165,5.199286887776277,Medium,Good
173,7.0017875281821045,4.876502873959792,High,Good
174,7.357246853786099,1.8331841705184804,High,Good
175,7.423352863691178,6.648930632913621,Medium,Good
176,6.308374166421238,2.533582118564489,Medium,Average
177,7.765273310212641,5.317821238708553,Low,Average
178,8.756473179090664,2.2726154065732223,Medium,Good
179,7.062916520835141,5.069639518252098,Low,Average
180,6.047857110620343,4.793939967644983,Medium,Average
181,9.121373269333274,5.556998712275055,High,Average
182,5.489333116612608,4.032596285434155,Medium,Good
183,7.168027662810934,5.11813601047734,Medium,Good
184,5.989514640435408,6.161060537618493,Medium,Average
185,9.777667742362214,5.2386132330487385,Low,Poor
186,8.2060381901083,1.9526331442723852,Low,Average
187,8.408783395374765,6.957175299785304,Low,Average
188,6.754002080283661,5.635731222703621,Medium,Good
189,6.747796928822371,4.733929561263725,Low,Average
190,7.999649062892448,3.56451424908796,Medium,Good
191,7.004096364438608,4.6104115115716935,Medium,Good
192,5.612528637659415,4.022550102483092,Low,Average
193,8.099824292237706,6.390381494430242,Medium,Average
194,6.825233711615811,7.014347686724947,Medium,Average
195,5.526916766419983,4.2353427543230415,Low,Average
196,6.27251692209026,4.386700604438134,Medium,Good
197,5.381065881824297,3.802068892556777,Medium,Average
198,8.276214024792031,6.284932660751808,Medium,Good
199,6.760185640406569,3.9719227695019574,Medium,Average
200,8.729010646811567,5.831356191934356,Medium,Good
201,4.797984101400905,5.47423099130299,Medium,Good
202,7.227714863515414,1.7538807359427118,Medium,Good
203,9.720554870176368,4.827486176921003,High,Average
204,4.99531870311432,4.821210959765893,Medium,Average
205,5.816741348607366,5.158809727064933,Medium,Average
206,7.19423867090065,4.47958282918937,High,Average
207,7.492356254205492,6.017809621821687,Medium,Poor
208,9.179830472493123,5.8060958506575115,Medium,Good
209,7.286574793168757,4.586556937012114,High,Average
210,7.9918688181104125,3.873666884771387,Medium,Average
211,6.923097044666998,6.323626387555046,Medium,Poor
212,6.714948955018162,5.814436202109879,Medium,Average
213,9.546051767504995,5.23849486718985,Medium,Good
214,6.985306238966436,5.850554265385274,High,Good
215,7.264184899158395,4.246877427567732,Medium,Average
216,5.634617580851122,4.344179460643763,Medium,Average
217,8.172847865530427,4.110368195581112,Low,Average
218,7.772506217260984,5.918043775822554,Medium,Good
219,9.723708570633326,4.810226374166806,Medium,Average
220,6.9844829462235145,6.585864355777213,Medium,Average
221,8.851950751852572,6.1108682021137,Medium,Good
222,8.447840041065879,2.708627672636548,Low,Average
223,6.24384523284484,4.2142893111895,High,Average
224,8.053675169396358,6.72173909312688,Medium,Average
225,7.26390363566872,5.069249591517532,Medium,Average
226,7.5162592657445675,4.4721810347298545,High,Good
227,5.921043204985707,6.649817854634369,Low,Average
228,6.267742937929806,5.673529034192394,Medium,Good
229,6.992226797407329,4.263561112131522,High,Poor
230,8.121771236019795,6.888966046776776,High,Good
231,5.779712669857979,3.764994811770248,Medium,Good
232,5.897570796823933,4.777290108144776,Medium,Average
233,7.871684562038763,7.79348578493192,Medium,Good
234,6.142864965911125,1.1538731299648557,Medium,Good
235,6.559976227221561,3.9021622228224406,Medium,Average
236,5.836081194547393,4.826433566308433,Medium,Good
237,7.872135408765974,3.774735252946674,Medium,Average
238,5.3822397846941765,4.808060134406884,Medium,Average
239,6.932779194570243,5.149245445571909,Medium,Good
240,6.714561858102268,6.982241664087293,Medium,Good
241,9.13043069017719,2.2120254544197824,High,Good
242,5.006790535753214,5.915279763175745,Medium,Poor
243,5.338044511890607,6.510763260969383,Low,Average
244,6.908077671181012,4.927019274912758,Medium,Good
245,7.067318839363025,3.0485783078471465,Medium,Average
246,7.554698034066062,2.9828910210801762,Medium,Good
247,6.516070185917036,5.57699001943794,Medium,Poor
248,6.102358947953452,6.476706980070985,Low,Average
249,7.9175777275613335,5.4599933765191855,Low,Good
250,7.1703299946618975,5.655142622718667,Medium,Good
251,6.230795548432569,5.42165910246799,Low,Good
252,6.2348140304247694,4.411480127498806,Medium,Average
253,6.61752416375538,8.619083577301776,Medium,Good
254,7.448599339854871,3.5214215710133603,Medium,Good
255,4.417091253205436,4.758192198422556,Medium,Poor
256,8.109919584427091,4.339898431301204,Medium,Good
257,6.279902864038037,6.2544838222229355,Medium,Average
258,6.686754659025074,6.402980635457822,Medium,Average
259,6.584670305176985,4.063559774938987,Low,Average
260,6.316733940401424,4.940126000784218,High,Good
261,8.043044791049752,7.200205994861045,Medium,Average
262,5.130493958407411,5.605309480707308,High,Average
263,8.124821592164638,3.460947421826658,Low,Average
264,7.1355578848792085,4.195192846641727,Medium,Poor
265,7.905089723334789,5.772354564037047,Medium,Average
266,5.060101212366933,4.778756990510814,Medium,Average
267,6.6041359366266965,5.104817576262435,High,Good
268,6.4535156721503455,5.354065141207942,Medium,Average
269,7.8160408303525255,4.572628745920959,Medium,Good
270,7.077244132126189,6.644230713755594,Low,Average
271,7.054918609767112,6.6880223083097805,Medium,Good
272,9.202809519173401,6.601519086687958,Medium,Good
273,5.563029138034541,3.65965708732078,Low,Average
274,8.760902173189967,4.881564907485312,Medium,Good
275,8.735943657621858,8.28435147631539,High,Average
276,7.577773191718729,2.840884753098508,Medium,Good
277,7.9333417402343125,4.80484439963714,Medium,Average
278,7.9113140942777465,5.413990496315538,Medium,Average
279,6.672631530392398,4.969313476690759,Medium,Average
280,5.75612119669835,2.7027153661808323,High,Good
281,6.783581942589182,2.0099421333029217,Medium,Good
282,7.288452015754205,3.9509901952682034,Medium,Good
283,6.597330793981476,3.7337578426434295,High,Average
284,6.520615150869839,5.9446280522890325,Medium,Good
285,6.908359254682577,7.902693097052589,Medium,Average
286,6.454385151766147,4.171564266995807,Medium,Good
287,9.084124266320018,5.0540778915909605,Medium,Poor
288,7.789253049638579,4.189232013558472,Medium,Good
289,6.497783309497388,6.327940819143825,Medium,Good
290,6.751429932615384,4.861380866593566,High,Average
291,6.2191154776736655,6.925148371434883,Medium,Average
292,8.07620680115124,5.044708668689005,High,Average
293,7.252926679039807,2.886022889092831,Medium,Average
294,5.350440916294627,6.378525931700424,Medium,Average
295,6.650375397721261,3.3554922084151997,High,Good
296,7.589888451148125,4.6012422687861,Medium,Average
297,6.835084944687574,6.5820986543054065,High,Good
298,7.414772723763025,6.2538074615267325,Medium,Poor
299,7.099181787010697,3.762243999025395,Medium,Average
300,6.299445513259294,4.52327598441332,Medium,Good
301,5.641762885585683,5.365675439738616,Low,Good
302,5.319133431125092,4.986003209929683,Low,Good
303,6.552169439120963,3.663196805065767,High,Average
304,8.18360572767489,5.839522512943586,Low,Average
305,5.820478984533736,8.213806560138096,Medium,Average
306,7.573001927229609,3.6382832815372717,Medium,Average
307,8.509851420839283,6.002247542299376,Medium,Average
308,5.9828766942354354,3.0634631677150823,Medium,Average
309,6.825962185476674,4.283407483556554,Medium,Average
310,7.004251447016695,5.682811935867228,Medium,Good
311,6.614367774166886,4.854349227647314,Medium,Average
312,8.186903939873172,5.520138103545354,High,Good
313,5.602343467812362,6.06167885428816,High,Average
314,8.155273626513477,4.990165113054721,Low,Average
315,8.17671648214108,4.931884093223516,High,Average
316,6.9627927335927975,5.095778104275741,Low,Average
317,6.825780581022073,5.717755375697956,Medium,Average
318,7.78003385260421,4.401130021251802,Medium,Good
319,6.479375577057381,4.612959444890821,High,Average
320,5.722053320381,8.759005273944068,Medium,Poor
321,5.386321965167932,5.953132822869546,Medium,Average
322,5.960226831055665,3.0512790854401195,Low,Average
323,7.890618023189202,6.110775589418952,High,Average
324,4.674796530941385,1.876203669951387,Medium,Good
325,5.823296752392158,3.6904833729632194,High,Poor
326,6.436568491414607,4.0481883142542365,Medium,Good
327,8.261920126787617,4.146036968979269,High,Average
328,8.360896528961044,3.2326098812570088,Medium,Good
329,8.196804648862146,2.915051445562407,Medium,Good
330,7.0174593626791175,4.159491441363673,Medium,Average
331,6.85149273504147,4.743551199672114,Medium,Average
332,8.218652693756189,4.081321473702483,Medium,Average
333,7.861296257789352,3.2914034735835958,Medium,Good
334,6.6325087800645575,4.093377574720625,Medium,Average
335,7.866283276300257,5.099526613151612,Medium,Good
336,7.62882596552354,7.2067470745099245,Medium,Good
337,6.870217479820752,6.937407669267005,Medium,Average
338,8.48902762371885,4.204383990704445,Medium,Good
339,8.519348279958505,5.003026417175049,Medium,Average
340,4.967148697934643,4.3714341678093485,Medium,Average
341,7.889342221605966,6.650835930971972,Medium,Average
342,9.515920262572708,7.1287560283688745,Medium,Good
343,5.657637474037228,2.307039762256829,Medium,Average
344,8.348311155752246,2.6692959630045405,Medium,Good
345,5.397066836384125,6.034080621851377,High,Good
346,6.223034189833477,5.223304327413704,Low,Average
347,6.376945844894259,6.239847796671668,High,Average
348,7.584608718950181,3.0569304190885545,Medium,Average
349,6.330694392115887,5.143975126684754,High,Average
350,5.897837239796214,1.9441542694005065,Medium,Good
351,7.834877763378251,5.533996174980826,Medium,Average
352,7.471028642474856,3.1079669658595117,Medium,Average
353,5.860416530075479,5.631484604500577,Medium,Good
354,5.532276274481167,4.245306076685569,Medium,Good
355,9.127311076576703,3.3665182898329298,Medium,Average
356,6.215150869718454,3.591766747697644,Medium,Good
357,6.6195163389247655,3.6302249510553932,High,Good
358,6.270903510815678,5.099345615342104,High,Good
359,7.439334211204917,1.6375280795782738,Low,Average
360,5.984067420461083,2.2073825403236578,Medium,Average
361,7.900284549576111,6.17384419009783,Medium,Average
362,6.914489560899399,6.078599425600078,High,Average
363,7.86141310955241,6.292631042159344,High,Average
364,7.093778737342187,5.585192994513999,High,Average
365,8.734641300917684,6.512719827741705,Medium,Good
366,6.1339198153432255,6.403943051940821,High,Poor
367,7.895114566387667,9.829181519575037,Medium,Good
368,6.809486870268285,6.238978032911031,High,Average
369,6.19782617863604,3.4880196774280074,Low,Poor
370,8.414664223060274,3.103265769471748,Medium,Good
371,9.157498747123393,3.4160263072683286,Medium,Average
372,7.406598271875648,6.180802452214273,High,Average
373,5.149223189401717,4.66708019546141,Medium,Average
374,5.242984462793295,5.706702379213527,Medium,Average
375,7.04247091722009,5.688522786940192,Low,Average
376,8.03935336366305,4.856027365304284,Medium,Good
377,7.282108438028469,5.30580497500384,Medium,Good
378,5.464378712854608,3.4848415380437716,Medium,Good
379,5.51894260648988,7.346321783006223,High,Average
380,6.613008844050201,1.5263897233298254,Medium,Average
381,8.080978480653545,3.8969990365110054,Medium,Average
382,7.1216058630638885,3.7926323305028466,Medium,Good
383,5.981001354349062,7.773858314190457,High,Average
384,5.639221034789269,4.853208604077448,High,Poor
385,6.914180237017638,8.767670537569277,High,Average
386,5.585267992359343,5.334802190484827,Medium,Average
387,6.785778918740201,3.4639093897347024,High,Average
388,6.981571732754219,2.833348914745109,Low,Average
389,7.00106014495575,6.658560609315401,Medium,Good
390,7.594747822256072,3.5530283736484947,Medium,Good
391,6.488263396566454,6.419654006132248,Low,Average
392,6.092825619039854,5.159536593360923,Low,Average
393,6.412898112413234,4.026197061021527,Medium,Average
394,8.838135915817677,2.3206806875693475,High,Average
395,4.698728052049861,5.5911369259238315,Medium,Good
396,8.718706344145154,4.279722460897734,Low,Good
397,7.068993728811016,4.47536863856398,Medium,Poor
398,8.447391116856776,6.060834479652492,Medium,Average
399,7.939544760974588,6.173205730102654,Medium,Good
400,6.569612227636429,6.63407531699518,High,Average
401,5.85902873343405,2.208733256525509,Medium,Good
402,8.358495586293863,4.203940424706613,Medium,Poor
403,6.565055147140632,3.7410918074039228,Medium,Average
404,6.140009266687983,5.932421301896749,High,Average
405,6.581453917794482,5.519699316443592,Low,Average
406,7.497863935974803,7.209521647294423,Medium,Average
407,7.171964526270182,5.12487065627392,Low,Average
408,10.450855302521116,6.891636189558334,Medium,Good
409,5.834541711347608,3.9661822597640715,High,Average
410,5.954723867655307,6.241137312128432,Low,Average
411,6.127568814776472,3.5008624423347117,High,Average
412,6.944331608052684,5.698774871751784,High,Poor
413,5.5695383046582,3.1912426144010144,Medium,Average
414,5.858182356442247,6.9076905696438144,Medium,Good
415,7.306785525190923,5.615430795078471,Low,Average
416,8.111110053397521,3.776355558306478,High,Good
417,9.628229375605,4.362665484681022,Medium,Average
418,7.304496154305714,6.237832611026547,Medium,Average
419,6.907645757971751,4.812189252455105,Medium,Average
420,4.898394165619954,6.951643695431374,High,Average
421,8.092398230912485,5.991433894085466,Medium,Average
422,8.311064651420224,6.4945925958891015,Medium,Good
423,8.251484236727027,4.066325605298538,Medium,Good
424,6.4549358448690235,5.869867123828951,Medium,Good
425,9.937225810716043,5.154152133798864,Medium,Average
426,8.861447401989816,4.353495309168969,Low,Good
427,6.541899263244609,5.850501652220011,Medium,Poor
428,7.4747963536065,3.287014221413061,Medium,Average
429,8.826661363949288,4.867692368730686,Low,Good
430,6.75991416401988,3.5506417271398143,Low,Good
431,7.092257029908642,2.5131183037334486,High,Average
432,6.737144521429491,3.576386511680277,Medium,Poor
433,7.1719568605858495,4.055514732216472,Low,Average
434,6.276039448694547,6.363452895320743,Medium,Good
435,8.566101107042556,4.765234806637379,Medium,Good
436,6.522465643004643,6.657845156741228,Medium,Average
437,6.267082477835269,7.933137174706477,Medium,Average
438,7.197432587794884,5.887242035186515,Medium,Average
439,10.633012580614329,7.290857125629907,Medium,Good
440,6.7004406487866675,4.6042186019980775,Medium,Average
441,8.418866630247663,2.582236789812855,Low,Poor
442,6.5694754989490605,4.694040714979025,Medium,Good
443,6.1509960090395825,8.075453037279086,Medium,Good
444,7.942281307995484,6.888909948589765,Medium,Average
445,8.66680013832805,4.35244190240697,Medium,Good
446,5.980051471340111,5.562661190341285,Medium,Poor
447,6.777317895151017,4.226814993925998,Low,Average
448,9.539072187648111,5.402913049025949,High,Average
449,8.319750932191385,4.504137144880984,High,Good
450,7.338850199612198,2.264522581023281,High,Average
451,7.470027893048055,6.426203469823028,Medium,Average
452,7.567854292633781,5.81017740004746,Medium,Average
453,6.830515063138726,5.475060825461935,Medium,Good
454,7.943822199083892,4.787396923919264,High,Average
455,6.410817163208862,4.549259337609714,Low,Good
456,8.326048162284726,3.358997484543251,High,Average
457,7.8836035314767114,2.2806707994569937,High,Poor
458,5.957307814344468,2.326465191135216,High,Average
459,7.6846611679412495,7.862458284939686,Medium,Good
460,8.52316359546089,3.708036779870249,Medium,Good
461,8.139079501647835,6.630092511590413,Medium,Average
462,6.140314117731788,4.783919952192408,Medium,Good
463,5.698032846196625,6.579365909471553,Low,Average
464,6.63559614376391,4.626216157264654,Medium,Average
465,6.232433963055,5.456045337848637,High,Poor
466,5.402731879930341,6.176699736078895,Medium,Good
467,8.541487547169455,7.625038244921608,Low,Average
468,8.670703006563564,3.88902262656695,Low,Good
469,8.327253992247247,6.619232964220901,Medium,Average
470,6.864196177922908,4.566232430456394,Medium,Average
471,6.462651411867586,6.679660342019176,Medium,Good
472,6.204354487843498,3.8223536191068392,High,Average
473,8.112999094266824,5.113008303453471,Medium,Good
474,7.086040156102484,4.240621191188088,Medium,Average
475,8.578899313575278,4.428861225902674,Medium,Good
476,7.541076328610117,6.838174218048497,Medium,Average
477,6.592738345018739,3.5803620914081646,Medium,Good
478,6.7984197626805365,1.0,Low,Good
479,6.1657163045250485,4.585204019604966,Low,Average
480,5.4871434415505895,1.9054375231067628,High,Average
481,5.953326058242155,7.211474073482814,Low,Average
482,6.463103781465881,5.416253425071957,Medium,Good
483,7.982294381394549,3.9884255262617545,Medium,Good
484,5.438597162575989,6.1892841671359715,Low,Good
485,8.63438736337348,6.374446921038567,Low,Average
486,6.638434604020004,1.2520540164702831,Medium,Good
487,6.995352349158793,3.6475737679993703,Medium,Average
488,6.546862254666085,5.703233684042337,Medium,Good
489,8.81512774583274,4.937037184539923,Medium,Good
490,7.737047833226967,6.185121518783185,High,Good
491,6.695894020175666,5.3425071290439226,Medium,Average
492,8.269756162741473,4.404166847488329,High,Good
493,6.976343229902759,6.162985976719964,Low,Average
494,6.558688801061849,7.796469336843089,Low,Average
495,7.394541678351838,5.748325958311439,Medium,Average
496,6.273140989771225,5.142760350306059,Medium,Average
497,6.199876967994541,3.541186414605958,Low,Average
498,5.091081147820818,5.491032610361161,Low,Average
499,8.162629760852594,5.467891531647674,Medium,Good
500,5.859748783666367,6.024193106920402,High,Average
501,7.080479324218562,1.9167527521239989,Medium,Average
502,7.405648193109277,5.004254689854948,Medium,Good
503,7.26578401899801,5.233870922930542,Medium,Good
504,7.291262119742734,4.384918939866431,Medium,Average
505,5.862940272174704,7.354376500783994,Medium,Good
506,10.158739888923826,3.7870089919511196,High,Average
507,5.526708436908774,5.064442466198271,Medium,Good
508,7.637633804258724,5.738292770889636,Low,Average
509,8.464522784926693,5.258732052747455,High,Average
510,7.762761932687784,6.599469239658185,Medium,Average
511,9.26437343149939,6.676290931685118,Medium,Good
512,5.458194736559374,2.5796490992864585,High,Good
513,4.973167460133519,2.8659905051377077,High,Average
514,7.23488017030049,5.753147696312941,Medium,Good
515,8.420068008266336,7.635682745843518,Medium,Average
516,8.205449930193646,6.994564490015231,Medium,Good
517,7.570587803624549,3.7311028131647674,Medium,Good
518,7.106484080727865,3.471662824911574,High,Good
519,8.692034621251105,4.128334890787339,High,Good
520,7.784680899676946,4.779950672505281,Medium,Good
521,9.211616153439472,5.377944717691474,High,Average
522,9.3958144624569,4.742060003370712,Medium,Good
523,8.836181109842908,7.38251055629504,Medium,Good
524,6.153190572028082,2.6764288138996126,Medium,Good
525,8.051315336031527,6.119822607250393,High,Good
526,7.331561720439934,3.2235871860179186,Medium,Average
527,6.494229548093076,7.001660313222571,Low,Good
528,7.53134508480205,4.75243816001112,High,Average
529,5.796556521964796,4.385259066020733,High,Good
530,7.0602282052087695,8.906614867117923,High,Average
531,6.0717376749684195,6.145887689635881,Medium,Average
532,5.7960072335614425,4.880613526451714,High,Average
533,8.155901950651224,3.7569727925517618,Medium,Good
534,6.920127545271351,4.4601967431711165,High,Average
535,7.255107270540181,3.9930160277691353,High,Good
536,8.336488659358496,2.21506306713883,Medium,Average
537,5.952910084234822,5.834331786363695,Medium,Good
538,7.121100095489615,4.076520186239014,Medium,Good
539,5.485512126525478,6.054953744981437,Medium,Good
540,8.461237421842489,6.357130594898631,Medium,Average
541,7.959523718239945,4.463641864136604,Medium,Average
542,4.481942620332633,5.749270528466997,Medium,Average
543,5.820498768952493,4.277902639245525,Medium,Average
544,6.058486291931844,4.903630347694357,Medium,Average
545,4.5468803318581825,2.7743001214634138,Medium,Average
546,6.822198734620565,7.806194811346575,Medium,Good
547,8.137560692613079,6.26200403932269,High,Average
548,5.339790549031266,6.396618312632226,Medium,Average
549,7.775987212847005,5.66127775015281,Medium,Good
550,8.151721817884578,2.4530043637333137,Medium,Average
551,7.586028050617416,4.384449494260103,Medium,Average
552,7.385163607069392,6.579941220551678,Medium,Average
553,6.369387791929375,4.908770430262697,Medium,Poor
554,4.776990980061357,2.6163163893444845,Low,Average
555,6.893140723813951,3.7752234338012474,Low,Average
556,6.570535519755828,7.611532049946299,Medium,Average
557,7.882445672407373,3.6698611041423943,High,Average
558,8.494545009349501,5.568629456149308,High,Good
559,8.404479127199934,4.411655742374267,High,Good
560,9.096308489494433,3.1856894371671887,Medium,Good
561,7.363737215106483,5.167878551936508,Low,Good
562,5.907858314499613,3.843562762731379,Medium,Average
563,7.710219651269676,6.085374023452378,Medium,Good
564,6.842307035234933,4.71179799920352,Medium,Good
565,6.125523277678285,4.460838775033895,Medium,Good
566,7.574582642823137,3.8794357775248276,Medium,Average
567,6.992476279437525,6.166236112033591,Medium,Good
568,8.749295085181526,4.985860287653344,High,Good
569,6.58116571345225,6.896328127835089,Medium,Good
570,6.49732334679981,3.216587922889448,Low,Good
571,5.9758643758033525,9.02984276450806,Medium,Good
572,8.42663534126843,4.475173910113488,Low,Good
573,5.718785856908707,4.395795976496373,Low,Average
574,7.400529092434652,5.201438254631102,Medium,Average
575,7.837265768343043,5.341349195935845,Medium,Good
576,7.415075591018176,3.1267209116354966,Medium,Average
577,6.282707697665293,4.776629493367757,Medium,Average
578,5.672591614300296,6.187767759945211,Medium,Good
579,6.474824082548922,5.010440589460412,Low,Average
580,7.332931054734081,6.884988221122029,Low,Good
581,7.317921444989489,6.512854036988172,Medium,Average
582,5.549109868617782,4.377982320051258,High,Average
583,7.439131783542404,4.066770255242666,Medium,Average
584,7.410268666470588,7.2393342965963186,Low,Average
585,7.581217305197763,3.882056771774499,Medium,Average
586,6.951549862663108,6.856618341984207,Medium,Average
587,8.364998733344361,2.135204917114403,Medium,Average
588,6.090541956488327,2.5368977835916424,High,Average
589,6.941199842985528,1.6657634185129293,Low,Good
590,7.731213281168402,6.247191524699551,High,Average
591,6.417038131313803,3.310858269029889,Low,Average
592,7.45685958261942,3.5978137878994123,High,Good
593,5.89963271660039,6.649940086544631,Medium,Average
594,9.015564500394106,1.6818996517950513,Low,Average
595,7.820599316869387,5.031644981215708,Medium,Average
596,6.554776419130927,3.3044727042553435,Medium,Poor
597,5.128324155175172,4.867111635482933,Low,Good
598,6.14288150081273,5.472246758780067,High,Average
599,9.554888213427196,3.3837083360728037,Medium,Average
600,7.56881167068489,3.0987933413514925,Medium,Good
601,5.67233347721054,5.484103236097259,Medium,Good
602,7.0349954722737555,5.92966606627432,Medium,Good
603,7.297774888214576,6.35697075139118,Medium,Average
604,7.5793088467481535,5.166525486386123,Medium,Good
605,5.861179667848022,4.199071978431802,Medium,Average
606,6.038610224233657,3.8729117997211935,Low,Good
607,6.638308552151963,6.206984132710444,High,Good
608,8.117799644646173,5.183508861227481,High,Average
609,7.510938473215128,3.701944121863062,Medium,Poor
610,7.790852851568427,6.563221974864927,Medium,Good
611,7.475289180278738,5.076952632828435,Medium,Average
612,7.557756671563722,4.193342751017287,Low,Average
613,7.813695070625401,5.69784101863824,Medium,Average
614,6.119143716500758,4.7336564265424235,Medium,Average
615,5.820327594630631,3.8907228277383816,Low,Average
616,7.9218654852379915,8.63489057414122,Medium,Poor
617,6.272211190849287,4.6236564630284445,High,Good
618,7.371552418973349,2.289062036893204,Medium,Average
619,7.518867045048973,4.7729069575624585,High,Average
620,5.7105839589067955,2.5928203885673944,High,Average
621,6.368532883906773,4.10928500633265,Medium,Good
622,7.025672164124879,5.333430704897555,High,Average
623,6.358865226535312,4.607650366705393,Medium,Good
624,6.6387086215252,4.535999036661492,Medium,Good
625,7.7027670999505755,5.293244638096181,High,Average
626,6.251088144499888,4.431251287571261,High,Good
627,8.472006622033017,3.0091130618779323,Medium,Average
628,7.242391169038496,4.726406635944654,Low,Average
629,7.697775836046751,5.91749069066186,Low,Average
630,6.180768170668925,7.376912504171866,Medium,Average
631,4.821090870311945,3.695221973312015,High,Average
632,9.659716628504665,6.411147000399458,Medium,Average
633,6.513429484359879,4.0643452110043095,Low,Average
634,6.396152936209868,5.672234737670428,High,Poor
635,5.988268720281283,6.548202273127057,Low,Good
636,7.746018035484934,4.164392641601906,Medium,Average
637,5.543475810399202,4.4313353878359205,High,Good
638,6.395089878707253,5.672660227773811,Medium,Average
639,7.827413324947278,1.9085123606867223,Low,Good
640,6.377307230674543,4.466496373792431,Medium,Average
641,6.458793346988978,7.346032889733485,Medium,Average
642,6.2511214681995,5.542130138510577,Medium,Average
643,7.443244942318088,4.808804075366742,Medium,Average
644,7.5826706867834375,4.625325999720592,Medium,Good
645,8.595791798545415,5.008985974545956,Low,Average
646,7.562875961080323,4.762849570231055,Medium,Good
647,4.381939477312949,7.594531645980682,Medium,Average
648,8.1915048535345,6.900737978544406,Medium,Good
649,7.1436661769842384,4.290948528507981,Medium,Average
650,5.171235704995477,6.898882030228929,Medium,Good
651,6.234388829055724,4.472643415787036,High,Good
652,7.835838647589749,3.4947529738271603,Low,Average
653,10.295519734481541,5.951837104135057,Medium,Average
654,6.954660533427042,3.454876673197698,Low,Poor
655,7.185820909704422,3.6920414085868725,Medium,Average
656,8.299121684419042,4.512495250807856,Medium,Average
657,5.1656523932988785,5.161025229906858,Medium,Good
658,5.5808300466885585,4.281813795135257,Medium,Good
659,8.126044139012706,5.549509953132599,Medium,Average
660,6.895087726247616,3.8642126827631884,High,Average
661,5.916739505574062,3.4417776136763987,Medium,Average
662,7.143284878066314,6.611749051689718,Medium,Good
663,6.023259827762492,6.819813978449899,Medium,Average
664,6.783305867342791,3.0078243541035325,Medium,Good
665,6.889097795948619,2.7493171674522374,Low,Average
666,6.31843543275426,4.139213687336074,Medium,Poor
667,6.953855349068903,4.085489157558211,Medium,Good
668,6.9330585836527225,2.2120165756229153,Low,Good
669,7.312805494057319,4.621085024702915,Low,Good
670,7.731482097938572,6.398690571735404,Medium,Average
671,6.671217118178471,6.103096414783387,High,Good
672,7.470586492297788,3.0344650493800964,Medium,Average
673,7.839673489275134,7.016197389045605,High,Good
674,7.241664500764517,4.649202317282147,Medium,Average
675,6.575557400284285,4.825229701832304,Low,Average
676,7.3218996580410565,6.733258594639372,Medium,Good
677,4.954078589833085,4.736296786094173,High,Good
678,6.495430473058101,5.821859762533984,Medium,Good
679,5.589956752792492,4.828673798977788,Medium,Average
680,7.3549819460250445,6.926726631355148,High,Average
681,5.97656996925015,6.443917720910798,Medium,Average
682,7.697354429087832,6.239234822743578,High,Good
683,6.357619673998021,6.194397587862113,Medium,Average
684,5.406234120112279,2.7675232777132255,Low,Good
685,7.383775881059768,7.388149003288287,High,Good
686,8.331887341874369,3.8748037784004756,Medium,Average
687,5.744249907242368,4.116937772317622,High,Average
688,4.407899648960303,4.906636587402299,Medium,Good
689,8.38629596836312,5.736860369765401,High,Good
690,6.284168719787533,8.584366163366978,Low,Average
691,6.466765526546668,7.3831624796082185,High,Average
692,8.326618213276765,4.678856871696514,Medium,Average
693,7.707735729743678,3.758970490242004,Medium,Average
694,6.386198760063213,5.291504694108333,Medium,Average
695,7.376305987791661,3.92872815168713,Medium,Good
696,6.013772788337581,5.7284833342618615,High,Good
697,5.195016442849832,6.296465327828577,High,Average
698,5.580247086923529,4.05205970276876,Low,Average
699,5.6563632269114645,6.628864761254266,High,Good
700,7.784453519593291,7.101817892025363,Medium,Average
701,7.45932308754136,6.209979208690823,Medium,Average
702,6.230376751437948,5.995896176226269,Medium,Good
703,8.17552667271397,5.03446441207858,Medium,Good
704,4.1148108903968605,4.126556112994747,Medium,Average
705,8.252597879427636,6.134903926666256,Medium,Poor
706,7.643135436953274,3.8665834911852093,Low,Average
707,6.458902654121812,6.579927187495074,High,Good
708,7.723551713987461,5.198960226327357,Low,Good
709,5.801255997290039,4.692106969144125,High,Average
710,7.863410479916351,5.4252597995092104,Low,Average
711,8.958913653139414,5.851569712686315,Medium,Average
712,7.299833941266558,3.4568662123311635,High,Good
713,7.3244657527773125,4.815992384454111,Medium,Good
714,6.999276015992714,3.9978580533803347,Medium,Good
715,8.922375431088339,8.044838413478853,Medium,Good
716,7.11191203123935,5.6367236575015625,Medium,Average
717,6.987445208976825,8.836546939264217,High,Good
718,6.102255105890522,8.113794232169383,Medium,Good
719,6.496792399976491,1.5247061747646153,Medium,Good
720,7.286576831616854,2.8069607743409706,Medium,Good
721,8.962431634063156,3.4813279960886336,Medium,Poor
722,7.287325449517047,3.3451940125793795,Low,Poor
723,7.363181347455572,4.367797467689638,Medium,Good
724,6.458985667846844,8.440940775725348,Low,Good
725,9.264449464519577,4.65461948747567,Medium,Average
726,4.7232093888886215,3.2604007203659835,Medium,Good
727,7.25622656599134,4.820067661060254,Medium,Average
728,6.014333385440246,8.097363282658613,Medium,Good
729,9.65648168707554,5.496925076223338,Medium,Poor
730,8.702591144423895,4.461946396374208,High,Poor
731,6.582020731637656,7.683693033238855,Low,Good
732,6.299770687738718,3.8184467726500904,High,Good
733,8.734227459123819,5.034380754342441,Medium,Average
734,6.178750093099311,5.098247402847471,Medium,Average
735,6.011776996152616,3.5291257704264263,Medium,Average
736,7.5357425710125305,6.300331445520481,Low,Average
737,5.012132308597211,6.442775632546704,Medium,Average
738,5.59599210359546,6.243106623731564,Medium,Average
739,9.072446042945636,2.361930883347566,High,Good
740,6.690712588714469,4.163092932696238,Medium,Good
741,7.381660553731417,7.036065390199701,High,Poor
742,7.00715184504438,4.943641814084701,Medium,Good
743,7.470621758195772,5.132327520363195,Medium,Poor
744,5.791295641718582,6.437555452738607,High,Good
745,6.198381771115767,1.5610395237493657,Medium,Good
746,8.084358753025839,6.295055034140112,High,Average
747,7.065182763151773,5.363562807967257,Low,Average
748,5.43402190279857,4.171440423930322,Medium,Good
749,5.387091693217666,6.931412987587297,Medium,Average
750,5.736153636286696,4.008070675499533,Medium,Good
751,5.935147771585685,4.2818541897485956,Medium,Good
752,7.101123957253251,4.780750552541826,Medium,Good
753,8.098296823482382,5.480042543852189,Low,Poor
754,7.566676211018054,4.121783114791379,Medium,Average
755,7.309441883226869,4.913960573469361,Low,Good
756,6.6234373199376275,5.32589760934294,Medium,Good
757,8.147135451521782,8.852739463436505,Medium,Good
758,7.513924244140733,5.24807703417801,Low,Average
759,7.812116260552666,7.081989758316599,Medium,Good
760,6.387289277073579,5.290142070620573,Medium,Average
761,7.711853286813027,6.938810557236415,Low,Poor
762,7.17888103709845,4.269737092302629,High,Good
763,5.192661604812965,4.510960294044058,Medium,Average
764,6.202234869163432,7.842346494812778,Medium,Average
765,7.02489319644066,7.310000857213612,Medium,Average
766,5.298793846989055,2.624814015194065,Medium,Average
767,6.544289273129495,6.632659896579178,High,Average
768,7.403755330804718,4.229871166039102,High,Average
769,5.630924147044116,5.827899254053671,Medium,Average
770,7.245004072836726,3.1107190536680527,Medium,Good
771,7.2142336006256675,6.629324754728058,Low,Good
772,6.110525786599064,4.754208766680303,High,Average
773,6.096716207443584,6.30346436998323,Low,Good
774,6.399291033666876,3.5552808740935262,Medium,Good
775,5.754937275389873,7.710254575184817,High,Average
776,8.363453491559802,6.886135648611129,Medium,Average
777,6.3447946693519865,5.546452093562852,Medium,Average
778,7.702803477037874,2.999358176010518,Low,Average
779,8.737555894164137,4.707311502127488,Medium,Average
780,7.386636382888015,4.820487022873544,Medium,Good
781,8.296610287337266,1.9893763105148503,Medium,Average
782,8.137546953661692,4.993259695655613,High,Average
783,8.053172678551782,5.374327259697626,Low,Good
784,5.550865934134663,4.321140544019006,Medium,Good
785,6.3306617808431165,4.306011985587152,Low,Average
786,9.179757231160565,3.6819668763050024,Low,Average
787,6.856689846924674,6.693948176780255,Low,Average
788,7.000829975529944,6.566678641000917,Medium,Average
789,6.722232341821397,1.0,Medium,Poor
790,5.444319072181996,4.779889263672646,Medium,Good
791,7.295928325530969,6.121544905087967,Medium,Good
792,7.233350953462672,4.672687312054697,Medium,Average
793,6.691905568777739,5.332295160370574,Medium,Good
794,9.1637989585418,1.8848566549333983,Medium,Good
795,6.789265701866915,7.450596275633059,Low,Average
796,5.969278280572722,6.356550143142686,Low,Average
797,6.7238865267200785,6.0055761003994,Low,Good
798,7.803562495804188,3.4973641656089853,Medium,Average
799,6.453265149403186,5.592268455122837,Low,Poor
800,7.054423921603214,5.394648260691728,Medium,Good
801,8.008297570316309,5.936967013447122,High,Good
802,7.263723003670788,4.139139716145231,Medium,Good
803,7.362346618064731,4.841910032486521,High,Average
804,6.70080984963128,4.75145200845972,Medium,Good
805,7.584692571516553,6.563948453730937,Low,Good
806,4.659881709183312,3.572162453671261,Medium,Good
807,6.5090465946594165,3.7462577265887895,Low,Average
808,6.939131450914563,5.7452816543259475,Low,Average
809,6.267774390569923,5.329515274614486,Medium,Average
810,8.408382969608148,4.297705943439703,Medium,Poor
811,6.202484557283627,6.508510943647149,Low,Good
812,7.085392844493727,4.502434938123383,Medium,Average
813,9.461728157157985,8.153816854519246,Medium,Average
814,5.769613999205665,6.454742060985581,Low,Good
815,4.259638453037959,3.266800873247429,High,Average
816,8.193116120049762,6.1356594210594615,Low,Average
817,4.540661521303941,5.227074971413415,Medium,Good
818,6.577612671056197,4.593183572562513,Medium,Average
819,6.248331843815313,4.226597488149769,High,Poor
820,6.20599881189475,6.357545444395756,Medium,Good
821,8.48130193920472,7.156236900360548,Medium,Average
822,7.053001635135142,8.371402949312076,Low,Average
823,7.797249431056443,2.7791254162170502,Medium,Good
824,5.364709993636415,6.35794308235179,Medium,Good
825,7.8508652467621145,2.5967973955140122,Low,Average
826,8.113421653404613,4.754501491725217,Low,Good
827,8.574817629755472,6.101302534952327,Medium,Average
828,8.585450169040172,4.252421702379056,High,Poor
829,8.027838872997217,7.3107393758486605,Medium,Good
830,8.339792407409998,7.248234110248504,Medium,Poor
831,6.299708876714159,3.674449351607664,Medium,Good
832,7.711658958159541,4.238370630453173,Medium,Average
833,7.06930363488195,6.5683774770885845,Medium,Average
834,6.602068250169201,5.43443648417252,Medium,Poor
835,7.37109032920411,4.6998605660629105,Medium,Average
836,6.291297436728836,3.9599803081718115,Medium,Good
837,5.989977854473888,6.334740530987638,Medium,Average
838,7.307244076213151,4.154519768416074,Medium,Average
839,6.489321699351141,6.381355844106399,High,Average
840,4.3108976790181295,5.122237845652852,Medium,Poor
841,6.472775274831696,2.451649956954342,Low,Good
842,6.357622940111895,5.513674275444435,Medium,Average
843,5.999269000482061,2.408017425234977,High,Average
844,7.80357254493247,5.254641807742405,Medium,Good
845,6.808273382166064,6.416032845797234,Medium,Good
846,6.081573173540739,4.314896024124871,Medium,Poor
847,5.962534599337792,6.366275080484441,High,Average
848,7.1256873538678525,3.305532489797238,High,Poor
849,7.6483362855000205,9.637952711284901,Medium,Good
850,5.430540421417752,6.849566999011945,Medium,Good
851,6.192426091931823,6.842678962511094,Low,Good
852,6.041176983933613,4.449339780767689,Medium,Poor
853,7.017000612176131,1.0,High,Average
854,8.227441376355598,4.5538479221048105,Medium,Good
855,4.583686897718226,5.525867988272746,Medium,Good
856,7.710023384887928,5.428272942444129,Medium,Good
857,6.169010420978676,4.061802923116263,Medium,Good
858,5.868409022080137,6.818346210979399,Medium,Good
859,6.922745444654357,5.746286478820551,Low,Average
860,5.984896731496693,3.5318760270749983,Medium,Good
861,7.192214540334719,4.337213070933797,Medium,Poor
862,7.853229553251666,4.2581328480731875,High,Good
863,7.745072303160389,7.275525219357304,Medium,Good
864,7.950387589892221,4.762407275479986,Medium,Average
865,8.579151873929813,4.059321331347482,High,Good
866,9.273368224830994,4.605278286412698,Medium,Good
867,7.247710042816832,6.4508848315826555,Low,Average
868,8.117027214303574,4.589460669140145,Medium,Average
869,6.776353858433174,5.5312741779434615,Medium,Poor
870,6.086273736476707,3.6341272191807983,Medium,Poor
871,5.940561425957113,6.300646436195333,Medium,Poor
872,7.0219668947672265,5.676467964118434,Medium,Poor
873,6.946253460939911,4.909049490619447,Medium,Average
874,7.705207754431676,5.230504560562641,High,Average
875,5.128069182001524,2.580310781993121,Medium,Average
876,7.172738863820648,5.5522158428493595,High,Good
877,4.467826275920393,4.415604535193588,High,Good
878,5.831025485390748,6.302052270153931,Medium,Average
879,7.393101284548194,7.288145418364199,High,Good
880,7.487178443700905,5.409048938087035,Medium,Average
881,6.657205496803729,2.985087567604171,Medium,Average
882,5.049268659117407,4.885192343958842,Medium,Average
883,6.756497004943701,6.097884044106082,Medium,Poor
884,7.198687555063767,6.224067552738651,Medium,Average
885,8.025361291351228,2.871855712616896,Medium,Average
886,8.801578935569514,8.920628283777823,Medium,Poor
887,8.179948028217908,6.067421921601495,Medium,Average
888,4.818676010009874,3.758319323352625,Medium,Good
889,6.123606681060187,4.576080115429535,Medium,Average
890,6.697964882875182,4.955743230451626,High,Good
891,4.508442571771097,2.6338200991802068,High,Good
892,7.522165005996972,4.393842088197895,Medium,Good
893,7.872888705152805,3.7786036658666484,Medium,Average
894,5.263551002829168,3.3016036421176223,Medium,Average
895,6.357131373916611,4.775262709437682,Medium,Good
896,6.54512405378832,5.377322352617096,Low,Poor
897,7.3645057075214275,5.616714228964669,High,Poor
898,7.890299409965623,5.026973764974089,Low,Average
899,5.997103004016262,6.605591474877699,Medium,Average
900,7.282575693027884,6.111229643298218,Medium,Average
901,8.312331571065785,4.629994120961793,Medium,Good
902,7.768230925434769,7.190617511811976,Medium,Good
903,8.406428779347731,3.2568348775794003,Medium,Good
904,8.158358851119644,6.247465113459846,Medium,Good
905,8.299118448325526,4.614190252381561,Medium,Good
906,6.359159848963163,5.688602648785302,Medium,Average
907,8.170335614132286,5.989460734157852,Low,Poor
908,7.055186597832512,3.664466227976982,Medium,Poor
909,5.291096637986107,3.8252210217843103,Medium,Average
910,6.525243019076378,3.578865077808434,Medium,Poor
911,7.396847579675753,5.471966618105983,Medium,Average
912,7.278456262176399,2.723758490311473,High,Average
913,5.134590509421953,2.545872247582318,Medium,Average
914,6.85059504011398,6.399451748922237,Medium,Good
915,5.375741290686687,2.742545954069887,Medium,Average
916,8.752738050985718,6.170593249317676,High,Good
917,8.942619111100948,4.690125068412602,Medium,Average
918,4.475722345349922,5.371924525815804,High,Good
919,5.906240540094565,2.971719494865111,Medium,Good
920,4.50694073904528,6.3758920108734145,Medium,Good
921,7.381048979970832,3.8150360062187016,High,Good
922,5.95612944419706,5.889184395051468,Low,Average
923,7.618503131913172,4.895532740634249,Medium,Average
924,8.137065170136651,1.943533761872823,High,Average
925,4.31427268080151,4.904578553478656,Low,Average
926,7.513242550286472,5.189184462140698,High,Average
927,7.416259308369837,5.297964615361817,Medium,Average
928,7.082085264644081,5.744252038335992,High,Good
929,8.763314453699564,5.424260679331453,High,Average
930,5.659579530709133,6.068971273879164,Medium,Poor
931,5.721726495481315,6.729429261092321,Medium,Average
932,6.419921293409128,3.135985137631591,Low,Poor
933,6.541617056714753,5.323234742862375,Medium,Average
934,4.986186226361415,5.396614697558266,Medium,Average
935,6.342040024881515,4.571702058047156,Medium,Poor
936,7.734305522669762,6.016283640312683,Low,Good
937,7.461275767110765,1.6285829055423728,Medium,Average
938,5.611903279686061,5.205791047353512,Medium,Good
939,9.35249658489013,5.078059601741417,Medium,Average
940,7.073986026647373,3.5075711044103977,Medium,Average
941,7.399051383537171,4.856618512680286,Low,Good
942,6.421388847438723,5.918622435242069,Medium,Good
943,5.812460712963583,5.086699627878829,Low,Average
944,7.676727124875434,3.267317594115208,Medium,Good
945,8.871989514547792,2.8276285809504826,Low,Good
946,8.288250945010766,4.34648674889533,Medium,Average
947,8.533598133032466,3.2371861013409635,Low,Good
948,6.091841266374294,5.157442139159116,High,Average
949,7.913849447373138,4.387669086231161,Medium,Average
950,6.1201844022934155,3.3739603460824505,Medium,Good
951,7.471433392167087,5.6354602927494835,Medium,Average
952,7.98324551511765,4.74345126971137,Medium,Average
953,8.03121816075807,4.611366200369197,Medium,Good
954,7.915932705130677,4.7667386447974565,High,Good
955,7.705050199946326,5.120878441579515,Medium,Poor
956,5.3043228349139016,2.143900020530979,Medium,Good
957,9.033954745590389,4.421356634644105,Medium,Good
958,7.338663798111779,8.45924171945363,Low,Good
959,7.511781473931906,7.110413177069093,Medium,Average
960,7.937145375363672,7.547139357492225,Low,Average
961,7.465464798828773,2.797311873149137,Medium,Average
962,7.46552462056523,6.802610434424502,Medium,Average
963,7.197658973406912,5.921660766835797,Medium,Good
964,7.856304171150762,3.9844315848180125,Medium,Average
965,6.842159366414049,3.8897987591240812,Medium,Average
966,8.578034788385443,4.277534453759564,Medium,Average
967,7.444004098125082,4.545000565065053,Medium,Poor
968,7.795739703282484,5.140225095470029,Low,Average
969,7.304096759269258,6.536030047522187,Medium,Good
970,7.912558014434953,5.999275722842292,Medium,Good
971,8.062192452879916,6.06340418986222,High,Average
972,7.226879096457055,6.6300792451143975,Low,Good
973,9.412409271727906,7.394431579810069,Low,Average
974,8.187686152797879,2.51768778427219,Medium,Average
975,7.031878294801324,4.435007981632255,Medium,Average
976,6.687487636650998,4.515817401656347,Medium,Average
977,8.753909843086706,7.432816064906477,Low,Average
978,7.273459675685969,6.597158452712511,Medium,Average
979,5.53063338554043,4.143417021897227,High,Average
980,8.377854359504314,5.242782483846426,Medium,Average
981,6.509891370708174,2.942980153517186,Medium,Average
982,6.3554032104226605,4.15451441332207,Medium,Average
983,5.669957886830541,4.018514208474468,Medium,Average
984,6.750775138011542,5.041988874843389,Low,Average
985,9.07627188420536,1.809896685161947,Medium,Good
986,6.357071774383997,7.8041219995625575,High,Average
987,6.723230848417199,5.5536308106316135,Medium,Average
988,6.217502795565432,3.2517493222130875,High,Poor
989,5.291459832232189,5.363892824142551,Medium,Poor
990,7.936920901562357,4.8493485396923,Medium,Average
991,6.751304884729131,3.945363533469952,Medium,Average
992,8.96217893925608,5.5925855519901635,High,Average
993,6.674738431025964,3.237178610260159,Medium,Average
994,7.592670400933063,5.220425435677851,Medium,Good
995,4.511512926569354,4.348143044788098,Low,Good
996,5.462847895869934,6.021341536892361,Medium,Average
997,5.734164713273614,4.8068237031799015,Medium,Average
998,7.6632587339822935,8.416417406973206,Medium,Good
999,8.080289222866226,3.8499345862476053,Medium,Poor
1000,7.267875217216798,3.220032860530538,Medium,Average
1001,8.184228731755093,4.465043426010086,Medium,Average
1002,8.678440521536583,4.700274679416966,Low,Poor
1003,6.16483859307944,7.142305091389096,Low,Good
1004,6.57661206584068,4.58390095700083,High,Average
1005,5.206379516744931,3.618265020427101,High,Average
1006,7.0794049914228605,4.79140499190261,High,Average
1007,8.171239918113292,6.391854127887736,High,Average
1008,6.219935189620746,3.2623615978061267,Low,Average
1009,6.178442397735369,3.281273506849084,Medium,Good
1010,6.672172616997119,8.02563492701467,Medium,Average
1011,8.003500441849239,2.842075099603844,Medium,Poor
1012,5.313648003244677,3.6205073709013242,Medium,Average
1013,5.775640229692141,5.523488813057553,High,Average
1014,7.540743461429498,6.281311089322154,Medium,Good
1015,7.217671085867041,4.645273902344574,Medium,Average
1016,6.2917854726422355,5.967526510132682,Medium,Good
1017,7.253195206615483,3.7651133322044847,Medium,Average
1018,7.93943062083819,4.50979530018911,Low,Average
1019,7.066423799824656,4.285104378074958,Medium,Average
1020,7.588152638494493,4.820122502176111,Medium,Good
1021,6.620816985369406,4.553109328447609,Medium,Good
1022,5.73230474180961,2.888318923391978,Low,Average
1023,9.108489325164468,4.3491823364740245,Medium,Good
1024,7.412446379116105,5.475413441975718,High,Average
1025,6.708575313923482,6.204715708132556,Medium,Good
1026,8.403423182940873,3.8523476033981234,Medium,Average
1027,6.4897825020696285,6.4275390268259285,Medium,Average
1028,5.871588707674764,3.499314875520864,Medium,Good
1029,7.420965809487338,6.564576185723765,High,Average
1030,6.170522130688282,8.747533869437323,Medium,Average
1031,6.424473356692061,6.339758973310535,Medium,Good
1032,8.696691887194804,6.236716287733428,Medium,Average
1033,7.518932021139894,6.197238495013995,Medium,Good
1034,7.346266422069487,7.422688086034832,Medium,Good
1035,6.346336309110186,5.057660977807148,Medium,Good
1036,6.001787419292068,5.0486290309353405,Medium,Average
1037,6.153282256446043,4.250212807612249,Low,Average
1038,7.610114952227083,4.24335370657844,Low,Poor
1039,6.4071988381139935,5.216040187147711,Medium,Average
1040,6.569799722565338,6.114975282936113,Medium,Good
1041,7.740391081907954,5.1064518684873486,Medium,Average
1042,8.54787795304254,3.350357736676067,Medium,Good
1043,6.253528140635617,3.3285117200740357,Medium,Good
1044,7.324864643521278,5.465818171237262,Low,Good
1045,7.164591078206957,4.902094323872162,High,Good
1046,7.986350680757363,5.956830957420201,Medium,Average
1047,6.673159482387457,4.0472805572242105,High,Average
1048,5.955714425523579,4.530884946075823,Medium,Good
1049,6.893495214454954,3.8294130919691227,High,Good
1050,7.1556736495838305,5.952283165334958,Medium,Good
1051,6.421341108481808,4.52035114638343,Medium,Average
1052,6.297757459971311,4.800136504543454,High,Good
1053,6.700563077908662,5.388659763651279,Medium,Average
1054,6.6990057815627235,3.2159317804670895,Medium,Average
1055,8.551442382600124,7.80410837296529,Medium,Good
1056,9.057025114861123,6.468285804821341,High,Good
1057,7.156397046422498,4.134202740684961,Medium,Good
1058,5.85090748406423,3.262181762039658,Medium,Average
1059,4.711636522769645,3.679931169277026,Medium,Poor
1060,5.745874258960097,3.572365447066662,Medium,Average
1061,7.00107505236713,6.1760052463973825,High,Average
1062,8.554845199810813,2.725251902607555,Medium,Average
1063,5.722620216340193,6.747329459551733,Medium,Good
1064,5.569799106961584,4.153553764780992,Low,Average
1065,4.442321826482446,4.421820093296977,Medium,Average
1066,6.890202949866259,6.264895901286,Low,Average
1067,9.526279939900197,3.847722587583128,Medium,Good
1068,6.910528475762849,5.1878139386410265,High,Good
1069,4.809424217707084,6.426319418093856,High,Average
1070,6.135047536025164,7.545838124675422,Medium,Average
1071,5.94637030661183,6.166926392424697,Low,Average
1072,5.088632184092409,5.076698958829371,Medium,Poor
1073,7.99911465194935,5.469447087489273,Medium,Good
1074,8.122602300892721,4.5805692406801155,High,Good
1075,7.9317209390913925,5.3839860588984445,Medium,Average
1076,8.697386623354106,4.926919160276686,Medium,Good
1077,6.759907072041764,5.575835844401732,High,Good
1078,7.235756655048175,5.921472485676889,Low,Average
1079,5.991171412200441,5.387873686039731,High,Good
1080,5.369939141557596,4.70964870143836,Medium,Good
1081,7.705010977648638,7.058057128519815,Medium,Average
1082,9.017290075096263,5.785430459309993,Medium,Good
1083,6.708646373238161,5.345094456834038,Medium,Good
1084,8.024807079621773,1.1889647246571418,Medium,Average
1085,8.079265898042106,6.396181224288409,Low,Good
1086,4.960041445102862,4.22854909199895,Medium,Poor
1087,6.960189155425755,5.269391974412769,Medium,Good
1088,7.8230819652518795,7.990296095633737,Medium,Good
1089,10.117527289120526,4.178595575764231,High,Average
1090,6.012564197439756,4.656316530693056,Medium,Average
1091,7.667286159248842,4.825187127952563,Medium,Good
1092,5.45417485159412,4.587819493706168,Medium,Good
1093,8.589521993936668,6.459915021178581,Medium,Good
1094,7.4722496427840195,6.199614149489159,Low,Average
1095,9.097492831072067,7.646850151500736,Medium,Good
1096,7.272732526084007,7.510774735121027,Low,Average
1097,7.301217905212452,3.1601862858835332,Low,Average
1098,4.8548085089780955,6.699603854464055,Medium,Poor
1099,7.731519360527792,5.767041396082689,Medium,Good
1100,9.16151840879625,5.41818888365492,Medium,Average
1101,9.335215628293671,2.7756750550475964,Medium,Good
1102,7.506369373446588,4.109714145074205,Medium,Good
1103,8.098633004687093,3.9989597872149987,High,Average
1104,8.278949525518817,3.7251101017880712,Medium,Good
1105,6.699853313554485,3.5460947712152144,Medium,Good
1106,6.028378031640174,2.618483222614765,High,Good
1107,7.3331211027124485,8.32582806086561,Medium,Good
1108,6.463714487210014,9.300342516598866,Low,Good
1109,5.428807207127576,4.326225830114149,Medium,Average
1110,8.142789167905363,5.996879398040697,Medium,Average
1111,6.107171141376818,4.117319339144476,Medium,Poor
1112,5.114472131223716,4.176407306214025,Medium,Average
1113,9.313742890244958,4.692318999354667,Medium,Average
1114,7.087682810475867,5.869484430686654,Medium,Average
1115,6.391925829001045,3.186423350800923,Medium,Good
1116,6.215565040892408,4.949679153618227,Medium,Average
1117,8.34710231137447,5.960913708650436,Medium,Average
1118,7.695604291607061,4.366726982367633,Low,Good
1119,6.363088464167782,7.474636558124553,Low,Good
1120,7.915551404650938,5.357883444776271,Medium,Average
1121,5.461710564241018,5.749769131115797,High,Average
1122,7.131547663430179,6.5782872483588735,Low,Good
1123,8.084586477532376,5.419875495358024,Medium,Poor
1124,8.506684383247572,4.843914307267209,Medium,Good
1125,6.70317062482908,5.625619563564548,Medium,Good
1126,7.540401630791998,2.768599011890247,Medium,Poor
1127,4.399875457403908,5.459673966429982,Low,Average
1128,8.540462415115897,3.1148726288848003,Medium,Average
1129,8.056933092751061,4.231688889332287,Medium,Poor
1130,6.736076043058565,5.159806003478992,Medium,Average
1131,7.084292850424349,5.5177227699960385,High,Poor
1132,6.604375627122292,7.444716968800753,Medium,Average
1133,7.359265829490907,5.052859130956234,High,Poor
1134,6.39766580669592,4.958482871272187,Medium,Average
1135,6.302701552580268,6.940263871814431,Medium,Good
1136,5.646054891378958,4.813910135882307,Medium,Poor
1137,8.789594779915763,3.7451052075080646,Medium,Good
1138,4.963727057622288,6.898863513933164,Medium,Average
1139,5.238575794657644,3.908586637516793,Medium,Average
1140,4.559775384856394,3.27366889151162,Medium,Average
1141,4.1101250463154235,6.5025905688750605,Medium,Average
1142,7.686308933425321,3.998691089360777,Medium,Average
1143,8.36538267112005,3.702486534215974,Medium,Average
1144,7.147389114364933,4.493776068270533,Low,Average
1145,6.784903955238644,4.36257365873604,Medium,Good
1146,5.733308556116695,3.647356401087084,Medium,Average
1147,8.418957331149926,4.117202484807632,Medium,Good
1148,8.121889837961078,4.345111812461349,Medium,Average
1149,7.5974598170777945,4.1364920044207665,High,Good
1150,6.629148527293098,4.217084259045488,Medium,Average
1151,5.1804875898542395,3.3468418484017954,High,Good
1152,7.430326125025962,4.8021343275270905,High,Good
1153,7.685202474085656,4.801656388075677,High,Good
1154,4.63170941379507,3.7994426337918323,Low,Good
1155,6.404244443870681,4.248601453006076,Medium,Good
1156,9.922438573397033,4.725612547177431,Medium,Good
1157,8.809673854156541,3.251981117879656,Low,Good
1158,7.070220643484348,3.184481052387153,Medium,Good
1159,7.457726033550465,4.95117466089938,Medium,Good
1160,8.433884983919445,4.557310676999255,Low,Average
1161,6.589183575926613,5.501280778592767,Medium,Average
1162,6.010316026821986,3.100110848200015,Medium,Good
1163,6.639213589441422,4.831430547507518,Medium,Average
1164,6.836949203055356,8.152489682636208,Medium,Average
1165,4.953694299871941,5.443363594418096,Low,Good
1166,9.094244264085805,2.69008754333578,Low,Good
1167,6.567269348467949,3.5511922954749036,Medium,Good
1168,6.300140632163495,3.314950548378549,Medium,Poor
1169,6.696602027998501,4.194886912493559,High,Good
1170,6.896696287815927,4.934893937032715,Medium,Good
1171,5.339154570621294,4.995622585767821,Medium,Poor
1172,3.420765045500032,4.561665083322116,Medium,Good
1173,6.267989023175998,4.39603949657201,Medium,Good
1174,7.804714910348679,2.3383862131595072,High,Average
1175,7.864836822400178,5.220200902728104,Medium,Average
1176,6.07193991175275,4.238952485987511,Low,Good
1177,4.336966346123987,4.590621721502851,Low,Good
1178,8.830576845440092,4.373198445492424,Medium,Good
1179,8.720080727530235,4.566154034545126,Medium,Average
1180,9.624536972565195,3.8408140457546605,Medium,Good
1181,7.05357306877887,6.636521202529759,High,Average
1182,8.485337019464268,6.229509582584468,High,Good
1183,6.880748237529266,6.658381678273964,Medium,Average
1184,7.693029375615771,5.571656290450501,High,Good
1185,5.351334801749515,6.1784137962902514,Medium,Average
1186,6.55629193631082,4.832226533587631,Low,Average
1187,7.335411327578716,4.8537034382818085,Medium,Poor
1188,7.567208895525511,3.0951739918648404,High,Average
1189,7.944548035807601,3.171077219189029,High,Poor
1190,7.621366612369999,4.022234421549845,Low,Good
1191,7.471741341854156,4.270149721857715,Medium,Average
1192,10.782960598400614,5.617565820980536,High,Poor
1193,8.31129768706716,7.3255856353620175,High,Good
1194,6.277095873301675,3.859775260418223,Medium,Average
1195,7.233466276781734,4.327670537555298,Medium,Average
1196,7.322090405824847,5.341744674803072,Low,Average
1197,6.939269136965742,4.687182698294267,Medium,Average
1198,5.599766240725851,4.452076995383948,Low,Good
1199,9.439657022174387,6.9653315173889725,Medium,Good
1200,7.214156719595663,1.2117389086673134,Medium,Average
1201,5.8788197585266815,1.4947860279555139,Medium,Average
1202,6.290939885660379,5.951739327514572,Medium,Average
1203,7.569722288801186,2.5997363093449564,Medium,Average
1204,4.350903086864831,3.067089195353815,Medium,Good
1205,6.706552827693984,4.4534311287394654,Medium,Average
1206,6.281204645534783,5.78938518469735,Medium,Good
1207,6.8829109353715685,5.7820905969412095,High,Good
1208,8.432396398044071,7.1100145046155205,Medium,Average
1209,8.937286084904361,3.429885879911142,Low,Poor
1210,7.766411421003478,2.472952153802442,Low,Good
1211,6.348767456260419,6.579641276970007,High,Good
1212,4.986887091310366,6.272032814862357,Low,Average
1213,7.907236026865756,5.619572604745717,Low,Average
1214,7.658347902009729,1.937445398838098,Low,Good
1215,5.291100321350461,4.434263563642574,Medium,Good
1216,7.839173345685421,6.133930561607557,High,Good
1217,8.456809637232935,6.486233059257711,Medium,Good
1218,4.055880561367758,7.806249913212396,High,Average
1219,6.4838660111714255,7.704522405636364,Medium,Average
1220,7.893235369754092,6.048819004902061,Medium,Good
1221,6.866007897480323,4.485274903221527,Medium,Good
1222,6.348355356494822,1.8817025479004417,Medium,Poor
1223,5.648640628330902,4.655012387938268,Medium,Poor
1224,6.48187835441462,3.1291073869171497,High,Average
1225,7.196439567627945,4.741867158767357,High,Good
1226,6.885699972342737,4.611659086754856,Low,Average
1227,8.542809187404625,5.24085021492192,Medium,Average
1228,8.913686871433834,8.067650821967675,Medium,Average
1229,6.912442939184331,4.645035029805141,Medium,Average
1230,6.96107115086529,4.559549881132232,Low,Average
1231,6.761792744277501,3.5812898222856138,Medium,Average
1232,7.2326157891975225,5.820495124516196,Medium,Average
1233,7.983409526595729,6.6402508388978845,Medium,Average
1234,8.1070191950332,2.4890160891274205,Low,Good
1235,7.811163170092968,6.3274318719750555,Medium,Average
1236,9.557226372464385,5.543780103893896,High,Poor
1237,4.597566622845893,3.2859411901852447,Low,Average
1238,7.1560737405626975,4.756166416904887,High,Average
1239,6.663898254989655,3.7316725891050924,High,Average
1240,7.592725202546935,4.6949160587263545,Medium,Average
1241,6.673607691495184,8.129538488128304,Medium,Good
1242,8.594721868416208,7.258517012665707,Medium,Average
1243,7.578788938655478,6.672020626361174,Medium,Poor
1244,7.543918827034161,2.057253569731534,Medium,Average
1245,8.217675896407538,6.148694954395294,Medium,Good
1246,6.583636279296437,6.669989361339837,Medium,Average
1247,7.007955485978947,2.710287483098167,Medium,Average
1248,4.985697655668087,5.785872845562877,Medium,Average
1249,6.820804869684709,4.645309484029229,Low,Poor
1250,7.950186037506448,2.022847965100663,Medium,Good
1251,6.898765397858237,3.9979434411360466,Medium,Average
1252,7.595765611453919,2.4468987140965863,Medium,Good
1253,6.674479613452956,5.501632961725761,Medium,Good
1254,6.129598869606187,1.9943987568990833,Medium,Good
1255,6.7942178035768395,6.810916057394677,Medium,Average
1256,7.377452389115243,6.59510683517114,Medium,Good
1257,7.479751549453977,6.606574805797218,Medium,Average
1258,9.195866969877041,9.191388876805025,High,Poor
1259,6.031404937539765,4.578779036274312,High,Average
1260,5.878886682753677,5.013987279365491,Medium,Poor
1261,5.49470288815243,2.5352117028296726,Low,Good
1262,8.23356018539954,5.587362330141514,High,Good
1263,7.6633492919855275,4.7086131917781815,Low,Good
1264,8.644968490083734,4.6399696217008035,Low,Average
1265,7.550265289113995,4.227521346890223,High,Average
1266,9.731777781062725,4.4878512908809975,High,Poor
1267,7.801882473094481,4.626285909109282,Medium,Good
1268,5.354352548209037,6.465465502669684,Medium,Average
1269,6.253182016321349,5.883095813752214,Medium,Average
1270,7.29290670361193,3.4178379768471245,High,Average
1271,7.353700502358937,3.021536053862842,Medium,Good
1272,6.377332021835906,6.407668919794775,Medium,Poor
1273,8.0623753444348,4.7783174385906975,Medium,Average
1274,7.17742602445835,6.319412798964486,Low,Good
1275,8.063373845672578,4.692687693849983,Medium,Good
1276,8.237845395239656,4.835707472907433,High,Good
1277,6.2029776223536,4.610543969663123,Low,Average
1278,6.169430164794582,4.480952682507381,Medium,Average
1279,4.632474230044477,5.842923102179472,Low,Average
1280,5.624262263089992,4.482674161703352,High,Poor
1281,6.368518702534095,3.628430776937202,Medium,Good
1282,8.841692912777974,3.8812836761838745,High,Good
1283,7.459080734728269,4.461585403921886,High,Average
1284,6.179826915067927,6.759453896124368,Medium,Good
1285,4.982537218075445,2.089806741723885,High,Average
1286,6.779908610220636,4.082472994452925,Medium,Poor
1287,8.39987051384702,3.710356619872547,Medium,Average
1288,8.344847965803726,3.992862862356997,High,Average
1289,9.456803840052155,2.6918614070946005,Medium,Average
1290,6.626221892967149,5.84045958075664,Low,Average
1291,8.258563639212719,4.631504534610248,Medium,Poor
1292,5.751965506351058,3.9651829382796473,Medium,Average
1293,7.972656534255966,4.194371559559935,High,Good
1294,8.938361127590616,4.335025729873907,Medium,Average
1295,7.457549603100776,4.90550190252223,Low,Average
1296,8.375597969793416,7.003400837434464,Medium,Good
1297,4.446224918086807,7.853116728316877,Medium,Good
1298,7.189989593080512,6.359873546649128,Medium,Average
1299,5.429073782047361,4.81072575767351,Low,Poor
1300,8.971618957979281,3.94269648736477,Medium,Good
1301,7.968247086553604,5.655560964386618,Low,Average
1302,7.830006981719585,7.502239637048885,Medium,Average
1303,6.064835756088056,6.89235079286755,Medium,Poor
1304,6.746662257832142,6.121442398075461,Medium,Average
1305,6.855122830170629,7.045619456811362,Medium,Average
1306,7.564211133346228,4.085984998388874,Medium,Poor
1307,6.995633119268182,5.170116211120151,Medium,Average
1308,6.5111135226652355,6.042505795809172,Low,Good
1309,7.422867338523865,6.39927829986983,Medium,Average
1310,6.529215867089303,3.784644302603815,High,Good
1311,8.16078643645885,4.341172405866286,Medium,Good
1312,7.613579307470225,3.751241222085716,High,Poor
1313,6.862920116409306,6.686327886365802,Low,Average
1314,7.373194357314512,4.476315653979689,Medium,Good
1315,7.115908763044288,3.4751219632242343,Medium,Good
1316,6.415858630550133,4.857945950935271,Medium,Average
1317,7.144372751059519,2.866706419190703,Low,Average
1318,7.292665493978458,4.9103229990287955,High,Good
1319,7.947551678853301,4.022445379654721,Medium,Good
1320,6.08811221962092,5.806174345643695,Medium,Good
1321,6.8496593030218005,4.9022662585665415,Medium,Average
1322,5.681521428138513,5.035540195425525,Medium,Average
1323,6.719641886301634,6.64091150634307,Medium,Average
1324,8.315818877698032,2.2660314786101927,Low,Good
1325,6.031656331310165,4.403207756553745,High,Poor
1326,6.250719937885727,4.290011604640844,Medium,Average
1327,5.66727470924929,6.597176833876208,Low,Average
1328,7.508079412768157,6.687012207934147,High,Good
1329,7.610628162523591,4.888888544890443,Medium,Good
1330,7.360591534336521,2.3412240793678025,Medium,Good
1331,7.383362683915244,6.168403843121478,Medium,Good
1332,6.426516867380472,3.5484561309240092,Low,Average
1333,6.809420071692025,4.285072806423768,Medium,Average
1334,7.361363234213431,3.8611260177006153,Medium,Average
1335,6.7856665944499035,9.052168955788547,Medium,Average
1336,5.06085748155555,6.089288012536523,Medium,Average
1337,5.381795992828943,7.440889706089639,High,Average
1338,5.240016454888284,4.725178764299159,Low,Average
1339,9.855274138137741,4.637199762590778,Medium,Good
1340,6.874560304909435,3.417372003622401,Medium,Good
1341,6.743467757111155,5.189700471105734,Medium,Good
1342,7.422600138019012,1.6608201800899653,Medium,Good
1343,6.788246262631661,7.092465018751032,Medium,Good
1344,8.006513000385624,5.006373029918468,Medium,Average
1345,9.312058933038404,5.3016262711146895,Low,Average
1346,7.481665505164996,7.634613871201283,Medium,Good
1347,7.697303290644977,6.08988179354496,Medium,Average
1348,7.029664340771378,5.839763818069148,Low,Good
1349,8.82020454066127,4.378205683122963,Medium,Average
1350,8.997115982061523,7.0191281417283085,Low,Average
1351,7.049328336318068,4.041203147911798,Medium,Average
1352,8.46321134286051,4.827332928788185,Medium,Good
1353,5.838184208076322,4.867817364487668,Medium,Average
1354,5.923951292204046,6.685140702327915,Low,Average
1355,6.168988824819211,4.7852035760763805,High,Average
1356,6.905374647810525,5.645164035615313,High,Good
1357,6.026459183874303,6.321502291096197,Medium,Good
1358,6.706559823921237,5.8224964750511665,Medium,Good
1359,5.982144511422999,7.197772008721733,Medium,Average
1360,6.941900257993114,5.467287680336551,Medium,Good
1361,6.549420613709184,5.687679619229632,Low,Average
1362,6.143861507584669,5.338691712842383,Medium,Average
1363,8.285834724294684,5.476882599541696,Medium,Average
1364,8.559958236322585,4.6490671126557235,High,Average
1365,6.276244808514292,5.765829786230887,Low,Average
1366,5.292540400785143,6.46137569997245,Medium,Poor
1367,6.540047933181484,3.6213884687819915,Low,Good
1368,5.641192205499438,4.490611302861697,High,Average
1369,7.512199616558455,2.769124291772661,Medium,Average
1370,5.272619118923254,4.585377264691879,Medium,Good
1371,8.794185377838527,4.554010825745967,Low,Poor
1372,7.808203278310085,5.432613211138413,Medium,Average
1373,7.629901887204244,6.01156470797311,High,Average
1374,7.427895270401553,5.383066261645603,Medium,Good
1375,6.397833713212274,5.396759083025527,Medium,Average
1376,9.91568489525694,4.872778906629359,Low,Average
1377,8.024850214642568,5.436614584102722,Medium,Average
1378,6.284470998281422,4.158565207894343,Medium,Good
1379,7.1196145199391045,3.02944713080746,Medium,Good
1380,6.808729300930792,5.25836943073541,Medium,Average
1381,6.727626147299966,6.572051927886348,High,Good
1382,8.358908759330715,5.2087550208264535,High,Good
1383,6.631793784560158,2.974368327943878,Low,Average
1384,7.078645444153599,2.5936940728824016,High,Average
1385,7.213605613508254,5.606072879625987,Medium,Average
1386,7.877930966125084,3.9667123643660887,Low,Good
1387,8.589175139917714,2.550107404729271,Medium,Average
1388,3.0399366661846545,4.676372618415462,High,Poor
1389,6.450851838577297,4.753134697302849,Medium,Average
1390,7.754136371258874,4.846095363385726,Medium,Average
1391,6.523203606302491,5.814448510580567,Low,Good
1392,7.452753921036898,5.24958186867755,Low,Average
1393,7.956043591139646,4.9382645232996225,Medium,Good
1394,8.455747225105892,3.141455322620168,Medium,Good
1395,8.463054886891488,5.7926200369655385,Low,Poor
1396,7.580914903519715,5.46042397053024,Medium,Average
1397,7.425839624099196,4.760368641058632,Medium,Average
1398,7.5428949474449585,5.218501272586158,Medium,Average
1399,7.394491728564762,4.70155636961708,High,Good
1400,7.0911885999358875,3.751711478948631,Medium,Average
1401,5.6725783494699975,2.998724829221982,Medium,Average
1402,7.328850667089344,5.381679953682713,Medium,Good
1403,6.372387713696739,2.3852633559576164,Medium,Average
1404,7.385007370678031,5.6361178859208065,Medium,Good
1405,9.02065343020964,3.07452166587886,Low,Good
1406,7.835204978860043,4.957715132875868,Medium,Average
1407,8.030546548634579,5.6314526235980065,Medium,Good
1408,9.16745640117057,5.053665334680408,High,Good
1409,6.496891301888386,2.7169995296420013,Medium,Poor
1410,5.654287881595558,4.403714197014113,High,Good
1411,5.757782894941497,4.54340002748988,Low,Average
1412,10.089932078465147,4.329277846110261,Medium,Good
1413,6.676841889972356,2.591728886682003,Low,Average
1414,7.927723254243277,4.722628931346509,High,Average
1415,7.854843812194931,4.774417965325366,Medium,Good
1416,7.704496766971712,5.523600564014832,Low,Average
1417,8.200642186713054,4.169266885762957,High,Good
1418,7.7796342850974085,4.573875348404927,High,Average
1419,6.106408898011513,6.410092572883251,High,Average
1420,6.8992829713315045,5.012749082117405,Medium,Good
1421,8.200200282548764,5.326584229306249,Medium,Average
1422,7.746048843300411,6.764489697561173,High,Good
1423,6.803734702932102,7.913264622611662,High,Poor
1424,5.213562619444113,4.88337026965236,Low,Good
1425,7.153980462912268,7.073897087658079,Medium,Good
1426,5.44003315597241,4.062281870436388,High,Good
1427,4.148783230177136,6.652621318273724,Medium,Poor
1428,8.378065127096505,4.493575820589962,Medium,Good
1429,6.863868200717122,4.440500977391892,Medium,Average
1430,8.608045811226912,5.363087343817227,Low,Average
1431,9.027311199539216,4.643295720123109,Medium,Good
1432,7.3300704693344,3.3833593522859937,High,Average
1433,6.939701282596133,2.7932469996034786,Low,Poor
1434,8.22851782844078,5.618115723486797,Medium,Good
1435,7.937152772079374,4.593655299005903,High,Average
1436,7.54812085828316,3.0682853412832265,Low,Average
1437,5.653743243315516,4.601170758827483,Medium,Average
1438,7.334424988375743,7.967829930227274,Medium,Average
1439,7.782280199801383,3.999126617320779,Low,Good
1440,8.784778610853262,5.792654220937335,Medium,Poor
1441,10.35900704350562,4.745966589997044,Medium,Good
1442,7.105924744792891,4.854052518801619,Medium,Average
1443,6.581963634867431,5.470601962733767,High,Average
1444,6.447071868838197,5.569047421699063,High,Good
1445,6.590610255479424,2.349364553160221,Low,Good
1446,7.521740606600775,4.947840803233977,Medium,Average
1447,5.488427506586684,5.920214419820034,Medium,Good
1448,4.248601896177183,5.421119106326703,Medium,Good
1449,9.68264604421396,6.045548431250381,Low,Average
1450,7.346373691603297,6.758304236815426,Medium,Good
1451,9.96052326454701,5.878231270771212,High,Average
1452,4.087302526828974,7.159397333839806,Medium,Average
1453,7.4203287378367815,4.792785456105767,High,Good
1454,6.345626918345656,4.664464908114659,Medium,Average
1455,7.189975268668644,8.140855648237926,Medium,Average
1456,8.052779924190173,2.7053469678400868,Medium,Average
1457,7.040045599574064,4.191935096807511,Medium,Good
1458,6.937401253338798,3.869349729992828,Low,Average
1459,6.265387470714719,3.762666235173232,Medium,Good
1460,6.955630700190154,5.5582574772371665,Medium,Good
1461,7.121664883967884,4.106423790707726,Low,Average
1462,6.446777181031916,7.25311851200923,Medium,Good
1463,5.09756852300646,5.309440753404857,High,Good
1464,7.813949210330499,4.5425741411002525,Low,Good
1465,8.477353900154265,4.521787256237617,Medium,Average
1466,7.65721239292076,5.217495584380152,Medium,Good
1467,6.486745210953634,7.778257528321638,Medium,Poor
1468,7.945035152068538,6.478311152279511,Low,Good
1469,7.208305286559885,3.9191666698108922,Medium,Average
1470,7.268598165925344,5.9346938629735355,Medium,Good
1471,7.706252645724757,5.0435535719317235,High,Good
1472,7.485629664870311,4.761036536573785,High,Good
1473,4.836559864271943,5.281715499494881,Medium,Average
1474,7.794827208614722,1.0060587312313665,Medium,Poor
1475,8.35865847369416,4.102027422440942,Medium,Average
1476,10.023670577703381,4.951346405520692,Medium,Good
1477,6.318150238775036,6.815979056437055,Low,Good
1478,6.288244765910917,4.304998247686147,High,Average
1479,5.990681052139651,5.026300808308768,Medium,Average
1480,7.357308510634408,6.3644813779910585,Medium,Good
1481,6.5219207562670265,6.448040352073853,Low,Good
1482,6.941761535371773,3.708239698840549,High,Average
1483,6.8044120822361425,5.892323600143768,Medium,Poor
1484,8.674993478457633,6.310974346287667,Low,Good
1485,5.530678273928567,8.298420235998478,Medium,Average
1486,7.141999312466114,6.019897622731953,Medium,Good
1487,7.016817408702465,4.883883538128366,Medium,Good
1488,6.712788316620876,4.201683578923225,High,Good
1489,8.252739519582313,8.163932372940279,Medium,Average
1490,6.192128302974999,4.799306252667553,Medium,Average
1491,7.439388106682921,5.256114384293239,Medium,Average
1492,8.112063899091561,3.950883019350055,Medium,Average
1493,7.975635824951693,5.022078688316468,Medium,Good
1494,8.37981921655464,4.683574186484501,Low,Average
1495,9.091823899343387,5.907840654851839,Medium,Good
1496,6.839095885501498,7.433427627691607,Medium,Good
1497,6.568161811894715,7.104804336922161,High,Average
1498,7.2444350567421205,2.2944647256699398,Low,Average
1499,8.734323589721988,8.3767075135804,Medium,Average
1500,5.810530198765923,3.4030404739902083,Low,Average
1501,8.419783486379872,5.544427609855955,Medium,Good
1502,5.521752372920874,3.7407979376854428,Medium,Average
1503,7.733080922505482,4.169563219727792,High,Good
1504,6.887540434976874,3.8127782268683923,High,Average
1505,4.670309300842347,4.921029122098261,Medium,Good
1506,8.019867792059244,5.0416225263286405,Medium,Good
1507,5.899315138164057,6.2246243217344635,High,Good
1508,6.328242702675972,7.202140993350059,Low,Good
1509,8.335593647121351,3.2788572524210027,Medium,Average
1510,8.100125775335888,5.740887089370892,High,Average
1511,7.043240917590444,5.304820607100515,High,Average
1512,7.412796473214864,4.407095905142828,Medium,Average
1513,7.846693985036532,5.353836676972217,High,Good
1514,8.886347570764409,6.26160065185841,Low,Poor
1515,6.626084668213697,4.195614691524813,Medium,Average
1516,4.876203324179928,6.260348403392129,Medium,Poor
1517,4.4771029543760505,4.540092043210094,Medium,Good
1518,4.543889467282071,3.090946266029784,High,Good
1519,7.047013201235794,5.024240484329281,Low,Good
1520,8.608723348624544,4.713347346175593,High,Good
1521,8.404777299281651,4.946111350144909,Medium,Average
1522,7.203146555252212,3.618587272313544,Medium,Average
1523,5.792089189391907,1.0,Medium,Average
1524,6.779319581678495,6.097140475755426,High,Average
1525,6.396863603482896,6.537583439586763,Medium,Average
1526,7.524316988333141,4.103520358786728,High,Good
1527,5.6992630676173555,4.218996070240208,Low,Average
1528,5.505549421529296,4.39721012006424,Medium,Average
1529,5.794385696504031,5.140924420372944,Medium,Good
1530,9.095496839889615,2.7527295249907766,Medium,Average
1531,4.737463151458575,5.084472975797962,Medium,Good
1532,6.4291125132452045,4.7807134390687045,High,Good
1533,6.816781489787841,6.34007011031829,Medium,Good
1534,8.703608301235647,2.765684026555169,Medium,Poor
1535,5.8842383318344345,6.214246570384776,Low,Average
1536,6.830633295310249,7.3670235417569065,High,Average
1537,8.160722858444913,6.160865469175791,High,Good
1538,6.426291815604187,4.891874211989113,Medium,Poor
1539,8.031570610659344,7.574248811674369,High,Average
1540,6.313203771290566,7.825367549483671,Medium,Good
1541,7.804371190703122,4.9539693870887955,Medium,Average
1542,5.761292321324461,6.012790951498461,High,Good
1543,7.487519274595979,4.323470451573745,High,Good
1544,6.909625522480321,7.444868245884624,Medium,Good
1545,7.328359382891105,3.957587248649844,Low,Average
1546,6.05042320868886,3.8491692406123565,Medium,Good
1547,7.572873784719231,5.795257571287167,Medium,Average
1548,4.822454525190761,3.829363362972066,Medium,Average
1549,6.516168551457373,4.577892176149516,Medium,Average
1550,5.939618366861871,6.409504773759897,Medium,Average
1551,7.761164365881456,2.698787701125105,Medium,Average
1552,5.989282058860857,4.747862032558686,Medium,Average
1553,6.355267329799133,8.29012015674934,Medium,Average
1554,5.985067338345012,2.411366453360762,Medium,Average
1555,7.500862410896284,5.879263560587474,Medium,Good
1556,7.168214411838179,2.5655830110919804,Medium,Good
1557,7.84132361585037,5.460130288531601,Medium,Average
1558,5.827609930235708,4.243627724720597,Medium,Average
1559,5.290805120084494,1.0,Medium,Average
1560,8.546378365323763,1.0,Medium,Average
1561,5.974686837088301,7.525832689835952,Medium,Good
1562,8.836104874889196,4.976654101847665,High,Good
1563,6.2961341057537465,5.210011570914215,High,Good
1564,5.2724774109649655,5.5544942313753225,Medium,Good
1565,7.920291511689438,8.60187349953475,Low,Average
1566,5.188333880099286,5.621335033710207,High,Good
1567,7.301077317540297,4.2893934143669314,Medium,Average
1568,7.146682101125711,4.273872365304014,Medium,Good
1569,6.751534550229105,3.9982732202213067,High,Average
1570,4.718492269087158,3.646455610146657,Low,Poor
1571,7.194644646067241,6.02502357458949,Medium,Good
1572,10.195236340721783,5.309910438520275,Medium,Average
1573,5.3977565727455055,6.910629077025487,Medium,Good
1574,6.975837128946771,4.470183624932902,Medium,Average
1575,6.230567555819617,7.417225278160646,Low,Average
1576,4.344795031273248,6.005687687708475,Medium,Good
1577,6.520903990633698,5.242195492966692,Medium,Average
1578,8.702177369882326,7.861134376066715,Medium,Good
1579,7.940012091601812,5.817925971747419,High,Good
1580,7.154809302735037,2.477294057222847,Medium,Average
1581,5.007432500484226,7.727887843167439,Low,Average
1582,7.910223068277386,3.471774211715786,High,Good
1583,8.012798629478885,6.849788276306045,Low,Good
1584,8.768850468084219,5.358032134120636,Medium,Poor
1585,7.16842260108877,5.0607675319172,Medium,Good
1586,3.9050490445601604,4.759219298844001,Medium,Good
1587,7.402374166522318,4.215391041137743,Low,Average
1588,6.978146230050871,4.56002730002562,High,Good
1589,7.354510467692304,2.9730042839317465,Medium,Good
1590,4.781974219810209,2.431499200382997,Low,Average
1591,7.550381783655583,4.086331870768092,High,Good
1592,8.14779571957618,2.6956557862131603,Medium,Good
1593,7.5910644309057735,7.925105463460077,Medium,Good
1594,6.035501263624656,3.6443274683887688,Low,Good
1595,5.315134088855267,6.180045426081133,Medium,Average
1596,7.437465589519855,3.3039520448036064,Medium,Good
1597,6.960168987791748,1.8774851765614038,Low,Good
1598,6.697379086001689,2.7747198795668697,Medium,Average
1599,5.634879489573317,7.105019834624947,Medium,Average
1600,7.535094878222214,5.965129804477659,High,Good
1601,8.487884151821888,5.043306909513521,Medium,Average
1602,3.6931029926447274,3.5504073047436715,Medium,Good
1603,6.2143829519307765,4.322829048826908,Medium,Average
1604,6.365826391523451,3.201232584202355,High,Average
1605,7.29157728345814,5.591180509959667,Medium,Good
1606,6.640261713085955,6.031059689597013,Medium,Poor
1607,6.372503107023472,2.4972474600391728,Medium,Good
1608,7.452092267882579,7.0659657923513155,High,Average
1609,7.087512654925315,7.312088163145933,Medium,Average
1610,6.282236249978192,4.6550325972910604,Medium,Good
1611,8.70841731761192,5.403185932922185,Low,Average
1612,5.807897328963425,7.453991899805559,Medium,Average
1613,7.565982748422228,3.715481395065658,Medium,Average
1614,9.501161297259662,6.0217345213964535,High,Average
1615,7.640434950091594,4.742995967952406,Low,Average
1616,8.323091323076198,5.938715359191338,Medium,Average
1617,7.7715632630354,6.550569958022185,Medium,Average
1618,6.005214591894911,5.095900637397365,Medium,Poor
1619,6.4318158724510175,5.100826519600273,Medium,Average
1620,7.549545821721761,6.49653165242256,Medium,Average
1621,6.916713208010586,4.748209010017877,Medium,Average
1622,8.569958379679338,5.3220629890338405,Medium,Average
1623,8.33256637002187,6.141961500191618,High,Good
1624,8.48961968478631,7.144582840227271,Medium,Poor
1625,7.152024116816037,6.7441780720244,Medium,Average
1626,8.889498511254024,5.045243883114044,Medium,Good
1627,6.864191267535064,6.085069141451768,Medium,Average
1628,7.076271792135567,4.689921904125366,Medium,Average
1629,5.957010427115614,5.125169431000357,Medium,Poor
1630,7.873127813399624,2.0900096276304816,High,Average
1631,8.64038983057378,5.011657871346858,Medium,Average
1632,8.556449784512594,5.534571001786342,Low,Good
1633,7.068955892175794,3.959803887513857,Medium,Average
1634,7.733834534691189,6.163570192702006,Low,Good
1635,6.889128000327591,1.9974612524957873,High,Good
1636,7.980253805629291,6.491164336875388,Medium,Average
1637,7.509620143563664,6.0684281696207645,Medium,Good
1638,7.8924075352902285,7.412833686114523,Low,Good
1639,8.286355241432114,6.938983372347969,Medium,Good
1640,8.413753786318338,4.557059413563211,Medium,Good
1641,9.440771964365908,3.9152369740541384,Medium,Good
1642,8.010361527973448,5.34330721607982,Medium,Poor
1643,6.067518777558534,2.571562162714133,Medium,Good
1644,7.319039133567398,8.23702377249742,Low,Average
1645,4.540274826302031,3.6500414950802753,High,Average
1646,6.4952418366236575,6.635966516656054,Medium,Average
1647,9.243871103568132,4.649268229553271,Medium,Good
1648,5.852144301393266,6.503679261718974,Medium,Average
1649,6.412787319866021,6.754701436000227,Medium,Average
1650,5.022674384260988,3.2966511539680483,Medium,Average
1651,6.522123240368137,6.601559047338677,Medium,Good
1652,8.276007602419584,3.2864439582248655,High,Good
1653,6.558815209668398,6.926078813197008,Medium,Poor
1654,6.01007387647954,7.896304290079284,High,Average
1655,7.262334911789147,5.449750470388803,Medium,Good
1656,6.364358090440816,5.492858370048371,Medium,Average
1657,5.28581063138852,2.8993657044774035,Low,Poor
1658,8.271827283434567,4.9323756560083964,Medium,Average
1659,6.51731145428809,4.597760321412523,Low,Average
1660,7.33444268225143,3.861717309454371,Medium,Good
1661,8.74147455594488,5.590107809931663,Low,Good
1662,6.836385028582011,6.295992192349699,Medium,Average
1663,5.377136792541109,6.4808177944326575,Medium,Poor
1664,7.228157015710545,5.609042713691871,Medium,Average
1665,6.266482875853054,4.759808903469679,Medium,Average
1666,5.91790245881279,7.544503750852889,High,Average
1667,7.892481249400047,6.398982408944006,Medium,Average
1668,7.139625847754394,4.064715379746127,Low,Average
1669,8.015113291312373,4.113844898542496,High,Good
1670,8.799207911845901,4.968991652010008,Low,Average
1671,6.7330021305443974,5.4667989676602655,Low,Average
1672,6.79005421429353,6.342550112317802,Low,Poor
1673,5.639844880296861,3.0347127833779126,Medium,Good
1674,3.9102056714612416,5.956594737882828,Medium,Good
1675,9.225002720603552,2.5440365071783906,Medium,Poor
1676,8.333644407552802,4.378716804132725,Medium,Good
1677,5.650629420110558,8.774239928076243,Medium,Average
1678,5.531844554071391,3.1621334237074876,Medium,Good
1679,4.694986438760628,3.5395106711079816,Medium,Average
1680,5.128580040229399,4.33014180872614,High,Average
1681,5.8780823507938535,5.215212471191122,Low,Good
1682,8.619411968164375,5.296813180138789,Low,Average
1683,8.139088227108585,3.2444454611532105,Low,Average
1684,8.961568975515888,1.1694623040047754,Medium,Good
1685,6.902922518465328,5.794535270529304,Low,Average
1686,8.280301086877094,6.052822188181729,Medium,Good
1687,5.278291827048195,3.769931813573427,Medium,Good
1688,5.5358010976302285,8.216318008767935,Medium,Good
1689,6.015712415203951,5.82752224588639,Medium,Average
1690,6.454980307460181,5.692947619029312,Medium,Average
1691,7.503788869616831,4.2702870255874865,Medium,Good
1692,6.874867503784261,4.11590895936993,Medium,Average
1693,4.926165484128597,4.356606178693685,Medium,Good
1694,7.240617734739513,5.801515709362891,High,Good
1695,6.940466584807843,6.2724918501310984,Medium,Good
1696,9.466249576581191,4.542307070815005,Medium,Good
1697,5.906412779300416,5.5730667816438375,Medium,Good
1698,5.853493747390777,3.0161748470906087,Medium,Good
1699,7.413944319250132,4.2562340730918145,High,Poor
1700,6.027030420578684,4.086281040670364,Medium,Poor
1701,7.567339324933481,5.332095580577167,High,Good
1702,7.799355077750933,5.894029186707779,Medium,Poor
1703,8.63775497682854,7.539534124371638,Medium,Average
1704,6.200884647439525,5.577528715862825,Medium,Average
1705,5.2762400447386195,6.004179173239712,Medium,Good
1706,7.103418444300603,3.3211876295958964,Medium,Good
1707,8.348071483771351,3.566393785892958,Low,Good
1708,6.560033486528582,3.6536012199049868,Medium,Good
1709,5.886260790301117,5.107110234732985,Medium,Poor
1710,5.9973883141121656,2.044042042712566,High,Good
1711,9.83499237040845,4.186624915762023,Low,Average
1712,7.083749336685489,4.77684369566711,Medium,Average
1713,7.398133068257231,8.587193985064792,Medium,Good
1714,6.962655210965909,2.396003302978372,Low,Good
1715,5.959631233965322,7.584293622932556,Medium,Average
1716,6.193493816432085,6.1122374113283975,Medium,Average
1717,6.658484858854624,5.138025881104625,Low,Good
1718,6.655301094582235,6.789291201915253,High,Average
1719,6.723803977012593,6.975984091446625,Medium,Poor
1720,5.582368609155265,3.768884924234099,Medium,Average
1721,6.18675907255117,6.977733687088344,Medium,Poor
1722,6.238923635808611,5.387550872501494,Medium,Good
1723,6.858461401208807,5.39221819214989,Low,Poor
1724,6.751562610711027,2.9948651370839396,Low,Good
1725,6.562637863121533,6.8607589224990555,Medium,Average
1726,7.525886024238448,3.3653648209161444,Medium,Average
1727,7.674324593612776,5.136379866995553,Low,Good
1728,6.634563303432265,4.940647758389254,High,Good
1729,6.183561945011455,4.79186178613231,Medium,Average
1730,6.4142810195606135,3.0017609912015972,Medium,Average
1731,7.621821628041978,6.7521702857028645,Medium,Average
1732,7.359049367489827,2.7577695189698472,High,Average
1733,6.740931315979749,7.8331090887836625,Medium,Average
1734,6.106918505515721,7.663771282422292,Medium,Average
1735,6.216993189672987,5.081332947297214,Low,Average
1736,4.9880055893299735,4.373355734828569,Medium,Average
1737,7.087695625919138,5.962408421952787,Low,Average
1738,6.280606585816511,5.008284557807106,Medium,Average
1739,6.260703108156614,4.75632540478581,Low,Good
1740,6.950140384660251,6.332671001409669,Medium,Average
1741,8.158809210780902,7.186099660253471,High,Average
1742,10.340518254139567,5.969623616798883,Medium,Poor
1743,6.628427942899426,4.231157219104104,High,Good
1744,6.919255824863436,3.6678315799592336,High,Poor
1745,5.431437201948179,2.027084015218871,High,Average
1746,5.34788993548522,5.481394080781671,Low,Average
1747,7.765890346852649,3.9780744570816133,Medium,Poor
1748,7.5352499890475055,7.7152430562771155,Medium,Poor
1749,5.871950893089991,6.464876795505134,Low,Average
1750,8.96886731014006,5.368003749118932,High,Poor
1751,6.536171703647901,3.368668250680937,Medium,Average
1752,7.718514684319685,5.3277490369165585,Medium,Average
1753,6.036885674442479,5.190150499827579,Medium,Poor
1754,5.242334405280134,3.5937730789090816,High,Average
1755,6.261926266384525,3.627786651873124,Low,Average
1756,7.861157933166617,6.594723585334334,High,Good
1757,8.793002049516843,4.682103045611432,High,Good
1758,6.1703186036012525,6.225585875492087,Medium,Average
1759,7.404134886467309,5.022407598474255,Low,Average
1760,7.95228301803192,5.2268846571887835,Medium,Average
1761,8.054442229278381,2.6642856248217335,High,Good
1762,7.227646485787421,7.195452310453533,Low,Average
1763,7.208139639241472,1.0233026134187533,Low,Average
1764,6.2897558622911705,4.8532958728855204,Medium,Good
1765,5.697653232585386,4.0806358345376825,Medium,Good
1766,6.955222920277864,5.312334052474823,Medium,Average
1767,8.120553068803357,6.044332756519013,Medium,Average
1768,9.078639213399278,4.706449710952765,High,Average
1769,7.771656010678396,3.3428036367880165,Low,Poor
1770,8.86894015181204,7.228697023724772,Low,Poor
1771,7.828877043178245,3.7190956174333523,Medium,Poor
1772,7.078689784342395,4.654179326735954,High,Average
1773,8.033269419063794,2.603853191106063,Medium,Average
1774,6.730936108288036,4.235606565050488,Medium,Good
1775,6.277162114543164,5.560969276139561,High,Good
1776,7.891525310343889,3.765118637398525,Low,Average
1777,6.348173123675697,5.64647386339839,High,Poor
1778,7.172331757583098,3.555770864860446,Low,Good
1779,6.3161342968599,2.0126732148888546,Medium,Good
1780,6.350088932229398,5.138462387191619,Medium,Poor
1781,5.798479071845045,4.99803880838685,Low,Average
1782,6.3997048597629975,7.8023168364691085,High,Good
1783,7.980235934520539,3.70514299094828,High,Average
1784,6.37746642187605,6.460059352738137,Low,Good
1785,5.409220652326013,4.113473452814148,Medium,Average
1786,8.403508442516817,7.270500516671879,Medium,Average
1787,5.46172727619111,6.697821255202594,Medium,Average
1788,6.054124222631206,5.4361326606334215,Low,Average
1789,6.091928913929655,6.445572899211012,Medium,Average
1790,6.771097497172968,5.75888334880625,Medium,Average
1791,6.080986369584692,4.35309810819292,Medium,Average
1792,7.545880021142972,3.919751238936714,Low,Good
1793,7.694061914199786,7.293089901051742,Low,Average
1794,7.415409352076686,5.686816428523687,Medium,Average
1795,6.558823268288185,7.2075332853657885,Medium,Average
1796,7.180794436215892,3.8869069760044606,Low,Poor
1797,6.111955524273942,6.247426810081194,Medium,Average
1798,6.615660932392932,3.8465060863528606,High,Poor
1799,6.032759214632309,6.970003591300078,Medium,Good
1800,8.85149913201665,4.571977386871424,Low,Average
1801,7.044935515072258,2.9990075809642716,Medium,Good
1802,4.540212903533128,4.778207766555896,Low,Good
1803,7.443452447981234,6.533962141211266,Medium,Average
1804,8.921338311893667,6.127872300827947,Low,Poor
1805,8.622918669847776,6.183400313692488,Medium,Good
1806,7.751109662121904,5.5461106396536275,Medium,Average
1807,10.74604186143247,6.4122127474399235,Medium,Good
1808,6.729779750179938,2.591256194905199,High,Good
1809,8.772881727771056,5.142584899314899,Medium,Average
1810,7.358310763413137,4.62710601455442,Low,Good
1811,7.541078577888369,6.928126676685663,Medium,Average
1812,5.546131684238705,4.342180493228788,Medium,Average
1813,5.870374800774813,5.864141676912312,Medium,Average
1814,5.105416650224166,7.382515258719048,Low,Average
1815,8.166763279044917,7.307755948804983,High,Poor
1816,5.327994468537426,3.8997352172981037,High,Average
1817,7.017402293784858,4.766533094393853,Low,Average
1818,5.637861716466576,7.041801922570518,Medium,Good
1819,7.864311539619063,3.5512056512568164,Medium,Average
1820,6.943235177051811,4.542466892303734,Low,Average
1821,7.362340667896068,3.710536149628378,Medium,Average
1822,6.793946705097977,5.175943454557293,Medium,Good
1823,5.624187337176225,5.441344952453629,Medium,Good
1824,9.137430338936003,1.8094229726289095,Medium,Average
1825,8.69017354511667,4.653869662744912,Medium,Average
1826,6.405030595431901,3.6406510778761887,Medium,Good
1827,7.053784198872114,2.619982854923189,Medium,Average
1828,7.078669066790086,2.815426853921992,Medium,Average
1829,8.413636171242612,4.647915375610824,Medium,Average
1830,5.9955714938986375,4.9363165946487735,Medium,Good
1831,8.145257360127628,5.318755054151024,High,Good
1832,7.681758292945029,4.628974253237227,Medium,Good
1833,7.823216022051301,5.455135645551294,Medium,Poor
1834,6.810297105417172,3.8317688842617077,High,Average
1835,8.552696002210192,4.67251790238788,Low,Poor
1836,7.638669058383412,3.1462634065975377,Low,Good
1837,4.6729050603085724,4.525024176792263,Medium,Poor
1838,8.022693483009135,4.920252402328447,High,Average
1839,5.819524325710418,8.450383233137828,Medium,Poor
1840,7.26176261647628,3.390895659063184,Medium,Average
1841,9.66194524539073,3.4392935138034955,Medium,Average
1842,7.123602974025379,5.294839044573169,Medium,Average
1843,7.754585596832884,6.669505947936928,Medium,Poor
1844,6.9394137101623725,2.8639976750807574,Medium,Good
1845,8.913578205683635,9.044144624412802,High,Average
1846,7.6292285080889775,3.0798356382213976,Medium,Average
1847,4.971775600138081,2.4287025707397514,Medium,Good
1848,6.6924467296326355,3.6624570066058038,Medium,Average
1849,7.053729992011323,4.318002833317777,Medium,Average
1850,5.042908230106019,6.644480802909946,Low,Average
1851,8.416047660974499,3.505976218540668,High,Average
1852,6.495094670847329,4.677134963282979,High,Good
1853,5.13224646736389,7.190119276431918,High,Average
1854,8.320093739311162,6.897738490557734,High,Average
1855,9.04897645713601,3.3057199802977077,Medium,Average
1856,9.722662441734213,7.920206872656461,Low,Good
1857,8.48867923715294,4.410652732874359,Low,Average
1858,4.895028660002263,5.438141119464472,Medium,Average
1859,5.911121162376178,5.943155628011864,Medium,Good
1860,6.600865603108745,4.277192553957404,Medium,Average
1861,6.381405153075712,5.196747896482649,Medium,Average
1862,4.9224038879097565,3.7924593031076865,Medium,Average
1863,8.983824307848806,5.07147414095174,Medium,Poor
1864,6.310664578587634,4.426590164469271,High,Average
1865,9.832623360897074,3.0294166915471297,Medium,Average
1866,7.564410447589353,6.007615304841169,Medium,Good
1867,7.8742380017346,6.648811039035264,Medium,Good
1868,5.751563212751231,5.112953300333816,Medium,Good
1869,9.161166298060113,4.8912005214163,Medium,Average
1870,7.659829118508913,4.185951459760798,High,Good
1871,5.288039424974712,3.9504271332878944,Medium,Poor
1872,8.31704428517484,4.101060249751733,Low,Average
1873,7.367721098979487,7.2096819079781,Medium,Good
1874,7.315831863578932,6.104312109550306,Medium,Poor
1875,7.3862413191148555,4.748344385001647,Medium,Average
1876,9.072001062849015,8.805102967667546,High,Good
1877,5.530956776019185,5.1151016777238505,Medium,Poor
1878,10.205433282356436,3.758774443513878,High,Average
1879,5.1062394981878425,4.969723437163763,Medium,Average
1880,6.642225837260785,8.698689956411773,Medium,Average
1881,9.09405145609361,2.29326636154109,Medium,Good
1882,6.6389001675910615,5.226934891658481,Low,Average
1883,4.9554060280421535,5.7100133332069625,Medium,Average
1884,6.944089062268608,5.770511371930153,Low,Good
1885,7.587107385443752,5.871383099610453,Medium,Good
1886,5.82876098879592,4.088884770789072,Medium,Average
1887,7.062973910602991,5.209816184127442,Medium,Good
1888,6.92974083709028,8.717810894686439,Medium,Good
1889,6.6158646604951965,5.661473543987969,Medium,Average
1890,3.6392284211345625,5.498857278757038,Medium,Average
1891,5.871158862071493,6.198897479656387,High,Average
1892,5.998484954058733,5.232548652383416,High,Average
1893,5.283498690619058,6.1506995329122685,High,Average
1894,7.587661940720515,3.875393847101426,Low,Poor
1895,5.960936046394931,3.000996633292543,Medium,Average
1896,5.770162364644876,3.6439079286924154,Medium,Average
1897,6.950817070643171,7.141667208979882,Medium,Average
1898,7.996074958909378,5.557360114728592,High,Average
1899,8.074999546158834,4.272226741007534,Medium,Good
1900,6.417422023650805,3.4095487277567704,Medium,Poor
1901,7.241154045011306,2.2917571066333915,Medium,Good
1902,6.478623014922906,6.691959559802507,Medium,Good
1903,7.96704906865773,5.195129962623479,Medium,Average
1904,7.337691664822917,6.485301567792808,Low,Good
1905,6.7846608938406945,5.496429564281356,Medium,Good
1906,7.4828709268315725,3.5724354960704274,Medium,Poor
1907,7.247855998522541,4.420468070646279,Medium,Good
1908,7.295377954901698,5.637840877901887,High,Good
1909,6.7012560393328675,3.406247545517833,High,Good
1910,6.877218897127489,4.844795330096927,Medium,Good
1911,8.597683735301267,3.320452949106143,Medium,Good
1912,7.948067446428668,2.8564807071675196,Low,Good
1913,7.318119753154855,4.428980364933918,Medium,Good
1914,8.379461686303317,5.915634839000052,Medium,Average
1915,9.747040478563525,5.95257862901939,Low,Average
1916,4.94718742807159,3.591236398095036,High,Average
1917,8.114372278100463,6.659657658167358,High,Average
1918,7.6331666087986285,5.577785860415388,High,Good
1919,6.002075884202503,5.749241035696387,Low,Good
1920,8.115620386313777,4.395260196890847,High,Good
1921,7.052359122381632,2.650966908483659,Medium,Average
1922,5.302169792082097,5.384814156304136,Medium,Average
1923,9.342032902253077,4.316152414764228,Low,Good
1924,6.044204648407751,4.532503642281926,Medium,Average
1925,4.384539043634915,5.045180882001825,Medium,Average
1926,7.621122402905048,3.2966576308293507,High,Average
1927,7.571827955164657,3.474220368035597,Low,Average
1928,6.729904733930492,3.1586010342522113,Medium,Good
1929,8.700598228264958,3.5135707941345355,Medium,Good
1930,8.144877071627231,6.568225128029821,Medium,Average
1931,6.761054861613941,5.030536319986708,Medium,Average
1932,9.463534997993236,3.6111443188323937,Medium,Poor
1933,9.118762021153826,5.274941347917477,Medium,Good
1934,5.852079969290342,5.116218588218927,Low,Average
1935,5.986583179013497,6.335666178564526,Low,Good
1936,6.708208518778678,6.15171666000839,Low,Average
1937,8.293142670122824,6.229451081910821,Medium,Poor
1938,7.39102075493537,5.300256562733656,Low,Good
1939,5.836255579697224,6.193474842378642,High,Average
1940,6.090839440379417,3.6164438845356663,Medium,Average
1941,7.67120434431042,2.180778358585465,Low,Poor
1942,7.36818204460021,2.294219353231287,High,Average
1943,7.661810223334421,5.062322761183018,High,Average
1944,4.687783292718258,3.986118877114444,Low,Average
1945,7.920958139237344,4.134554511576709,High,Good
1946,6.783616411119777,2.9250598691027734,Medium,Good
1947,5.710126961972411,4.179113824013537,Medium,Average
1948,4.937097768423561,6.865470685948979,Medium,Average
1949,6.606955922922799,4.473783672170413,Medium,Good
1950,6.4968160004102495,5.7682880783695785,Medium,Average
1951,6.682241759640165,2.6276951737593213,Low,Poor
1952,10.030855447931414,5.895485187829674,Medium,Good
1953,5.2236875643206515,5.793265161791275,Low,Good
1954,7.002816935441397,5.390312354039202,High,Average
1955,8.021333337255141,3.8271320578932655,High,Poor
1956,7.956841995443973,6.178213982918585,Low,Good
1957,5.876533472978636,5.1376905386662415,Medium,Poor
1958,6.6556430634901975,4.634763555335658,Low,Good
1959,5.968754881617904,6.03818722884983,Medium,Average
1960,11.233482657269937,5.347342602509364,Medium,Good
1961,6.742598779633234,7.062836651047354,Low,Average
1962,6.329720230910166,4.865138882214777,Medium,Average
1963,7.634463051254189,4.842242820906449,Medium,Average
1964,6.785400604750948,5.69181381211192,High,Average
1965,7.990446723909975,5.773791100208245,Low,Poor
1966,9.667327577211871,5.53440814759632,Medium,Good
1967,6.152976466171707,4.563779040595955,Medium,Average
1968,8.77617271159522,4.431966101828721,High,Poor
1969,4.810865475306741,5.008650583212183,Medium,Average
1970,8.013711378493449,4.485618844557629,Medium,Average
1971,5.59197810578878,3.0139409405028736,Medium,Average
1972,6.956560420202005,6.191869954370041,Medium,Average
1973,6.3109751431991015,4.472845509045955,Medium,Good
1974,7.6832625556290886,4.885747517345477,High,Average
1975,8.935299002497175,6.993870001646574,Medium,Average
1976,7.5496045130593705,6.934262578366528,Medium,Average
1977,6.564085789609721,6.953006797437913,Medium,Poor
1978,9.224139065575809,2.641466116083152,Low,Good
1979,5.769464246662692,3.2898704100338474,Low,Average
1980,7.973929901591589,3.191066220408057,Low,Average
1981,6.245846364818963,5.062599061581831,Medium,Average
1982,6.398786892801165,4.7100466553271385,Medium,Good
1983,4.65449194831923,7.972811336979023,Medium,Average
1984,6.279977725361717,5.173943545022488,Medium,Poor
1985,8.638742514459665,5.773556408312251,High,Good
1986,7.732843696317728,7.110255701314009,High,Average
1987,6.576962102052098,3.973989369941763,Medium,Good
1988,7.538769548531994,4.943570503003548,Medium,Good
1989,5.144145313356967,4.655698006947687,Medium,Average
1990,7.294138051495542,6.247364759518514,Medium,Average
1991,6.817889992380822,3.5594884382493976,Medium,Good
1992,5.7479918701157855,3.7150478068230077,High,Average
1993,5.160130355058195,3.0929842540101666,Medium,Poor
1994,6.944307570888197,3.713334993888745,Medium,Average
1995,5.557419354549389,4.494683746968411,Medium,Average
1996,6.101236493511355,5.739496959573519,Medium,Good
1997,5.422131360256994,3.977692425739103,Medium,Good
1998,5.712518945670459,4.828794244485578,Medium,Average
1999,7.0494817592531005,2.8812107818905828,Medium,Average
2000,6.9384753358995175,7.138234529111584,Low,Average
2001,6.389884830822749,6.745788307653385,High,Average
2002,5.299899549510926,5.932588694567676,Low,Good
2003,5.211190731156092,7.349998547789092,Medium,Good
2004,4.832825375096051,6.65646823012671,Low,Good
2005,7.762189423837802,8.28249342336856,Medium,Average
2006,6.795361554023617,2.378061861541259,High,Good
2007,9.234771549277037,1.7618144609723476,Medium,Good
2008,9.424518662519937,5.3502237637508765,Low,Good
2009,6.302806396498576,5.289422100090995,Low,Good
2010,7.497428648254405,4.8402375032482015,High,Average
2011,6.842605415964994,2.869209413865112,Medium,Good
2012,5.079090676920707,4.537179225510419,Medium,Good
2013,9.318249280557767,5.870430575587978,Medium,Good
2014,6.634162390017389,4.583936938999078,Low,Good
2015,8.730528944358419,4.682407953060247,Medium,Average
2016,7.55428890804717,4.420898369469614,Low,Average
2017,7.754439125050354,5.169989883160305,Medium,Average
2018,7.002071766958503,4.264671779470701,Medium,Good
2019,6.917773882632766,6.510988453688058,Low,Good
2020,6.6052474054719195,5.265840991273742,Medium,Good
2021,7.559333920312282,4.636400490963764,Low,Average
2022,5.121571922791751,5.416707980583101,Medium,Good
2023,8.268290580667633,8.057913667651059,Medium,Average
2024,6.611925247037652,4.492521066898905,Medium,Average
2025,6.614479104074748,4.726032220953617,Medium,Good
2026,9.560535965628363,1.2348416693088278,Medium,Average
2027,5.837260215454135,3.1170113708462797,Medium,Poor
2028,7.606577058595341,7.218912499582767,High,Average
2029,7.196231053581691,4.214624491852703,Medium,Average
2030,5.996282375513038,6.926337227960753,Low,Average
2031,6.047790455442489,7.629445944948412,Medium,Good
2032,8.333563932678468,4.324206154515277,High,Average
2033,6.681702116210969,5.769601950523684,Medium,Average
2034,7.947032239387643,3.604066748033268,Medium,Good
2035,5.395204557491065,2.3021635571043704,High,Average
2036,5.682160759620684,5.121638372157517,Low,Average
2037,4.179308392840923,2.488611481450344,Medium,Average
2038,6.689107370896269,3.2706939907184176,Medium,Good
2039,7.167136094575042,7.15325320743389,Medium,Poor
2040,8.988395422759249,4.138860174157046,Medium,Good
2041,6.813241238163847,3.562177921337798,Low,Good
2042,6.799954326815417,4.233418885535472,Low,Good
2043,7.842140501354671,6.971244615766511,Medium,Average
2044,8.485153020860118,9.274447147635806,Medium,Average
2045,5.78951885260377,4.402479722960106,Medium,Average
2046,7.796784869797452,3.149595521512289,Medium,Good
2047,7.174341123369547,6.763429098601446,Medium,Average
2048,7.928514084445128,3.3806593580252757,Medium,Average
2049,6.746646608364469,5.2859226982172745,High,Average
2050,7.773380802310066,2.5097348285217844,High,Average
2051,6.48339046169466,4.6851568359128395,High,Average
2052,7.2813791639353855,4.37292415030051,Medium,Good
2053,8.758311953072061,7.012398936281949,Medium,Good
2054,8.638543411727547,3.977745183445546,Low,Average
2055,7.0213011267722285,4.753823224141435,Medium,Poor
2056,4.231376908920279,4.230142302239648,Medium,Poor
2057,6.65763206872725,5.383984790791937,Medium,Good
2058,7.1401241210566,2.6714025078779113,Medium,Average
2059,7.994407969267673,2.6842292926231113,Medium,Good
2060,6.650997764030371,5.128118001670257,Low,Good
2061,6.973202871956731,4.642735394931312,Medium,Average
2062,6.832813949624865,8.970218206046649,Medium,Good
2063,7.539839977589974,4.912587674937425,Medium,Good
2064,6.528868349604242,5.5106788473698,Medium,Good
2065,5.506901052547694,4.571989235253732,Low,Average
2066,5.909408357489023,7.235342777367023,Medium,Good
2067,5.732300788142068,6.867022879112594,Medium,Poor
2068,6.897492165880333,6.175334116842687,Low,Poor
2069,7.825620056560236,6.5212728781131455,Medium,Good
2070,6.800652785632723,3.3391928839411817,Low,Good
2071,5.518029727685081,6.401643073905566,Medium,Average
2072,6.205807195244232,4.025738204732201,High,Good
2073,7.217784620156938,4.795658205377154,Low,Average
2074,6.351225151434452,5.023820988872785,Low,Good
2075,9.449526175835969,5.489202236238589,Low,Average
2076,7.69473122914931,3.976020844195938,High,Average
2077,5.6350959808781855,3.476777270595481,Medium,Average
2078,7.46771552961108,4.222572378045836,Medium,Average
2079,7.172604896558907,4.129574526726383,Medium,Good
2080,9.608210010284788,4.631510871518432,Medium,Average
2081,7.664781649275451,6.899003050898764,Medium,Average
2082,7.444751137831958,7.518625656847471,High,Average
2083,7.915281638396251,5.740150927264857,Low,Average
2084,9.182976498957524,6.181110759687547,High,Good
2085,5.036538703220398,3.2214751773677945,Medium,Average
2086,6.879713547060759,5.5741334248844705,Medium,Good
2087,5.894725668549402,5.272217466304556,Low,Good
2088,7.206738463748356,5.583009449439643,High,Good
2089,8.593582333480775,5.656056362663424,High,Average
2090,11.069795038312957,8.577352330126983,Medium,Poor
2091,6.5485804778405425,4.705762846977101,Low,Good
2092,8.211912559618096,4.93197275732048,Low,Good
2093,8.432172107215665,8.394786736773984,Medium,Average
2094,6.601894134397185,3.8276362543951103,Low,Good
2095,4.263975494539299,7.092807599270682,Medium,Average
2096,7.856259413775874,4.508911733913854,High,Average
2097,5.0979315412213735,1.8587799279984427,Medium,Good
2098,6.9605412923120475,5.241233689512871,Medium,Poor
2099,6.217586458224548,6.138495871110608,Low,Average
2100,7.070472862499365,6.701266178537162,Low,Good
2101,7.1304607408826595,5.517584519210199,Medium,Good
2102,6.6857725949074105,4.4998303379020665,Low,Average
2103,4.81742604596454,5.419884486333971,Medium,Good
2104,7.399062020005486,5.8640076401047425,Medium,Good
2105,8.184373381793,5.885957705156563,Medium,Good
2106,7.573226260025366,4.515327872856864,High,Average
2107,6.626596528920734,4.563935073091307,Medium,Good
2108,8.05800391899228,7.600320074910314,Medium,Average
2109,6.088923332959906,6.979666536114442,Low,Average
2110,7.837711065312464,5.278010867429776,High,Poor
2111,6.979902057851334,6.778478439581972,High,Average
2112,8.748179159275606,4.930785718423547,Low,Average
2113,7.806692733142996,3.033662986636433,Medium,Average
2114,7.0159820041247,8.632375454545997,High,Good
2115,6.078745264966755,5.628943628548077,Low,Average
2116,8.657684406479454,5.483223866660236,Medium,Average
2117,5.335759422197061,3.036028647516641,Medium,Good
2118,7.300287444406118,4.725747601867332,Medium,Good
2119,4.8428725536647645,5.008246670738203,Low,Average
2120,6.617945629287523,5.136860177711067,Medium,Good
2121,6.9464312802985475,4.430977931414258,High,Average
2122,7.73752324076361,6.295523486483608,High,Average
2123,5.4152254731625895,6.472809850326618,Medium,Poor
2124,5.42663311967201,5.229557889334525,Medium,Average
2125,3.6452144940503404,1.5443023460155318,Medium,Poor
2126,5.891110219255827,5.770283254200725,Low,Average
2127,8.400620504202458,6.11998929646498,Medium,Good
2128,7.268476694105262,3.7342678110236665,Low,Good
2129,6.021302298638319,6.942473187233446,Medium,Good
2130,7.166980661201557,5.970449764272967,Medium,Good
2131,6.68670874201176,3.241583028448421,High,Average
2132,5.676571151994801,5.4344445379471455,Medium,Good
2133,6.247059544092355,5.110280789984783,Low,Good
2134,8.746195365382423,4.891428730822419,Medium,Average
2135,6.8651013674031,6.485529679058607,Medium,Average
2136,4.8630712673342416,2.3675625985599837,Low,Average
2137,8.371744908212632,5.9887131516950465,Medium,Poor
2138,8.118448683922225,8.296207600318542,High,Good
2139,4.141812024410456,5.433476180895143,Medium,Average
2140,6.332246241706637,6.086154152664095,Low,Good
2141,6.158046602587764,4.166341750092515,Low,Good
2142,7.658489817452509,6.503601237657454,Medium,Average
2143,3.717583934991625,3.4411505261028825,Medium,Average
2144,6.65693896821457,5.334412073796963,High,Good
2145,6.577567860359233,5.0558880157590265,Medium,Average
2146,6.79519099359675,4.612275951139945,Medium,Average
2147,6.285419287813475,4.956223170950437,Medium,Good
2148,7.003415885325828,3.8710755175632565,High,Good
2149,7.119368324559303,4.622931099711358,Medium,Good
2150,6.974107149356456,6.505369205302371,Medium,Poor
2151,8.218148573695427,8.04257747891651,Medium,Good
2152,5.0908445675307545,2.223652906189587,Low,Poor
2153,5.433835568045707,5.313454069234903,Low,Good
2154,7.675108242032703,5.07004945480413,Low,Average
2155,5.533196858385604,4.265569409244584,Medium,Good
2156,7.785339600440425,4.387885162897149,High,Average
2157,7.430268630499333,6.125686100347851,High,Average
2158,6.342134483826532,6.119577811341955,Medium,Good
2159,6.512890128333641,7.136104478051779,Medium,Poor
2160,8.207046128004169,5.804554221643193,Medium,Good
2161,8.437383850594008,5.625408161327452,Medium,Average
2162,6.621944490127601,4.645887666622789,Medium,Average
2163,6.150335484470815,6.462482444140906,Medium,Good
2164,10.035477720222927,5.605963235702282,Low,Average
2165,5.5871830588120766,8.784237381052304,Medium,Good
2166,6.457362063301832,4.151854370231318,High,Good
2167,7.583773499215378,2.5956836355564383,Low,Good
2168,9.423949088714927,2.255467514989139,Medium,Average
2169,8.838568214725404,4.45131832930678,Medium,Average
2170,6.386855948392846,6.039414258935608,Low,Average
2171,8.126359537479459,4.567807346153791,Medium,Average
2172,7.618711941726368,3.5291689377419813,High,Average
2173,8.40079496045972,4.878933058275664,Medium,Average
2174,7.654288963842883,8.887092566494943,Medium,Average
2175,7.04290352719847,4.660921651994576,Medium,Average
2176,8.186953970973002,4.239353254082353,Medium,Good
2177,6.904870142458839,5.869044553199009,Medium,Average
2178,7.70295727765069,3.8008811437617673,Medium,Good
2179,7.633989368515552,4.285533481585082,Low,Average
2180,7.313423502011235,7.484637671104981,High,Good
2181,8.312238067356393,2.8931321325152966,Medium,Average
2182,7.116306493449308,1.0,Medium,Average
2183,6.343296033077348,3.6568174682522114,Medium,Average
2184,7.282917042094902,5.9890037122632265,Medium,Good
2185,6.671892726280055,5.6599706181908696,Low,Good
2186,5.771743488320655,3.6720383793743374,Medium,Good
2187,7.614728392676967,7.4177123833715966,High,Poor
2188,8.053472097002757,2.841656143172513,Medium,Average
2189,5.413844427462168,6.025890161948713,Medium,Average
2190,7.826400724481081,7.037401800502033,Low,Average
2191,4.302922493304113,3.945704038392556,Medium,Poor
2192,7.637562391481611,6.767777478319438,High,Average
2193,8.016205101668422,4.541027546528499,High,Good
2194,8.370766906665807,5.105055977468094,Medium,Good
2195,6.81049307402137,5.455790742289484,Low,Good
2196,6.70759548004742,6.165620769945631,Medium,Good
2197,7.1168558364216254,4.963807407379356,Low,Poor
2198,9.74064625890425,4.293961754018342,High,Average
2199,5.945383871559385,6.404525021850802,Medium,Average
2200,8.452437396577077,5.31197581994174,Medium,Poor
2201,6.532629027264444,4.551996177732727,Medium,Good
2202,5.150547879509844,6.087443332838967,Medium,Good
2203,6.778841510935532,1.0,Low,Good
2204,7.377882507423963,5.2562407422558906,Low,Average
2205,8.41217625372583,3.5529770873885895,Medium,Average
2206,7.557512143098348,3.584862869406396,Medium,Average
2207,7.491143569385225,7.39279650643574,Medium,Average
2208,7.06476352869146,5.581207689285405,High,Poor
2209,6.080046515892264,5.026231656610426,Low,Good
2210,6.067746065369092,3.21516682625867,Medium,Good
2211,5.025899204673561,5.545830569635544,Medium,Good
2212,6.255106806619291,4.679173196104246,Low,Good
2213,6.935051689015912,5.489736982298836,Low,Average
2214,7.774228505134205,4.665469578598866,Medium,Average
2215,5.7401104096778,5.531102151984609,Medium,Good
2216,8.273974251454929,6.282502258839175,Medium,Average
2217,7.179271429873583,6.363022606853134,High,Good
2218,6.534895899042603,4.158864610096363,Medium,Good
2219,6.787964407847998,6.167727754990401,Medium,Good
2220,7.2177143345395,3.2135736838180278,Low,Good
2221,6.036854660085341,3.9594898335645663,Medium,Good
2222,6.083391676267209,8.971917509813178,Medium,Average
2223,5.905122179216364,4.59737824087792,Medium,Good
2224,7.531381393758618,4.225263247781018,Medium,Average
2225,7.329255948610774,3.7433199288174124,Low,Average
2226,6.99793116230404,5.870786179234862,Medium,Poor
2227,7.213222187988515,3.4210117293941824,Low,Good
2228,7.641824465325259,4.241195573794868,Medium,Average
2229,6.536491598600438,2.9432557840314844,High,Poor
2230,6.19195741169047,5.731620722133766,High,Average
2231,6.192660263397285,4.491262979527731,Medium,Average
2232,4.752185430122417,5.1151579167749786,Low,Average
2233,5.701140646829625,2.904549107764588,High,Average
2234,7.796482313296698,4.748464507325433,Medium,Good
2235,7.161900589280953,4.772201769477444,High,Average
2236,7.582802257896042,3.437170871971931,Low,Poor
2237,5.4243198782154955,3.7057574393352186,Medium,Average
2238,8.528830806776057,6.919651174907653,Medium,Good
2239,8.11953735304723,5.02966861552298,Medium,Average
2240,6.974205402730472,5.099316588073768,Low,Average
2241,8.36428284411669,2.563165723154668,High,Average
2242,5.5988232727672544,4.048479251939522,Low,Good
2243,5.277462461700512,6.687603308009081,Medium,Average
2244,5.624079748535414,5.769826677508277,Medium,Good
2245,5.643790763720283,5.316283519069325,Medium,Average
2246,7.557943517785982,6.520643638795551,Medium,Average
2247,8.26017533797362,5.684972951395686,Medium,Average
2248,6.6926792073359005,6.007246080530203,Medium,Average
2249,7.66587137609527,4.751991741655587,Medium,Poor
2250,7.07072145665634,5.278663677001345,Medium,Average
2251,7.226532442577649,6.427383520219005,Low,Good
2252,5.265842052735462,4.76067689922155,Low,Average
2253,6.928886246968054,5.941879638951289,Medium,Good
2254,7.333219202238401,5.349190815239152,Medium,Average
2255,6.824597101382042,5.63286902333534,High,Average
2256,6.990214359913854,5.345833574046146,High,Good
2257,7.069673360013259,4.907350396577809,Medium,Average
2258,8.057221336060433,2.3949378005087407,Low,Good
2259,7.735835520633726,5.849749157964721,Medium,Good
2260,5.35465591417193,3.0689213352168956,Medium,Poor
2261,5.407643545973705,4.450938214801816,High,Average
2262,7.136645437667113,5.247526850181781,Medium,Good
2263,9.380019256431732,3.344143321779681,Medium,Good
2264,6.623035395034479,7.123565229859616,Medium,Good
2265,6.053080025935094,4.988496994260396,Medium,Average
2266,7.084447025860403,3.8129088736638153,Low,Average
2267,7.777437496468976,4.269220509152378,High,Good
2268,6.254986722341814,3.758894704009571,Medium,Average
2269,4.882958165423698,4.263322436066143,Medium,Average
2270,7.732359172070899,4.284864850015557,Medium,Poor
2271,9.480203998259624,5.778524951100016,High,Good
2272,5.1115285140991435,4.012249936560243,Medium,Good
2273,8.50768275050271,5.348047311303147,Low,Good
2274,6.589384405543706,5.564452319759381,Medium,Average
2275,6.621512027015536,3.0158094222721643,High,Average
2276,6.810858686945837,6.55475769559987,Medium,Good
2277,7.912486882350686,7.14657406179463,Medium,Average
2278,8.307722240474828,3.791014786319151,Medium,Average
2279,6.709602520692475,2.745104467872924,Medium,Poor
2280,7.1127812794496865,5.629319615677254,Medium,Poor
2281,6.950053933942976,2.03661145811506,Medium,Average
2282,7.3010480855936235,5.748265240911377,Medium,Average
2283,7.220645856309481,3.781034046194563,Low,Average
2284,7.636585426648512,6.890553179146342,High,Average
2285,7.132030601082402,4.690461993652122,High,Average
2286,5.753422002589932,3.4099163890215047,Medium,Average
2287,5.610148551765542,3.517145527006165,Medium,Good
2288,5.168074124110669,5.632672876470412,Medium,Good
2289,6.8590907861525015,5.893461089860974,Medium,Average
2290,4.726263551351125,3.8595126785855376,Medium,Average
2291,6.7716542710599175,3.899637258153256,Medium,Good
2292,7.010808050657423,3.9599517734773384,Medium,Average
2293,7.956926041821159,3.8168184279115622,Medium,Average
2294,7.993144076012933,3.441644712455626,Low,Good
2295,8.909205047726095,4.438800208334644,High,Average
2296,6.322821417890115,4.186209622910438,High,Good
2297,6.4424006490997385,3.5303095472215347,Medium,Average
2298,5.707428099191512,2.6560348376824905,Medium,Average
2299,7.67246443910769,4.644108850972053,Medium,Poor
2300,9.237040476233592,4.754882824900929,Low,Poor
2301,7.6034126411500855,4.261051149798589,Medium,Good
2302,6.546958134215459,4.902190729749768,Medium,Good
2303,6.096589314649967,4.75679323091247,Medium,Good
2304,6.533969113382075,1.0163226110360766,Medium,Poor
2305,6.867425986007583,6.788398073908876,Medium,Average
2306,7.3477100412298055,6.813809892494471,Low,Average
2307,7.477169695496421,7.433774445266637,Low,Average
2308,7.695223898475888,4.487588540213633,Medium,Average
2309,5.692899195461225,4.24159184204977,Low,Good
2310,8.078699649573634,7.70313719592277,Medium,Average
2311,6.355808881913875,5.512106062949502,Medium,Good
2312,6.68317904892856,4.37611992648815,Medium,Average
2313,6.260360040025134,6.77021309184882,Medium,Average
2314,6.290290444459613,4.693168950131131,High,Poor
2315,6.549561936436122,1.009976213243296,Medium,Poor
2316,8.157992701623368,5.425936827127358,Medium,Poor
2317,7.865664038113231,4.434481482028484,Medium,Good
2318,6.6818820203309786,5.134130016900425,Medium,Average
2319,6.56556049473698,6.345086973358172,Medium,Average
2320,7.001498235761389,4.728405716985626,Medium,Poor
2321,7.240894513618733,3.276607907732966,Medium,Average
2322,5.679403923505368,4.870668905330982,High,Average
2323,7.585250155636609,7.651764900507782,Medium,Good
2324,8.238586891062608,2.407869855497846,Medium,Average
2325,7.52998741297505,5.373358447132536,Medium,Good
2326,8.082050044414226,4.892384102285822,High,Average
2327,5.8374386071567885,5.609443887957903,Medium,Average
2328,5.152033542381245,5.567488204523771,Medium,Good
2329,8.278006866743697,3.4243576200279584,Medium,Average
2330,6.721299985076242,5.862123440248982,Medium,Average
2331,8.440823548854281,4.295500596376113,Medium,Average
2332,9.87595538774104,5.884858280584818,High,Average
2333,4.011340075074315,7.2063449660783,Medium,Poor
2334,6.28613688341342,2.6888404615169166,High,Good
2335,5.477094971902919,4.300072319193807,Medium,Average
2336,7.360692293602054,6.460829450055662,Medium,Average
2337,6.96577871714198,7.407872730252933,Medium,Average
2338,8.48703141573196,1.5947219400758135,Medium,Poor
2339,7.645170161567366,5.457521705676935,Medium,Average
2340,5.9914051285907135,6.6564213875524265,Medium,Poor
2341,3.9441028555715003,6.143758455214976,Medium,Average
2342,5.032074820613061,3.613564067374372,Medium,Average
2343,8.061759153972908,4.5913964093759585,Medium,Good
2344,7.203241944122978,5.9795875025984095,High,Good
2345,7.902321656212614,3.713144515954524,Low,Average
2346,6.964811517703269,4.970346775606276,Medium,Poor
2347,7.711322523295374,4.775198947066419,Medium,Good
2348,9.614106720139432,5.150541244030067,Medium,Good
2349,7.664232430900456,4.287657590869369,High,Average
2350,6.745806812336878,4.4370220143272245,Medium,Good
2351,7.578208455992314,5.597112039949987,Medium,Average
2352,6.470114619610519,4.160241815845051,Medium,Average
2353,7.9965965683930245,7.365502825735238,High,Average
2354,7.359704342914008,6.313064982344073,Medium,Good
2355,5.43157392412132,3.8685612324779135,Low,Average
2356,8.115269873154594,7.8294382529482025,Medium,Average
2357,7.5608976601531905,5.098698695800325,Low,Poor
2358,5.740185177314296,5.575260014101481,Medium,Poor
2359,9.286637665363177,5.28741191057664,Medium,Average
2360,7.764595158310818,4.184823951056493,Low,Good
2361,5.976598519516176,5.263067648088806,High,Good
2362,5.960704215312031,4.098411225823135,High,Good
2363,5.807923701675158,5.930230574869077,High,Average
2364,7.040596973287602,5.648416623105123,Medium,Poor
2365,6.962395481683074,5.270226038721486,Medium,Average
2366,6.5838544362985685,4.148760542778503,Low,Good
2367,8.770788772605457,1.5885257553856533,Medium,Average
2368,5.740563763288583,4.051175764511404,Medium,Good
2369,6.069480853401084,7.0353600995882655,Low,Average
2370,6.239132568003347,4.63485726786833,Low,Average
2371,6.19218130267345,4.996028536533815,High,Average
2372,8.728824546299418,3.4199859980236003,Medium,Average
2373,6.475722903031861,4.864754492843629,High,Poor
2374,8.119354445449588,3.5769660113584205,Medium,Average
2375,7.85603799232536,6.096933704563607,Medium,Good
2376,6.425558460934271,3.249875946206471,Low,Average
2377,5.394687405842952,3.947422955033153,Low,Average
2378,5.984633752530709,4.145955368086633,High,Average
2379,8.036213419851071,5.715705213698592,Low,Average
2380,6.214249494921367,2.939070693544595,Medium,Average
2381,5.0077826295637555,5.318048623309722,Low,Good
2382,7.472511841282124,5.383608360184449,Medium,Good
2383,5.568790756538537,7.721057203229215,High,Average
2384,8.206107934439357,7.769931010147975,Medium,Good
2385,7.537115779856435,3.0850599912280234,Medium,Good
2386,5.15470547647958,1.9854801401830109,Medium,Average
2387,7.538321738198617,3.9445077949720897,Medium,Average
2388,5.034230998263446,5.314312908912468,Low,Good
2389,7.421391728890575,7.523686304312315,Low,Average
2390,7.371468993214196,5.314553908799817,High,Good
2391,5.429573087611528,5.207386811351062,Medium,Average
2392,4.925049229928327,5.320467376641478,High,Good
2393,8.69547205341265,4.702895502890616,Medium,Average
2394,6.8564948593127495,2.2956877231820116,Medium,Average
2395,6.656839730384319,7.4588040897162475,High,Good
2396,8.478171641383364,6.058354742369223,Medium,Average
2397,6.5454185125931295,5.37437934867942,Low,Good
2398,6.914336145979522,4.665694231833676,Low,Average
2399,7.951820625096894,4.995934937338737,Medium,Good
2400,6.9454697924382875,4.9366955357703866,Low,Good
2401,8.019592035233737,3.59309368038277,Low,Good
2402,8.011723248906423,6.733728151312938,Medium,Good
2403,7.579674570114393,4.640618227967854,High,Good
2404,5.537332381107813,5.399287327992503,Medium,Good
2405,6.151461936609837,3.7509120572352987,Medium,Good
2406,7.063483677218656,2.1297535487103922,High,Average
2407,8.157080013549052,6.764984405009127,Medium,Average
2408,5.606577083701997,5.701891099650278,Low,Average
2409,7.023744245854783,5.222116068658327,Medium,Average
2410,7.133740336439909,5.167312878235414,Low,Good
2411,6.88156388707935,6.643582917194757,Medium,Poor
2412,10.183794460275596,3.9164833572339477,Medium,Average
2413,7.755014961316644,4.316378182106729,Low,Average
2414,5.900306470238116,6.2022197264540075,Medium,Good
2415,7.967144789734241,4.748161939487013,Low,Good
2416,5.525705071023648,3.4389299906306374,Medium,Average
2417,9.304255319860372,5.821210415974424,Low,Average
2418,8.984034223881773,4.673655632706818,Medium,Average
2419,8.58866612369901,3.7952957525067736,Medium,Average
2420,5.539004683087147,2.9733554002465254,Medium,Good
2421,7.018398603789777,6.868555767833074,High,Average
2422,4.1451780085911585,5.813491598030278,Low,Good
2423,8.543308136022407,3.2581308264162447,Medium,Good
2424,7.400671335001249,6.4797196793041785,High,Average
2425,4.085318341539841,4.061631701962149,Medium,Average
2426,8.720306417918408,5.357755088967345,Low,Average
2427,7.956177740267372,5.212133117668118,Medium,Poor
2428,6.760126405989057,3.00926844196024,Medium,Average
2429,7.897531152538815,4.101001766131517,High,Average
2430,7.3134128527594875,5.891376214451935,Medium,Average
2431,6.807410730689294,5.979330929007303,Medium,Average
2432,7.053057742228168,4.6001655216362405,Medium,Good
2433,7.59054698131578,6.3120697005716355,Medium,Average
2434,7.997014536960394,4.980816893177206,High,Good
2435,5.435981602420172,7.3111392985196755,Low,Average
2436,7.333159667285299,4.5106337412051944,Low,Good
2437,6.536001761748579,4.752044355585499,Medium,Good
2438,6.7021129245967614,2.716895648059417,Medium,Average
2439,6.709016651417131,6.258506552459043,Medium,Average
2440,8.345714230659036,3.7217315837194307,Medium,Poor
2441,5.625694282264273,4.206044693850367,High,Average
2442,7.193567970120847,2.297513942839408,Medium,Average
2443,7.5268228345029655,3.989778988008082,Medium,Good
2444,7.200573519283835,3.28262590827622,Low,Good
2445,6.510808499594099,6.111460904563801,Medium,Average
2446,8.274559477192295,4.505004654349125,Medium,Good
2447,5.004163126473305,5.0292499613909305,Medium,Average
2448,5.333209860169447,2.6391637549907054,Medium,Poor
2449,7.62259218639333,7.481633812600494,Low,Good
2450,6.559314091324071,4.917610149091739,Medium,Average
2451,5.787800391159043,3.43163201780374,Medium,Average
2452,6.40459639436823,4.056907257358562,Low,Average
2453,8.727338880358845,6.749539271283248,Medium,Good
2454,7.940023663602248,6.916570187724034,Low,Average
2455,6.099382868231442,3.892939403834725,Medium,Average
2456,8.308099210170619,6.813334654509605,Medium,Average
2457,8.463734892519017,5.283203160174855,Medium,Average
2458,6.284630934935314,5.2281532979602,Medium,Good
2459,4.129639982888867,4.6647492604310505,Medium,Average
2460,5.839930277743347,6.208023070351937,Medium,Average
2461,5.3297306952150105,5.246850567393376,Medium,Poor
2462,6.7920784099602,6.472779217246423,Medium,Average
2463,8.319293438435384,4.572399933084594,Medium,Average
2464,6.209173351786177,5.803093945879746,Low,Average
2465,7.300238321277587,4.4568549290966875,Medium,Average
2466,5.899824448461305,4.927797411105872,Medium,Average
2467,7.645104756541928,7.028018176831701,Medium,Average
2468,6.849041850366615,3.600152160596501,Low,Average
2469,5.902040047463357,3.9701921312705357,Medium,Average
2470,8.049286392514,6.377281126131399,High,Average
2471,6.393199575972024,6.218281300691386,Medium,Good
2472,9.997814130533843,4.09144284014865,High,Average
2473,8.782341208724475,4.5804458182133985,Medium,Average
2474,7.352689488028199,5.112042116813457,Low,Poor
2475,6.1697093247463615,6.745010532190994,Medium,Good
2476,5.839650433601456,7.329760649813251,Low,Poor
2477,7.844617454173991,4.734075079289983,Low,Average
2478,5.2148662977644085,4.974366167520552,Medium,Average
2479,7.423827955308344,3.70307420406846,Medium,Average
2480,7.892062798401822,4.5891288445593785,Low,Average
2481,6.559579028999249,7.764106816466549,Medium,Average
2482,5.779132058808291,3.313019479151088,Medium,Good
2483,7.376275676432138,3.889415320509767,Medium,Good
2484,5.753748958822632,6.639126225818046,Medium,Good
2485,8.212109598284153,6.091989474937183,High,Average
2486,6.921486515047786,4.296304157286858,Medium,Average
2487,8.13901882334804,6.4769298679479235,Medium,Good
2488,7.899579103248026,4.810149353925805,Medium,Poor
2489,8.45680552944478,4.138124830494551,Medium,Average
2490,7.901599532138214,2.871994996968673,Medium,Average
2491,8.204887188554851,6.0222415477487266,Medium,Average
2492,6.068686278291207,6.965719786050819,Medium,Good
2493,6.904630249044842,3.8311048929798694,Medium,Average
2494,9.692725082120937,5.194224215626606,High,Average
2495,10.626906906799492,5.178349409662385,Medium,Average
2496,7.048897449087156,3.6620180454928026,Low,Poor
2497,6.0433558309226525,5.109531069744844,High,Good
2498,4.411609337322918,4.354687293269913,Low,Good
2499,5.729679962130415,5.136760428955861,Medium,Poor
2500,6.48215228989892,5.238205045826314,Medium,Good
2501,6.816648968457283,5.185738838049696,Medium,Average
2502,9.020722806642581,4.536610942343356,High,Average
2503,6.449568765237874,6.505622859227644,Medium,Average
2504,7.422078169515482,6.088045719130523,High,Average
2505,7.522422804037021,6.648928838756641,Medium,Good
2506,6.747529281231678,4.455509399103502,Medium,Average
2507,8.051887077899853,8.083695956296141,Medium,Good
2508,8.948890730763242,6.099602492873617,High,Average
2509,5.689837554109597,3.8266194484676754,Medium,Good
2510,7.162892270693918,7.569569996268968,Medium,Good
2511,8.417739200090708,3.663692714910113,Medium,Average
2512,6.069844128974633,3.9258726894821954,Medium,Average
2513,7.52559765997789,6.242061539692301,Medium,Average
2514,9.258645320984805,5.212222223189772,Medium,Average
2515,6.098401606858751,2.3003730826109163,Low,Average
2516,8.0025370360353,4.691750328987854,Low,Average
2517,8.619693880528978,5.1068286691480305,Low,Good
2518,5.043000160732882,6.20581415170634,Low,Good
2519,7.645753910911207,3.8995727950428813,Low,Average
2520,7.18674615175123,2.45726021425003,High,Average
2521,6.775975306503269,4.494068844691667,High,Average
2522,6.55573349338271,6.6758649697134125,Medium,Good
2523,5.923369019707492,1.681014995519539,Medium,Good
2524,8.270971630626814,4.953804472420069,Low,Average
2525,9.079322099772629,4.186727311497123,Medium,Good
2526,4.854000512636787,6.107421951222262,Medium,Poor
2527,8.469248014393521,5.701533164720128,Medium,Poor
2528,5.046149171842809,4.170937837125998,Low,Good
2529,4.875674286032751,3.599278778876184,High,Average
2530,7.248102555164461,4.097967155679268,Medium,Poor
2531,6.447307806580504,3.6371394861827975,Medium,Poor
2532,9.512615594486274,5.580385120803946,Medium,Average
2533,6.310674894362874,5.006277670003525,Medium,Average
2534,7.760734419421992,4.144209846629823,Medium,Good
2535,6.5432121988478,5.487043164261798,Medium,Average
2536,8.240248959921129,5.488005996720443,Medium,Average
2537,5.922910350091723,5.145858202190727,High,Average
2538,6.782962580996588,4.051722275898928,Medium,Poor
2539,5.2035662768115785,2.2776699138665264,Medium,Good
2540,5.789679374952839,3.3038678787898847,High,Average
2541,7.342057759065729,4.911233206046905,Medium,Good
2542,7.293646385048429,4.739166046205671,Medium,Good
2543,9.593406023498979,8.483140401391502,Medium,Average
2544,8.624621692836055,5.722721489499051,Medium,Average
2545,6.013197468873907,2.480221337746691,Low,Average
2546,8.492825920870434,4.946015022477937,Medium,Good
2547,8.726559605033115,5.741137255983908,Medium,Good
2548,6.250160912572011,5.51352102963722,Low,Average
2549,7.910407726644974,7.49867435378356,Medium,Good
2550,5.493794997369218,5.688664111021705,Medium,Good
2551,8.327272021919866,4.5893319620832385,Low,Average
2552,4.984805988956321,3.648785240628148,Medium,Average
2553,7.433395185172265,5.508028956090927,Low,Average
2554,5.390052867952557,5.45644107787773,Medium,Poor
2555,8.571839031733829,3.6140163752539354,Medium,Average
2556,6.899030120911957,2.126297050437155,High,Poor
2557,6.880383160277906,2.8438372536302845,Medium,Average
2558,9.041750327853624,4.049924889433049,Medium,Good
2559,9.965266311832998,4.280970085330388,Medium,Average
2560,7.390268740582527,5.653226894155273,Medium,Average
2561,5.5550750166392255,3.060426432033325,Low,Good
2562,6.703004816201859,6.932684292446268,High,Average
2563,6.639139198711758,3.8725882820873916,Low,Good
2564,7.954672425417428,5.234453150288172,Medium,Good
2565,8.31706573365901,5.1092000152527834,Medium,Average
2566,7.001452093830694,3.4834839023080786,Medium,Average
2567,7.132179614968166,5.540081835890994,Medium,Average
2568,8.471067029119146,5.385188935483318,Medium,Average
2569,6.427742794553993,3.532349012598889,Low,Poor
2570,8.28179176511387,7.5678227349217355,Medium,Good
2571,7.247366320318466,2.731436024829346,High,Poor
2572,8.701262630765076,4.72308496966192,Medium,Average
2573,8.408925256773218,4.102809390683015,Medium,Good
2574,7.278542718760103,5.129085396562514,Low,Good
2575,8.250926370231722,4.23149607372477,Low,Good
2576,6.846365328924102,6.705385676779189,Medium,Good
2577,5.472031248951343,1.0,Low,Poor
2578,3.0164351588131812,6.837812606196895,Medium,Good
2579,5.191103066446744,5.121980287458637,Medium,Average
2580,6.802211612051857,5.820557619082533,Medium,Poor
2581,5.321658376856549,3.6309926190276043,High,Good
2582,7.748253601845007,5.472948559279921,Medium,Average
2583,6.119963059129176,4.057298724454576,Medium,Average
2584,7.1413709793777205,8.936826156786704,High,Average
2585,6.211915261220235,3.080863288914036,Medium,Good
2586,6.76191428511327,4.441796659588824,High,Average
2587,5.611604117002479,5.564287376277284,High,Average
2588,5.559381549380467,6.099240652991655,High,Poor
2589,7.629377050730555,6.031547944596282,Medium,Good
2590,6.950897060995423,3.0985914394155074,Medium,Good
2591,8.12582823820117,2.4992375982011295,Low,Average
2592,5.876484815177052,7.5859123785975475,Medium,Average
2593,6.4902709214991745,5.303485834959954,Low,Average
2594,6.865784267600023,4.888740376988869,Medium,Poor
2595,9.032152446437141,2.150589183530966,Medium,Good
2596,5.215211446723149,5.644488895252088,Medium,Good
2597,6.147688783147259,5.267366241080165,Low,Average
2598,5.1240595114344485,6.088734814560536,Medium,Average
2599,6.230408645457587,6.190207103217547,Low,Good
2600,8.140697189565808,5.217233673272999,Medium,Good
2601,7.240075038459409,4.794498565922962,Medium,Good
2602,7.086813093057706,4.620213897901476,Medium,Good
2603,4.462672484821154,4.672734232636436,Medium,Average
2604,5.89869025292197,9.213881530378272,Low,Average
2605,6.207322519582162,5.102678456450909,Medium,Poor
2606,8.803465845240085,4.918398619140816,Medium,Average
2607,9.117323005781252,6.1960355259849,Medium,Average
2608,4.245916696000526,2.9721206580433797,High,Good
2609,9.084751957738677,5.664693711512222,High,Average
2610,8.1671328385987,4.842466487244136,Medium,Poor
2611,6.956194944284391,4.926030344893667,Medium,Average
2612,9.148126720622708,5.609049417956646,High,Average
2613,7.5140133765246695,6.461182420517343,Medium,Poor
2614,6.030543843245259,4.083983259399815,Medium,Good
2615,7.851558047425419,5.297379026403498,High,Good
2616,8.803542690854389,6.267448823231531,Medium,Average
2617,6.376448567293805,7.7453862568817895,High,Good
2618,8.282045156861622,5.107856664416432,Medium,Good
2619,6.315258733978407,5.276382051150034,Medium,Average
2620,7.298912847135892,4.8370241946247585,Low,Good
2621,7.8755464955153025,3.340429955510273,Low,Poor
2622,5.378721513937266,4.342656650615855,Low,Average
2623,5.698860968051131,3.5831460489207703,Low,Poor
2624,5.291826238685239,5.438021395172996,Low,Average
2625,6.429280351138716,5.46801749367526,Medium,Good
2626,7.70333001117198,2.38235309555397,Medium,Average
2627,6.466872674325418,3.7781000802316473,Medium,Good
2628,7.125217670645832,5.387427731171872,Medium,Average
2629,7.035548945392553,5.559210739561205,Medium,Good
2630,7.782896588295605,6.286319046827555,Medium,Average
2631,5.166672028039524,6.454319254803748,Medium,Average
2632,7.273669768347879,5.916089633063397,High,Poor
2633,5.039196988485445,3.975768370681595,Medium,Average
2634,4.883332050593208,5.138504763433702,Low,Good
2635,6.717449292446885,6.4363043179673864,Medium,Average
2636,6.2235971710134725,3.759300665697851,Medium,Average
2637,7.055223324378678,2.9696274444407535,High,Good
2638,5.837402359591751,4.524525190792056,High,Good
2639,5.461563320947306,5.583825121651482,Medium,Average
2640,6.0567572624784445,5.622188151925419,High,Good
2641,8.050945035744064,5.9947917863298565,Medium,Good
2642,4.44230641762819,3.9102988954094524,Medium,Average
2643,7.608768523609238,5.6479655956273715,High,Average
2644,6.169480934661491,5.358091786488922,Medium,Poor
2645,6.1547253966924655,6.177754445970737,Low,Average
2646,10.170864102006972,4.441089430516171,High,Average
2647,7.999474061427541,2.0119424941744937,Low,Average
2648,7.945022703315202,4.485280399970477,Low,Average
2649,6.8939530953975705,4.450411831286333,Medium,Average
2650,4.607576946898231,5.776114509477196,Medium,Average
2651,7.476199856667913,4.566671318352398,Medium,Average
2652,5.3384505954507,4.743714384398681,Medium,Poor
2653,7.379900238444903,7.828528608076381,Low,Good
2654,5.1994635745694255,4.695421084878921,High,Average
2655,7.036980606872942,6.02506335636053,Medium,Good
2656,4.981575174524442,6.160679353603414,High,Average
2657,7.803421719830623,5.488755363839196,Medium,Good
2658,8.388277056065126,7.536026220012138,Low,Average
2659,7.596199327084579,5.116704235288561,Medium,Average
2660,5.958901203479351,2.0992445746933215,Low,Good
2661,5.8636289879642325,5.241375768632947,High,Average
2662,5.671220994993086,5.8042154096940815,High,Average
2663,4.795071153239212,5.373655384699681,Medium,Good
2664,7.894158708776588,3.4118030502938748,Medium,Good
2665,7.027555662727515,4.507099464297526,Medium,Average
2666,7.497675039168198,5.368138932491236,High,Average
2667,5.045367900548936,3.9244262426647385,High,Good
2668,5.561255287097407,5.366435457764803,Medium,Good
2669,7.007947214653838,1.6248427879270873,Medium,Good
2670,6.896608979333295,5.054963866258981,Medium,Good
2671,7.474467354577789,4.013687868377954,Low,Good
2672,7.924150936920123,4.480887608389372,Low,Good
2673,6.3769896456690836,6.911506929370622,Low,Good
2674,8.413041021236563,5.731117983846811,High,Good
2675,7.279686831735641,6.1588486961793105,Low,Average
2676,7.676312890114492,5.126496588840436,Low,Average
2677,6.279474383465094,8.46193833993622,Medium,Good
2678,6.978095361659879,6.246530825344024,Medium,Average
2679,7.201335604485272,4.647160331829391,Medium,Average
2680,6.898266088628199,4.551440680057858,High,Average
2681,5.5027784284810535,6.707234053994343,Medium,Average
2682,7.658521531899792,5.416015642365128,Medium,Good
2683,5.875453130844617,3.829479886500112,Low,Poor
2684,7.727249434730581,4.081687577769224,High,Average
2685,6.447687954479729,4.5771636451963635,High,Good
2686,6.3634747840987655,4.306618379785613,Medium,Average
2687,6.017789004313677,2.15870058742681,Medium,Poor
2688,5.640900150987728,5.277832139345319,Low,Good
2689,6.1029397165287165,6.624002254918037,Low,Good
2690,7.800159028984286,3.304246520586127,Low,Good
2691,6.339950053464071,3.264887464831676,Medium,Good
2692,7.650115057636357,5.344443321087361,Medium,Good
2693,6.939238743365415,4.744551347432265,Medium,Poor
2694,6.117501537640839,4.544105911403305,Medium,Poor
2695,5.398466564534983,5.850653082641461,Medium,Average
2696,7.7590052009941575,2.0383114839669294,Medium,Average
2697,7.440529482308312,5.410254202261095,Low,Average
2698,6.496736428397647,5.5487375362175735,Medium,Good
2699,7.101096845483171,3.608221345610607,High,Good
2700,6.297909132801668,5.082823960962731,Medium,Good
2701,6.949403612658747,3.582999229289074,Medium,Average
2702,5.849878808022996,4.101713008235622,Medium,Average
2703,6.48978339743977,6.4249484852541725,Medium,Good
2704,6.171976698811197,4.3057753594072805,Medium,Good
2705,7.710970246164084,6.699524551268059,Medium,Average
2706,7.53617158271745,4.973215544646914,Medium,Good
2707,8.945371694310648,5.752584574350246,Medium,Average
2708,6.011441538057566,5.083853975924353,Medium,Poor
2709,8.290086021626099,5.826374269853952,High,Good
2710,5.1183796578445655,2.924509019257847,Medium,Poor
2711,6.07849864504888,6.887826055162744,Low,Good
2712,6.6971992060903,5.168093170210411,Low,Poor
2713,6.642326500688443,6.154781109211306,Medium,Average
2714,6.911145440996441,2.4017475184571953,Medium,Good
2715,7.6195770301437085,4.037170519129826,High,Poor
2716,7.8566770668477615,4.11095990025376,Medium,Average
2717,9.024549832381279,7.189643056847821,Medium,Good
2718,9.124397400686526,3.932331235188904,High,Average
2719,7.1342666588518755,6.457496988741448,High,Average
2720,4.945220877568012,3.467481467845689,High,Good
2721,5.481268199428973,6.507978877142397,Low,Good
2722,6.879036919420863,6.38691887929612,Medium,Poor
2723,7.588907271688476,5.1126420919151645,High,Average
2724,5.719065452614056,6.020946163593271,High,Poor
2725,5.825426266905145,4.689279197018608,High,Average
2726,6.984595160049683,2.841736744025199,Medium,Average
2727,7.4611241649872015,4.049717298953404,Medium,Average
2728,5.953939545356409,3.338031943108334,Medium,Good
2729,8.468408951999354,7.077682182347215,High,Good
2730,6.512271439352169,5.976676856032849,High,Average
2731,5.8454078029111045,2.206931601996727,Medium,Good
2732,7.894321775648766,4.787873458437173,Medium,Good
2733,6.939995474375528,5.101831051409519,Low,Average
2734,5.4909563202576885,4.3741671050388025,Medium,Average
2735,8.701798149367779,6.571526088912114,Medium,Average
2736,6.47236200980451,4.713415294411982,Medium,Average
2737,6.870049327839205,7.128579774644361,High,Average
2738,8.645083053086275,5.687550172081053,Medium,Average
2739,6.315984042319615,5.884936706990043,Medium,Average
2740,5.746735895651634,6.344969140146531,Medium,Average
2741,6.227568894417825,3.8414265969568406,Medium,Good
2742,7.0547937014737485,3.7706573912050656,Medium,Good
2743,5.136020137323386,7.300215792485577,Medium,Average
2744,6.313867803068869,7.163041552253293,Low,Average
2745,6.733314328923451,7.245952349047023,High,Good
2746,8.350014497151067,6.652569141983388,Medium,Average
2747,6.232127637959422,4.259558016930978,Medium,Average
2748,7.733223363254293,3.5894853445853108,Medium,Average
2749,8.252621764064108,3.17734940651423,Medium,Average
2750,7.827658607856817,5.19825082520042,Medium,Average
2751,7.182096317657946,6.76637425104247,Low,Good
2752,7.4816278694137495,5.389114012999082,Medium,Good
2753,6.975512077211981,4.255855869112592,Medium,Good
2754,6.318832443428954,6.466814249600251,High,Poor
2755,7.8762699680281605,1.8393864222774554,High,Average
2756,5.857633084129388,6.116486472573952,Medium,Average
2757,6.648341370753183,2.9217043546523493,High,Average
2758,8.17250508314094,8.627602829257217,High,Poor
2759,6.296539500309765,2.5738539738969406,Low,Good
2760,6.3302958249342085,4.386784841973142,Medium,Good
2761,7.696113053953145,4.091516888120607,Medium,Poor
2762,9.458263589969366,3.54153260604124,Medium,Average
2763,4.993980372188537,5.509103337203579,Low,Good
2764,6.719606411878364,4.397533359985255,Medium,Good
2765,8.570034776013072,5.241689104215396,Medium,Average
2766,6.653627468549409,5.086067212763258,Medium,Average
2767,7.637683432372238,4.302867201086393,Medium,Good
2768,7.480073673329263,7.178497873830644,Medium,Average
2769,6.395987156135571,5.598134807028922,Low,Average
2770,7.450306098671402,5.992542754564667,Medium,Good
2771,7.752639143506545,4.9805172901887795,High,Average
2772,8.438238174866068,4.275072026499012,High,Average
2773,6.448216432317311,5.2928423478350854,Medium,Poor
2774,6.86699329920833,5.186506439964781,Low,Good
2775,9.211489096956438,6.512312290768355,Low,Poor
2776,7.349673797711885,6.325661803709114,Medium,Good
2777,5.606484421864161,4.21522072312705,Medium,Average
2778,8.581685093162053,4.216757758388326,Medium,Average
2779,9.020325712841363,4.16915206824117,Low,Poor
2780,6.753991849338744,4.438060446044176,Medium,Average
2781,6.94947473150847,6.1848158105294555,High,Average
2782,6.441469227479668,4.703783126493397,Medium,Good
2783,6.943343338024495,6.128728209924948,Medium,Average
2784,6.340030105593339,3.4892758177939505,Medium,Average
2785,8.37330141120959,4.3840940088776605,Medium,Average
2786,5.977328966099,3.4673818130124348,Medium,Good
2787,5.915307203594086,4.453933128898843,Medium,Average
2788,5.389233410976307,5.580556428115754,High,Good
2789,5.740288613352518,2.656560715938425,Low,Good
2790,8.023244374272132,4.726258809096075,Low,Average
2791,6.4856890492640815,2.6015387956658866,Medium,Good
2792,5.40694369313417,5.535015331104658,High,Good
2793,7.811475118843534,7.725655798604158,Low,Good
2794,6.683573302796211,2.897821419479286,Medium,Average
2795,6.441002619525478,4.0646082401907195,Medium,Average
2796,5.469976342456574,3.920789062875148,Low,Average
2797,7.523931758160071,2.377306678508462,Medium,Good
2798,8.342369119481518,3.31673484269643,Medium,Good
2799,7.009257731880913,2.190507029964616,Medium,Average
2800,7.12606085947428,5.401711495405694,Medium,Good
2801,7.73108099112482,4.470905643490689,Medium,Average
2802,8.035508199189492,5.25972842771314,Medium,Average
2803,5.916068048479619,4.346437265927975,Medium,Good
2804,7.2450534489108485,7.648728529076445,Low,Average
2805,8.4101820195907,3.9890997069965155,Low,Average
2806,5.90591768445468,7.525672572956898,Medium,Good
2807,6.515298082598312,6.398998257493233,Medium,Average
2808,7.221903096491847,2.3032007557763308,Medium,Good
2809,7.52985363296259,3.9074999442499894,Medium,Good
2810,5.652783471531663,4.709100939788611,Medium,Average
2811,8.646075570818025,6.212206320168934,Medium,Average
2812,7.486441262101957,6.028719846116474,Low,Good
2813,8.960483022462302,4.969164464709951,Low,Average
2814,7.995426946746217,7.580741796094554,Medium,Average
2815,10.433447525609537,6.388214750085064,Medium,Good
2816,6.658726352805524,3.7573223801854208,High,Average
2817,6.312076868478786,5.793199120682065,Low,Poor
2818,7.293519760788509,3.2469584136792733,Medium,Average
2819,5.932882027277561,5.407582710569086,Medium,Average
2820,5.103717934698151,8.305458590861136,Low,Good
2821,8.765338828295068,6.405745295118694,Medium,Good
2822,6.749400653171484,4.522307197129446,Medium,Average
2823,5.26351234670197,5.5128896288348574,Medium,Good
2824,8.261314421924919,6.388692663564698,Medium,Average
2825,6.5597666213685555,4.693933040310626,Medium,Average
2826,6.018396880898283,4.480500573172674,Medium,Average
2827,6.401965955165611,4.035425412298144,Medium,Average
2828,6.48019452763289,5.063195768257929,Low,Poor
2829,7.2523123283938915,6.927195481683311,Medium,Good
2830,9.673633687575517,5.322872688343973,Low,Average
2831,9.257281377235184,5.8035713139696465,Medium,Average
2832,6.568228917128341,6.022631894398109,Medium,Average
2833,7.262818585849573,4.393373988137705,Medium,Average
2834,7.9531853189304424,5.8981479736573545,Medium,Good
2835,7.053395468636077,4.981697512129063,Medium,Average
2836,6.33690630515459,4.846622864585246,High,Average
2837,7.02028724958277,4.252515921709872,High,Good
2838,5.417696769008714,5.497225614558282,Low,Poor
2839,7.288516758443803,6.722883177094349,Medium,Average
2840,6.369866134913705,3.0932581050074406,Medium,Average
2841,6.454424546057009,3.4389031467202686,Low,Good
2842,7.269798643307021,6.529309118574232,Medium,Good
2843,7.989431039504269,2.847308618886462,Low,Good
2844,7.545604565869303,4.423403889815505,Medium,Good
2845,8.109487171356408,5.444090967631385,Medium,Good
2846,6.1419720741197965,5.740789417953447,High,Average
2847,7.291681348819905,6.324123548343717,Medium,Average
2848,6.6491266775300195,2.939370668822691,High,Average
2849,6.209102432343033,3.8641112802266537,Medium,Good
2850,8.489492024910879,4.540492392528664,Medium,Good
2851,5.972899571064997,2.9219617164001375,Medium,Good
2852,7.745529202233357,6.324245719359653,High,Poor
2853,7.207718786479521,3.6364577267083544,Medium,Poor
2854,6.072281430556262,6.184565609302106,Medium,Good
2855,6.857023821574436,6.0680436843171845,High,Good
2856,7.3071005047037,4.551801127621502,Medium,Average
2857,6.270912691858835,5.127809757158636,Medium,Poor
2858,6.435759147809672,4.879910899967312,Medium,Good
2859,6.380038940534044,4.318075610308899,Medium,Poor
2860,5.130263617207246,5.545206343007153,Medium,Average
2861,6.3127941631771645,5.10430658379196,Medium,Good
2862,7.400966177215547,4.409239928701575,Medium,Average
2863,8.151137562667609,4.452463773592985,Low,Good
2864,5.505918564975989,5.740308860916459,Medium,Good
2865,8.300628931783772,4.209726981711551,Low,Good
2866,6.160589375360515,4.61702375959014,Low,Poor
2867,7.668678364206206,5.269074411085809,Medium,Average
2868,6.195314669620017,3.4559888023877727,Medium,Good
2869,7.080392671568702,7.987831493028337,Low,Poor
2870,5.06766108199039,6.937627791784234,Medium,Average
2871,6.756887107256477,5.852550308817495,Medium,Average
2872,8.048213654010453,3.2517778987096126,Low,Good
2873,7.694962704565281,7.347097283901162,Medium,Good
2874,7.351426735081739,7.819409669892404,Low,Average
2875,7.433926922926484,5.134485862700486,Medium,Average
2876,8.950950347021934,6.176328549753883,Medium,Average
2877,4.375130093876425,6.774432639561871,Medium,Good
2878,7.064764544496118,5.165289454569003,Low,Poor
2879,4.942013398243644,1.9150026907019049,Medium,Average
2880,8.460672700452651,4.728989401391963,Medium,Good
2881,7.807541368520338,5.867792430333913,Low,Good
2882,8.3445759333822,5.259386813767011,Medium,Average
2883,7.676806260387929,6.297169387010282,Low,Good
2884,6.912002269794336,5.474812232248749,Low,Good
2885,7.264434909015909,5.438956065674941,Medium,Good
2886,4.909394360890442,6.580429960798013,Low,Good
2887,5.389049284025598,3.0964400654411257,High,Average
2888,5.70227028836183,6.855235440039838,Low,Average
2889,6.96123454576784,5.508335463136525,Medium,Average
2890,6.563298989656758,8.357497637430104,Medium,Good
2891,6.417780396812853,7.75724938511675,High,Good
2892,7.514133173258759,4.4874228341659235,Medium,Good
2893,5.57335670265563,3.5380923528946875,Low,Average
2894,4.886334211981437,6.347424407530628,High,Average
2895,7.361253944476026,3.646374482571308,Medium,Average
2896,7.362253599406395,5.586467152779284,Medium,Average
2897,6.923130243736157,5.799157714947567,Medium,Average
2898,6.787049569983537,4.998128392756363,Medium,Poor
2899,7.27710869399967,6.273967953250667,Medium,Good
2900,8.49195814777303,6.834679469226778,Medium,Average
2901,7.515835538695748,5.76314680369328,Low,Good
2902,6.587153022112434,5.89874525536682,Low,Average
2903,8.203852241678888,7.1289390794901415,Medium,Good
2904,7.022462683273649,3.792520283087332,Medium,Good
2905,6.894533713178432,6.686955192767469,Medium,Average
2906,5.600867008177075,5.070414646028995,Low,Average
2907,6.009752776929107,5.213628151342784,Medium,Good
2908,7.3341610440094716,3.345229350647444,Medium,Good
2909,6.341853377093852,4.2400501261701935,High,Average
2910,7.79949775427629,7.764835496442894,Medium,Average
2911,7.515199038450097,6.175581789272224,High,Good
2912,7.768769774261593,5.211149027058115,Medium,Average
2913,8.675774525049585,5.279914479175316,Medium,Average
2914,7.043184387029229,5.912170029482891,Medium,Average
2915,5.058896522460159,3.7884896541521984,Medium,Good
2916,6.4996201110793255,6.402814370826956,Medium,Good
2917,7.1386926988041735,6.219748734932016,Medium,Poor
2918,7.249483971475069,3.6686112956966026,Medium,Poor
2919,6.519554991567635,5.798016254448119,Medium,Good
2920,6.352306194174767,7.028589724659041,Low,Average
2921,6.351819884992327,2.245634316781174,Medium,Good
2922,7.725513037522217,5.616273886787183,Medium,Average
2923,8.356994651505318,7.400841631829231,High,Average
2924,9.617349843899744,3.101272102816884,Medium,Good
2925,6.332861213513698,6.295078973391696,Medium,Average
2926,6.524864084695331,4.0785851176468615,Medium,Poor
2927,7.440936551702433,6.2050956597760365,Medium,Good
2928,9.249798845193327,4.634800513319338,Medium,Average
2929,5.99549028423368,4.371287358678423,Medium,Average
2930,7.164682814382046,2.499689312729984,Medium,Average
2931,8.172350841445974,4.141127924992055,Low,Poor
2932,9.185374907402036,3.521605493413026,Medium,Average
2933,6.387620329229496,4.5172775397516585,High,Good
2934,6.091308897103148,1.510210450070495,Low,Good
2935,6.191907846109191,6.662279156671163,Low,Average
2936,7.902348566720381,2.781895047123506,Medium,Good
2937,9.352158432697754,5.751616563929874,Low,Average
2938,6.204269170891342,6.465345809261046,Medium,Average
2939,6.800208417955677,3.8691863148007917,Medium,Average
2940,6.465424558065027,2.813079401808103,Medium,Average
2941,7.340117844024305,4.0532193560501115,Low,Good
2942,6.9016237126942865,3.994083737892625,Low,Good
2943,8.454783553594915,6.136864206387349,Medium,Average
2944,7.8187297251209245,4.485762165098608,Low,Average
2945,6.654252422161822,3.401222134515942,Medium,Average
2946,6.461352577866371,5.850618440358561,Medium,Good
2947,6.937808913521312,2.6175237322616525,Low,Good
2948,7.31065101048056,5.593612895619828,Medium,Average
2949,7.48384976814033,5.165548920293649,Medium,Good
2950,6.216118581873499,4.5213776391107725,Medium,Good
2951,4.662839340042371,2.9599023082486706,High,Good
2952,8.824273185942152,6.236684350246577,Medium,Good
2953,7.852818142046462,6.785418818782576,High,Average
2954,9.25715849673007,4.882511117296563,High,Average
2955,6.877965808743138,8.20765636560015,Medium,Average
2956,6.507360895269531,5.049102386779717,Low,Average
2957,4.801038356806174,6.906694585103702,High,Good
2958,5.705253462860698,3.124990371887939,Medium,Good
2959,8.046741763529743,5.335776127425497,Low,Average
2960,9.903070790340934,4.489300599532569,Medium,Average
2961,4.9699876432266965,7.740296722951813,Medium,Average
2962,9.513428262813694,5.416945753923324,Medium,Good
2963,6.604655512907712,6.273846659675549,Medium,Good
2964,7.995583117423475,7.074123835003498,High,Average
2965,7.946448570595993,3.809021738609619,High,Average
2966,7.74263279342463,4.41973702790552,Medium,Good
2967,7.696899130847309,4.547165337314103,Low,Average
2968,5.83000921323301,4.8256687318825096,Low,Poor
2969,7.108898371209859,6.108763683042643,Medium,Average
2970,7.574323052003306,7.138507394410213,Low,Good
2971,7.26151577211798,5.513482717267937,Medium,Average
2972,7.782184848798895,8.078874840704986,Medium,Average
2973,7.318602249325104,6.152778449698434,Medium,Average
2974,6.445134969687344,7.11252048409496,Medium,Good
2975,7.379507663752376,5.635625222782838,Low,Average
2976,9.008889005671799,4.2942570986383615,High,Average
2977,7.1446359888784805,6.321989043940449,Medium,Average
2978,5.94580779198691,6.338295570573555,Low,Average
2979,7.629381204831056,4.490361885799863,Medium,Good
2980,6.723035130741178,4.364616637063419,Low,Average
2981,7.102888317990103,6.8758379476651985,Medium,Good
2982,4.569547190550872,4.4415379080218145,High,Good
2983,7.9841078103538585,4.382715690524216,Medium,Average
2984,8.835127725599929,3.9209713576755147,High,Average
2985,7.11059192125814,6.325055806642384,Medium,Average
2986,8.150244379334213,4.976114182481038,Low,Average
2987,6.377424466509026,7.151208492146406,Medium,Good
2988,5.2824251298048885,2.420911863666766,Low,Average
2989,7.728355653080236,5.175555303391578,Medium,Average
2990,7.945869875140988,4.705762697028318,Medium,Average
2991,4.941078941541033,4.399059873347324,Medium,Average
2992,8.858494317433566,6.005958130149237,Medium,Good
2993,6.722519700107552,4.498313385758391,Medium,Good
2994,6.167068826852857,2.8589950854103896,Medium,Average
2995,7.621859816318487,4.264075621406072,Low,Average
2996,5.776894105803476,4.230448278209776,Medium,Good
2997,6.354290171939807,4.337683371250464,High,Good
2998,6.134449609201413,3.4560015759940192,Medium,Average
2999,7.2328755925694574,8.438697415319893,Medium,Average
3000,6.612171099462018,2.5158095939090765,Low,Good
3001,7.785952960891488,2.260237677992988,High,Average
3002,8.591873081512663,5.262224690865892,Medium,Good
3003,6.752687635492771,4.64341919781632,Low,Average
3004,7.765646910309664,6.648756786371225,High,Average
3005,9.497754836181162,3.4872292715256146,Low,Average
3006,7.127202179882517,5.305896515241079,High,Good
3007,6.194385613864691,7.607258130027189,Medium,Good
3008,6.684871914800932,5.943758157316008,High,Good
3009,9.402076511716196,6.453658062400086,Medium,Good
3010,5.5880558916268726,5.762531496813013,Medium,Good
3011,8.243639747191999,5.4939867487524285,Medium,Average
3012,7.676967902263197,4.232513695931129,Medium,Good
3013,7.639377010217264,6.118982719080051,High,Good
3014,7.600554903125683,2.7016207015773333,Medium,Poor
3015,5.844082515320908,6.387124357409125,Medium,Good
3016,7.028101008535035,5.950655567307517,Low,Good
3017,8.29702220126428,5.458508563697329,Medium,Average
3018,5.038719543628607,2.476143244495874,Low,Average
3019,10.050134824041596,7.683858396193442,Medium,Poor
3020,8.143338183757685,5.663149571463089,Medium,Average
3021,6.447128391228017,3.1386811461351605,High,Average
3022,9.053665619725589,5.471810748755191,Medium,Good
3023,6.8122763421249966,4.431683529794776,Low,Good
3024,6.773149552407325,4.5864518162840255,Low,Average
3025,5.95534222790416,1.931262216657161,Medium,Good
3026,7.751311260334879,2.9299784456920333,Low,Good
3027,5.807313527264712,4.266529967330793,Medium,Good
3028,6.347808955214415,5.183542994715378,Low,Average
3029,5.629834532102931,5.601788557408126,Medium,Good
3030,9.83948343269066,3.8570812796834137,Medium,Good
3031,6.798799392831819,5.801608340402495,Medium,Good
3032,5.591253114828084,2.0075388215332977,Medium,Good
3033,6.883728032771242,4.820686993310008,Medium,Good
3034,5.464354912435568,6.815574676887298,Medium,Good
3035,8.485597557707273,4.854991338163302,Low,Good
3036,7.433529554635858,6.265081881347235,High,Average
3037,6.818415235926358,6.294921250761717,Medium,Good
3038,5.6145578779150185,5.775239261106551,Medium,Average
3039,7.9806275795101795,5.006789417079167,Low,Good
3040,7.641393041420086,2.5189102196720428,Medium,Average
3041,4.805572020338875,7.439036664624059,High,Average
3042,6.104923226393867,4.1031655114532075,Low,Good
3043,6.867495309765602,5.70815035313253,High,Good
3044,7.786746556569181,3.316541815713943,Medium,Average
3045,6.27111808635402,6.011598870819462,Medium,Average
3046,6.118227650429254,4.298859797064269,Medium,Good
3047,6.328781380607446,3.6534559487540577,Medium,Average
3048,5.768323440453412,3.549196878660192,Medium,Average
3049,7.7083301030667375,7.219394370306425,Medium,Good
3050,8.481007232624453,3.0840684840703556,Medium,Average
3051,5.644258893802876,5.5130619429201895,Low,Good
3052,8.550922402935834,3.983124847214798,Low,Good
3053,7.286216687588798,6.773669297438456,Medium,Average
3054,9.737533682399535,5.268253648079571,Medium,Average
3055,8.867173354129374,2.7856232019395772,Medium,Average
3056,6.9146043231354835,3.3930451466235287,High,Good
3057,6.14822026634299,3.7040538624013135,Medium,Good
3058,7.161204574716603,4.53724795655345,Medium,Poor
3059,5.422366465638403,3.8566485042547405,High,Good
3060,6.602611705372768,5.950658196609044,Medium,Average
3061,6.615916594593484,5.946445373077991,Medium,Average
3062,7.766661012884888,4.419162898837945,High,Good
3063,7.470037127244971,3.4684024729592213,Medium,Average
3064,9.051337162774862,4.376884402547934,Medium,Poor
3065,7.307966366724514,8.75817926284111,High,Average
3066,8.144251772915025,4.985695394485248,Low,Average
3067,5.911502266301673,3.914999752886784,Medium,Good
3068,6.229660729686224,5.163767130251453,High,Average
3069,6.272182807001963,5.951105236098701,Low,Good
3070,7.776652198203541,6.888395264579183,High,Average
3071,9.109110555902346,6.3496492397609146,Low,Average
3072,6.194642992407991,2.9378775965714916,High,Average
3073,6.782154498710498,5.5362598276615484,Medium,Average
3074,6.59382183593144,7.65413518487957,Medium,Good
3075,5.321410693470694,5.192466577610729,High,Average
3076,7.216235373493277,3.5282556431579595,Medium,Poor
3077,7.420541686318424,5.592625524452874,Low,Average
3078,7.356012612200431,7.349787831023364,Medium,Poor
3079,6.185991157763458,2.8392246365237757,Low,Good
3080,6.746410365861616,5.390071301408941,Medium,Good
3081,6.564603069612539,1.0,High,Average
3082,6.618004086568459,4.446082681943173,Low,Average
3083,6.479445709995913,3.6735948399247476,Medium,Good
3084,7.777638675869471,5.807610933300488,High,Average
3085,7.016799027999755,6.332138210125382,Medium,Average
3086,7.94159220574715,3.7326027916600686,Medium,Good
3087,6.6145857421541825,4.914904672449762,High,Good
3088,8.048683654640792,4.256641371587514,Medium,Poor
3089,7.22508823715048,4.510032760561625,High,Average
3090,10.876459363316256,5.157553718637166,Medium,Good
3091,7.437201120855893,5.176777249485998,Medium,Good
3092,7.166341598701434,4.0646830041222275,Medium,Average
3093,7.47741191026626,4.147985369971069,Low,Good
3094,9.316701460760394,3.32049621647778,High,Good
3095,6.040606402671159,3.874271809686252,Low,Poor
3096,6.9398218785956285,4.013707904104766,Medium,Average
3097,6.907546774587473,5.8078684093973925,Low,Average
3098,7.761877140698577,4.987848172051452,Medium,Good
3099,7.664336596974921,8.68765868804067,Medium,Average
3100,8.220288447503835,5.522898793443295,High,Good
3101,5.81878486534623,4.831414180041718,Medium,Good
3102,8.114313493496843,3.5895559822244976,Low,Average
3103,6.323860019961029,7.615983199071598,High,Good
3104,6.847048224093208,5.391574266997534,Medium,Average
3105,7.751767113750651,5.4877069978463835,Medium,Average
3106,7.317248258706218,3.7407880969685237,Medium,Average
3107,7.419537708764898,3.7155442614560497,Low,Average
3108,9.111514872483326,2.594971821690264,Medium,Good
3109,8.130983988158198,5.540759594269294,Low,Average
3110,7.297887307536987,6.384711843905308,Medium,Average
3111,7.6896972385163815,4.86868960430244,Low,Good
3112,7.105506295562558,4.543115945312487,Medium,Average
3113,7.099482071841876,5.5018310511017505,Medium,Average
3114,5.103239917820454,6.543183377706348,Medium,Poor
3115,7.610079969145161,7.669368834796413,High,Good
3116,5.01072242070774,4.358351231650305,Medium,Good
3117,5.2531664020034565,8.504071627027496,Low,Average
3118,6.869166481597546,4.592622898732382,Medium,Good
3119,4.439627226267801,3.3874464880394735,Medium,Good
3120,8.091562502297114,4.290001528372915,Medium,Average
3121,8.224387026467317,6.584706905935717,Low,Good
3122,6.012398406462754,4.394006150361195,Medium,Average
3123,7.151732235037086,4.81580614284377,Medium,Poor
3124,6.674484279191252,1.9134387282105543,High,Average
3125,7.415014068281467,4.564989752208526,Medium,Average
3126,7.954491738672679,4.423470674647317,High,Poor
3127,7.676741759177684,8.958699121925594,Medium,Good
3128,6.912836981340222,5.299817215945534,Medium,Average
3129,5.737204093083943,5.370846920969335,Medium,Average
3130,6.797885257556715,3.7496699575229346,Medium,Good
3131,8.324416080260658,6.250069874356663,Low,Average
3132,6.508627800502394,6.758171413834779,Medium,Average
3133,6.7923584436611355,5.256189431019734,Medium,Average
3134,7.484175723154689,4.474513577456103,Low,Good
3135,5.743220383419151,3.967634993901465,Medium,Good
3136,7.593497510030095,5.197448216816836,Medium,Poor
3137,6.059342762414879,6.807506005762209,Low,Good
3138,6.231468125212585,4.818601970362401,Low,Poor
3139,5.555721064079646,6.913064426583822,Medium,Good
3140,7.526910721396652,3.854125624994802,Medium,Average
3141,5.180866570165531,4.494228837490835,Low,Average
3142,6.361205884994823,4.938726204277423,Medium,Poor
3143,8.46614782106028,5.473502361676917,Medium,Average
3144,6.127965827506676,6.3246113045244154,Low,Good
3145,6.580352489385313,2.4676642929910244,Medium,Good
3146,9.099873504432038,4.900635946127966,Medium,Average
3147,6.719496751147744,3.110726004062559,Low,Good
3148,6.862147997749299,1.0,Low,Average
3149,6.695658785996665,4.910470973397975,Low,Good
3150,7.824679545888607,4.766327366218266,Medium,Good
3151,7.305007903894453,7.494523535511773,Medium,Poor
3152,6.114216231354208,4.424259910388315,Medium,Average
3153,8.939118562348014,6.941993727424477,Medium,Average
3154,7.651392467039708,6.343015617466197,Medium,Poor
3155,6.455813412669878,4.5622021990346875,Medium,Good
3156,6.165956762278781,6.486077358341158,High,Good
3157,6.263757933439456,5.0980449589610535,Medium,Good
3158,5.792615231893451,4.4825872748918005,Low,Average
3159,6.932564180643623,7.532441862505756,Medium,Average
3160,7.047423389539265,3.3177193499626556,Low,Average
3161,6.291860000272238,4.349635364013477,Low,Good
3162,7.793631911044441,2.919688230916752,Medium,Average
3163,8.014586314327477,2.9791509901393094,Medium,Average
3164,6.192045444964706,5.534288801987811,Medium,Good
3165,6.348893225754724,7.457531914500466,High,Average
3166,7.245830331531674,6.099719509169947,Low,Good
3167,5.439092364210993,6.529040364443308,Low,Average
3168,5.96022593805446,6.721251494845165,Low,Good
3169,6.17385204675218,6.555295688599042,Medium,Good
3170,6.407679541170502,3.9858667861326564,High,Good
3171,5.8463352630322865,3.6694690489391424,Medium,Good
3172,7.546268532569202,3.3617874128987197,High,Good
3173,8.41879824267574,8.528355868548982,Low,Good
3174,8.000955943537399,5.915404325252182,Low,Average
3175,5.163708350189014,6.771353625736682,High,Average
3176,8.350791370689292,6.244749662170735,Medium,Average
3177,4.374667001882756,4.180554745663571,Low,Good
3178,7.710495214065351,4.089754611658924,Medium,Good
3179,7.038530112240519,3.9396533092548167,Medium,Average
3180,6.393318582807907,6.643259463578092,Low,Good
3181,7.171362099849543,1.764204437102939,Low,Good
3182,7.881527693806424,6.648627827460352,Low,Poor
3183,8.065751482753726,2.231222613330464,Medium,Average
3184,7.5501264882560015,4.283805839060684,Medium,Good
3185,9.084850644006217,1.7426004314107009,Medium,Average
3186,4.893936552185165,5.525981703435889,Medium,Average
3187,5.284340490604805,6.684126161055944,Medium,Average
3188,8.336471716951262,7.328456972009022,Medium,Good
3189,5.4620876929344,3.721809422914789,Low,Average
3190,8.57114933411028,5.903214262678064,Medium,Average
3191,7.49479406386803,1.0,Medium,Good
3192,5.06588403469532,4.8277572966062,Low,Good
3193,6.911877996212226,3.078665202868901,Medium,Average
3194,8.022062394034435,7.105951376576798,Medium,Average
3195,8.687336695460962,5.642902268924282,Medium,Average
3196,8.648861341934868,3.5682159150691835,Medium,Good
3197,8.436450338786637,4.23772082370167,High,Average
3198,6.701965763781292,4.4881641888322035,Medium,Average
3199,7.0359496158172705,5.503963344936473,Low,Poor
3200,5.700518211811346,6.226882553561658,Medium,Good
3201,7.153879680829194,5.911598066030223,Medium,Poor
3202,7.7717713300911955,5.099784043868989,Medium,Average
3203,8.443832938274552,2.380883258724471,Medium,Average
3204,4.4873073870930735,5.4118685520595955,Medium,Average
3205,5.2174624435980315,6.16452613114688,High,Average
3206,9.060010618575873,4.170077373451252,Medium,Average
3207,6.478116997186988,7.022616796645392,Medium,Average
3208,6.4193253153482495,5.148334755691976,Medium,Average
3209,8.033218585874476,4.603627533557825,Medium,Average
3210,6.884478733808217,5.558821559107909,Medium,Good
3211,5.7220065265278715,5.125202520217488,Medium,Average
3212,8.440009666708324,4.630956635355936,High,Average
3213,6.930559006592627,6.106303829080556,Low,Average
3214,7.252283144114742,7.447940833133946,Medium,Average
3215,5.582573402709183,7.0847748597067595,Medium,Average
3216,6.346494437552292,3.8773585035011155,Medium,Good
3217,8.238776503008395,2.66761118926022,High,Good
3218,7.568743586120986,1.4765904211825958,Medium,Good
3219,6.605716382280926,3.823359004230914,High,Average
3220,9.377588198250704,6.05802309198732,Medium,Poor
3221,8.453874008304087,5.082403428273068,Medium,Average
3222,8.054676491884791,7.159424002153395,Medium,Average
3223,8.936700426269965,5.993003705264696,Medium,Good
3224,9.772519298661745,5.164857214375418,Medium,Average
3225,7.270757007003241,5.771444729484359,Medium,Average
3226,8.172156367734894,5.483387806348416,Medium,Good
3227,5.994607591382751,1.9656565782512034,Medium,Good
3228,6.911414094907232,3.5842091913062513,High,Average
3229,8.2602433673907,6.209321337444344,Medium,Average
3230,6.758464611280157,6.443184106633494,Medium,Average
3231,5.92973955335639,6.585912945218611,High,Good
3232,6.534266857224529,4.741404892627756,Medium,Average
3233,5.867043060116461,1.756651951785007,Low,Average
3234,8.312004606336895,6.485413141860816,Medium,Good
3235,7.25210713198911,6.137338854574523,Medium,Good
3236,6.9987675627852175,5.0420745125198145,Medium,Average
3237,3.3240139993905737,6.259092126359084,Medium,Average
3238,6.545370600793655,4.1373348253459685,Medium,Average
3239,6.0411094147285365,7.250188776861451,High,Average
3240,7.944739875525916,6.559256912605427,Medium,Average
3241,6.0540946955721004,2.8994563153557515,Medium,Good
3242,9.53243429183074,4.937807340473079,High,Good
3243,4.794979988487749,6.15348384107701,Medium,Good
3244,6.226804845106465,5.363566719032822,Low,Average
3245,6.199613481439887,8.87868781402635,Medium,Good
3246,5.77388121153627,4.541174032844448,Low,Good
3247,8.040022905016489,4.804954729093585,Medium,Average
3248,6.460494354504686,3.241581352696544,Medium,Good
3249,6.403737943813273,4.608396726921227,Medium,Good
3250,6.010288682344948,5.022280879310385,Medium,Average
3251,6.188517750734312,5.747306284913661,Medium,Average
3252,8.28862064492687,5.9610224348677745,Medium,Good
3253,6.097623189335159,5.128210470887983,Medium,Good
3254,7.193038328160243,6.134458944335899,Low,Average
3255,6.176932228536801,5.299245008238401,High,Average
3256,6.4005145780436425,5.550029599526017,High,Average
3257,7.8090408153349244,4.885906098253456,Medium,Average
3258,7.942211853429004,5.833166134201824,Low,Good
3259,7.447096779203338,4.815858878319157,Low,Poor
3260,6.163292343241391,8.553139913524817,Medium,Average
3261,5.78503065969527,3.938128825783401,High,Poor
3262,8.60954819119291,4.0061104411437025,Medium,Good
3263,8.21114396801866,4.426075967714821,Medium,Average
3264,7.393137372734926,4.651471512402196,Medium,Average
3265,5.935246594739151,3.3989531341444925,High,Good
3266,5.076107264255146,7.417199064662813,Low,Average
3267,6.711324494006315,7.6572921976466395,Medium,Good
3268,8.501963638997049,6.3827463526647605,Medium,Good
3269,7.185019996740026,3.6583865508899764,High,Average
3270,6.962339627326512,5.335089787053679,Medium,Average
3271,6.296724161972317,4.523372054403005,Medium,Good
3272,7.284407453349946,3.194714621311534,Low,Poor
3273,7.507229608245314,5.743657633455695,Medium,Average
3274,7.526012736603957,5.264553924379953,Medium,Good
3275,5.850518589677056,4.894313789655269,Medium,Good
3276,10.056397961200627,4.282520570848522,Low,Good
3277,8.354277030782818,4.535630266076368,Medium,Average
3278,7.643696201506349,4.644854141872546,High,Average
3279,6.745698481814115,4.652373779689893,Low,Good
3280,5.720671459378982,5.05458820098108,Medium,Average
3281,6.951023947953458,5.980298663623419,High,Poor
3282,7.8056164117549445,5.864326934977619,Medium,Good
3283,7.882551930095058,5.288536707359708,Medium,Poor
3284,6.4334227710304255,5.936433752660717,High,Average
3285,6.079064721213406,6.0820169931020995,Medium,Good
3286,7.332168575910062,4.228160810776048,Medium,Good
3287,5.611699396829003,4.68435557406517,Medium,Average
3288,7.673867436250157,6.735948988796053,Medium,Good
3289,6.364087142698527,6.555954784841925,Medium,Good
3290,6.781606124513116,6.891788767885965,Medium,Good
3291,6.585751259050207,3.66794969839508,Medium,Average
3292,6.056137428465631,2.805452627105212,High,Good
3293,8.398238410945522,4.558809168815545,Medium,Average
3294,7.288150672318916,4.8588022657936545,Medium,Average
3295,6.9991211184016215,4.789405073386266,Low,Poor
3296,4.758519794342529,5.336571346362537,Medium,Average
3297,7.839782486493775,5.274414648615959,High,Good
3298,8.410864564111613,4.169697679425994,Medium,Good
3299,7.156215120043025,3.0795777410700493,Low,Good
3300,8.336082760303194,7.269729906936012,Medium,Average
3301,5.016032871460005,5.439826011790196,Medium,Average
3302,6.167159388407528,4.906606063489596,Medium,Good
3303,9.316186905796453,3.9236391821174115,Medium,Average
3304,7.386670414183732,5.093942199581712,Medium,Average
3305,6.37630415571963,6.577878802873744,Medium,Good
3306,6.750612336466176,5.378701441911792,Medium,Poor
3307,6.110506578633321,3.211254561075836,Medium,Average
3308,9.026425792186119,1.7485974068507941,Low,Good
3309,5.195411489038385,5.0653704599064895,Medium,Poor
3310,6.800694996944472,5.030323431629443,Low,Good
3311,5.97774491554971,4.878528942513849,Medium,Good
3312,5.748593431025079,5.778540754074816,Medium,Average
3313,6.013138900355955,4.6792920513077885,Medium,Poor
3314,6.670150605649909,3.3228453878918467,Low,Average
3315,5.714952610009542,5.474819353743124,Medium,Average
3316,5.764854842594755,4.931068196009262,Low,Average
3317,6.251281827234225,5.911659842453231,Medium,Good
3318,7.808154252625829,4.0546287910687635,Medium,Average
3319,6.828823826694856,5.7109431334084295,Low,Good
3320,9.15330660210887,3.7077428854168755,Low,Good
3321,6.029145455588532,7.716044903511466,Medium,Good
3322,7.764032541906335,3.231899659615657,Medium,Average
3323,6.2693811070308385,6.680258059795765,Low,Average
3324,6.230374801680288,7.193917186665764,Low,Poor
3325,6.374999405735296,2.1135284483007664,Low,Average
3326,6.733084396711061,4.634747476618935,Medium,Poor
3327,5.709067298034443,7.754083544071545,Medium,Good
3328,6.493365933307105,4.1806670339015515,Medium,Good
3329,7.702625364255903,5.4791324953739595,Low,Average
3330,9.110274802041179,5.214558592433787,Medium,Poor
3331,6.508805271824941,3.5331418123382177,Medium,Average
3332,5.793619207795754,2.659459125768638,Medium,Poor
3333,7.985273984455991,3.0824851163923683,Low,Good
3334,6.0986139523080585,4.504410630495174,Low,Good
3335,8.354525778248378,3.5994469797434387,Low,Good
3336,7.754627219907119,5.789678630844273,Medium,Good
3337,5.707586191459855,2.649078000375215,Medium,Average
3338,6.500894003227374,4.188395185568524,Medium,Good
3339,9.542299860779384,3.744543777206633,Medium,Average
3340,5.698533505777398,2.707384849398398,Medium,Good
3341,7.401708583165336,2.0301877093523046,High,Good
3342,6.0846850624681155,3.899176584832766,Medium,Average
3343,8.76297347032885,8.132878376355965,High,Poor
3344,6.1957648915927415,5.922386104709007,Medium,Poor
3345,6.4988706650148265,4.478600025308083,Medium,Average
3346,8.341522222958828,2.604772400046329,High,Poor
3347,6.896766180051713,7.935095551305414,Low,Average
3348,8.575025338132116,5.198993895761276,Medium,Average
3349,7.619934392540637,5.588649354512002,Low,Good
3350,6.111579279744398,7.855709554431582,Medium,Average
3351,7.830115418117109,4.347172580582723,Low,Good
3352,5.80946203960898,4.894136888821996,Low,Good
3353,7.958666995284605,6.1953931398169395,Medium,Average
3354,8.668498470754422,4.933354552348982,Low,Good
3355,6.712548170765182,2.8941978788713536,Medium,Average
3356,7.7533248268152795,7.361866824611852,High,Average
3357,8.896622050054745,5.7459971219041,Medium,Good
3358,8.157811761671693,2.4389403358578305,Medium,Good
3359,5.9150322749881274,1.827444596366243,Medium,Average
3360,5.539197028054211,3.3902175869014513,Low,Average
3361,7.192735402803864,5.424310997914261,Medium,Poor
3362,6.772521082318203,5.628390434983707,Medium,Average
3363,6.366742828851761,4.728521778495232,Medium,Average
3364,6.205143140513483,4.626215424265359,Medium,Poor
3365,5.035535260119974,3.7699577050561484,Medium,Good
3366,6.83732673748767,5.361802050663212,Medium,Average
3367,5.775878963345945,2.4032900860161286,Medium,Good
3368,8.556144442066763,4.499391353550889,High,Average
3369,7.1704903332621095,2.431736041259276,Medium,Good
3370,7.0490972781397305,4.414782569178309,Medium,Good
3371,6.904109785981154,5.81452638764199,High,Average
3372,5.475763973518589,6.031310164561329,High,Average
3373,8.794201404744557,9.973864122919743,Medium,Average
3374,5.654569408532648,5.155453013650261,Low,Good
3375,8.66877722718501,3.467971626622373,Medium,Average
3376,7.672837160368444,7.717815362060401,Low,Poor
3377,6.802821583267239,4.336632111005976,Medium,Good
3378,6.530315192285545,4.827378716945036,Medium,Average
3379,5.683784117099007,6.66677811730117,Medium,Average
3380,5.772245635090704,4.341642070139208,High,Average
3381,6.349296188912345,5.507468468500834,Medium,Average
3382,7.015600386050991,6.958035063625835,Medium,Good
3383,9.692981978711279,5.316219471064028,Low,Average
3384,6.0806741955822305,4.323751388923774,Medium,Average
3385,7.349109297501284,2.962772750301803,Medium,Good
3386,6.404688535268932,3.664668650450222,High,Good
3387,7.364174487466799,8.27775840648265,Medium,Average
3388,7.578049403330387,6.987218585204285,Medium,Good
3389,8.206216314658345,5.027925160148644,Medium,Average
3390,6.545115914098261,5.449482082805025,Low,Good
3391,5.889104363404444,4.1332440004164885,Medium,Good
3392,7.776875605442788,5.066881354764455,Low,Average
3393,5.9295844981232575,6.9366756529853255,High,Average
3394,6.377043965335373,2.96737288719595,Low,Average
3395,7.383210426900805,1.6230637479831844,Low,Good
3396,5.309846455778451,5.744863003180812,Medium,Average
3397,6.093938780586913,3.020035725051708,High,Average
3398,6.29560908208115,3.5520681332983965,High,Average
3399,6.766771039048844,4.398170341834281,High,Good
3400,6.768314665296435,5.10213043506992,Medium,Average
3401,8.849806302932883,3.6163705030988824,High,Poor
3402,6.036100943186121,4.6132484178380695,Medium,Average
3403,5.377961321525457,5.738605818029001,Medium,Good
3404,6.283613300501958,3.134910005682196,Medium,Poor
3405,7.211486346203519,2.7985571842537467,Low,Good
3406,6.991081500468787,6.856100858625798,Medium,Good
3407,5.2605091417383285,1.0,Medium,Good
3408,7.282118813484019,5.0536286335563885,Low,Average
3409,8.536227958978266,5.185920394213528,Medium,Good
3410,4.985323393065974,5.038057057818389,Medium,Good
3411,6.0514183600115805,6.596239737187085,Low,Poor
3412,7.1086413899522904,3.2248615479117904,Medium,Poor
3413,7.716384897964722,6.864588889583492,Medium,Average
3414,9.408142679048503,3.819265667903273,High,Average
3415,5.806255031765326,4.045486269581048,Medium,Average
3416,7.073051040893778,4.6858218402941745,High,Good
3417,8.177449645944874,4.844178718328814,Medium,Average
3418,4.983427749590117,6.142038200819888,Low,Average
3419,6.512852798471409,4.502845586612831,High,Average
3420,8.337901433289325,5.496331753882864,Medium,Average
3421,7.331748740402679,4.474360116154125,Medium,Good
3422,5.929872649785164,5.389262010834264,Low,Good
3423,5.288203287309379,4.12441470475751,Medium,Good
3424,8.338073865848964,6.545554209272482,High,Average
3425,5.830900847366744,4.78658500268974,Low,Average
3426,5.66794505951015,4.142039602778208,High,Good
3427,7.594411086520986,3.4685930775504503,High,Average
3428,8.239751954722172,3.272770974812326,Medium,Average
3429,7.3360995023652595,2.8145451296079482,Low,Good
3430,9.29645939295229,5.153433332919243,High,Poor
3431,7.780725756999654,4.285191029677288,Medium,Average
3432,7.836217903180017,6.109887088626648,Low,Average
3433,7.793500449767057,3.8767242058351528,Low,Good
3434,7.296791181716645,5.658589150696951,Low,Average
3435,5.142434637522573,5.105543882578389,Low,Good
3436,7.315804393118103,3.9326504259284087,High,Average
3437,6.288528218799932,3.2457576039971516,Medium,Average
3438,7.797052558604438,5.970603099160481,High,Good
3439,6.833717100600286,5.028675112722015,Medium,Average
3440,5.924403403967045,3.760081960616993,Low,Average
3441,6.806478303004676,3.9251781863872997,Low,Average
3442,7.534324251642557,2.6810907983315473,Medium,Average
3443,7.613133082599477,4.4724286646109945,Medium,Good
3444,5.22904361036013,4.649134940538498,High,Good
3445,7.026847976496783,6.790304015609903,Medium,Average
3446,8.56598792015049,5.629215903382032,Medium,Average
3447,7.317562585627903,5.265902350612511,Medium,Good
3448,6.774145924348963,5.364684015031914,Low,Good
3449,6.844427999286476,4.036814389984383,Low,Good
3450,7.695768453364296,5.4380962991859985,High,Poor
3451,7.174036581037966,4.631554167811986,High,Average
3452,8.774171655143855,3.527071422794946,Medium,Average
3453,8.370378082733534,5.177004289783079,Medium,Average
3454,6.178589837724664,5.091346668182689,Medium,Average
3455,4.8720793531263045,3.7256702650103124,Medium,Good
3456,7.77329713388206,4.960216530525486,High,Average
3457,4.788043285825918,2.741569076218999,Medium,Good
3458,6.14076396027924,4.572595759722683,Low,Poor
3459,7.376177168881488,5.550452162717047,Medium,Good
3460,6.009652946594886,3.4562837650533527,Medium,Average
3461,8.260854208631304,4.817409968344337,Medium,Average
3462,5.38891944910604,3.4545958553515437,High,Good
3463,7.682853998699337,6.24096282572756,Medium,Good
3464,6.950678070613036,3.530489738918642,Medium,Good
3465,7.9725862787260535,2.878640786836356,Medium,Average
3466,8.062648764919462,7.2428542274731775,Medium,Average
3467,5.75150078482657,8.622198806385452,Medium,Average
3468,8.98632074944363,6.394748721501015,Medium,Average
3469,7.338401562992139,3.7858735718222682,Medium,Poor
3470,6.561242624282933,2.906068735121777,Medium,Good
3471,6.969734118346365,5.3894058626691175,Medium,Good
3472,7.321395262332575,6.158340601967699,Low,Good
3473,4.648498620821463,6.060410852244264,Low,Average
3474,6.598086078228567,6.7397721794310215,Medium,Good
3475,8.646430586353736,4.3205112191344694,High,Average
3476,7.978642369841198,4.2122597377155975,Medium,Good
3477,5.188548100026097,5.177905583745089,Medium,Average
3478,6.365224124560768,4.487120858767684,Low,Average
3479,8.901661805449057,5.089258841713149,Medium,Good
3480,5.400195674373762,7.069496383232417,Medium,Average
3481,8.20816828909242,3.4955568474018186,Medium,Good
3482,6.911288926956805,6.983461321419306,Medium,Good
3483,5.380755949737649,6.0180457127849785,Medium,Average
3484,7.658626551866036,5.45756087587295,Medium,Average
3485,8.605331154184894,5.39927183688155,Low,Average
3486,7.19629530329098,5.702475270320435,Medium,Average
3487,7.253305508557347,6.930631038060272,Low,Poor
3488,5.667599171993647,2.7968207181476274,High,Good
3489,6.081658012429301,3.743858387384895,Low,Good
3490,8.321854273647935,7.657236896845861,High,Average
3491,6.093473296807544,2.7409638000080765,High,Average
3492,5.945312594780397,5.707175194453707,Medium,Good
3493,7.871480827086156,3.8694705779503895,Medium,Good
3494,6.538752150509375,4.755345802802743,Medium,Average
3495,4.891887431237725,7.588825140516747,Medium,Average
3496,7.268744871028898,6.466322736379123,High,Average
3497,8.816712685709552,3.265996158836222,Medium,Poor
3498,6.020093504734887,3.210342668099299,Medium,Good
3499,7.446255205304528,4.612614272068216,Medium,Average
3500,4.706177186364056,3.7142899920745376,Low,Average
3501,7.734828937625289,4.569454910287847,Medium,Good
3502,7.024188114620922,4.220070485049358,Low,Average
3503,4.786939155125314,5.608064044723297,Medium,Average
3504,10.044374458624837,3.4121554652108306,Medium,Good
3505,7.535998241751646,7.163777297477596,High,Good
3506,6.545094618576006,6.7171754342865935,Medium,Average
3507,6.846841806699402,2.9816088679384007,Medium,Average
3508,9.47369214035192,4.705199145915712,Medium,Poor
3509,4.883285059315963,6.110996308188771,Low,Good
3510,6.233618808361629,2.7551896827305296,Medium,Good
3511,6.91281018898451,4.532015836151774,Medium,Average
3512,7.5575539586566025,6.327791672952269,Medium,Average
3513,8.899520835540805,5.654711148707205,Medium,Average
3514,8.01579965416217,3.503202722072679,Medium,Poor
3515,6.0823952324658555,4.902587882705827,Medium,Average
3516,6.664423463547859,3.4967203041676074,Medium,Good
3517,7.90370209913812,5.665285021363266,Low,Good
3518,6.555832919832447,5.442418205128742,High,Average
3519,5.328554783042069,2.3098985308816036,Low,Average
3520,8.111348570189952,2.048171528419268,Medium,Good
3521,6.401268844216631,4.983422073723446,Medium,Average
3522,7.045401964881301,5.962127119778419,Medium,Average
3523,5.100911192452173,8.869916479398503,Medium,Good
3524,5.547572769687491,5.677777426201382,Medium,Average
3525,8.073774694057956,4.91962842088517,Medium,Average
3526,6.194303850925144,5.586664918769321,Medium,Average
3527,7.244468848344394,6.074041121078068,High,Good
3528,6.747692532666004,4.189186482696446,Medium,Average
3529,7.696354724479663,4.258454732364956,High,Average
3530,6.1065754064942315,5.7139522559809,Medium,Average
3531,6.045642126524362,5.536404587464023,Medium,Good
3532,6.804669080980788,4.0708031694819145,Medium,Good
3533,9.518749171083094,2.0816685373984436,Medium,Poor
3534,7.186661882230365,4.147678358663045,Medium,Average
3535,6.117284528848018,2.6941316041649954,Medium,Average
3536,7.161762923629179,5.463625544698282,Medium,Good
3537,6.475179445532188,3.999700973165717,High,Average
3538,6.270697371502581,6.132339175714103,High,Good
3539,8.011795306701122,4.62440999453024,Low,Good
3540,8.434362881032335,3.467353990708541,High,Average
3541,7.5457373323734345,6.298492452447331,Medium,Good
3542,6.935488467202343,7.21564196549876,Medium,Average
3543,7.650135089671795,4.971935589093339,Low,Poor
3544,8.536566225569828,6.38780376755716,High,Good
3545,6.302237141662105,7.4221311654795175,High,Average
3546,6.891811223485951,3.2409193631507303,Medium,Average
3547,7.058526931810281,4.601082094806437,Medium,Average
3548,9.064100585719093,4.214623579001321,Medium,Good
3549,9.48182258283598,6.5164161135664695,High,Average
3550,7.6849773828242425,3.6517335195362337,Low,Average
3551,7.462303396184397,4.960682862998946,Medium,Average
3552,9.311087363280574,6.067146807463628,Medium,Good
3553,6.710863353798714,4.337493507669268,Medium,Good
3554,8.467247060607749,6.058252550794344,Low,Good
3555,6.862873471838638,3.0617227005867824,Medium,Average
3556,6.371281890546155,5.060870932679154,Medium,Average
3557,9.718138706824222,5.928921698830025,Low,Average
3558,7.039952967064312,4.407481018759378,Low,Good
3559,4.870306755870196,4.394444413527372,Medium,Good
3560,9.925576165982003,6.310109843636956,Medium,Average
3561,6.820295779490382,4.396100457276061,Low,Average
3562,6.97898073562371,5.6216385647874025,Medium,Good
3563,6.212574340939786,5.325622878115948,Medium,Good
3564,8.207229298696923,4.6213297362453405,Medium,Good
3565,7.562720034721394,5.25486699477204,High,Good
3566,5.054382422029973,6.04243293180082,High,Good
3567,5.205360870564918,5.107239494815632,Medium,Average
3568,5.957353637539359,6.328438844554654,Medium,Good
3569,5.718086769666195,8.589248936934247,Medium,Average
3570,7.297004985344244,2.8879634107489416,Medium,Average
3571,6.498452095340093,4.238362330957013,Medium,Average
3572,6.987718533354136,4.6196352286369144,Low,Average
3573,4.6517542304021475,5.923306896343838,High,Average
3574,6.72314520920139,1.979090141939571,Medium,Average
3575,5.199958226897568,5.049115352641907,High,Good
3576,6.999729122750334,3.2754026284645845,Medium,Average
3577,8.227454277323229,6.406328053975308,Medium,Average
3578,7.44717021795243,5.855025372418458,Medium,Average
3579,5.743639787111942,2.948300570107158,Medium,Average
3580,7.141081619430999,4.9510122868675674,Medium,Good
3581,4.75429411404744,4.475036293413639,Medium,Average
3582,6.200950995698114,4.477298109776003,High,Average
3583,8.227782412762563,4.643480645744789,Medium,Good
3584,7.122274542930084,6.189624596607731,High,Good
3585,8.178541148936553,6.473317022261966,Low,Good
3586,8.19500116931998,8.92660043528036,High,Good
3587,5.880214780192485,5.735735388826099,Medium,Average
3588,6.915120855815652,5.845363982396748,Medium,Average
3589,8.008805882767339,2.7622868155432143,Low,Average
3590,5.579542345199086,6.890549469533619,Medium,Good
3591,7.900683233051884,3.233174735033277,Medium,Average
3592,8.205752453257281,4.401480842839266,Medium,Average
3593,8.11404058148408,2.608247062051582,Medium,Average
3594,6.798967173262414,4.906353676214477,Low,Average
3595,5.970380107712785,3.9386888915866693,Low,Good
3596,5.52511900509243,6.317438945286893,High,Good
3597,6.678213680003241,6.28672308575279,Low,Good
3598,6.195791032778756,5.339461539768663,Medium,Average
3599,6.782418506241089,6.086258223476288,High,Good
3600,7.865679033440362,3.8290205512272424,High,Good
3601,9.199389892674647,6.905396043407627,Medium,Good
3602,6.6602707184723515,7.266725608269152,Medium,Poor
3603,5.6916893183719415,8.238127855440858,Medium,Good
3604,7.864968670899252,3.7209535197113714,Low,Average
3605,6.321832733196308,3.3258613931352166,Medium,Good
3606,8.094449662756851,5.06067257548488,Medium,Average
3607,8.805684921601854,6.28420163522474,Medium,Average
3608,5.763408898560561,6.453211020834753,Medium,Good
3609,7.3742975618236075,4.784111086346327,Medium,Poor
3610,7.028394842047041,8.303039409812055,Low,Average
3611,6.4742127408071575,4.539307340145824,High,Average
3612,6.093601492380331,5.237518911717033,Medium,Good
3613,6.103894909754412,4.203169756725997,Medium,Good
3614,5.482029555348911,4.438165582197663,Low,Good
3615,6.820575604326047,4.754175403366011,Medium,Poor
3616,8.009615791756936,4.3623955233877,High,Average
3617,6.093438023912425,5.885793180053993,Low,Average
3618,5.789228188822595,3.864283588653647,Medium,Average
3619,5.060214363837369,4.130855396525308,Medium,Average
3620,7.808989624250734,6.607119468555223,Low,Average
3621,5.516772820044225,5.69269019340144,Medium,Good
3622,5.332700661524885,5.096698468361071,Medium,Average
3623,5.283217748549485,2.007173487484832,High,Average
3624,7.81460973803663,3.960451090403851,Medium,Good
3625,6.901284870916091,3.2439724589569265,Low,Good
3626,6.022259631836026,3.356801825124414,Medium,Average
3627,6.658250812679976,6.553835762590273,High,Good
3628,6.234463305177146,6.543207315814568,Low,Good
3629,7.54271732047052,6.375173091971947,Medium,Good
3630,4.949483433695647,6.868017411571251,Medium,Good
3631,7.4060556958607835,5.8578644581046175,Medium,Good
3632,7.518603884954145,4.781221269477636,High,Average
3633,7.090145041762753,6.400554807071529,Medium,Good
3634,5.190784158293166,4.113256807271218,Low,Good
3635,5.5250588041325726,5.834829647610792,Medium,Average
3636,8.060852116837033,4.903497190160839,Low,Good
3637,6.628267538186144,6.817097563514373,High,Average
3638,5.088663572884654,4.830849518446452,High,Average
3639,8.98426296910317,6.371856034298554,Medium,Poor
3640,7.121351389857662,2.488812204130678,Medium,Good
3641,8.152916740721402,7.214080212004572,Medium,Average
3642,8.09949323187216,2.0375333230328767,Medium,Good
3643,7.370423671378937,5.207507839000906,Medium,Good
3644,7.009329527028699,3.4782286947235868,Medium,Average
3645,6.7636759537408935,5.922628533010615,Low,Average
3646,6.302131889794966,5.916634800668701,Medium,Good
3647,7.820940875122669,3.7015959334619044,Medium,Average
3648,5.087202371986345,6.868913643191712,Low,Average
3649,6.514056997637687,6.5035417242571345,Low,Average
3650,3.9281098499142364,1.8262670250246749,Medium,Average
3651,7.034197935842129,6.32206658004405,Medium,Average
3652,6.695453210196665,2.6151743834145256,High,Poor
3653,7.27101348365976,6.552522075221092,Medium,Good
3654,5.736903817081844,8.339850267423682,Medium,Poor
3655,7.594094825108077,5.52681303235638,Medium,Good
3656,5.90621631981599,3.5015154532560047,Medium,Average
3657,7.181148327106939,6.458631200323074,Low,Poor
3658,6.9417159879846775,3.5249098609473415,Medium,Good
3659,7.366272240548202,2.0579626848696773,Low,Average
3660,5.68247156308382,3.6664419830544395,Medium,Good
3661,4.710644985982189,5.433400373308278,High,Good
3662,6.164055928668334,6.505506766078534,Medium,Good
3663,8.93297688651578,8.4539344189707,Low,Average
3664,7.859463835027502,5.744749291704377,Medium,Good
3665,7.689417282164593,8.107199231465007,Medium,Average
3666,7.246006160116812,6.021685294033895,Medium,Average
3667,10.438899302419127,5.38132884927282,Medium,Good
3668,6.5286063539314565,4.722505274577032,Low,Average
3669,7.132371048036335,6.890277255234881,Low,Average
3670,6.220878547190366,4.201106464865671,Medium,Average
3671,8.42458346101342,4.9529899558357435,Low,Good
3672,8.508419290128785,2.6976837013462127,Medium,Good
3673,6.1520106616057,5.941442950985607,High,Average
3674,6.933094961547963,4.815305697410285,Medium,Poor
3675,6.014451014358633,5.2699450265232635,Medium,Poor
3676,7.230672022881216,3.7128979797505623,High,Good
3677,7.677371017165316,4.755460374290381,High,Average
3678,5.60723735568201,2.4113786817892393,Low,Good
3679,6.185493867784557,5.6036446979549615,Medium,Good
3680,7.896264182308752,5.2860283801093875,Medium,Good
3681,4.297655331501435,6.6566416998483415,Medium,Average
3682,6.04435137623147,7.161289382983039,Medium,Good
3683,8.706368001960715,5.348268962491242,Medium,Good
3684,7.98418968315084,7.139141473161569,Medium,Average
3685,5.622161169060115,3.810922760580537,Low,Good
3686,7.125345455485944,6.266240540311877,Medium,Good
3687,7.375160397366737,6.638131245476964,Medium,Average
3688,7.28967886801118,3.1221609860081694,Medium,Poor
3689,5.892682475862143,2.934152991638318,Medium,Good
3690,5.68054368095076,3.5311839414592026,Low,Average
3691,6.44754573675708,3.443517070114303,Low,Average
3692,6.692348045734393,6.66683290655525,Medium,Average
3693,5.14595773927166,6.529995438244718,Medium,Average
3694,8.382396514393628,7.62759636271977,Medium,Good
3695,8.3163772850372,4.856163318825929,Low,Good
3696,7.224353696740014,3.3422345350044025,Medium,Average
3697,8.358301077020498,3.903595663233099,Medium,Good
3698,7.79298504327358,3.3412189759871636,Low,Average
3699,8.41572706377372,4.585934103085142,High,Good
3700,8.711837816072265,6.9589018825178695,Medium,Good
3701,6.801741691903364,3.813122751619855,Medium,Poor
3702,6.92916077393448,4.335811275475951,High,Average
3703,6.932315237859896,6.781422340723962,High,Average
3704,6.36846361150458,7.592212166178163,Medium,Good
3705,6.086730571964596,6.18444328526389,Medium,Average
3706,7.530934294932725,5.044711485835454,Medium,Poor
3707,7.240909590862842,3.8965677814142055,Medium,Good
3708,6.375721124976319,8.377532015702409,High,Good
3709,9.20011517655773,3.7418351658663926,Low,Good
3710,7.974455854427775,2.368264579182086,Low,Average
3711,6.21147269957625,5.29711386959125,Medium,Average
3712,6.932657561186465,4.209413569299803,Medium,Average
3713,8.15488677570672,3.873719375116417,Medium,Average
3714,6.927354519598222,4.62445000897025,Medium,Average
3715,9.290832430824924,5.548954173408164,Medium,Good
3716,6.337802148259125,4.826875446851906,Medium,Good
3717,4.605783231743812,6.166310678264399,Low,Good
3718,4.576545148225684,1.9618479026615776,High,Average
3719,9.267763730067177,3.5134499105683874,Medium,Good
3720,8.177947343251368,4.990290641937738,Medium,Average
3721,7.413573252988656,6.019782590713707,Low,Average
3722,8.675131260729417,5.107741942912956,Medium,Average
3723,5.648447180481972,3.1539788574987377,High,Average
3724,4.74618370472381,3.8045291761002593,Medium,Poor
3725,6.480546693481394,5.947485765763397,Medium,Good
3726,7.332305864526326,2.921094963362651,High,Average
3727,5.749698471478121,6.76979830003169,Medium,Poor
3728,4.0073278939631205,5.761097168503471,Medium,Good
3729,7.649243522528391,3.1708150413556258,High,Average
3730,3.9666800143518564,3.033779286259489,Medium,Good
3731,6.888133000040063,4.707142041414131,Medium,Good
3732,9.174095395507987,3.293594688755859,High,Good
3733,5.9033503730162105,7.303248788195374,Medium,Good
3734,5.0349756063200335,5.193971513607428,Medium,Poor
3735,8.707256742237087,1.3686378648592035,Medium,Average
3736,6.823392715776542,5.660874906757613,High,Good
3737,8.77507701122374,4.374626188719616,Medium,Good
3738,8.418740680160223,2.404832704124376,High,Good
3739,6.382926889366189,7.243233233393541,Medium,Good
3740,8.333227178686029,4.542289851743905,Medium,Average
3741,6.153052871390067,5.081984371368373,High,Average
3742,9.560731445220362,4.689548821279264,Medium,Good
3743,4.779528230171495,4.998194550333726,Low,Average
3744,4.709720282353085,5.686701167547936,Medium,Good
3745,6.388746724789707,4.728881513013014,Low,Average
3746,6.231870681624567,3.026811531975567,High,Good
3747,7.052399050268071,5.111715857391985,Medium,Average
3748,7.023369015567157,5.4006121418513,Medium,Poor
3749,7.350483322464958,2.7427522489592437,Medium,Average
3750,8.510796891230639,7.857012993325391,Medium,Average
3751,6.995103378245334,6.6557653996339265,High,Average
3752,6.396137712152417,4.821667747035703,Medium,Good
3753,4.632754426202821,3.879463141007202,Low,Average
3754,6.928350590754845,6.42088353990609,Medium,Good
3755,6.5812965816500295,2.915227881412817,High,Good
3756,8.001402488981826,6.6963264504168105,Medium,Good
3757,7.010714290534801,5.11862883936475,Medium,Good
3758,5.931153511268724,5.100597877915034,Medium,Average
3759,8.42669594001313,6.4267276070377335,Medium,Average
3760,8.654991915178138,2.7196336363246485,Low,Good
3761,6.753002583846244,7.866912916037133,Medium,Good
3762,9.157965788397462,4.278859197679159,High,Average
3763,6.854700944603025,6.2249046750201735,Medium,Good
3764,9.296267181801907,5.6715862525780905,Medium,Average
3765,6.635967665377803,2.9690165163800004,Medium,Poor
3766,6.921806918148433,7.466474667582331,Medium,Good
3767,5.841675510831418,5.081021186133266,Medium,Average
3768,7.989195279125141,4.650680982766797,Medium,Average
3769,7.27310136092718,4.339718525383022,High,Average
3770,8.049069192035084,5.782677166790599,Medium,Good
3771,6.534395500840332,3.126976723864649,Low,Average
3772,8.69271126150955,6.79875989321218,Medium,Good
3773,5.845780653536586,4.287477514333422,High,Good
3774,7.592733625211829,5.606999636646215,Low,Poor
3775,6.591249813163418,1.0,Medium,Average
3776,5.948565849050143,7.6078107765902985,Medium,Good
3777,6.658383414063099,4.048713777189006,Medium,Good
3778,8.350099190399915,6.3784617798300145,Medium,Good
3779,7.627057960191834,6.243882600474482,Medium,Good
3780,7.195816656190106,4.276063843362551,Medium,Good
3781,7.207986547852013,4.531016318327112,Medium,Average
3782,7.668454859620504,1.4050186292364018,Medium,Average
3783,8.263637625143103,3.935653769322684,Medium,Good
3784,7.3956333418309335,4.564617414753898,Medium,Average
3785,6.819448668246009,3.4768965911682397,High,Average
3786,6.000971028300162,5.981326792310776,Low,Good
3787,5.5486918820031965,5.616075608261107,Medium,Average
3788,8.626233081591408,4.230114332144449,High,Good
3789,6.3406783062915615,7.785301066578937,Low,Good
3790,5.717099193381281,5.673914561417591,Low,Average
3791,7.7072426285181965,8.082285948149806,Medium,Average
3792,8.996710106530251,2.753457295487963,Low,Poor
3793,6.3254537255485,6.244129111264641,Low,Good
3794,8.524737475989767,6.830109146956689,High,Average
3795,6.944693689750562,3.847644314544594,Low,Average
3796,7.736113864935603,1.2291753554179086,Medium,Good
3797,6.419760477912761,2.4875813231269692,High,Good
3798,7.988504156760757,4.2583592068578895,Medium,Average
3799,8.983278596909516,6.062375968273343,Low,Average
3800,8.0181439305737,7.8893020599011665,Medium,Average
3801,4.762695256527364,4.443385233049461,Medium,Good
3802,8.039107987733201,4.689146442073837,High,Average
3803,5.826486445927156,4.618025212038973,Medium,Good
3804,5.599723573423187,6.234122770568788,Medium,Average
3805,7.107153989207113,5.395832917014384,Medium,Average
3806,5.630733741064544,6.582283240683806,Medium,Good
3807,8.80022655313551,5.015232513448183,Low,Average
3808,7.847823609390087,5.944953080305967,Medium,Average
3809,7.0472524231233065,2.9965456350067328,High,Poor
3810,5.085339138648292,7.528022144021079,Medium,Average
3811,7.032851572082051,3.4730647021084033,Medium,Good
3812,7.598568696735406,4.107229188641694,Medium,Poor
3813,8.81425271322068,7.959297653500926,High,Good
3814,4.891686641551321,6.0896758130750905,Medium,Poor
3815,7.429268524426175,5.7587362327224305,Medium,Average
3816,8.197259123378732,5.309023055747983,Medium,Average
3817,6.446842921261446,6.6705882019786165,Low,Average
3818,7.52497528192376,4.908758178375322,Medium,Good
3819,6.898852893244937,4.716801497472585,Medium,Good
3820,6.238445580525196,5.374175758088519,Medium,Average
3821,7.619200511142451,4.461288947529367,Medium,Average
3822,4.754644372228705,2.751133220124068,Medium,Average
3823,9.005463735392429,1.534311789971758,Medium,Good
3824,6.650375503577346,7.0294527999579515,High,Average
3825,5.80356644559868,5.145912479215061,Medium,Average
3826,6.911216668334442,2.494003680833715,Medium,Average
3827,6.060192016427892,3.973191124663579,Low,Average
3828,5.807068999862291,3.2009154645986095,Medium,Good
3829,7.659105359501347,6.782818707616648,Medium,Good
3830,8.619836014582814,5.802465052638669,Medium,Average
3831,6.251530776921646,4.664048042858863,Medium,Good
3832,5.626213884558595,2.0101189669794213,High,Average
3833,6.671118531560549,5.179641359543468,Low,Average
3834,8.954962393060704,2.935418889981616,Medium,Average
3835,7.473995693186939,5.705181637972507,Medium,Average
3836,6.804273811148611,6.449060428834885,Low,Good
3837,6.472211443290423,4.7317998652348,Medium,Good
3838,6.5742462770546615,4.733381391494891,Medium,Average
3839,6.427067546397516,6.150396643977141,Low,Average
3840,5.970484906909741,3.9935643587600973,Medium,Good
3841,8.400917050227646,4.070866636529726,Low,Poor
3842,6.162185387621327,4.986003638734127,Medium,Good
3843,7.517562280674532,3.620201815418791,Medium,Average
3844,7.271803888141656,3.266662100889961,Medium,Average
3845,10.18697939461531,2.958609791854888,Low,Average
3846,7.4069052600520005,4.308656989857413,Medium,Average
3847,6.864004040809106,2.5363695806424653,High,Poor
3848,5.9269978613607925,4.134435942849414,Medium,Good
3849,7.706183316393883,5.654830823371528,Low,Average
3850,7.134680013861424,2.6452484832724283,Medium,Poor
3851,5.8534337598713195,1.6563348829491198,Medium,Average
3852,8.091875961455804,5.769481196052765,Medium,Good
3853,6.470705820367385,3.6463331195862003,High,Poor
3854,8.366800091304425,4.845228902752162,High,Good
3855,6.384440121489495,2.852413751867683,Low,Good
3856,8.573674628909538,5.1308250961123125,High,Average
3857,7.656630134172532,4.029955742083325,High,Poor
3858,8.14535554233325,4.9824933225341885,Medium,Poor
3859,6.84301546749583,2.837323016155614,Medium,Good
3860,8.576582556592646,4.615443936350571,Low,Good
3861,7.516243221985694,4.585504683131018,Low,Good
3862,6.177582641938765,4.787536573364997,Medium,Average
3863,8.094184796550788,7.763576698092435,Medium,Average
3864,4.327378108748826,6.987513827041575,Medium,Average
3865,7.131376276195699,6.141190886035777,Medium,Average
3866,7.310771981004995,3.3409321055549963,Low,Average
3867,8.536868245318912,4.8709612206646815,Medium,Average
3868,8.046047356624918,4.92072574582851,Medium,Good
3869,6.580117607224584,5.611418659310268,Low,Average
3870,8.970094082557823,3.4945873746195337,Medium,Average
3871,5.076174074118253,5.918169796307529,Medium,Poor
3872,3.626061935011266,7.172215114098323,Medium,Good
3873,9.012328720844051,2.999302796372369,Medium,Average
3874,4.589219833482996,7.038305855229013,Medium,Good
3875,5.47395721602088,3.6676169711890974,Low,Average
3876,8.836357250986199,4.941514053823844,Medium,Good
3877,7.836325742411477,5.805902838832735,Medium,Good
3878,6.535817438644539,7.0870655925541275,Medium,Good
3879,7.280020364769298,5.982418566473763,Medium,Average
3880,7.033829633563709,4.409787555505514,Medium,Average
3881,8.333518032091614,4.475237018565627,Medium,Good
3882,6.871260514986121,7.108289773173432,Medium,Average
3883,5.1343935373634615,3.71935958002895,Low,Average
3884,7.041093102677128,6.859576852767397,Medium,Average
3885,7.500336466660886,2.0853831129850793,Medium,Good
3886,5.312654571505435,3.182235018203664,High,Good
3887,7.578409819973669,3.668265243856778,Medium,Average
3888,7.481093617419745,6.380191700772212,Medium,Poor
3889,5.874650021865407,6.88911325365141,High,Poor
3890,8.533169733272013,5.180222600207624,Medium,Good
3891,7.282679919828442,6.331384230102689,Low,Average
3892,7.390728198553975,3.9746885005593446,High,Good
3893,7.120351167900825,3.693613993244039,Medium,Average
3894,6.748439722202363,3.5503912595016494,Medium,Average
3895,7.841744460130548,4.765698272230006,Medium,Good
3896,7.013772634157236,4.98890938899437,Low,Average
3897,6.654008304337163,7.221422343575913,High,Average
3898,8.241087222255512,2.0947214212250884,Medium,Average
3899,5.975389394846102,4.390307966462849,Medium,Average
3900,6.452107168406529,7.270451514474223,High,Average
3901,5.311899335106277,1.940113105085897,High,Good
3902,8.692982684153675,8.104763216413172,High,Average
3903,6.2940109357289895,4.125824788817966,Low,Good
3904,6.433249421759727,7.156652438442597,Medium,Average
3905,7.376564806993745,5.7569849537574775,Medium,Average
3906,7.01187011029212,1.4846043096596913,Low,Good
3907,4.651360661113278,4.912944294919429,Low,Average
3908,5.578207162789942,5.066778139865666,Low,Average
3909,6.294784648566901,5.328585091703907,Medium,Average
3910,6.682452111841615,5.6350453214504626,Medium,Average
3911,6.350675082372721,3.7336754403279704,Medium,Average
3912,8.413648661506684,7.346300371776262,Medium,Poor
3913,5.335370004894671,5.601275814637921,Low,Average
3914,5.974510133108046,5.857943081163555,Medium,Good
3915,7.346541803506158,3.8548642437570724,Medium,Poor
3916,7.677564705779327,3.0245726102511394,High,Good
3917,7.3384296124445125,3.431668986571701,Low,Average
3918,5.545472827127169,3.2997213211792906,Medium,Good
3919,7.954003095288148,6.53175475331116,Medium,Average
3920,6.350635722011987,5.848626865877612,Medium,Good
3921,7.374349008474557,5.81029258327222,High,Good
3922,7.191483413472024,6.213497767615915,Medium,Good
3923,7.29678712012459,3.5342197121587478,Low,Average
3924,5.545267808991398,5.709362153628975,Medium,Average
3925,7.448867380545802,4.518286147491697,Low,Average
3926,6.07920733364084,2.69308481791966,Medium,Average
3927,6.582012885330773,6.633727643182102,Medium,Average
3928,8.634509480190989,4.974177869497038,Low,Average
3929,6.720972684890283,8.70577703384932,High,Poor
3930,7.063449476221821,4.086845955670382,High,Average
3931,6.9502969576344,4.284749315662601,Medium,Good
3932,6.536770165962267,4.388040324182642,Medium,Good
3933,8.514148099328061,3.3422694169007863,Medium,Good
3934,7.2979724055881166,3.823957609818982,Medium,Average
3935,8.10431767235383,3.8186854037530575,Low,Good
3936,8.841702901645668,5.503953139933163,High,Average
3937,5.796876388351795,3.6165535964153213,High,Average
3938,6.817547254560993,5.908919262229834,Medium,Good
3939,5.09228879908418,4.866892475963157,Low,Good
3940,5.413242928584798,4.694647636032495,Low,Average
3941,8.903391398547003,3.9264693769612156,Medium,Good
3942,5.890672783763883,5.875545506521729,Medium,Good
3943,6.357695814446771,4.041460352740561,Low,Average
3944,9.12242473887833,3.3728927418083305,Medium,Average
3945,6.986401909921734,3.782397241099604,Medium,Poor
3946,6.698844047424393,4.889686317703211,High,Average
3947,6.118772312659233,4.924878187401935,High,Good
3948,6.713177116224356,3.395681078779367,Medium,Average
3949,7.2709155493445765,4.766272732727036,Medium,Poor
3950,6.564622926902004,3.416645719800808,Medium,Good
3951,7.680124982709802,2.7475173642356725,High,Good
3952,7.201547430730053,8.011489109133997,Medium,Average
3953,7.216463606395115,4.407556263451243,Low,Good
3954,7.616339882425663,3.6284768069222118,Low,Average
3955,8.884854778118424,3.4732197991438305,Medium,Good
3956,8.693950547024462,5.44355044164854,High,Average
3957,7.1723870846366875,4.881588656874471,High,Good
3958,5.799162090739621,4.722993347137278,High,Average
3959,6.778027001693057,3.168139020801355,Medium,Average
3960,6.5569408124134565,4.999283411232775,Medium,Good
3961,4.9355110133657725,6.977203798223908,Medium,Average
3962,5.6280490607695945,4.566355803349477,High,Average
3963,5.261851365032893,2.8260154080129287,High,Good
3964,8.848809566392971,7.314993320428137,Medium,Average
3965,5.630159527739343,3.904323137508923,Medium,Good
3966,8.781130548616428,4.44727924275592,High,Good
3967,9.58243288624572,3.252413694561476,Medium,Average
3968,6.2946898816066295,5.7666925439144245,Medium,Good
3969,7.6138976329495005,6.613359840394214,Medium,Good
3970,8.990132942418908,5.120523433665735,Medium,Good
3971,7.446291697510232,3.460311196536248,High,Good
3972,5.60511351576073,4.126524260333755,Low,Good
3973,7.049062987915844,6.894252758032021,Medium,Good
3974,7.11104967746555,7.2847398234499074,Low,Average
3975,7.569740320362083,5.989425208900262,Medium,Good
3976,8.604432486843072,4.390539596123567,Medium,Good
3977,6.444840050536891,5.688807837937222,Medium,Good
3978,9.451123867025135,6.264310659078202,Low,Average
3979,8.134192338652287,5.6157481396238005,Low,Poor
3980,7.3881432136882506,5.289429676226205,High,Average
3981,9.765195568615336,7.00832582393912,High,Good
3982,4.541653011553258,1.4730992207786597,Medium,Good
3983,5.896629668569714,4.371360989270919,Medium,Poor
3984,7.528441660383851,6.1181102774179985,Medium,Good
3985,7.48894505555079,1.0113039803443682,High,Average
3986,5.801106709957361,4.925041123906044,High,Average
3987,7.2018886976535486,4.2419146237259,Medium,Average
3988,6.686335066444759,6.484718608019116,High,Average
3989,4.031503152330924,2.093062993354148,High,Average
3990,8.36004089536217,5.036863554078369,Medium,Good
3991,6.6889715719579,4.906917010808672,Low,Average
3992,8.664826170604957,3.863864740954058,Medium,Good
3993,6.978515211007112,3.179619392874838,Medium,Poor
3994,6.3870550374886115,5.233312811739745,Medium,Good
3995,5.816636744108337,3.4266461910035124,Medium,Average
3996,6.247738695937999,5.611517378545162,Medium,Good
3997,7.278097690423727,4.088848617511229,Medium,Good
3998,7.627966045146746,4.85211126297391,Medium,Average
3999,7.922061833286156,6.023161446303144,Medium,Poor
4000,7.626018495218327,4.886053622639048,Low,Good
4001,7.331597895921916,4.096468242337818,High,Good
4002,6.900268393330494,3.0708742420661665,Medium,Average
4003,6.632823275289507,3.4808128203094646,Low,Good
4004,6.92360326714449,3.6435215168805426,Medium,Average
4005,6.165909921072246,7.648896140175754,Medium,Good
4006,5.778060504308577,5.3333239190400965,Low,Average
4007,7.9967143103928855,6.829411894681534,Low,Good
4008,5.80469577126457,3.822499455555824,Medium,Good
4009,5.7798664623000695,5.483551651384776,High,Average
4010,7.807421761414091,8.252203319760504,Medium,Good
4011,9.461029716566085,6.354320206503356,Medium,Average
4012,7.133159893321561,4.20343812596995,Medium,Average
4013,6.087709432996332,6.75024836502191,Low,Average
4014,6.1107952577692535,4.5581080630094215,Medium,Poor
4015,5.894096093235424,7.078209481648465,Medium,Poor
4016,8.171067023013341,2.108876221995057,High,Good
4017,7.765332033429935,5.190322492509777,Medium,Poor
4018,6.106263302156545,4.375214987794939,Medium,Average
4019,6.697570248664613,5.272254190911274,Medium,Average
4020,6.900189222437509,6.576898167139365,Low,Average
4021,8.746320471468502,6.60407564213911,Medium,Good
4022,8.276629582141476,4.7933725574145996,High,Poor
4023,7.156118567274104,3.0699425380880023,High,Good
4024,5.889342523648573,4.603542477423906,Medium,Average
4025,9.487770268165836,6.515785470248034,Medium,Good
4026,6.25067547303081,5.747074696077714,Medium,Good
4027,7.181176152353911,7.753404857827755,High,Good
4028,5.741698026580099,4.733013269678392,Medium,Good
4029,6.6571768668799525,4.160422079603961,Low,Average
4030,6.301367559074806,5.10420251517767,High,Good
4031,7.305007337846818,5.91757641403384,Low,Poor
4032,9.510831798264057,4.140818657248235,Medium,Good
4033,7.64231339398562,5.273817984263406,High,Poor
4034,7.162179475215435,2.6995235252633725,Medium,Good
4035,8.065647719446371,7.300972160220909,Low,Average
4036,8.129933095975742,4.590496478494324,Medium,Average
4037,6.534317576994111,3.91475056777894,Low,Good
4038,8.486400792036912,4.136288392600011,Low,Average
4039,6.140025478336808,3.4453968723442085,High,Average
4040,8.129754617189198,4.1676475588492545,High,Average
4041,8.683736745779221,6.493426621278092,Medium,Good
4042,5.137990759904587,5.923097300160401,Medium,Average
4043,6.706487498840764,4.213592430258156,Medium,Average
4044,6.574176540474124,6.826757502912579,Low,Average
4045,8.903294564325378,6.352917192170756,Medium,Average
4046,6.9742895571974675,5.41792226541515,Medium,Good
4047,7.061134054604593,6.103715866511413,Medium,Good
4048,8.200593533547794,4.249444113147737,Medium,Average
4049,7.744593250891445,4.537016499783508,High,Average
4050,6.907196582999558,2.846389858563343,High,Good
4051,5.572786296352341,6.786466472010863,Medium,Good
4052,6.766749730472234,5.913066404368657,Medium,Average
4053,7.423736041821055,6.136954710652036,Medium,Average
4054,8.836431642449309,7.406959774881608,High,Good
4055,8.427742949928232,4.146495913602703,Medium,Average
4056,5.572949507012952,3.0647612855721977,Medium,Average
4057,8.02123716097977,5.079390281848223,Medium,Average
4058,6.187233346216271,6.17818270646666,Medium,Poor
4059,6.149202728174087,5.919306178072878,High,Good
4060,5.071749151527829,4.437424424962677,Medium,Average
4061,7.219021427869594,3.0707655932875855,Low,Good
4062,3.830453140399382,5.144043103721203,Medium,Average
4063,6.475203078896054,5.001596139510063,Medium,Good
4064,5.087791904685929,4.277494161085371,High,Average
4065,6.059538989259629,6.544870602341978,Low,Average
4066,7.703063419200499,6.219899260780354,Medium,Average
4067,9.27520235976065,5.729346190952015,Medium,Average
4068,6.627992578477638,7.304610540870797,Medium,Good
4069,6.4698039845755,4.663940513490347,Low,Average
4070,6.0459621591339925,4.156588297715368,Medium,Average
4071,8.517646077578792,5.7699326018407,Medium,Average
4072,6.751251526855438,5.443054852559363,Medium,Average
4073,10.386023981511192,4.156501871903423,Medium,Average
4074,5.192739258561942,5.150435090257739,High,Good
4075,5.506021466586401,5.462314206576781,High,Average
4076,7.253139525296446,4.492360915660571,High,Average
4077,7.823032280098833,4.00187855742964,Low,Good
4078,6.265125206788057,4.427180918162165,Medium,Poor
4079,8.223626698100034,5.704854576105858,Medium,Good
4080,7.178269713021954,4.340588801227799,Medium,Average
4081,8.356413864067923,6.703987273609794,Medium,Average
4082,6.422914796223665,4.54933029465113,Medium,Good
4083,5.723051836050601,5.607198308933378,High,Good
4084,6.109874942710132,6.267667440811058,Medium,Average
4085,8.765849552830536,5.932628786589152,High,Average
4086,6.984900615207753,4.521634944399476,Medium,Average
4087,9.263385330461489,6.037355118355844,High,Poor
4088,6.600856853943863,5.25466985666813,High,Average
4089,7.872490841086838,3.3290460138319062,Low,Average
4090,6.352955346754007,9.52210082855365,High,Average
4091,7.6895189062297655,6.187043053110036,Medium,Average
4092,5.1628163823125535,4.8078511633028,Medium,Good
4093,4.9812422489371,4.0202814528382795,Medium,Average
4094,5.270394488463372,3.1202443517073455,Low,Good
4095,6.460971984098665,5.635049982695766,High,Average
4096,7.923797283182362,4.870855431618338,Medium,Average
4097,7.352750251023023,5.986022268487164,Low,Average
4098,4.3791053920324945,5.058722379940833,Low,Average
4099,6.662628752069362,1.9991021931113924,Medium,Good
4100,7.692172638895816,6.169198815620358,High,Good
4101,7.9654989184194624,4.170895695782962,Medium,Poor
4102,5.58668487365919,4.651346801705429,Medium,Average
4103,5.137444780967073,6.842222010691019,Medium,Good
4104,6.110509941172084,5.538523011865593,Low,Poor
4105,5.330158490319276,6.288775685740288,High,Good
4106,6.523015718362887,2.550065842823839,Low,Good
4107,6.942263982411431,5.064138100025121,Low,Good
4108,5.153659282482833,7.013739219287345,Medium,Average
4109,5.187322285958336,7.0107757392125905,Medium,Good
4110,6.088947112987442,5.526904238334285,High,Poor
4111,6.892494232959365,5.205059598470399,Medium,Average
4112,7.525828182225606,4.497177499411052,Medium,Average
4113,5.927131255962372,5.7764243295051685,Low,Average
4114,7.186472687618043,3.780696519083571,Medium,Good
4115,6.433062288295023,5.84235822883474,Low,Average
4116,6.589633344887375,4.072810590057771,Low,Average
4117,6.584593533510162,6.146687032462227,Medium,Good
4118,6.034906739272554,7.173193734378737,High,Good
4119,7.621604579988527,2.7682507263009635,Low,Poor
4120,8.16608658399308,4.46756995329719,Medium,Good
4121,8.236231056469236,6.953452042682454,High,Average
4122,7.0468835370661225,4.370835643753118,Low,Average
4123,6.673006357759117,3.759461490886297,Medium,Average
4124,8.020418703134807,6.0867842123968625,Medium,Good
4125,6.442408066687335,5.593332143409581,Medium,Average
4126,8.347516302524081,5.718413329542725,High,Average
4127,7.4382335547240945,5.536723146222499,Medium,Good
4128,7.931330201891903,5.7185247113542514,Medium,Average
4129,4.5848135433299655,2.659769576547971,Medium,Average
4130,6.362249426637513,7.241295415623499,Medium,Good
4131,6.012881911200045,3.5375282797476038,Medium,Average
4132,7.386387850788457,5.721886379660788,Medium,Good
4133,7.382138223667563,4.936552914595423,Low,Good
4134,8.602306280480018,6.103367303916372,Medium,Average
4135,5.507986035276405,2.7942277226928356,Low,Good
4136,6.525755801132993,2.915410123291646,Low,Good
4137,5.479845230338176,3.4918479335574117,Medium,Average
4138,7.222029835646502,2.7633218417641414,Medium,Average
4139,5.349461332050432,5.530817949297673,Low,Good
4140,7.453227483925313,3.4764942259160847,Medium,Good
4141,7.118358788787246,4.820878135445655,Medium,Good
4142,8.098281789217328,4.371455210139935,Medium,Poor
4143,7.450257891912834,5.037566886194922,Medium,Good
4144,8.417417306534915,7.763670870468019,Low,Poor
4145,7.053213098864775,5.504292253016466,Medium,Good
4146,7.852985652908192,6.200638001815026,Low,Average
4147,8.479763132855158,4.122262160502833,High,Good
4148,7.657943654969949,5.5485197516769516,Low,Poor
4149,3.9956780531963605,7.272848441800779,High,Good
4150,6.689341337289047,6.514510425358129,Medium,Good
4151,5.949095987333117,3.2958980479883007,High,Average
4152,6.267707300458431,4.778795074999311,Medium,Good
4153,7.721362055958806,4.507079821772165,High,Good
4154,7.530263333419759,4.00373593430354,Medium,Average
4155,6.067684186146954,6.143271935870452,Medium,Poor
4156,7.08661833933711,5.412290943146261,Medium,Good
4157,4.814794262146427,3.26601470085878,Medium,Good
4158,6.890834474435635,4.715426963503316,High,Average
4159,6.052444626276212,4.692754184834696,Medium,Good
4160,6.178903704488821,5.661718636848115,Low,Good
4161,5.430711221561691,3.2966839195709285,Medium,Good
4162,5.678381497231747,4.797022895511778,Medium,Average
4163,7.576861844010157,5.929703162787407,Medium,Poor
4164,7.180985286026304,6.463679353099593,Medium,Good
4165,4.813640416138224,6.31917063152242,Medium,Average
4166,7.298215617853839,4.690787790697463,Low,Average
4167,7.446006801429412,6.329894649346352,Medium,Poor
4168,5.335762734885124,5.940262208043915,Medium,Good
4169,9.849389578437872,4.784151148514461,High,Average
4170,8.490420368775517,5.30166502059211,Low,Average
4171,3.8300436303994965,5.142798926596194,Medium,Average
4172,6.836387738644504,6.676943930212887,Medium,Good
4173,8.941042273740248,4.041477490070318,High,Average
4174,7.117472697752007,4.411109423703778,Low,Good
4175,6.0479737195051495,6.714689332198528,Low,Average
4176,7.9914552729980946,2.176440650095971,Low,Good
4177,8.941277978101969,6.488864561658975,Medium,Good
4178,6.424952683248798,4.301644543709317,Low,Average
4179,7.101569346277324,3.798839556697766,High,Average
4180,8.639945804068807,3.6696393218050707,Medium,Average
4181,5.179255737114035,4.334605480356114,High,Average
4182,8.323385251721561,5.0492002477361195,High,Average
4183,8.005217357829773,3.3056462152703676,High,Poor
4184,7.102977602560734,3.336927865846013,Low,Poor
4185,7.118536787440386,5.211900763431466,Low,Average
4186,4.778554040751358,1.6521498248762039,Medium,Average
4187,5.901961220451062,6.568480628946869,Low,Average
4188,5.393868408919534,2.2427434063847036,Medium,Good
4189,6.985246646579151,5.201339175790639,Medium,Average
4190,5.324922787059638,7.49880282132124,Medium,Good
4191,5.658696511438983,3.3618478822764306,Medium,Good
4192,7.07238600737838,4.739283170644374,High,Good
4193,8.541489838964893,6.281709032168401,Low,Good
4194,6.67026209144631,2.090592485698048,Low,Good
4195,8.302585371941825,4.599866539876204,Low,Average
4196,5.922103239903764,3.5830333921002215,Low,Average
4197,8.676912581550338,4.164378322062419,Medium,Good
4198,9.153969785339442,4.557591363798034,Medium,Good
4199,7.8133868466667336,3.069469779808393,Medium,Average
4200,9.305564564204687,4.441664400809643,Medium,Good
4201,7.628698003547667,3.085332125704099,High,Poor
4202,6.64668657012942,8.993118858955132,Medium,Average
4203,8.486958808908405,3.7937015589458696,Medium,Good
4204,8.224675164259809,5.8248925663228714,Low,Poor
4205,6.223697672942164,4.926404388118347,Low,Average
4206,6.764880820170636,6.442153528824929,Medium,Average
4207,6.3313912939632155,3.9387483038821296,High,Good
4208,6.070961304020466,6.043620973050964,Medium,Average
4209,6.521425696693287,3.6764162980034008,Low,Good
4210,8.261816152029098,5.768225490456568,Medium,Good
4211,6.567209554760534,5.859411259812965,Medium,Poor
4212,8.019194570565725,5.92289058078412,Medium,Good
4213,7.008668669505301,2.6757365202283454,Low,Average
4214,9.749153342388013,4.780440893080639,Medium,Good
4215,8.222395517403804,4.6430498454998075,Medium,Good
4216,6.127542581109107,6.9279326292393435,Medium,Average
4217,6.413596213382405,4.805813108172172,Medium,Good
4218,6.086877613885326,5.650282885305015,Medium,Average
4219,6.517704278519679,2.4086820970070075,Low,Average
4220,6.528709881857331,5.132485096225311,Medium,Average
4221,6.813781395378997,4.112276193474108,High,Good
4222,7.675944019058129,5.998612022821171,Medium,Average
4223,8.409538848047127,7.610839358523534,Medium,Poor
4224,4.576129235203811,5.957789703404073,Low,Good
4225,6.7396237329480755,4.053645165964985,Low,Good
4226,6.693309552726707,4.0344146659006555,Medium,Average
4227,6.018135676852541,5.548594387780554,Medium,Average
4228,6.387348457034456,5.866313283967956,Medium,Good
4229,6.623495280096159,6.285329571366314,Medium,Average
4230,6.103619852252883,5.252340403807376,Medium,Average
4231,8.79251929967803,4.423248295521399,Medium,Good
4232,6.090523503670198,7.185569278261855,Medium,Good
4233,5.775521674241449,5.716694402025813,Medium,Good
4234,9.363872418420467,4.409323919549087,Medium,Poor
4235,10.189166879041125,5.934135737760597,High,Good
4236,6.824328331644842,3.7362426823946215,Medium,Good
4237,8.204458288711105,6.9190478282336665,Medium,Good
4238,7.1663629734610055,6.060889078807731,Low,Average
4239,6.814156344304321,6.116382357103949,Low,Average
4240,8.317373737153023,6.130241496208545,Medium,Average
4241,7.450631085930531,5.904363850337146,High,Good
4242,6.704767796849077,5.5877775877123215,Low,Poor
4243,7.429772673711813,3.983696446253712,High,Average
4244,8.193633355355978,6.3768410868677154,Low,Good
4245,7.840362924304005,4.946021323281194,Medium,Good
4246,7.791079577501548,3.789667697410861,Medium,Average
4247,6.538103874938141,4.244313668220451,Medium,Good
4248,8.381142878941576,7.524848423104354,Medium,Average
4249,6.949067644662317,3.8504320956193894,Medium,Poor
4250,8.2447442076067,2.998431386817195,Medium,Average
4251,8.787715183376664,4.16211356729638,Medium,Good
4252,7.054680960212202,7.284727154857153,Low,Average
4253,8.09067515904573,4.192247499361285,Low,Good
4254,5.333280463510089,7.337315262639519,Medium,Average
4255,7.564156060066119,4.405395637320753,Medium,Average
4256,7.860539991262131,3.540523814816738,Medium,Average
4257,6.946587665469144,5.372303558156832,Medium,Average
4258,9.172606161135501,3.226973859725371,Medium,Average
4259,6.778755891933122,3.0585952433430865,Medium,Average
4260,4.881481250605633,3.753025216321169,High,Good
4261,6.359488095229927,5.7729776496403336,Medium,Average
4262,5.744670976279064,4.508877395337433,Low,Good
4263,7.248777386177628,6.558068801369511,High,Average
4264,6.15729679183792,4.660308356199625,Low,Good
4265,6.484101677203354,4.467375479440945,Medium,Average
4266,6.690188975397821,4.969972637107067,Medium,Good
4267,6.289247957228807,6.006475639161457,Low,Good
4268,6.201078761724035,5.401690586084019,Medium,Poor
4269,6.879918869025681,3.830226350272821,Low,Average
4270,8.431296493194385,2.907380996904355,Medium,Good
4271,7.259455907982125,9.780592656587974,Medium,Average
4272,5.599575938920605,5.768146949015083,Medium,Good
4273,7.297640373816554,8.373679037330406,Medium,Good
4274,7.312325156978236,5.6929331471517495,Medium,Good
4275,8.364229912488874,5.665258845324103,Medium,Good
4276,7.424265906120708,6.573148180108419,Medium,Good
4277,6.1953333049888375,5.048686866059346,Medium,Average
4278,6.895778697403388,4.584533850392697,Low,Good
4279,6.535605970514416,4.493537231359068,Low,Good
4280,6.750150754132621,5.1447916939367255,Medium,Average
4281,7.428739470935144,7.383963649261336,Medium,Average
4282,6.179464110687129,4.998753083053015,High,Good
4283,7.880816495617591,4.424625280719884,Medium,Average
4284,6.167535349788605,4.2475870859384095,Medium,Average
4285,7.353574896562378,6.704490180354089,Medium,Average
4286,6.552557356456536,7.990998750580722,Low,Good
4287,7.334304668250277,4.994959741281215,Medium,Average
4288,5.657635509035899,5.035872639041385,High,Good
4289,4.454068299679657,6.237485175415337,High,Good
4290,8.607908157753627,6.036047675937774,Low,Average
4291,7.23106743615599,5.765305598661816,Medium,Average
4292,4.748804856213262,5.01829342968998,Medium,Average
4293,7.108078027350311,8.044961785610791,Medium,Good
4294,9.185298769602701,5.366435812839482,High,Average
4295,5.0361093311268466,7.07289821953432,Low,Good
4296,5.980946751452655,5.091954036976616,Medium,Poor
4297,8.231254849930549,4.212969934619552,Medium,Average
4298,6.234706799135836,1.7086861819253478,Medium,Poor
4299,7.490043301195814,2.060180526492095,High,Good
4300,6.425839937809388,9.070709986891742,Medium,Good
4301,6.1053250753848465,5.858887035954341,Medium,Average
4302,9.8533600913179,7.977160724240456,Medium,Average
4303,8.497990107207707,3.0806028580697706,High,Average
4304,5.3554287921133925,5.172838333383617,Low,Good
4305,7.214042399838385,5.2339646824547135,Medium,Average
4306,9.04775206436036,4.767516528874271,Low,Average
4307,6.924257938332154,3.457851192835736,Medium,Average
4308,4.517454579173809,4.974773344108247,Low,Average
4309,5.971611469069813,3.797410467276027,High,Average
4310,4.3597376062790545,6.193279868427483,High,Average
4311,8.522087930114848,6.013851730718766,Medium,Poor
4312,6.384377143215838,4.789245975411722,High,Average
4313,6.513320424791233,3.844974864129311,High,Poor
4314,5.372184985861954,6.519303849314613,Low,Average
4315,6.429766147577335,3.155856217837788,Medium,Average
4316,7.575637307119183,1.4974903876135581,High,Good
4317,5.212987030755751,3.788790271395083,Low,Good
4318,7.431772329530021,6.917352189549931,Medium,Good
4319,6.43743441164234,9.30809282485922,Medium,Average
4320,5.437115686534443,5.860841484044633,Medium,Average
4321,3.2475584245338105,3.3243300116501624,Medium,Average
4322,6.825322665630198,3.592774774516373,High,Average
4323,7.4966522204228205,3.5827500311799416,High,Average
4324,5.580001695217524,4.544457339833484,Medium,Good
4325,6.0599038036487265,5.403068548818528,Medium,Average
4326,7.201985893508414,4.757939584779,Medium,Good
4327,6.581940654757215,7.127759707916442,High,Poor
4328,5.751466502087881,4.342133505628365,Medium,Poor
4329,6.20745416876749,4.392414555021212,High,Average
4330,4.588437869928905,6.33751886216489,Medium,Average
4331,6.462643760183996,3.9306207549286674,Medium,Poor
4332,5.414342857004784,3.3048652192002104,Medium,Average
4333,6.358603143504347,6.213036599923271,Medium,Poor
4334,7.787228038317879,4.875532578651373,Medium,Average
4335,6.722177542219013,7.099623683582836,Medium,Average
4336,4.686806865446938,5.479929595905942,Medium,Good
4337,6.34764649863138,3.6969433268439587,Medium,Average
4338,7.9231584562632404,2.9468634410194436,Medium,Good
4339,6.912306893272602,4.190815961150534,Medium,Average
4340,7.102375575532518,3.453766986205347,Medium,Average
4341,7.789270045239652,3.3787917281503144,Low,Good
4342,6.97245306045264,3.1604343955259875,Medium,Average
4343,6.193919612545388,7.793812666303191,High,Good
4344,6.177747146426864,7.65963395274686,Medium,Average
4345,9.602098626823755,4.431708409029715,Medium,Average
4346,6.520728906879822,6.867051429858174,Medium,Poor
4347,7.225996095307096,5.3420243280319015,Low,Average
4348,6.906508988628759,6.101923683659661,High,Average
4349,6.345489521102904,4.939768730438961,High,Good
4350,7.435323884022933,5.410884793767558,High,Good
4351,6.818308886400094,6.337454915492714,Medium,Average
4352,6.941999614278234,6.414157583434688,Medium,Poor
4353,6.463938948238919,6.070013752306506,Medium,Good
4354,7.689959099382692,4.591512227577365,High,Average
4355,7.455599167402462,5.400236608228395,High,Good
4356,8.369589800762412,3.715259615622897,Medium,Average
4357,5.134533085627229,1.489213337516099,Medium,Average
4358,7.003696324163479,5.541587050921516,Medium,Average
4359,7.264445714651007,6.338160935725486,Medium,Average
4360,8.724836477587719,4.564110611377797,Medium,Average
4361,7.720204681527017,4.148028471555525,High,Average
4362,7.072398447340024,6.543761446301922,Low,Average
4363,4.764756338969658,3.296750578744845,Medium,Good
4364,7.07018531006522,6.6760016625593614,High,Good
4365,5.751298223843081,6.116991817650898,Low,Average
4366,7.061598991171487,3.4948163617373487,Low,Poor
4367,6.059888400963489,5.058284057613987,Low,Average
4368,6.487984420366027,3.6085105191537563,Low,Average
4369,6.494215733614932,6.3722432704340415,High,Average
4370,5.410483822313033,6.238750552876358,Low,Average
4371,7.430861456184766,3.8691081592579524,High,Good
4372,5.580588188551126,3.290374420695418,Medium,Poor
4373,7.846459246552188,2.360972869322442,Medium,Average
4374,7.070373056903933,3.351296186306479,Low,Average
4375,5.252979132469205,5.284322416031712,High,Average
4376,6.666698035568152,4.901950004733376,Medium,Average
4377,5.900939056568494,7.785256396304354,Medium,Good
4378,6.53455834155821,5.347321326262481,Low,Poor
4379,6.794875363693613,4.557249724185843,High,Average
4380,8.344544408378539,8.07007848048185,Low,Average
4381,7.328456676497797,3.825685886102474,Medium,Poor
4382,8.067927297290678,5.853214526321893,Medium,Average
4383,4.613998770258359,4.724116650937893,High,Average
4384,4.588125584604715,6.740043348147054,High,Average
4385,6.506766558727955,6.223171692488035,High,Good
4386,7.009214882097108,8.524624113841481,High,Average
4387,4.798964402178799,2.334496340788058,Medium,Poor
4388,7.766338001260937,1.4704845401099549,Low,Good
4389,8.612097418729626,4.756538944527299,Medium,Good
4390,7.632404952403617,4.8563656141343525,Medium,Average
4391,9.229959009362153,3.590234525147762,High,Average
4392,6.227686968615197,4.401300121883278,Low,Average
4393,6.499571661105493,4.189993504585553,Medium,Good
4394,6.986120332515026,4.068075754437201,Medium,Good
4395,6.378363008534359,5.1038430166931015,Medium,Average
4396,6.841982520545534,3.282787849183272,Low,Good
4397,7.352187521980054,3.9080032487653296,Medium,Average
4398,5.8914553243607255,6.9995721829247035,Medium,Good
4399,5.873656079565487,5.4371567629209405,Medium,Good
4400,4.775521323094651,6.6550276586518935,Low,Average
4401,7.5382628724125444,4.894330887250268,Medium,Average
4402,7.265233692448549,4.803033747476501,Medium,Average
4403,7.103897267307004,4.9273347038701445,High,Good
4404,7.758425768397577,5.154498037603267,Medium,Good
4405,5.714529895056447,4.273011124085363,Medium,Average
4406,7.539026228025134,6.013988528826483,High,Good
4407,9.776297923435203,6.526748160235378,Medium,Good
4408,5.1778355417236614,2.4696917251738024,High,Average
4409,9.78379613809465,5.823112197457752,Medium,Average
4410,7.816915404615219,6.308878565324023,Medium,Poor
4411,8.568831693058073,4.1273406502564995,Medium,Average
4412,6.981673477172339,4.531129650235777,Low,Average
4413,7.284512900060493,5.605766954535017,Low,Average
4414,8.690541619427172,4.086067132800164,Medium,Average
4415,4.5686225933478966,3.121046851391974,Low,Good
4416,7.042621904062825,8.16603363759113,Medium,Average
4417,10.063978214625326,3.8141633682804272,Medium,Good
4418,5.581460869172637,5.0005535460620205,Medium,Average
4419,8.230771825410969,3.918587246027448,Medium,Good
4420,7.474107461739481,4.792809360868572,Medium,Average
4421,5.084382825287175,2.6508448003172127,Low,Good
4422,7.363667458374809,5.418366690854908,Medium,Good
4423,6.796731540407296,6.080023015267159,Medium,Average
4424,9.424116504604521,5.016679321285819,Medium,Poor
4425,8.780009302269754,5.432635190241476,Medium,Average
4426,5.843573477027391,3.777865382460185,Medium,Poor
4427,7.778717151249183,5.966675416713153,Low,Average
4428,5.18688831522492,4.6282000073528655,Medium,Poor
4429,7.015783650130993,3.9204274448444916,Medium,Good
4430,6.681804964697273,3.976062748284672,Medium,Good
4431,6.740762222954274,4.305562346725852,Medium,Good
4432,7.764669381205321,5.225490132067004,High,Average
4433,3.972323162081238,6.521531722302945,Medium,Poor
4434,6.665599795940956,5.897241488414432,High,Average
4435,5.745514167813265,2.178922933415728,Medium,Good
4436,7.440603780454387,3.1430681990531317,Medium,Average
4437,8.652456939772284,5.227321496114335,Low,Good
4438,9.359488181187986,6.083941665581069,Medium,Average
4439,5.279515866691361,5.073600993389029,Medium,Average
4440,7.495285137775467,5.232344337821931,Medium,Average
4441,8.433664388883935,2.745939271276363,Medium,Average
4442,6.966972389614547,4.962939784855975,Medium,Average
4443,7.279173380171685,3.428085258973545,Medium,Good
4444,7.114590737743168,2.328832100395242,Medium,Good
4445,5.679767150257853,5.31778738581748,Low,Average
4446,5.6270807213430185,4.80122227764015,Medium,Good
4447,7.403182037221836,2.804334395462872,Medium,Average
4448,7.905198576864691,4.094657487541029,Medium,Good
4449,8.216146096608524,2.2522733363063807,Low,Poor
4450,7.968059921002245,5.406116984291089,Medium,Good
4451,7.319331712243647,6.172587453229987,High,Good
4452,8.172243231489785,6.913038438180722,Medium,Average
4453,7.323546635858348,4.672154587491849,Medium,Good
4454,7.6163751074641075,4.644278283137111,High,Average
4455,7.77482944680858,8.924895647717099,Medium,Poor
4456,6.27694424977592,5.008206599281139,High,Good
4457,7.753332055798621,7.6279695067877915,High,Average
4458,8.335126328720095,5.861548911688935,High,Average
4459,6.7761274747223,4.4676893552449926,Low,Poor
4460,6.717606232715843,6.5227065107413456,High,Average
4461,7.8383041536964315,4.546181480956841,High,Good
4462,6.410996292510206,3.893597860496854,Medium,Average
4463,9.12103063266887,5.124198853347202,Medium,Average
4464,5.473843777926558,5.39570743521934,Medium,Average
4465,6.92082411776463,3.7463537136580434,Medium,Good
4466,7.192301591889344,6.100408224368961,Medium,Poor
4467,6.407842104747039,3.8996692534816093,High,Average
4468,7.2244456670124135,7.324455317285857,Medium,Average
4469,6.322869449106076,2.6629239534092854,High,Average
4470,7.539412802141962,6.572644649239349,Medium,Average
4471,6.052863234929776,4.678525980116485,High,Good
4472,6.7368265654728825,3.2799875419469515,High,Poor
4473,7.36745007081428,1.4188317479568515,Low,Good
4474,5.6329519680147735,5.601008942747893,Low,Average
4475,7.191114320980631,4.780854093289359,Medium,Good
4476,6.317464591767395,7.7860129316466455,Medium,Good
4477,5.369112944286597,8.505249596687268,High,Poor
4478,9.332645907306043,5.340647349764765,Medium,Average
4479,5.73130696131596,5.978799966609161,Low,Average
4480,4.550046323444456,3.138455096487236,Medium,Good
4481,8.20642108635936,4.347703937972531,Medium,Average
4482,7.659163832130547,6.8653670551951285,Medium,Average
4483,9.077029011781331,5.967478907708402,Medium,Good
4484,3.978856156633126,3.0185368561682875,Medium,Average
4485,5.002869063691151,5.42528746504991,Medium,Average
4486,5.209732948457078,7.966165821312702,Medium,Average
4487,7.548194751301578,7.397806763145904,Medium,Average
4488,8.03662086644363,5.152259786587896,Medium,Good
4489,6.380262913579513,5.377436078049643,High,Good
4490,6.764857453387085,4.157953705823102,Medium,Good
4491,6.516422410267435,3.139296732891695,High,Average
4492,8.03440466413822,6.751018145030772,High,Average
4493,7.02477008173528,4.538767827057315,Low,Good
4494,8.839405079676443,4.441450731760738,Medium,Good
4495,8.167301359282344,6.394091468996028,Medium,Average
4496,5.135785208305923,4.715326851101328,Medium,Good
4497,7.58806848107716,5.233972126241077,Medium,Average
4498,6.282092820323511,4.259922954578663,Low,Average
4499,6.880770184015278,3.221148194084333,Medium,Average
4500,7.0100937509011505,4.532391972706849,Low,Good
4501,6.557011103163475,8.157673287809018,High,Average
4502,7.691539288513274,5.241511547740661,Medium,Average
4503,7.731936367311183,8.798196282078104,Low,Good
4504,6.6329272800727805,5.957574802659037,High,Average
4505,7.82519001842965,6.426925679962418,Medium,Good
4506,6.242151182128042,5.00129109701873,Medium,Good
4507,5.329534873688385,2.0489104809418235,Medium,Average
4508,6.857030768499944,4.491613077328447,High,Average
4509,7.346974851523525,7.98090198180234,Medium,Average
4510,6.108778827507861,5.522108152498436,Medium,Average
4511,5.196891392053551,8.331714776732264,Medium,Good
4512,8.481580058132515,4.482196812939558,High,Good
4513,6.813575715517254,4.371851299001231,Medium,Average
4514,9.011609392243546,4.346525316423775,High,Good
4515,7.903186641190908,7.611436607295632,Medium,Good
4516,5.41331703720492,4.660619657927222,Medium,Average
4517,5.709683993127255,4.957238530839795,Medium,Average
4518,7.53198757460837,4.483367781649367,Medium,Good
4519,6.169435131176024,5.371378268410194,Medium,Good
4520,9.149506281907708,1.0,Medium,Good
4521,7.914872433281767,5.953198803519058,Low,Average
4522,8.488634110469304,3.5946196487547533,High,Average
4523,6.693270386855819,4.875692529817623,Low,Average
4524,6.44413941719901,2.626931604086926,Medium,Good
4525,7.694504530150002,5.363580901605696,Low,Average
4526,7.515380185051031,3.617573799102637,Medium,Average
4527,5.903727822890815,4.833944392043809,Medium,Average
4528,7.652436548607908,3.990303125324078,Medium,Average
4529,7.066274059358538,4.9738141620408705,Low,Average
4530,8.861675867191101,5.075485776760423,High,Good
4531,6.456072641476267,5.784034231073044,Medium,Poor
4532,6.74609559878522,2.3693079804445065,Low,Good
4533,5.5148359561615035,3.44278005427328,Medium,Good
4534,5.723631547233111,5.955301168820785,Medium,Average
4535,6.3057002729478855,7.847214576883928,Medium,Good
4536,6.172790503958881,5.200034780088208,Low,Good
4537,7.401673680246877,6.4024635802691465,Medium,Good
4538,5.669393356946785,2.013648725663545,Medium,Poor
4539,6.608863722778161,5.244578619683682,Medium,Average
4540,7.982743211911538,2.804111389849428,Medium,Average
4541,8.045369818522039,3.500937562421655,Medium,Average
4542,6.140361991726876,5.796886075787327,Medium,Average
4543,7.523678315476618,3.6995543539696607,Low,Average
4544,5.269013365224502,4.545288719094929,High,Average
4545,7.146992038844141,5.064466328444902,Medium,Average
4546,8.162307309558745,7.229538496833719,Medium,Average
4547,7.294449586313924,3.8746290665110434,Medium,Average
4548,5.437826313431502,6.487547772306567,Low,Good
4549,8.06889897231774,2.5888389571320594,Medium,Average
4550,7.140459493789039,2.5760073564514467,Low,Average
4551,6.955191486804625,3.835045310836415,Medium,Average
4552,4.4185495987649634,3.136787563176865,Medium,Average
4553,7.264479385704587,3.2253962480995564,Low,Average
4554,7.457183702749587,6.780809523589938,Medium,Average
4555,7.032442068183951,4.750690076200982,Medium,Good
4556,4.931392775900701,5.257417459670614,High,Good
4557,7.21011619674472,4.389418517194858,Medium,Average
4558,5.592833973464123,4.400976575777821,Medium,Average
4559,8.102607378802553,2.040589340550704,Medium,Average
4560,8.717775635126106,4.896532023051608,High,Good
4561,7.661623993935351,8.312730359308993,Low,Good
4562,8.33506169962191,5.937117426708503,Medium,Average
4563,8.62501353586861,4.037618043392821,Medium,Average
4564,7.384775048527205,5.0105282215467755,Low,Good
4565,7.432263630961513,6.36309070578103,Medium,Average
4566,6.334435048703818,1.7689819916304752,Medium,Average
4567,6.662249401927489,6.489056677361922,High,Average
4568,6.776375929665797,4.978120508887798,Medium,Average
4569,5.8299114795654585,1.1306978601623356,Medium,Average
4570,7.9746149718309445,5.7745461940041665,Medium,Average
4571,7.671877142287034,5.087667492656227,Low,Good
4572,9.070516470689185,6.842802690559821,Low,Poor
4573,8.31377424003447,4.869424977263535,Medium,Good
4574,5.713158298575457,3.672763038441034,Low,Average
4575,8.777479563285551,2.0599459491852965,High,Average
4576,6.59204924067935,3.718143592181928,Low,Average
4577,7.271177991405167,5.864659559636589,Medium,Average
4578,8.206437856368522,2.3696167362364364,Low,Average
4579,7.898501079574309,9.126740733570218,Medium,Good
4580,7.5802324203731875,5.785391242646915,Medium,Good
4581,7.023056370484828,8.95516116095306,Medium,Good
4582,6.884421538057954,3.9730090020367177,Low,Good
4583,6.763917055606094,6.129875322986786,Low,Good
4584,6.437511298344855,7.134349748502248,Low,Average
4585,4.92023600489267,7.620616210613917,Medium,Good
4586,7.781623607112121,6.546480320724893,High,Average
4587,6.510271640678398,7.288861268711161,High,Good
4588,8.065454596988827,3.0194894492996327,Medium,Poor
4589,4.928210391923926,5.075054843830097,Medium,Good
4590,8.328796781206577,2.9152262567252487,Medium,Average
4591,7.142379348322845,7.249107838116199,Medium,Good
4592,7.520796258793207,2.8527854893514633,Medium,Good
4593,5.078531480342251,6.07139235355692,High,Average
4594,5.306642178438701,3.48824638322532,Medium,Good
4595,6.748935896103426,5.1517702895052535,Low,Good
4596,8.388261862084054,4.35109322007776,Medium,Average
4597,6.363549429504052,7.397721679038561,Medium,Good
4598,7.3604552976577065,6.051386921609317,Low,Average
4599,7.645515983069137,5.700328931346345,Medium,Good
4600,6.971995001358374,6.644166268818784,Low,Good
4601,7.078537141620941,4.766880628908373,Low,Average
4602,7.024219243230117,5.7392538562702065,Low,Good
4603,5.086204014651963,5.927544396356286,Medium,Poor
4604,6.627340116750159,5.96837213279587,Medium,Average
4605,6.140430867073371,6.808933364602517,Medium,Good
4606,9.291094002971628,6.122000739380736,Medium,Poor
4607,7.198711140806078,3.8939019242886816,Medium,Average
4608,4.349841333802715,3.1389064234448387,Medium,Good
4609,9.714698188240813,6.229593134705871,Medium,Average
4610,5.903619767405737,3.1360658748735575,Medium,Average
4611,5.853284528827061,7.247848230989611,Low,Average
4612,7.8740966016102245,6.2134099922736885,Medium,Average
4613,6.066974639858728,7.372690644351039,Medium,Average
4614,5.072840853456844,4.369918621522051,Medium,Good
4615,8.237202401464126,9.160597660750971,High,Average
4616,6.873197363155625,4.573751083442753,High,Average
4617,4.110973699552009,5.500563171439084,High,Average
4618,6.580416784435889,5.659628100093483,Medium,Average
4619,5.321824846915695,5.728788484298065,High,Average
4620,6.178848454553614,6.9869113188172385,Low,Good
4621,6.345533500430271,3.780690997024127,Low,Good
4622,7.047303793493293,4.7907433924260765,Medium,Good
4623,7.239681489169831,3.5680606113466693,Low,Average
4624,8.877336778878906,3.908299992622423,High,Poor
4625,6.445893830513681,3.209877603141025,Low,Average
4626,6.234785088520986,4.020708161381084,Low,Good
4627,7.773090083776164,4.894639500536056,Medium,Average
4628,9.405167359238455,4.588779314486963,Medium,Average
4629,8.663833767292585,6.232970940710188,Medium,Average
4630,4.268125584318147,3.9086392759601134,Medium,Average
4631,7.371082790326235,5.726027272185489,Medium,Poor
4632,7.603336503979827,6.318797068427855,Low,Good
4633,8.405358293746925,4.009636073621101,High,Poor
4634,7.4493812641486,3.6556107340317996,High,Average
4635,8.349622163184534,3.571823361849571,Low,Good
4636,6.830164391160313,5.483255178048949,High,Average
4637,7.047645366842014,6.359651805555139,High,Average
4638,6.042738544044807,7.476834675070657,Low,Good
4639,6.692391689456203,4.859065679742606,Medium,Good
4640,6.373422877751408,6.50680520583504,High,Average
4641,7.427014680675609,3.625120716875153,Medium,Average
4642,8.494654691299308,5.287634956173997,Medium,Average
4643,9.310852936346624,5.9667910476360895,Medium,Good
4644,6.842636120370022,7.680524582751695,Medium,Good
4645,8.20447091983905,5.150336316776845,Low,Average
4646,7.176541212598317,5.329929572188335,Medium,Good
4647,7.870915528339189,5.829621760218283,High,Good
4648,5.8931088526642945,5.137167295796771,Low,Average
4649,7.606038682095958,5.673542167039519,Medium,Average
4650,6.432039766735367,3.6582369779096595,High,Average
4651,8.018757948737761,2.639768510371996,Medium,Average
4652,8.299489370320309,4.092119194998459,Low,Good
4653,9.95160798884573,3.3690616649226364,Medium,Average
4654,4.421216591651529,2.8823497994237575,Medium,Good
4655,5.64244810191017,4.0485768613127675,Medium,Average
4656,7.134396370043138,1.3498554416094577,High,Average
4657,6.698167490587238,5.845387710247943,Low,Good
4658,10.162035239986679,6.9882291914187595,High,Good
4659,6.391566823697568,3.7127818298759303,Medium,Average
4660,5.847853601751532,3.5789377680689536,Medium,Average
4661,6.654423807420683,3.935058699842287,Medium,Average
4662,9.626260575526645,3.1432767380818714,Medium,Average
4663,8.698590731770679,3.635167641796232,High,Average
4664,6.532321197623644,6.409204520799442,High,Poor
4665,7.768247533838835,5.32944561704776,Medium,Good
4666,4.439570921883105,4.07047318559832,Medium,Average
4667,8.262381194484405,3.7869760536248185,Medium,Good
4668,5.062486182601417,5.239768804453993,High,Average
4669,7.0859028340421535,2.863447642218914,Medium,Good
4670,6.789924695333834,5.620697938823005,Medium,Good
4671,3.7695377451345538,4.224288614670735,Low,Good
4672,7.718726086597228,4.577887959877851,Medium,Average
4673,6.779782005593475,5.436860194092655,Low,Average
4674,5.244195875025425,4.981703663329079,Low,Good
4675,6.82736844747186,1.7679060340329373,Medium,Average
4676,5.025584597723264,5.5765272264792385,Low,Poor
4677,6.61770103997689,3.37453682697003,Medium,Good
4678,7.556420380175355,6.04656106317675,High,Average
4679,6.495653258311096,4.72571394022789,Medium,Average
4680,6.796842792027434,3.1674073952936785,Low,Good
4681,6.948390002963153,5.235286336689974,Medium,Average
4682,7.4733191771817395,8.063748408476753,Medium,Average
4683,4.972889304971034,7.602830904254226,High,Average
4684,8.262052278219102,3.823840528324534,Medium,Average
4685,4.515802085828494,3.640590548180664,High,Good
4686,8.951694297310514,6.094845641351963,High,Average
4687,7.513190200060677,5.046969702201446,Medium,Average
4688,6.090098724173956,5.830244873329734,Medium,Average
4689,6.711463898463653,4.570832387946134,Medium,Average
4690,5.784977032299265,2.3885979084204347,Medium,Average
4691,8.069705678276765,5.303881436140504,Medium,Average
4692,7.387791221047218,5.713626437275129,Medium,Average
4693,6.529037035494552,3.5086651160382063,Medium,Average
4694,5.885509806463876,3.2066871305065177,High,Average
4695,6.074958333189749,5.503754766087317,Medium,Good
4696,7.747699115372818,4.389050991251851,Medium,Average
4697,7.569648668269747,3.4230862581266086,Medium,Good
4698,8.660137990271505,6.09135246912527,Low,Average
4699,7.50018748058658,7.507271264518187,Medium,Average
4700,6.286768066442677,4.620645939596349,Medium,Average
4701,5.691178801173142,6.632101421862716,Medium,Average
4702,5.55241455611342,2.2008183060653237,High,Average
4703,7.17692934826178,5.340722435549361,Low,Average
4704,4.619551979135294,5.047163517561025,Medium,Good
4705,8.631675926746908,4.015553151028651,Medium,Good
4706,8.374334793389691,2.8373853465818706,Medium,Average
4707,7.292087576624529,4.793184820823781,Low,Good
4708,6.5650712764626835,6.034650901035754,Medium,Average
4709,7.499502763778999,6.689726349219148,Medium,Good
4710,8.489962661228658,3.68585116078779,Medium,Poor
4711,5.859255519460536,5.816971833988686,Medium,Good
4712,6.184419531578845,5.351210577719456,Medium,Poor
4713,7.3972242178994705,3.0338756601121606,Medium,Good
4714,7.408328585728274,6.08397831926461,Medium,Poor
4715,7.058162841138558,4.929426380473813,High,Poor
4716,8.340171245988707,6.908393343348033,High,Good
4717,5.418090281327569,5.658763082135271,Medium,Good
4718,8.036625715608483,2.2857012804366077,Low,Good
4719,5.1269124266998,5.720083716196152,Low,Average
4720,7.727799404878118,4.08651229826812,High,Poor
4721,4.114857870762231,5.077721682941033,High,Average
4722,4.265040737752658,4.209774399717527,High,Average
4723,7.876664038571489,3.3799842935587816,Medium,Average
4724,6.461503136028524,3.7230280782922804,Medium,Good
4725,6.540000079509794,4.828902730086469,High,Average
4726,5.248569500493267,5.346335172251505,Medium,Average
4727,7.692629479008631,5.147248972317979,Medium,Average
4728,4.997272038318319,4.736632224589137,Medium,Good
4729,5.534306701398652,4.400562600249606,Medium,Average
4730,5.586699955202868,6.3341134683767635,High,Poor
4731,6.661945410879492,4.069851832315529,Low,Good
4732,6.326186565506255,5.613990591311587,Medium,Average
4733,9.308049369546449,4.706912441136641,Medium,Average
4734,5.177389735986703,5.944370298518082,High,Good
4735,5.86668379908475,6.005079736875234,High,Average
4736,6.853817621786924,5.106959267686371,Medium,Poor
4737,8.92397459333558,3.994806874831433,Medium,Good
4738,8.781267380704078,1.0922613225687536,Medium,Good
4739,8.172260453560975,1.3158267658514387,High,Average
4740,8.73543353057401,5.408402150629628,Low,Good
4741,6.427648535132911,4.143040936042537,High,Average
4742,6.7119235487197955,7.255730086999733,Medium,Poor
4743,9.026235119978065,7.523763735397683,High,Average
4744,7.700132016487081,6.324651814395723,Medium,Average
4745,6.943106980162283,6.370837855869466,Medium,Average
4746,8.14147790019548,5.689712071719502,Medium,Good
4747,9.342355429553413,8.463801454291627,Medium,Good
4748,4.936124001904828,5.5978476160959705,Medium,Average
4749,6.159831083907525,4.941300097604127,Medium,Good
4750,6.189184136046653,5.425771280814647,Medium,Average
4751,8.934454750784695,3.75714324611211,Medium,Average
4752,8.126306617634025,4.581853122046423,Medium,Average
4753,7.809880128707905,6.919552421299219,Medium,Average
4754,7.235988407987715,6.821820405414904,Medium,Average
4755,8.795120055767773,2.9209088308781475,Medium,Poor
4756,5.769736750014111,6.218716069302649,Low,Good
4757,6.368512088605277,5.595919271163853,Medium,Poor
4758,9.116167388929917,4.023674029726579,High,Poor
4759,6.603831173407963,3.03124556530721,Medium,Average
4760,6.199045439707905,5.597033539909424,Medium,Good
4761,7.2774243193887465,2.340161514408905,High,Average
4762,6.393657586499325,4.047928758632334,High,Average
4763,6.753091204777711,7.163427624569532,Medium,Average
4764,4.2921005910482535,4.9830092557512105,Medium,Poor
4765,4.5854177557585665,4.126255798461699,High,Average
4766,6.037546282768929,5.0202092244933345,High,Average
4767,6.122087543501182,8.252411908687968,Low,Poor
4768,8.673248915805466,2.152995720116601,High,Poor
4769,7.110433782504308,5.01381914046499,Medium,Good
4770,6.585581305385211,4.870914260165407,High,Average
4771,7.260372741699789,7.370477516843201,Medium,Good
4772,8.462631799721887,6.730393785410806,Medium,Good
4773,7.673491084989797,7.491061464233397,Medium,Good
4774,5.639791514877103,5.418164944978675,Medium,Average
4775,6.3321058710006,3.9566493404353587,High,Average
4776,7.282757673602515,3.5776925437002483,Medium,Average
4777,7.505028881332653,6.215751990580812,Medium,Good
4778,5.914366399552428,4.691913299249264,High,Good
4779,8.777500353046086,4.883340113428751,Medium,Average
4780,7.343428366286325,6.744776448877679,Low,Average
4781,8.784480513022991,5.67156547813094,High,Average
4782,5.1066557115241,4.359434579833227,High,Good
4783,6.724249475300914,3.103658642961055,Medium,Good
4784,7.140027976556777,5.56278861028776,Medium,Average
4785,8.179013702427854,7.676109411959148,Low,Good
4786,8.055722062744875,5.069318155884509,Medium,Average
4787,7.355578951870619,5.0270910905076835,Medium,Average
4788,4.8751828802260215,5.275372346419577,Medium,Average
4789,6.7946884626868815,3.6079032707542344,High,Average
4790,7.5956474278211195,5.1941724186816876,Medium,Good
4791,5.7251456462260855,7.658768834046688,Medium,Average
4792,5.861661918824481,6.559607786824784,Medium,Average
4793,9.768984964788164,5.1650305525975355,Medium,Average
4794,8.340184994043371,5.148627002455125,Low,Average
4795,6.023521410046078,5.422265021588404,Low,Average
4796,7.5286733658070695,4.03145978248201,High,Good
4797,8.160741349415435,4.508626618545206,Medium,Average
4798,6.157868047784658,4.0582645746495265,Medium,Average
4799,5.922637112614929,3.158998006949985,High,Average
4800,5.580071934158616,9.095001050551275,Medium,Average
4801,6.627291583945184,5.316816618726552,Medium,Average
4802,8.943948726937718,5.986854413279036,High,Average
4803,7.994597946936876,4.31384932633138,High,Good
4804,5.657210848035088,7.222584736696135,High,Average
4805,6.797815506896131,5.063024193121279,High,Good
4806,6.408207462502541,5.619024148274982,High,Good
4807,5.535766586087967,3.050315085124402,Low,Good
4808,7.109117932036496,8.231924936943212,Medium,Average
4809,6.403730302118196,3.95183653517222,Medium,Good
4810,8.705277339740542,4.980164731835467,Medium,Good
4811,7.164761892433471,6.171396730174344,Medium,Good
4812,7.459752523576544,6.718757003918631,Medium,Average
4813,6.298421413558222,5.6683946621382955,Medium,Average
4814,6.599435610787241,2.218931040597105,High,Good
4815,5.9417412118555015,7.318360608540118,Medium,Good
4816,8.018601584120347,5.786436069120585,High,Average
4817,7.652570717462606,4.754788752242507,Medium,Poor
4818,4.527800885737774,4.853083884508086,Medium,Average
4819,5.805643346714485,3.8148822581191264,High,Average
4820,3.6245934021499706,6.816678950917174,Medium,Average
4821,6.572517317112192,4.132872157824455,Medium,Good
4822,6.301967009877607,3.3065014663316203,High,Good
4823,6.388090746057639,5.68294831675467,Medium,Good
4824,6.749807118896686,3.932579851746932,High,Good
4825,5.860277489698739,5.432260929159776,Medium,Good
4826,6.239477911558037,4.0997186373014145,Low,Average
4827,7.506967506872544,2.4521721748489407,Medium,Average
4828,5.476702045065181,3.855301171156369,Medium,Poor
4829,8.2847746921891,2.699880673838217,High,Good
4830,5.5266885222649,6.829950509080062,Medium,Average
4831,6.937110944871369,5.4429344218833755,High,Poor
4832,7.9851980446867055,3.50452352420434,Medium,Average
4833,7.849484446708302,3.5836041474510667,Medium,Good
4834,4.325757201494585,4.396226296552538,Medium,Good
4835,7.731559634773614,8.365698161807915,Medium,Poor
4836,6.800610477491556,6.016049783431403,Medium,Average
4837,7.905966555459059,4.595367730134197,Medium,Average
4838,6.129306651960022,2.930223243560825,High,Good
4839,6.807891481804313,3.3818052887775307,High,Good
4840,8.089728563422204,4.82411686063996,Low,Good
4841,5.729511573066468,5.941527092459088,Medium,Good
4842,8.653008337659724,2.461712901412753,Low,Good
4843,6.439917752279358,5.643146381522203,Medium,Good
4844,6.678714634255231,5.5657935308413755,Medium,Good
4845,6.624385998025141,3.2547300716012684,Medium,Poor
4846,5.699544096515444,6.053733681916978,Medium,Poor
4847,7.480502190362904,3.9778591532386978,Medium,Average
4848,6.536154045081189,4.322218918871911,Medium,Average
4849,7.617443877698886,2.2069623122996544,Medium,Good
4850,9.132437404812139,5.884983437922677,Medium,Average
4851,7.9186397606016685,3.1985666090327483,Medium,Average
4852,6.309857725325032,7.37767279725125,Medium,Good
4853,8.149106929570552,4.926034639855831,Low,Good
4854,6.6504270889465875,1.4505012211259762,Medium,Average
4855,6.437503060703824,5.772928240022529,Medium,Average
4856,4.677310418394461,5.447218862848483,Medium,Good
4857,10.384817772873998,3.4387779040848496,High,Average
4858,6.997356689292785,5.939050571473457,Low,Average
4859,5.562018417398568,3.47481552223928,Medium,Average
4860,6.3754858355777975,4.804944930589631,Medium,Average
4861,7.635262253028465,6.908375461261025,Low,Good
4862,6.505047790274247,4.893115531328679,High,Average
4863,7.065299352566948,3.8298353823889806,Medium,Good
4864,6.130274273691407,5.28985426821776,Low,Average
4865,6.812241171745304,9.82032326341015,Medium,Poor
4866,7.839742324563218,3.5166983431023286,High,Good
4867,6.822902134316083,4.384108890065946,High,Average
4868,7.2693749310650935,6.24673444936768,Medium,Average
4869,7.079595187632285,7.0952999826783465,Medium,Good
4870,7.02470762863608,4.09091655950949,Medium,Average
4871,6.632400651872258,4.452646527129602,Medium,Average
4872,6.7239459481221235,3.5151374446305224,Medium,Good
4873,6.943613236469957,4.840250984055163,Medium,Average
4874,5.204361325174179,5.8788854685599,Medium,Average
4875,8.445256593694298,6.175800037887221,Medium,Good
4876,6.836317448509396,6.1234450847147865,Medium,Poor
4877,6.645717897526692,6.007088191448339,Medium,Average
4878,6.830220331925,5.133464103409553,Low,Average
4879,7.81147512161889,3.4712919870503134,Low,Average
4880,6.763335760034471,5.60350412389832,Medium,Poor
4881,7.473903335628479,3.073684979934241,High,Good
4882,6.16749358439201,5.250672946693428,Medium,Good
4883,7.791039760667813,3.9538804699427788,High,Good
4884,6.565245733781855,5.2091973690391065,Medium,Good
4885,8.785746202076425,4.800238645718234,Medium,Average
4886,7.303253573380065,5.220269871105583,Medium,Average
4887,8.092623923263423,4.207396478717467,Medium,Average
4888,4.893596436266288,5.146515649445427,Medium,Average
4889,6.215899224430393,2.9453512636703065,Medium,Good
4890,4.89318831304711,5.267880805192036,High,Average
4891,8.66109041067335,1.6223399935277318,High,Good
4892,7.0562163361273225,2.6869036970730464,Medium,Average
4893,8.688269836938293,4.664195078768838,High,Good
4894,4.7770491745184565,5.1654519174181885,Medium,Good
4895,6.121124328818562,3.610912439204853,Medium,Average
4896,7.398906678597557,3.628485977097958,Medium,Average
4897,7.819611179050466,6.794041674380462,Low,Average
4898,7.953540298234408,4.716496675352483,Medium,Poor
4899,7.526478005002422,6.7059089578100295,Medium,Good
4900,7.6466484913482615,5.944451294767536,Medium,Average
4901,6.313196832110027,3.6639206226744343,Low,Good
4902,6.781345817780064,5.685240979827781,Medium,Good
4903,8.038688810034841,5.3677120250965515,Medium,Average
4904,7.311922233885676,2.9215724965754535,High,Poor
4905,4.503343402398172,6.418984230089527,High,Good
4906,8.002232109116354,4.454465699391216,High,Good
4907,6.859569032827199,5.657605953170214,Low,Good
4908,6.100268038024337,4.678424709204327,Medium,Good
4909,8.2672723684647,6.253397061342843,Medium,Average
4910,6.364711908858168,5.04955315445117,Medium,Good
4911,8.436858515805064,2.5843686739529157,Low,Average
4912,7.153417781874183,4.611454481724337,High,Good
4913,6.250236268103182,4.425638258181966,Medium,Good
4914,7.638040178209936,7.042108718594509,Medium,Good
4915,6.803713728655888,7.434652562941303,Medium,Average
4916,7.19106844275188,5.30230506173963,High,Poor
4917,6.767578935378083,6.847903784217863,Medium,Poor
4918,6.639485292396701,3.876335204046107,Medium,Poor
4919,7.353973129813426,4.502877960091273,Low,Average
4920,7.766382565208353,4.610127479083391,High,Good
4921,5.9314927109030355,5.874324979765756,Medium,Average
4922,6.957184406204988,4.261634194364116,Medium,Good
4923,8.180288651785284,4.613522892690778,Medium,Average
4924,7.841117784192608,5.010248342068597,Medium,Average
4925,7.346273249174929,5.475696884261714,Medium,Good
4926,7.7026306184464675,7.865527013707096,Low,Poor
4927,7.82359614203818,5.704108014289266,Medium,Average
4928,7.945631913943485,4.168419331154029,High,Average
4929,7.121611929342261,7.21419055252957,Medium,Good
4930,4.516150039922627,4.931576436976033,Medium,Average
4931,8.27361367661073,6.418335532602109,Medium,Good
4932,7.4226734836843375,4.5311454278379335,Medium,Good
4933,6.455521063556265,4.8877183090363685,Medium,Good
4934,7.78932660533825,4.387767608179511,Medium,Good
4935,7.0239478675468705,3.115707672545825,Medium,Average
4936,8.598620505456925,4.4977261251397564,Medium,Average
4937,6.077242241733448,4.695521340855169,Medium,Good
4938,6.981430516861522,4.329207609649093,High,Average
4939,8.775684521294208,3.1959426911196207,Medium,Good
4940,8.708828363635114,5.609113009388498,Medium,Good
4941,8.016188714978801,4.667044409047294,High,Good
4942,5.697801943219558,5.326004640181103,Medium,Good
4943,6.80580345510848,3.8302337255561083,Medium,Good
4944,7.210095884698739,6.143032986169541,Medium,Average
4945,3.7495671819050287,3.993005371623007,Medium,Good
4946,6.858350269094889,6.421213763506812,Medium,Good
4947,7.4021403241700705,1.0,High,Good
4948,7.500596610018262,4.389822338509179,Medium,Good
4949,5.954011264123,4.037071963720405,Medium,Average
4950,4.028032724681577,6.5490390642398975,Medium,Average
4951,7.093210186682988,4.295573318816491,Low,Average
4952,8.773972641689358,3.9575175323277265,Medium,Average
4953,5.508032161610141,4.470456383706492,Low,Average
4954,8.724327944182908,4.646046083798162,Low,Good
4955,6.557008177460173,8.202258880612412,Medium,Average
4956,8.77432800387668,3.3404746443901248,Medium,Average
4957,4.689434180975164,4.970078986947558,Medium,Good
4958,7.664405805148867,6.122109744169913,Medium,Good
4959,7.812608890070502,6.9174352935424395,Medium,Average
4960,7.5689271199334005,4.396478512121035,Medium,Average
4961,6.739138998192957,7.079344203564181,High,Poor
4962,7.47493424692486,6.30848093802023,Medium,Good
4963,6.7616502462378465,4.477858118488924,Medium,Good
4964,5.099502921586982,4.580558907312962,Medium,Good
4965,4.493235647395924,3.6997542714688096,High,Good
4966,8.479836669130844,2.343851017472872,Medium,Good
4967,8.678074557895632,5.751758426527012,Medium,Average
4968,6.78812931609774,6.707453539406613,Medium,Good
4969,6.938920095863333,7.223129596986897,Low,Average
4970,5.991874228260913,5.882283697082858,Medium,Good
4971,8.112595578631957,4.3975146690383164,Medium,Good
4972,7.1296631123163134,4.671019543055144,Medium,Poor
4973,7.6408844753655,3.634448832845685,Medium,Average
4974,8.097150407121166,3.8142307880767543,Medium,Poor
4975,5.499965762888625,2.3385241004910995,Medium,Average
4976,6.545825104610011,7.943012802789664,High,Good
4977,8.6399654765102,5.265601478824584,Low,Good
4978,7.497178005903203,7.137607344597203,Medium,Good
4979,6.658670716120048,7.649065448827656,Medium,Good
4980,7.563638500752467,1.7823221011241581,High,Average
4981,5.889076370208892,4.723845075499437,Medium,Average
4982,6.375773948698865,5.984357692193514,Medium,Average
4983,7.573671498864494,4.8223685045686855,Low,Good
4984,7.835881826787859,5.536932895036338,Medium,Average
4985,5.209176229151159,5.0562585921633305,Medium,Good
4986,9.866036103070535,6.619161095386458,High,Average
4987,5.52286171689731,6.263888608115015,Medium,Good
4988,7.0707336102940825,6.294666346542089,Medium,Average
4989,8.388175157427643,8.720589527565155,Medium,Average
4990,3.561874998958362,4.227106767017641,High,Good
4991,7.710158797379566,5.89774733316533,Medium,Average
4992,7.927097552141092,8.082744679493013,Medium,Average
4993,6.742848748214077,4.554870703336977,Medium,Average
4994,6.131688667082379,7.415427060066921,High,Good
4995,7.536886373345091,8.218265411105676,Low,Poor
4996,7.105875443952259,5.195113530126071,Low,Good
4997,6.931485714182818,2.3583416743501835,Low,Average
4998,7.992007293321123,4.772261874399378,Medium,Good
4999,8.718819562312952,3.8878775731164756,Medium,Average
5000,5.537113934594737,5.488627762450613,Low,Good
