StudentID,FinalGrade,SurfaceScore,DeepScore,StructuralScore,BehaviouralScore
1,54.56999323912536,18.853956752643324,20.466468972947045,18.85468626318207,19.156421602041306
2,42.129091095148745,18.305225740248215,18.035414151952466,16.911264559766323,18.52967628194209
3,46.72282821691054,16.75389362600103,17.036688179489886,16.963760537451943,17.399994703389872
4,42.74906102413144,16.46064548145873,17.650708544738265,17.29091189989702,18.661927483926192
5,53.91096986255749,20.04201386874329,20.513248829282638,20.201052604663865,20.873968410980257
6,68.25440751577325,21.551463643096238,25.880270889060625,20.92208759790469,20.440430815277647
7,57.96286424660111,19.646917300450703,19.89766741669439,20.506098827714276,21.82490651378818
8,63.16985595704379,19.62718256690161,20.96665298406085,20.46770710246546,23.329210075618533
9,35.60521000683048,17.174546423716723,17.445938064880515,15.300298969315868,11.708263186823057
10,29.583547178947583,15.024358214877834,16.224492176934753,13.947915284938121,16.912592483186934
11,47.52616746316843,16.549503844780492,19.57631516312889,20.257247108051267,16.903723211929677
12,27.93221667112875,14.909461432494329,16.073117568524676,16.15269158062254,20.15092061579003
13,25.174851170250495,14.408937657464241,19.17852690969228,16.337818017884995,14.19900953719163
14,48.94419046547421,19.192054605436873,21.00233043291494,18.274476399426256,15.91751298674327
15,36.062479764781656,17.098176094608274,16.479277223003884,15.673086853623031,15.985325071187058
16,39.29014035495154,17.446745729820364,17.792994658636697,18.31836579503927,22.361135668803147
17,51.88117612288363,17.52493107115356,17.354341680979363,17.86443831745845,18.572582100448606
18,37.3179776002377,18.259213090304936,17.04243974189895,17.507615660124188,14.856450805056463
19,24.45149949625772,10.916850891354763,14.839551952141145,16.241993182292134,14.104776909924507
20,27.660077290175767,18.48468700371424,15.080093424957628,10.649324929121066,16.738262548597373
21,31.325962215989705,17.346580639326422,15.609447608177021,13.85029451087863,15.37911886635128
22,42.57201165617099,17.191103089906903,16.35248050084901,16.57158747793662,14.923200207855045
23,38.15211668858272,18.336181370939606,15.419359558084015,15.748154212798752,11.47765179901557
24,67.7656688985052,24.095093874775742,23.82727172409011,23.82209142057885,20.036427871975633
25,32.899583860568285,17.250677915766616,16.18318982471997,13.667923361073143,16.978779096707047
26,23.940527824758224,14.873604221372293,14.21295491549052,14.588575299173158,12.923028602337205
27,25.077032297588474,13.303724426290369,16.66762697887166,12.394215856289549,14.91603492988198
28,45.624881783235374,21.53301438088797,18.12504027277076,17.972376071490213,16.469574426064558
29,35.0386153738436,18.254954950509884,13.623207795584864,14.435678355607967,13.16459071164482
30,47.36875001847453,20.939001448575837,17.319081947539825,20.500562043708698,21.29017420697098
31,53.0543078567059,19.69237262463898,22.861046316340467,17.957274267329623,18.744586601085995
32,50.18459870386723,18.94312658818199,18.477205198254094,19.143416249816664,15.520719396448715
33,42.0918558821355,17.805414738039296,16.137926374101838,14.37201881654396,16.155917244736028
34,53.991520604087285,19.44462781397654,16.45748435264705,19.554074074218622,21.35875587949497
35,47.536294107147896,16.051427589198227,16.982768906097256,19.074391943423755,21.511474257133962
36,53.23779833790764,20.746954756767522,21.617712352361412,17.954325504482462,17.707042716774964
37,31.36567427421041,13.71619852380455,15.617581847559036,16.21766088216069,14.734797084070534
38,59.34682406004431,16.891824649208427,19.296332558432194,23.82201579221014,22.37362268080452
39,53.576789547971956,20.47569260855722,18.841817018246616,22.021058482648275,16.960672991275647
40,49.346445849039235,17.165592970474084,19.916570047275208,18.26914385716372,20.074097281749314
41,38.00862667025385,14.131736840916943,16.10478485491408,15.883929438152162,19.528218155613324
42,50.353625458302034,19.188079996381383,18.175064948740413,18.679052914643407,21.750849631423094
43,48.56806730887621,20.05143517184966,18.052066086794678,15.888125629675136,20.44961119858095
44,66.01648759996078,20.923453599161842,21.984168840177524,23.60495347183418,22.21137855861283
45,37.58315528157253,15.864791889918303,14.798181426042442,14.243313936031852,16.33526711409952
46,56.38264082392636,21.014483973504927,19.499970020939607,17.043303493206142,14.423263293293301
47,23.42388060568212,14.747500715604522,14.791005814128956,15.001269743452834,11.428943286040141
48,61.46172896464018,22.655744495920803,21.966078818013244,22.12756299261255,17.575461597327205
49,55.101927858225444,20.205737582772798,19.43803978526799,21.418451152435892,22.078222385064365
50,43.75796529021461,14.314183663885522,20.252486617264132,16.5705298675437,20.889214642560113
51,62.49261598708294,21.556581464713364,20.570201615475757,19.58440717499998,19.149913984066533
52,39.913451904606724,18.42042734645618,19.280444693461927,17.909456186518504,13.229382552626006
53,79.70489200185246,20.58904746236621,25.306598015950353,24.051781308380633,26.252476753840618
54,43.03800959284557,18.864590508664104,17.93682739714302,21.667488372849707,20.397075167094293
55,26.671273289403135,12.029051101665775,16.950949226091936,15.780946396429796,15.784742106081582
56,49.97605683937308,20.563917513015667,20.762400655516334,13.979423196936937,17.084958946263043
57,44.34266092535283,17.807044445528504,19.151190128909118,22.68036987881315,20.975915107456025
58,22.63896224848033,14.940281979886214,15.715358499270987,16.78445596131441,16.282137175063987
59,53.03765013815125,22.85253061362156,18.45629780593636,18.638455087001795,19.914669844787518
60,63.36707277537326,21.94192497843739,22.44764640281383,21.473870387230345,23.243711121719556
61,30.1054563358634,14.317425400914162,13.51048342733716,13.75207173521673,12.34083504412001
62,49.989060933923255,18.665091472243653,17.33682688460362,18.37088653097913,19.19692600480213
63,42.224918598965466,19.45510140062184,16.084242902508553,16.712191363139752,18.153262524888035
64,50.44740876039,18.154130118727053,17.31926805302017,20.48314128955494,18.93876923661268
65,61.66483818388973,21.245411091657736,21.79767566333821,22.29179254883475,24.61171587525647
66,63.80979248097598,22.75952051513536,20.646366405238542,24.823067519953675,19.78112864111568
67,44.423411563277995,16.305764542573822,15.974259050016194,20.11785010920476,18.366466065793865
68,56.999187130346606,19.19328180252398,20.705262379425488,18.57077483382057,19.118910125546936
69,51.0254542024358,17.094253410414126,19.126737031980184,19.755396262584576,20.271470027943323
70,59.073118644999624,18.282576684307188,21.72162152834189,18.70929640130679,22.03164440788821
71,69.76731183273913,22.00429962468413,21.759221143620064,22.054497797803087,22.974928868897404
72,56.552640001575064,19.57230932930844,20.476354258225868,22.003447971022624,26.801708654163622
73,45.47395892460502,17.61351672912988,18.989309643196492,17.152607721975723,18.09419768096557
74,49.56090087069857,17.466238336784016,19.844613894795174,16.88574166931809,16.338456383612986
75,52.587187002887404,18.61702001670393,18.242668550980962,18.295781212819744,18.69562123749873
76,40.12876742067573,17.26305138382785,17.565705578186737,17.18969960437623,18.631076747418508
77,60.16539503329279,21.76528659868456,18.402654055513604,20.737847216003452,22.754586072072293
78,58.364683054057444,22.465987036714548,22.320486792162455,19.11148643482621,18.176498613461856
79,46.07417663121497,15.583183955659436,18.683868661943386,19.267736923941136,18.15874497327912
80,41.023786982593506,16.219467607604116,15.932236206550634,15.099679164435226,16.416639964113074
81,63.13462966665331,23.155516244450144,23.326818491475372,20.152847069271466,20.744870238584014
82,39.432458008705055,17.077016348059075,18.190950945242562,15.995132759336279,18.39845690626129
83,66.90903517536215,23.208741605747534,24.04559546647872,23.500358670468028,21.522299475503758
84,40.51243950380863,15.845395708904336,19.811364940256684,14.608437425108317,20.11191957194882
85,38.11624208493842,17.435885072438072,15.764461335436417,18.842518140138143,18.043671332946772
86,32.861042612818665,14.580897779825138,17.16784985768114,15.963059604016706,19.45625063052029
87,29.868794541831,14.864387444636515,14.734554259141257,16.96715563535541,13.320075607514203
88,42.71101469357249,16.986165278926038,18.633570950259998,19.7388064920927,15.484333774177266
89,48.051557281532105,18.649739513527972,18.630839095036798,19.416323173487168,15.109991346632166
90,33.33667551154812,14.071130750806118,17.224697929726908,16.922561824641065,15.941876440182668
91,18.838618996143282,13.72052170189355,13.260403276584203,15.395417689653264,15.716763809419557
92,27.241654425898332,13.408995311400842,14.15304738065199,14.43555093155471,16.781030585024126
93,49.70442436981186,16.65986236524942,20.345301081805765,14.603729658953187,17.802610457327688
94,66.75750707453354,19.7572007610621,21.819342545910054,22.531059091787053,20.434566059726663
95,46.18453765168765,16.35439582444227,18.255658002185587,18.93061490532596,22.491750010919915
96,76.0424907853826,24.34798325063867,24.800482145056183,25.784019547697994,25.54397936071922
97,56.22235730208165,21.210061778616723,21.24908197896693,18.213845769730774,19.34238067883686
98,37.95416352787939,17.749945880994364,15.71958272410256,16.12376474449451,12.124102702477455
99,55.62690963459524,20.549403114839823,16.11894405607344,18.84963725387661,20.1003221849833
100,34.01395939733602,16.457603997350112,17.00957463877223,19.042551399509325,20.958430952383164
101,45.64227739134013,18.18624012124166,14.37832571133549,17.701814520058704,18.158098817061692
102,48.97417275622948,17.602172679493123,20.546002452585775,18.617624470632528,22.792474301917927
103,52.31107000486145,21.38759032285218,19.078436968127264,19.63828330503102,18.369318360197717
104,68.91801762349658,20.933068529184524,20.168499641618475,23.330657843181953,25.7237196021582
105,39.242025052002774,15.72865087853395,18.60426014151231,14.152221872569372,13.565964523032447
106,36.895415717002244,16.628340271604863,17.88433695059501,18.09674256907268,16.246889564814722
107,54.85977983791208,16.165697768739445,15.790493931211648,20.647695821700875,15.476869974790686
108,40.30474249316857,14.20100880771707,16.833368351485056,17.385337420006,18.5679916214438
109,49.3573910645801,17.027158540649694,17.700731635508962,15.37794290569385,16.032915552462416
110,48.84291776552817,22.035304265824212,18.01310531640033,19.248077471811616,17.150166358476532
111,50.5620875550276,17.429828219556363,17.418398878939993,17.92060692965987,17.34676309334628
112,44.531685389705274,16.99496542085944,15.239457738231923,18.223604969861807,14.910484492544125
113,60.93578683348216,25.47979979621692,22.290163561680096,20.806897890009463,20.003282254004677
114,45.58957181309838,17.80466739072194,19.13721303973474,16.709624539760284,15.443875705640297
115,36.21352184924463,17.777571864351078,16.119774697149587,16.0182227244784,16.211088584073195
116,20.859356113468568,13.09077226891657,12.026955840603646,14.320621673192544,14.014224999454395
117,45.533757947061304,19.73339100216178,17.828681119311923,21.181960485258813,18.849927753321953
118,50.101775353567966,19.22679895745418,18.385625607379943,20.165958058964293,16.22524123401724
119,56.191890706747415,17.735952151568263,21.79169285824193,20.119382991904956,23.111885030955328
120,47.91408976897284,18.22926084681511,17.177740600607894,20.216570630019973,16.397782031105013
121,41.30073626668277,19.791354884222443,16.26806306396079,14.975984439413086,15.976814109206988
122,60.15074715916463,21.065214821597042,17.766876259085358,19.865185170265633,19.468633468418517
123,68.04237546351905,21.91566327299473,24.4945393888096,22.82341907458217,22.85308057508605
124,43.45519638829649,15.808456844028129,16.005331012001626,18.36742611942531,19.728975067960832
125,58.16420583562619,22.932721344282072,20.865341709261198,20.486119631827574,19.87440218862977
126,60.57266522844991,19.88328219362473,18.637002572559176,21.230947742204,17.276574832392875
127,60.392048830706756,22.208909920195754,19.81095962711057,19.452614451197757,17.61159020973962
128,68.10934670118267,20.511957223215273,22.760080753898148,23.11983847680068,19.299128791402207
129,21.355423912364476,12.204876544734825,15.357309211625383,14.781354355803906,13.52511047427497
130,52.08366292883015,18.532701379930668,20.464855627783223,19.473922612159477,22.14751863735147
131,61.363027067791535,21.43760965544845,20.572799644051404,21.050995484668253,21.16340350626463
132,66.14035279862311,24.051399991196778,20.87774224987227,25.30307103959304,21.04101661970287
133,19.549935748166988,11.971717776989685,10.623661605634881,15.054880592754332,13.222218366730578
134,50.083008459962265,16.737520957439393,19.602149935748137,18.280313763207054,17.420840023737515
135,34.48760748707079,14.522476082332968,15.209043960070433,15.320277311251008,16.05748204701556
136,51.911200904003465,17.696610545274563,21.964561769749672,20.75217888055288,19.144742257500646
137,58.62769056706183,18.754763553664347,20.719037170549225,21.95330582233103,17.297596759585257
138,50.68445927286723,18.470739952787603,19.99365752733314,17.554955617680697,19.098972636155008
139,42.20075346275886,18.358314322970767,16.857384902352198,15.475453275339001,15.446783377710736
140,57.87840803559992,19.95334996951609,17.925535682691073,22.07014417233595,20.179721175411665
141,50.61334439543742,20.033411799578133,18.88268414657614,19.119676218445107,16.152010701645793
142,70.72662237580295,24.06013525610424,24.626932779544127,22.598320199419867,25.10751995040499
143,58.11658518144387,19.25526485869966,20.878795727283038,23.715890065648892,22.719528733765685
144,51.59698777570407,19.081330037513183,22.380275018667174,16.37342151245965,18.46534548702162
145,41.78450956644429,17.086679724926498,19.027872280068763,17.96644874236671,20.14848276670651
146,38.749299249955136,15.436679413757362,16.23761834658187,15.539697914320465,16.41657699324322
147,49.5174235690952,18.731558734533653,17.99795027262867,23.356515554342753,23.05533801613306
148,51.961374280787254,21.91430780187267,19.549458753874415,19.976259261909448,16.574249769651725
149,25.578638392762016,11.71802373569787,12.796303577992857,15.155084195813199,17.40432976605811
150,40.32011223141378,16.964610571442332,19.548359759989278,23.109415091172544,22.41310552749605
151,28.00907031605888,13.507792196561807,12.001026780994666,12.32383847814796,12.115497055886257
152,22.78776425253299,12.953508666280705,15.109034151253379,12.414431486427585,17.506240065186375
153,41.967602908247244,20.406753157440505,19.235942890101665,15.707972646977899,16.595444347042335
154,65.77393703798376,22.61834799073727,20.73255090275653,21.601768255460556,21.07931372502123
155,71.91667346823294,24.793863884934584,23.073884083359644,22.796842503538677,23.961295964397916
156,49.77594520880436,17.002613946443542,19.938045386349323,18.938337627596734,22.141526033071194
157,43.298192470229665,20.443544842235127,18.217083020949328,15.825370218921593,18.985505017098923
158,60.45217218007696,21.683536738400672,21.851978270693245,21.634569940603914,24.59993632995849
159,43.89387100039135,14.997869571666435,15.037815750299234,19.118807086015508,17.855849801288237
160,51.95707816958313,17.902697168951658,19.785681295356394,20.030757244404064,17.383340366736103
161,57.02150114161127,20.257479522128868,20.26283961114845,22.007618969357367,21.63716892996003
162,27.22057803616467,13.7507369224343,12.445939172546607,11.314280245872554,13.529004034451225
163,66.58095029117673,23.19388045914416,21.083493117094147,23.067857786367934,21.58244628752379
164,54.638453775918485,22.091139600020366,22.882720339692888,20.647442104238042,19.81268516161225
165,66.47052141442535,24.921473348250025,23.650538015619983,21.610312232479533,24.200686775468814
166,41.27215374302488,19.279160677493802,16.679971723907606,15.42461674347753,19.0418568686346
167,47.78473041163828,21.657579936778212,18.974984446913155,20.475487254170915,18.271216595291463
168,46.13994582380106,16.818365384314045,18.429907368860484,17.605442164348535,16.762938150648168
169,47.86037814357491,19.647342314307046,17.729971995695646,17.72629415727368,19.22700186453463
170,66.95976582018947,21.07757243016984,22.461253410085,20.370098891480218,21.910901117077536
171,56.31690674756927,21.003829211344968,21.1648437767742,18.61669574201477,19.591937200449618
172,27.67397331803742,12.6573966979494,16.363129382965273,13.87726630553064,13.485415140824463
173,54.77215176476079,18.78559794803552,22.76560928365957,18.129625691367707,23.310657479460286
174,60.87921919786287,21.107429481224838,22.66339958116214,20.923816514998908,22.554481783278185
175,56.92379968064321,19.325537858680043,19.23843440774214,19.65276090334254,22.85874921431378
176,63.39346347740725,22.585696204260156,20.754786661627687,18.74392043769869,22.805471679588106
177,58.384952868647154,19.786789327192697,21.30809883417291,20.72499772407045,22.33075884398537
178,47.90760898427628,16.66754622323521,18.11272281353827,17.128710250186185,18.27957477647145
179,41.73605453437975,18.888578583292922,20.03615469623363,15.663365890179566,15.594718730318421
180,73.09086825845526,26.360165458703072,24.38015750731302,24.65226750150993,25.588244500298245
181,16.425842544555685,11.88815763943096,12.88226601357512,12.931740828571641,18.537294289746256
182,52.75659665847091,18.793828455982858,21.34473339952589,19.657559905492775,21.175378331676896
183,28.92664582472792,14.421753326756138,13.418663306178939,15.692336165186864,14.652570225137254
184,35.76192763016549,16.981477651239,16.58673481988751,16.36495508070044,16.018042388281597
185,58.383040456185185,23.170228630186017,20.589651257365688,20.9577455739799,20.226527365769194
186,29.88634755431073,18.601444512125962,16.28883777624275,17.83448168691311,15.694042022976868
187,35.13796537687477,14.843739537923549,19.692896882964234,16.114452748875273,18.223642838425512
188,30.77576103359812,13.200275681470842,13.692787081270815,15.339217172406023,17.43800178380686
189,49.13398803744647,17.056571308559008,15.936590863401454,18.862181503024498,18.52320026342405
190,65.96962148051514,20.994301252148787,18.81612109466245,20.36415283055205,19.301987077308226
191,40.30332309069033,20.876570417301703,18.41311931570123,19.657252467143337,20.800902464430788
192,30.83364979585618,15.652297134550157,17.525761181524814,18.16129653688242,14.371779713225175
193,48.81672312515104,18.21710275625139,17.423517972173393,16.074228688537975,12.765653041295572
194,29.67893916451063,14.640582305815602,16.773309673194255,14.707208333070744,18.502935495495848
195,34.79653279268462,14.007243852545896,13.95901624968508,15.552515547493087,17.23106747341581
196,37.094607882114154,17.984712284851454,16.888277086663358,15.908941556174689,16.279842820601274
197,34.247219934843564,15.734317590936644,18.005001450445256,15.255994164669941,14.04198790396441
198,37.3160565440853,17.83877396144984,17.61142871396177,17.221063229860274,21.74545041875919
199,53.92668012262041,23.187481708293195,23.78920456105771,18.29206338566287,18.21738210356994
200,40.68156120058543,17.073566920974073,18.931887406674257,15.122155751301772,15.898578190946075
201,60.34152858239816,22.348671710335076,23.171067941367326,21.397427841295876,16.56564000586256
202,50.878693435090284,18.30388309426429,14.799002156738359,17.418804348581528,16.340600366234955
203,47.980570483654986,18.58233480913504,17.489962577443897,20.510743887772755,18.653599743765756
204,35.40444553992985,16.608819062088518,16.861554131085597,18.54742922471112,14.243309385106606
205,43.10204015051995,20.20741534412448,19.07297136851323,18.536075668368927,17.259527808469905
206,61.48049320788513,20.746820237090034,21.282190217617543,20.419059438370525,20.36925658187337
207,58.931836299736716,18.70511732468023,19.618893642774655,20.877951594076542,22.154910738786704
208,52.06824636354973,17.344627169512368,18.555953505115713,17.066820558935202,19.924626524649955
209,24.64938729887901,14.807776996008732,13.822366928133624,12.22203983630802,13.373667335300345
210,32.08087720024458,15.039486138393086,14.780195233410511,13.882230233333459,14.13881715089012
211,43.66746281757683,19.305585868805945,16.096066444300934,17.77913584480847,16.479501930858802
212,52.55955492437937,21.90999122897561,17.98149464774935,16.279366705600964,21.51621610855193
213,50.20010485986391,19.22537663591488,20.864371442867704,16.11647941575401,18.146187980029243
214,26.606551708724567,13.212840374638226,16.543493099210693,14.70656447945938,15.842872378115997
215,39.76284478847427,19.63452296944835,19.031024076825716,15.89790911997972,17.359163947302186
216,40.57884943650013,18.154220640024345,14.625476672365775,13.639674287745764,13.151018142457675
217,60.542071908180986,23.53786112563159,22.507747774945905,21.847205069358598,20.808393466816383
218,30.520529832611665,15.219877366454764,14.333504766665477,14.944471797370255,12.933987724938934
219,67.28177809024449,23.18412801986356,23.782296512742445,21.76581712248385,18.959163292732278
220,39.3706053570874,17.16215619240562,18.82978926453889,19.681672135348965,19.25044236593687
221,36.16279473721818,16.61367161199664,15.387525248090036,17.54053641461376,19.621431856151947
222,42.127559838991324,17.284705927321383,18.037227206261274,18.163655209395273,14.568523382334783
223,33.200454602438256,17.56258164601084,14.080256348266376,17.259716196928427,14.77044812059371
224,50.361729989057935,17.852497087876493,18.33635419229286,16.44676909805654,19.532753317932418
225,45.183345084825824,22.25678241171861,20.037910764970885,18.57709813847664,18.84228286197859
226,43.939730440648255,16.62223786557265,16.791432077126522,16.14899738272214,17.917955337814984
227,54.585603810071895,18.57027053340022,20.26007097800252,18.504329839623043,18.72091403975252
228,73.65851287348086,26.035829512740445,22.74534665902327,23.627878745151058,23.136363794354867
229,13.587726247207655,12.622801721940764,8.062080963057285,11.565719475254443,12.17236781711753
230,60.08877213607931,20.5301618347906,20.149291275013766,18.733823963703298,23.370938932181613
231,53.631309558580355,19.082043594498348,19.100357730443395,20.164596683446284,19.583055614650462
232,22.84231517888616,11.143900655821328,10.545781025748692,12.363292128148931,14.33572956521715
233,35.09098529458949,15.03623610073139,15.727281821388882,15.909454154227959,14.5776373363158
234,22.287943816753774,12.789340735299145,15.224770529937274,15.497656241151848,11.489276055242192
235,58.02813334719252,22.11778828088031,20.465434145252267,22.15246509518997,16.15676201406331
236,43.56445187685873,14.104097945503193,18.378452555715715,18.475415816630644,16.307229929486194
237,69.30582006823867,21.553262140738397,22.768579878438693,23.81563935705088,21.658399063429467
238,49.73656650271016,19.0565547648551,19.257366049511038,14.50786330388536,17.89392800751097
239,42.29154680210303,16.318859440246392,15.962625845487871,15.222143585066554,17.131003886456245
240,46.5341184963006,17.109745052726893,18.999591560665777,15.553278672087368,19.584399501745477
241,42.490623230582855,17.383698116959085,16.02315833353772,17.221891485417434,15.480783967768195
242,65.55853292363038,18.361884565402015,21.049102260745222,23.552130488051688,23.46535103538307
243,66.1013655973741,20.35274090518637,20.540424021957648,20.425590515695077,19.45933838543005
244,27.139935436941048,15.298603937880442,12.752282308366704,13.915045764998068,13.053421250722042
245,57.94646501747012,19.285791549363193,23.221042268075013,19.71407483811052,17.053052729606442
246,46.952303998571054,16.8077228526947,18.43056318485688,19.037128330459627,20.721334564185867
247,30.44758344263775,12.472939249749912,17.384048795638165,14.479716746671578,13.756394521753966
248,36.306543783288774,18.177128012542056,14.686354564091017,16.701281396858384,18.036343635730383
249,35.02714316432872,15.77274890096856,14.08344960324697,16.71408514299167,18.314755361340843
250,41.594701011806414,17.019041454923585,15.320939616076739,16.100531520341313,18.599690523553228
251,48.25048329811274,20.12344246634349,16.3621429729946,18.75378222316481,16.71371252151894
252,60.027401527734256,19.329551465789773,24.61231661016506,21.20484679901642,17.862688069500958
253,71.01296110534324,21.73725707329555,24.250269258131972,18.782850752188352,21.4497660542106
254,25.40431909629955,16.04433006122924,15.554702991883524,15.277014148187133,18.710983998504314
255,39.15526140971146,15.919011806342535,14.727463492617812,14.079144798695197,16.180429453330103
256,28.49100201891727,16.18552089335184,15.568102987206123,16.328373673650955,16.092259700479143
257,55.262892939115616,18.280257842928975,18.671715305442085,19.5980165535131,19.43081191375653
258,63.21981813424393,20.94027273160597,19.904208694047707,22.706031405870768,22.811518755194584
259,37.248929935080824,15.806163219877206,17.94141149014004,16.548806415253203,15.960651179982488
260,51.058311066937954,19.728196418999882,19.24576053096304,16.629945397624645,18.10243410192598
261,75.88206010789995,25.34112789340975,21.24844333461607,26.382360330432576,23.300464422168563
262,70.71724730546627,23.356471891289367,23.85326657945111,20.45280532772695,23.810502027794172
263,57.89587741188858,21.317755326393048,23.47927900490803,20.374081879450145,19.5086852407706
264,38.45137628826991,16.761897139101727,15.068505684966551,14.909138498535038,16.071677016440383
265,50.8246315621263,18.996731082336858,18.07264790758762,18.836173805315106,19.541834184891112
266,51.33327193741467,20.30143349347144,18.133551128529135,18.274846900096367,15.194521682862336
267,52.999736986396286,19.19340907284243,22.58867266190365,20.080965010246896,19.542920227481055
268,52.35965813186482,19.434573932062346,20.03023447001865,20.39573029962456,21.416570803554833
269,57.26496205569549,19.214171759151792,21.958679665462384,18.58022399674003,20.26918010060643
270,52.49759614660967,21.641165772594206,20.60815963761496,17.75172858045482,17.503883484690224
271,52.25733973879274,16.2983184947978,16.132626613667657,17.631358912156934,18.7339495984521
272,49.220003068357556,18.188727890543,18.39181179460711,21.14991287205415,16.712055432169773
273,54.55085411362125,22.034276277907722,16.722938707717148,16.250950018611395,18.66665191338562
274,47.6874902990035,19.029111383324885,19.404349365582966,20.699043678183546,17.106601895351425
275,54.80124260100215,20.255037242391385,19.74317497793063,21.514967483350183,16.78853190111927
276,32.715454479091775,15.65807550118394,14.856046889302839,14.241464392455292,13.650941967859366
277,37.35798726776295,15.320148698498258,19.329631804760087,16.90623765780318,16.666362427285748
278,40.241092350185376,15.604439652326914,15.26753866988117,18.690859790164648,19.258718821508115
279,46.46408542551117,19.799838690402698,21.827952669297105,21.851576775228136,19.151581966617247
280,34.04994865631621,14.976348581120257,15.412281522747458,18.72565564382091,16.08395667257377
281,21.787718599303883,14.101623025677089,16.196412883459608,18.06686081897036,17.666889944695544
282,44.92142328116384,16.198295526509927,17.050263394603576,16.992397848272716,14.687450644506317
283,28.288777016084776,17.13439016057487,17.434068716738157,15.828311402546518,15.18668812686894
284,48.77414312369336,19.629994198964592,19.402656057293957,15.49532598398074,19.554134480124112
285,54.52209942504014,22.044115892860432,20.284916110737313,19.73892870024301,19.49410029547459
286,49.926068159453024,19.751427806438915,20.0902733853667,19.298962915662308,21.826535218888
287,29.428887617274857,15.137674749148719,19.312743268933858,21.177738790047577,22.60781549519213
288,34.65460368531307,14.581475796122746,14.531281231713272,15.626367989025946,15.775868191707431
289,45.49086946526826,17.93254250197394,17.17388190579908,13.4202975759552,16.64824360150149
290,50.95411644899577,20.878591915828764,24.466633825552726,20.33144464593677,18.55678554594838
291,44.760218225544165,17.688451580729073,17.751450872827295,15.880212856492278,17.72403544476469
292,18.54042590257077,12.766484271785654,13.935377486390658,11.318530815838844,10.929997303209902
293,43.111701986534726,13.798582988353992,15.813020243817435,20.055769599810862,16.054447178387488
294,61.138271422493474,23.441264765094807,23.028950543057785,20.71825326345189,19.69388719748481
295,51.5090711298477,17.964529852450568,19.07935007026265,18.88617609530653,19.528663344878378
296,50.32014001593521,18.702744222740407,19.86204921430696,20.145793005262007,18.171823357012645
297,31.87425876437187,14.22626697650462,13.951011178032742,18.367744148810022,13.414617058136228
298,37.682835899315236,15.4886522945188,16.170680647112096,15.920002732704356,16.376781929702922
299,22.170183345933637,12.092369575739607,12.461743633408364,11.752438719448271,14.797915240096618
300,33.47598841988204,18.845168220754488,13.311163348939637,17.56256357379216,17.978056440756994
301,66.878094316833,22.99281488567733,22.89689320209434,20.293124593958392,23.888344513118938
302,37.108518833457545,16.767667923814184,14.61599458398221,15.056514252918792,15.48757166049403
303,42.27256467485337,17.4997408831247,15.722063655665973,16.99498273910189,16.46544720144187
304,68.3993627983738,25.31693730533343,23.443134558024028,17.704497831143307,22.362094471851155
305,26.304531291834106,12.728412103788905,15.175605709533496,14.28812759146909,15.162595181346603
306,41.06580648897465,17.139163286194123,17.266264321262142,18.30286879364623,16.725928107487682
307,70.70050058009673,24.85819585803517,24.469632966858182,23.874307498346262,21.820810753791996
308,51.385444769643875,18.280083439861723,15.793448011769442,18.949248970368508,18.43427478741893
309,61.05319014621745,22.763848626563476,21.461190974102717,21.29434963339445,21.518630980544923
310,26.693187894065566,13.666879154664922,12.483057747134612,14.961689768975884,16.023023156213174
311,61.940281494338514,18.29954746252696,21.100134175674103,18.626874663158812,18.832827518024956
312,23.77310623978652,15.118404859343144,16.719177355603545,17.86365961148553,15.396672499127629
313,25.24343157442762,12.678082993253982,13.818974946266732,16.552923906038732,14.769340911648657
314,28.010086904593717,14.3702720561062,15.208889613154662,10.623605454633818,15.955768808331122
315,56.36274593688992,17.057552669656474,20.216381333270988,18.68289055371736,17.34166953000753
316,52.79237777093454,20.59843249865786,17.893950323335886,20.203898024886705,17.85626512606259
317,65.97353239116968,20.95595348473687,21.519234315308736,23.197695412934216,22.21284897339426
318,50.518877117060576,19.009266280725704,20.556626020681737,19.21575209676358,18.262146964859557
319,65.04530594211734,22.86005597235643,20.837335506679832,22.80084570460898,18.98452119297012
320,61.325011189383524,17.57480480766374,21.00819975307821,23.081470602951747,18.54342865276923
321,45.34952766324353,18.397140545356265,19.95567342466455,19.16338900461344,19.47166938125823
322,46.632009391331515,16.428509615620484,20.036861549358918,17.27281895372765,22.2818677544639
323,57.791315427337345,22.011265468366986,20.744060730770777,19.32583031514996,19.940421078623782
324,54.28283093643132,20.000218972671526,19.86807848689117,21.276254055114645,15.36706292562983
325,39.12503654274133,16.768424430350645,16.675574790564383,14.703971868238018,15.42534485518354
326,45.06540730409384,16.368199346656386,16.654676997712812,21.025500944736592,19.91334620480598
327,15.665694047261569,9.7517907053206,14.723944057405015,12.692555490068017,13.722904035612494
328,44.74593349983339,19.405422863497513,19.784250069300334,19.262432964306193,20.455178387096772
329,56.06539255743242,18.24434114798706,19.985789220591283,16.8109943898084,21.098671032219382
330,72.77935576829479,22.73349090844409,23.735957841871155,23.98751846144411,25.107161833837363
331,69.23576862138002,19.28492875690318,23.81779328879491,22.980116605771933,21.86527448696806
332,34.02461482394477,12.988000391293419,15.484703799023137,14.424416113484725,17.610201359557752
333,65.83637915587012,21.196142313200376,23.726107440364537,22.905453513246552,22.76291346598933
334,68.1107923322013,20.213388719785147,22.01602588403754,24.70857053778105,20.701017040214115
335,52.66736818314808,20.371486328981845,20.407977203747052,22.125731633331785,19.947499487620878
336,52.84924821558209,20.70389547491418,18.547769296650557,17.46378626137256,21.371769029451514
337,49.378233198067264,19.823079807671476,18.672504373223344,20.363382229832172,20.9485020349639
338,52.64430791960116,20.079120477853248,22.625865591131124,22.0549858494233,20.921489281481787
339,49.50732268254597,17.242921424942807,21.01432460850766,23.650964517489392,20.08884139032502
340,38.23074094982017,17.623312500687966,17.01429604050655,15.44251402781383,15.139254615389348
341,15.726656888401974,11.91487914957121,14.398528041359494,13.06818640275291,15.580691557440273
342,58.49681419199166,19.747309661134526,23.178394010703318,20.258342753351194,16.133250362850774
343,58.722255699127416,22.036285873541917,21.362592341139187,21.09887178161946,22.29653987978555
344,52.84269424761381,18.360120203826206,20.591405608502367,20.453358684814887,20.09104530606079
345,44.217636847853996,19.42796683286693,15.383974367128715,17.692899331521037,17.19699266545562
346,59.95726954,20.631153398891765,20.86477907883411,21.130254624702705,19.651858828889168
347,22.022390877154667,15.44841245381455,13.306815670855494,14.678472724205097,13.161471451555691
348,59.19260570005589,21.59215950424485,18.770668812466667,19.56043907568739,21.916138892771784
349,53.743052609546474,22.79408053862442,18.214700833715767,24.15704355125519,21.531605359123795
350,35.43300149602228,15.3487291770345,19.07014358335587,21.225171915369206,19.904061458825876
351,51.46104078957976,17.946656459593875,15.917805563625814,17.217887432936546,19.381578207667545
352,79.49027357240624,26.27605800046146,21.41401302427554,20.410326820759117,23.312241616055335
353,58.00646201513323,23.954076178825666,21.705098638948584,20.97954855788988,24.25858110892428
354,65.03720090256232,24.989734537553566,24.52665645467595,19.86795326227913,19.868741532377026
355,48.50318926441995,20.389307187993385,23.383258972800085,16.780123746350274,20.382183613351735
356,31.91379454985356,13.745360286141631,14.386607687952239,16.446472623581407,15.617856515268603
357,50.40567806786426,20.926195332649613,20.01723748913692,18.108215991483647,18.180776631412314
358,45.65057401519338,20.582099486745097,17.21107682545944,18.727276465451318,15.54699745394913
359,44.21978034776582,19.7371574203099,17.341421726766203,18.87221777132058,22.99133463117946
360,54.428032603331,17.15362363769587,20.223709229963426,18.66014591731115,18.996401604785625
361,51.50098148508959,22.888351723950205,18.807192380490754,21.583829471614457,16.308801127642255
362,59.310214616421334,21.751456936361034,22.764901919414772,27.14856770781958,20.942224898355256
363,24.99666811677509,14.464194768713948,17.79773606533372,13.869822291584988,17.197461361027614
364,64.0754384725194,22.597836803380627,20.209504070696454,22.193807999777423,19.5893878332857
365,45.70927079854117,16.606236066030704,20.26210851889504,17.714587470767473,12.823920220571068
366,51.31561555920944,20.0424984778673,19.80277835160995,20.440421176864803,22.880565449140214
367,50.82765759690692,22.93143682128866,17.7543206662072,17.891790606284736,18.261070995402033
368,50.310208431329094,21.985467401939367,16.80683242791963,19.869897280375007,18.97603940793476
369,42.83119815566424,17.6084442993881,17.056342369399673,18.62224087455617,18.849709018472645
370,65.59702759209073,19.356803466599533,23.711352956090337,20.79650211623596,18.882656270175115
371,56.947409756877356,18.11777910503417,20.039180238206683,19.170137440029052,20.08640408207721
372,59.779344200324466,21.510337398144458,22.893931444230034,23.62303103197468,18.62727208237322
373,51.730595538175926,15.766377817930385,19.912847398429317,16.96676069430562,19.87090405818684
374,48.89950681766438,17.097094511750985,22.727950014966325,19.38394107629128,18.477146947940415
375,41.99511608842213,18.59602512587652,17.146027272933505,17.17527298187134,19.083774372109183
376,53.503218242941706,21.143097808119524,18.736754644070633,18.0655459663198,20.11426262917599
377,42.904308966598165,19.365765010995375,16.700454567178866,19.27521308628114,16.6963790813639
378,44.62555371927529,17.834758736198964,21.030611017139226,14.418757615297345,14.577807144030173
379,50.671502703730695,17.120863739739683,19.860684129723218,16.763270308249933,20.218103339393725
380,46.986483973505244,17.666637889422343,16.793591539013175,19.168528617183675,17.198803207457797
381,34.179108720273426,16.849390734283872,12.012563725568974,13.426325605952217,11.765889547594806
382,47.75608573167793,16.189445186457593,20.12614342071982,20.3423632975117,15.530538277252294
383,41.21568501356495,17.18953967178674,17.71018720224248,16.766428016490686,17.986302211563714
384,46.01279004044401,16.199130740956743,14.284175025552239,13.813537926043676,19.370904645738136
385,51.76566193587803,20.986693983915902,18.504058698341176,19.690206218941047,18.927294969275156
386,46.14345593900443,17.838391776686574,18.124066276804026,14.7175315325207,16.183525824075623
387,36.24073536890718,14.918974641595634,15.955398109264841,19.12436952045067,18.44113916767292
388,53.654554232062054,20.804998065810793,20.09571915469404,16.80576722649213,15.417560285360707
389,51.593984261585334,19.834733582408937,15.9860411721929,18.400800472130015,18.121680808624422
390,52.517544890965674,18.736504588487552,21.426993846244915,17.697843429486866,20.07784417225395
391,47.648274245122586,20.154409760714874,17.049635662935028,19.115703502917096,18.57796178560129
392,25.5476650185818,15.325948543102172,12.661591865206269,13.135356327970857,11.2366847423007
393,52.56381354319877,20.15659463563508,21.335647602088567,20.367387462634795,21.454645401161358
394,32.40322717100803,15.795195408608011,11.658909395134444,14.657606048256593,19.384657843904325
395,50.80810986778312,20.97955405984541,18.801749235894285,18.64990000773545,19.014802702824635
396,44.623024623460026,16.953270869663513,17.919404186212045,17.51238689085676,19.39518874856626
397,75.45733734747346,24.38598084941055,24.284835444718496,26.570609218806403,25.923259443445083
398,19.81471145238912,15.286497303547316,14.803467250483571,15.595166856441907,16.124738601354466
399,44.687397511694385,17.968105726232007,17.92025963551713,16.550691445988228,19.067734749354887
400,50.10093003135686,20.94999120415725,20.025446712764197,19.640530945069663,21.624161710208252
401,60.016869176558366,20.331176617447163,20.326276919567924,21.338445141632597,19.237582713327114
402,45.02753229789765,17.923736985960055,20.14859323784127,17.084622004395047,18.495549490798314
403,46.65648926472267,19.784684076874772,17.856626263150527,20.031194704520395,19.168902089290345
404,34.87334091234374,18.527887953603788,15.174453071038243,18.249301776957914,18.100939166462034
405,35.18309416595887,17.309032377495242,17.21566235923351,20.569076057051767,18.884990058987764
406,50.87844367785134,17.51352241600832,19.56652710563351,13.88004444943263,16.03437667986747
407,82.81291849435112,26.473405836308913,30.89057136825523,27.477263114886284,25.957312374355276
408,76.31413054877444,23.40971138399157,23.92675825532467,24.085157216172174,24.80615620509319
409,50.97256780763777,19.5787873151812,20.92168948789597,21.67845315396718,20.243610010004907
410,60.857516339957904,21.453865272869727,21.276563199421073,18.247041525792945,20.724056464657792
411,44.62498445393388,18.867957733962992,20.049645361623465,18.524203333636887,18.65418829197864
412,56.423739633805106,21.818238616231028,22.32274794990636,19.777599846600662,16.64943781810501
413,48.44607058067435,16.10283274280061,17.329891112015993,17.429502414557607,16.875422002606836
414,71.65271808642314,21.199326602416363,22.50074709956797,24.476920385166704,20.872242975184353
415,18.736026217921317,12.591187787682312,15.92646539695552,13.902055893445107,14.195575385679694
416,42.78435889557664,14.879179954787524,15.808494229832483,16.299602526723476,18.076002181472443
417,34.21319724367492,11.586006858560664,16.450186398907544,14.210925328919933,13.508468584745282
418,32.01980983856788,14.620573179269577,15.986810027788593,12.511660325386455,12.441989815044606
419,49.98052138798621,18.759681882537638,18.259751027276415,16.577149345332394,16.842975698706752
420,77.69663602779077,23.147029908634984,24.32222453331002,21.77085508685047,20.383828787159576
421,28.868821755311735,15.662128145485623,16.580312873443035,13.120971874324097,13.446427302901688
422,17.646856155984867,13.6007795934978,13.496068458957602,13.920827150958218,11.097396897159646
423,15.456276401584532,16.60572084734015,12.93249023897067,16.031935398514612,15.224017656682246
424,33.324070315879936,13.750731691627399,14.69463701817332,16.818685015522636,17.869833292575592
425,42.979484099492595,19.17057733123192,18.781917235549855,18.549445155009504,18.73217921855153
426,22.179279112863707,13.75192469067598,16.300810132875235,10.05861014351562,12.852438360799702
427,40.768977081095066,17.00212098794083,16.07945490852787,14.883634386092888,15.54817959228351
428,57.222005989069224,18.92502725498534,22.50795162809588,21.067109575120504,21.80054835705204
429,39.217188712201995,17.932143083609102,16.952101976464075,16.081040118057466,13.121053013754736
430,30.232721587820166,17.351222222590877,17.504108882015867,16.268298091564528,17.43749970840435
431,44.59673163795761,17.902749796202222,15.581088920970535,17.905336986049694,15.961002580424058
432,34.7672971379923,17.766289368600113,17.55954366136374,15.01508543876473,13.266450192982813
433,44.632581889193595,16.332645401155943,19.10746902927875,16.28786986658974,14.7803898624704
434,34.270477211129474,19.754562644361567,15.71546449683185,18.181323510389575,16.707084496964292
435,66.33188764831729,23.920423725771414,21.604153609423832,20.779962456991257,20.868821230926482
436,64.37160784736085,22.174090452562034,20.465445638955647,18.74351766344187,23.09578880902042
437,61.311802962874964,18.77919071902077,21.819373476377155,20.6548816173395,18.66049373544909
438,22.632525705778363,15.107318466464509,11.348716281979629,13.647678123194716,14.132046909112201
439,56.27076424540365,20.729083362797127,19.512756717144246,19.831937825723347,18.516667420614347
440,55.14647593011783,19.2578137267448,17.92664075247777,20.16690568136653,23.712787814658615
441,15.469140965186625,10.679857245730988,11.677777173563532,12.392828060366156,13.764576325872545
442,35.222305971921735,17.051610134670728,15.63592096296143,20.878604122271817,14.289239377333145
443,44.84950894337732,17.669681382018155,16.511520748607253,20.585658990458022,21.436482063750162
444,41.35115802344782,20.189354851532862,17.86484770871433,17.657898592799075,22.351754853430833
445,39.153668593375066,18.078660751467247,15.594096172173602,15.016732828806237,15.488891158501122
446,55.58044088209792,20.30605498874315,17.44672777771891,19.792467159763056,19.35479298387056
447,56.565310461881204,21.4246432048237,17.502581737225768,20.394618809231353,19.92393995977432
448,81.38158754672857,22.81918802631776,21.441182563994484,25.166383097104415,27.05641026583974
449,48.328900767768474,20.08669329870124,20.56630196893189,18.302335435710084,19.106700162815212
450,54.459821844325994,19.2890114681598,20.14816042152478,17.676277885681667,17.5228149230481
451,61.402305835651404,19.629025453704475,19.116602207187768,20.819527515984184,21.32803455097582
452,61.33196443126213,23.154110288621393,21.98178005370031,22.84814534861946,22.565730992139255
453,57.60692735602909,22.905648977946786,24.002125660265957,24.496502573078946,20.842651247959687
454,54.515193673291506,17.555472197132893,19.33611691702639,20.265387439514345,17.819915744334338
455,66.47890009922669,22.34219123584537,22.977181876107647,20.962817133345666,21.107858335450185
456,49.16657615222745,16.64184412286047,22.676344541522994,20.022333725158482,20.51174089246405
457,50.54439958994371,19.002687533847173,18.175021661729588,16.35163826339527,18.229840457792676
458,46.44780932369941,19.650278846558372,20.582296285484983,19.72673948634381,19.46806634897746
459,54.076751566454405,21.520144847197926,22.52393807634101,18.54983486013237,17.84546238976131
460,50.11394333791242,21.35611771493543,20.043316670539884,20.430987508194328,18.272374400695288
461,43.51706945925245,17.886481684195076,19.051755320137723,19.75863489605802,15.688778807402652
462,46.885221489203296,19.13489023981469,18.311648179787273,17.262238504181372,19.798423171130455
463,45.423144450196176,19.958158128940603,18.11691864065026,21.445808696450072,14.570250569292519
464,55.69041894547676,20.358538093981615,20.201129086641867,23.16895047088933,20.04757918006407
465,48.54676106344186,17.675434716256795,19.347296241918606,19.372997404747604,17.392449730369727
466,52.360715407048005,21.696631781674995,20.312587731108273,18.042051346825428,21.380166582817605
467,47.33669456863615,17.540169816785358,19.899245042705232,16.603096917326383,18.54395965361332
468,42.526093244764205,16.235043332875108,17.5367322274214,16.527099119154684,18.11161727751402
469,45.86282140555709,15.748756323789031,18.479799966430306,16.618827848332604,16.739500873103964
470,38.79384393722279,17.48729145332136,20.136120604033856,17.877846077578056,18.115159669144997
471,44.748360336478484,17.381622639329706,15.774890208926896,17.229246682081737,19.243863543383416
472,40.55685288963758,15.300699369999194,18.105005835591506,17.016867798503636,16.315377983179086
473,46.55415005514879,19.595746450923453,21.16777117440913,19.329502574170508,21.108097949541555
474,33.44530032028389,18.391548699411935,17.079386398772694,16.58041548272756,17.431785658532505
475,52.80394710746761,20.233163269330994,20.15699558785502,20.318722148665977,21.379468173525
476,37.08722980014669,17.985702446037646,15.768150913529421,17.153275788887935,16.847981488056643
477,48.53453717151643,18.852661917517604,19.3923992702013,20.97041971484037,19.741104453410507
478,47.288964735051685,17.278255061589036,15.805776904180956,18.255073789320654,18.403566353512108
479,56.34118618397296,21.042914400104305,20.439709093394097,18.92033108379812,17.248008740138722
480,56.09836909546112,21.066519825604114,19.769257523236483,21.307392275381925,18.999237346492883
481,46.73797103263464,21.648650073855602,15.523082631754527,17.731264158563686,18.00471151029514
482,56.44156747577138,18.372652111282203,19.762189284451356,19.725826842978368,21.238453908185065
483,44.68465364890073,13.746573698569875,16.243410572473707,16.174306855993894,18.769544479724473
484,49.083276839322195,20.115726659213607,20.860454232653993,19.005427258797557,17.272968463912015
485,68.96289048545133,23.936300947594827,21.7106393413644,23.555620795485844,22.06363565596954
486,81.15272076611714,24.215845183615563,24.124912206780966,22.818884289708535,26.561783353645684
487,51.70004176021593,20.37215733324727,19.068380788989387,17.28565237314102,20.343556450584327
488,39.82646203102981,16.998299143566083,19.46196731321838,18.51157725256688,19.922424916905626
489,58.181718325833586,19.725880189865954,18.028982785277513,20.09571975037497,20.242325197117303
490,33.62706320639686,16.32083848285732,14.215569436169956,14.975294688211866,13.061282639826679
491,43.137223665590355,20.422496099868393,20.491769089193532,17.77033828244359,17.658708754806792
492,59.01369665764628,20.023198988189694,19.69635592632234,19.319279874970864,22.45464192355766
493,28.3210075676673,15.35868954494269,16.238355845085582,11.882017953771218,15.696509303423777
494,55.67384881759203,19.76109982953897,21.039764153858588,20.897007999587792,22.102911168495567
495,55.51541037834438,20.134237968676498,19.187604846022122,18.800648120133953,20.835473410286667
496,42.4133240615587,14.079987833341258,18.775898143660452,17.693792058497255,14.94275282706038
497,42.18969604095754,20.03120040203803,19.333635269224846,18.39070891680801,14.687851839374817
498,51.362199818778365,15.102939720045443,18.2726453026824,16.582667312419787,19.34430868415943
499,63.2197065726543,22.13300176462872,20.707239074252186,21.569980330142307,21.936996697000616
500,39.599107910422376,15.695833877996549,18.108178135895173,14.988733096828842,14.703440304849439
501,38.56459126400774,15.279139741857739,15.556391015385357,13.60368378134961,18.46033073239301
502,34.74246712068921,15.050985687611874,14.193204924956602,18.749286326824528,15.319922531904362
503,30.71528519080673,15.114766366742606,15.812140471085746,13.675689615357713,16.862556075323862
504,63.68216439501432,21.37388449625237,22.173911328395288,20.19359734062099,22.613547358023805
505,47.999723523869555,17.798338074481002,19.452311625308436,20.241862896444385,18.944488499628218
506,45.14432378331493,18.861897907262644,20.129917934402695,18.466727922040697,18.003616654122794
507,75.06873950822167,22.272979576302927,22.009292944114186,23.467012418838586,21.646390225172084
508,23.935137228488156,13.24975609342731,16.384426565727644,13.347495384791705,16.68269306811102
509,46.943526111504866,16.763304407908908,17.033159109163392,18.618794050741226,16.16484545424283
510,46.067367957943986,18.31347076091564,16.001231501092473,16.31178563134687,17.751419231987185
511,35.852653494622025,14.282510203569691,15.782838336262353,15.897904290626455,18.010957429323213
512,38.25463793811446,17.172432192564873,15.486311270221783,15.955840047102408,18.597470743101475
513,47.17155035391208,18.812016854961083,18.928779510782697,19.56171791871373,18.666455598196954
514,51.5643582659522,18.277239931476377,19.89064767716003,15.897285206131352,23.90837799556405
515,52.93606096591393,18.218376646938374,19.98782510336074,22.598669121379768,17.570484327628755
516,42.118683199807414,21.28121805369948,20.891842321555202,18.775997908248463,19.37144549242394
517,69.03176239210936,21.897536536537782,23.635130968491325,20.626169665508495,17.644167675892174
518,64.84062840412132,19.581735700435207,17.482482528846127,22.832963298399534,19.67090236503766
519,45.26414839186296,18.039022175905977,18.985790922532363,18.577280124785737,17.571472768145384
520,67.6155514779445,24.640029075712114,25.538020444369295,24.23509037959808,23.90855978915643
521,46.14214426652404,16.960801641451397,19.641724836402055,18.42581669804927,19.582971492671405
522,35.00565720420289,16.083161162129826,18.089087013358768,17.475286599237826,17.19978305888066
523,40.78093064038722,18.16802909825019,18.485292755467054,15.790163300785048,19.491334041213058
524,36.61123048170426,13.26368787931193,19.184362658689423,19.391177175661824,15.359990674493604
525,29.077580473157038,15.080409097643468,14.503483965302266,12.020962696567508,15.393270807675808
526,45.58857324788498,15.56528120853597,16.070968116624343,17.628457432070643,19.575042512361534
527,35.42160409758956,16.271161518475406,18.49737717502589,17.28716385159577,14.798081165886162
528,32.276067666784805,14.06937558601395,12.769188340514672,18.355425741180763,20.076329879919513
529,15.396070558862402,12.721355699756238,10.410787036105203,10.137034191499977,9.103571512495291
530,50.892270851606014,20.578131849395046,17.520769158675346,15.989791977506101,15.5155097174377
531,58.88182563455735,23.400901279658992,21.213314738129238,21.23937398768822,22.121542979832576
532,55.61581951006145,18.58764308317366,23.09819638736799,22.402990591937684,22.632049993793903
533,73.57009268370739,22.776490759099044,24.09202528289941,23.316495151583563,25.66851909073374
534,31.649865828818953,17.1751710851095,13.353510818089912,12.748485909063081,14.896035868268557
535,48.359946965787074,16.304428524393607,17.960789483219365,18.97354503989228,17.626383381130875
536,24.511509764307625,13.65686626020603,17.874348566901432,13.177795166564467,17.8143679526343
537,34.69742855010356,18.98479594062569,15.937287112904796,15.36124038563838,19.771667006012507
538,40.995602422972404,17.053156785606426,15.919405611687981,17.069755591583473,16.49608449607845
539,40.85698952721901,13.276192602974756,14.698416385102714,18.33431249555551,17.19738390163064
540,12.169618443497571,10.486590152030555,9.439838630231765,11.179213428114696,8.861820185350235
541,71.34996337299263,25.04277823675319,24.76856056539876,22.087908275924033,18.781880572854504
542,39.741789348864685,22.95006767369629,15.727450865932113,16.968226417066024,15.439106564941115
543,34.64356570662937,14.190828712412713,14.922537751204485,17.678404353674487,17.152822270519128
544,38.68225489576126,18.36650982771036,19.227402280218918,15.322197877131439,15.126922895676381
545,36.647572986560576,16.66531553905204,16.419056222766226,17.216719453223032,14.572077006753759
546,26.43442537049588,17.509175069714274,14.879325465502754,12.31227806339433,15.42272730963072
547,39.49530232638362,17.75707549656399,16.657323316464108,17.929652906547382,18.723943329104117
548,68.15922268075089,21.409349631530077,19.886151548865445,25.725695107919215,19.550867393501587
549,51.65808817452129,19.922110507227696,18.928490740875166,18.50497306709548,19.320226607559885
550,46.93780876234591,20.522497552943356,17.82770226721197,16.719748270049035,19.661418284203716
551,37.59843642113706,13.99863366578304,16.429040620333836,15.29944149476762,16.041890522183582
552,37.88288163623399,21.838549091093565,19.603609401577188,22.194719845222966,21.284746130134657
553,47.853368382696004,18.53278806257379,21.27802740767361,17.262640510965767,22.00623186876794
554,39.24178099239315,15.250629005052911,15.36563174174885,17.248187781993046,16.363630834059244
555,54.30586711521923,19.106737552726052,15.356864123669373,21.568420958987073,17.451438990021096
556,41.127048708855,16.81320544346976,17.47213385377156,18.75671528877372,16.558369917427175
557,48.71208062646798,19.431642672414554,17.629300755438265,16.262362743662653,15.784353132037847
558,31.195358938729417,16.78093242388408,15.38467255264392,17.17742210760931,15.856431184513122
559,38.77174951324248,13.688039985556626,16.332636321510716,17.064693005339024,17.639237147463504
560,34.148014631440724,16.359265907633475,15.17680960241282,18.627376109961407,15.601232410222698
561,36.31305174717205,16.964692176336598,17.67017437589718,17.476865424597893,18.539705766382596
562,41.11054639346137,16.19049823596011,19.426614824192278,17.106377606745852,15.612262842602256
563,16.289737227424666,15.99662753571548,13.535249373718782,12.718732179339424,13.731689941608805
564,67.38504342235049,22.80147416640705,22.12851629218833,22.532168873652452,20.954080645850862
565,41.33832690365386,21.44935258059383,16.838586227587264,17.747632547611342,17.326045285135038
566,66.96676559661454,27.835364631222184,23.440831878327955,23.02066888806306,29.326278535945733
567,46.34833619079903,18.38748339896031,19.22705764996948,18.6137951241715,19.79818686639452
568,27.885498713365013,19.07389342230756,18.287941374575272,13.200481263684651,12.539516835622997
569,29.86935749671908,16.71366405532606,16.30678159763718,14.32212015502952,11.388171879218921
570,50.55130297806769,18.186545066416993,18.642961319863993,20.99557859153749,23.683042945961816
571,52.64404755919871,17.043146117560994,17.72630792369093,19.13641926187533,18.362256306199868
572,69.2274685547654,25.821621960931267,23.866639285958023,22.753653347347512,24.13855572734341
573,60.20509398936559,20.47181687980375,22.124617107968692,20.64050301143588,21.849406187334107
574,44.858003310830306,18.364140599510797,17.645721159285834,16.043555369939103,17.616123075309517
575,43.40115609912982,17.14343187373335,17.06291199854851,19.13731729169869,21.394044306058444
576,43.35254650809754,16.354734896505878,16.206209691813974,16.971860268094627,17.097914934622928
577,52.81290205337614,19.537592619623535,19.134119387253023,18.537881803738866,18.102315117972594
578,70.96075541388254,21.35343391043855,20.977898690065963,23.071598235287336,21.096117472864407
579,55.13653766104073,20.27493173941265,19.066083090092377,18.84796190920517,19.471485383246073
580,40.53642155663626,19.542700800745877,16.03793088989699,15.8645148727308,13.39172301570543
581,65.58693383870555,21.06164854527475,21.918714552870114,21.489066893145736,23.55191546769517
582,48.16694640571988,18.773305175323937,15.495625304965598,17.844392132864108,12.688541649515248
583,54.54020097459811,18.47105535575664,20.968479192939597,22.063888734708545,20.05706485574431
584,40.85438478089548,14.043796259332378,14.651227566232995,18.541948112166892,17.220064521423865
585,37.872024464990595,16.785848643129203,19.531430806531286,18.3860647970196,20.28121216544739
586,27.11768996527401,15.532557316350204,16.866044222511878,16.11286339803289,13.317348549588788
587,11.275681307466376,12.815949930344498,16.39070934823773,15.070466097311325,15.041235756056823
588,48.36574100665411,18.833157164124405,17.970280060643237,16.55953843187058,17.60077322858614
589,37.77880055025604,20.547747076166758,15.57721065948326,13.940730574740034,15.870585043497455
590,27.68076565650601,12.794188011159777,14.183794927728371,15.35037553614599,18.237267584377513
591,55.5874300966067,20.25777399112342,17.457957902717947,21.929769730112174,24.605379150005987
592,46.40580429383909,16.236079935465664,17.849905024634413,19.456478290821636,20.532128438911695
593,64.25623549017449,21.670524084989065,21.525737091011912,22.889463474282344,23.788422764419998
594,47.554623679950836,21.63611314089987,20.909126611679564,16.737547996415067,20.436844415765542
595,60.327308185626606,20.870339272276066,21.613048496623108,20.245271194502102,24.646724465991994
596,21.357360262455476,13.161696955467914,14.252709545530534,12.653890186489708,13.007820218256516
597,61.63900286770866,20.3486282264572,22.87808708505673,22.36816835084492,20.40411607708349
598,35.49319585375458,17.493089195714866,14.483561167326844,15.324104949525083,14.695698396735418
599,31.308256752014113,16.60886729815615,17.776425574075212,20.288844534297514,18.156105118157917
600,41.707622883055684,19.01079884205102,14.828204565402514,17.920479925736565,18.674754960289007
601,6.3831924958465365,11.114620365099286,13.690870289846307,10.573294602894466,13.317594664673555
602,42.56929624784001,16.235887163589123,17.872050309494274,18.437055575657094,15.621672272525329
603,33.968299939295456,16.372860916454854,17.34975575965167,14.023522623156403,15.76834610795457
604,48.584597263344676,16.123522550354412,20.33766124162809,18.540949167308664,18.197071199355747
605,64.39877315951446,22.998884084146844,19.06381278605514,21.283978295611043,17.959951627257166
606,51.74751662524384,20.584192978297743,20.00005676774978,23.987655294186354,17.118242815154808
607,50.43046798238724,18.18753005289468,19.371935442327164,16.24910449838536,19.709669464290606
608,68.64268224343859,22.649018424350405,21.135436995876915,24.23510834633817,22.181061175500222
609,39.573391763629544,15.882587773465074,18.693822090430125,15.876877368416334,15.874937718939037
610,31.782023119792996,13.867003201004856,13.88647944937983,12.7259965280127,17.10397480777629
611,65.15718850401154,22.95091689643128,23.55788434434678,20.66072822101453,23.013691471514072
612,55.7677750044198,19.368475052531647,19.055649626271588,17.83302276391404,20.542012659614308
613,51.50381012572436,19.476378459044202,21.287932275569762,19.147187637944022,19.228213492247882
614,28.28344362863578,13.999298907966002,13.195907510738412,17.860657543637405,14.260700418793453
615,37.75005994984003,14.96498232930975,16.726422543983443,18.791329586473037,17.422834614088007
616,36.82875009834439,17.003382847067222,17.881107552243314,17.178949546434612,15.838706530545515
617,66.4123334333185,22.924112000903808,22.636025033728462,22.738444412757023,22.635064062014095
618,43.20592020001277,19.496571320767742,20.56399167942584,18.616931963937404,17.31217250735138
619,39.27049781702532,18.218710134947987,16.54606590355217,19.606275451536256,21.308067583805073
620,47.49498363237332,19.360025697647654,16.09966079227336,19.681085692928974,18.022176838642505
621,41.015513924314504,16.409635511321277,20.708750724938884,18.589158195704602,19.755259278805372
622,35.664443063256165,17.975757215651747,18.126669404308675,12.282236642814942,17.2538883450803
623,38.12384809373057,18.911730361682356,19.22001163312016,17.907137859316958,20.280460033518576
624,45.38412838364144,16.962050067865757,18.033436159964946,17.551283054251158,20.197633447024728
625,31.424447947940713,16.13242156762386,13.548875032108684,18.893383865702663,19.751890562662776
626,37.541542450197966,16.481237972581855,14.377225263446796,19.57745762889963,19.899649141240236
627,27.027771886999513,13.682210636174439,17.104395228632672,14.666218004850226,20.290022838318414
628,49.463916571261215,18.945007138730034,16.99897113259952,21.55026999695986,18.886044689881214
629,48.04846325652511,20.910287095979047,16.81329461305349,19.49547212736217,15.360454040546902
630,28.60874728561266,12.958118231626228,15.871480550427496,16.251705959254924,14.622283048948658
631,68.1335286299015,20.710087966445947,22.653608686377908,22.38888194884342,24.05941667461969
632,70.94999834824294,21.293550879496227,20.935369989652422,23.325511988299706,19.633429732650868
633,44.3325021386123,20.29422149901363,17.90650262282816,13.453622382278967,16.616153366064385
634,22.96207744525209,14.047097264872198,12.819255828902143,14.42147335677479,17.110617551963536
635,53.111075651034255,19.596065922027275,23.75301553417916,20.397338938413306,17.34753527756603
636,45.72882872826965,17.246977834716873,16.589880765459437,19.24535623992438,19.327293083821104
637,57.34047718439199,20.674129768931397,22.308000211247816,22.850667851721557,19.246134819932973
638,56.10275651578298,21.212910571386445,19.159684235761674,16.20715020821338,18.683485733071453
639,85.61681928530712,29.001978850159276,23.74296871599002,23.970641021133513,24.42425331840912
640,42.08040305932693,15.389942640961284,17.03133706077233,18.77396230372685,18.119344072671268
641,68.03715537832234,20.698416707764622,20.973925219754197,21.503824411068408,23.819779772670138
642,56.80551861769953,19.9051586105881,19.521555893156922,19.20357222505529,19.367584368613546
643,37.73692398829365,13.621687560471658,15.829953737875222,14.936854783751807,14.13705881226508
644,24.027780586919818,13.189469073417161,14.918197239158806,14.19116226941256,12.765174385759472
645,55.73023019705497,18.46191585869772,21.6198657369608,19.787919861451698,17.534619229527756
646,35.39847402616614,19.122507818441534,15.74587501870954,16.15486081625103,16.457498876793956
647,52.601964193984585,19.583108273727827,17.345977165673467,18.017093954981956,18.627793539152762
648,44.91639030096739,17.53437861911837,17.809023101351915,17.50872764324592,17.35667139653496
649,34.62178674103551,15.994834669893093,15.02564044094001,12.774248214108466,13.911253007537223
650,44.08175450792044,16.468827814182042,16.341811477287816,17.244321332143368,19.25385051761893
651,34.09975543806318,15.64213005121428,15.14937640205694,17.032372113897907,14.71949257416062
652,48.50888618523604,19.548147319887118,16.575389951146448,16.160813957240396,20.127962689749275
653,34.67545543862517,16.41732230434436,17.772666328220694,17.21118624175889,16.926579761687822
654,50.93299382487332,18.638807450585926,19.318511410401836,17.990665031350822,15.83629316473655
655,32.05676247766621,15.046723118328092,16.46336037420749,15.45411843788675,17.29147358135013
656,43.35433735776352,17.58497387390286,18.88022894637542,18.88501003443185,16.331047434434275
657,47.0218672218143,18.63128960051038,17.366878861304883,17.26326403134504,19.059665072221634
658,44.35153548654981,18.13194666617244,20.638061377946915,22.167302845386462,22.607682894037513
659,61.08645422840892,22.1656172815565,22.2944409585719,20.308426284662133,20.610768953769995
660,53.44833934430929,19.313280155247593,20.059813963073378,19.32214623249274,18.649397507488995
661,43.84216682210787,16.77684727573508,16.823529605418805,18.07739375902304,14.113771467102017
662,75.18162858384855,23.874826120015825,24.669932792829314,21.608899803357843,20.56186400406679
663,33.67876257004785,15.538541527915445,16.14731286197365,17.054763645107247,16.99211018116523
664,45.12311107317573,16.96031812871131,21.282070184394886,18.262505024013393,15.711224515109782
665,32.84131984643089,15.1967034208309,17.953444887800146,12.313961228189905,17.951733215141314
666,53.5302319314614,19.552349141736965,19.730815950996178,21.781052125631277,21.589688747732605
667,42.1597806338315,17.641440823798735,17.825090966824565,19.725743759496584,16.124318296646585
668,37.113481963826324,13.830392865238407,17.339623945507125,17.269021433285296,14.617803511553664
669,49.37965286956407,18.086933013782332,17.74819011651772,19.67668191614424,21.765797285547258
670,44.51222505403741,18.311690052107846,17.716389328953074,17.597255332797978,17.024531594551455
671,46.009484031582346,20.222462980250924,16.288635840981158,19.351483032520854,18.585490506428876
672,41.849082849440656,18.53693750415261,16.605237661267736,16.715277733688794,21.371613212047972
673,57.67905355268827,21.999361455436507,22.809391358753,19.193672590471813,21.85107638849617
674,47.44679990407853,20.05734805029931,18.92462393130202,19.169726897333454,19.35715758581149
675,47.35120129894252,19.094651627146877,20.143293226894205,18.421278213309257,18.692184550147232
676,57.98852945633309,20.863375277517044,19.546259388858555,26.2727642599522,23.37095612977022
677,50.59572144279066,19.724630410580403,19.952708042111695,21.7792377642169,21.827501403249386
678,26.06921601910604,18.052714405255255,15.51339831200133,16.015516196557932,14.752809799124782
679,44.144859900408555,18.523457845346865,16.374085395722123,18.32741382690042,19.04248362586728
680,66.5088696437007,22.683341149337437,22.441655692812216,19.514547988905534,22.02401291577879
681,52.57647724921607,21.66113162200876,18.32550607117043,20.39605371519724,19.2778037950302
682,60.02819762677167,17.81118605531098,18.84551689777358,21.66013119576867,24.999914486933754
683,44.61818271720894,20.504215150754685,17.97799663911776,18.02898025919062,18.96332667408061
684,9.750753318957265,9.926767956042216,12.796786925833846,12.47273012458924,15.557834504345525
685,63.65716738277959,24.173356776431678,22.956478646204108,25.068674579216033,22.646653232653644
686,63.31694206896861,23.61410017435638,21.165621064810484,26.660108763930353,22.91839474763349
687,30.793582417394116,12.358268986543887,14.014014964335525,14.538296732593828,17.187279110361505
688,42.56393525503196,17.45834230184671,17.501144524372275,16.840168047268804,18.965837035912145
689,36.436693679474544,17.01751239159248,19.732279103011617,16.87511007849812,16.60708263938462
690,46.02724043446516,18.39570265729234,18.397386269640336,17.604216626953438,14.319181669529819
691,73.87155864789989,23.715883950640883,23.422609004186054,21.536941434191565,21.625002869822
692,49.192276972868726,21.899220225104816,18.99653624868407,22.36148438912944,18.5225200383324
693,65.52340451655103,23.987366914467326,24.057345319913985,21.847125933381662,19.87851039153211
694,41.9010915702523,15.726337467104495,18.32838601203616,17.210185365568023,19.232201459944477
695,20.20091285332329,15.68237405108253,15.196096094603863,13.799610188034698,12.03612449505022
696,36.56810369901001,17.84774511349759,19.178501608048002,18.454478575661895,20.52868576808312
697,29.929640081983795,11.946821844840203,16.52118252290647,17.25259474799333,16.262053101017116
698,38.95007860156356,17.19446825921198,18.794305817596143,21.70608777473019,17.93744167210023
699,19.814738492232795,8.520549621837281,10.164336688069554,14.53151214279715,13.94178978298821
700,34.840341530300165,16.591501854117634,14.9834841442104,15.683889689624063,15.707177252481683
701,54.206077190044745,20.052953967213433,19.286755768809893,22.626694525054702,20.49485499175664
702,50.43209503581988,17.21933662381784,19.483374719852588,17.864052742901226,19.595002218265833
703,47.88869410723426,17.787089476113845,18.781214744650164,16.627696140769345,17.63760075779146
704,74.6231223585326,24.41344358025403,23.12373094681623,27.473430396714075,21.76883249717155
705,35.8382113379825,20.526278352150314,14.951343912387323,16.47732322817376,18.978335031826745
706,47.7744518876926,16.36488482984396,18.481705883831175,19.5541922759856,18.820895149410426
707,53.20404959160386,19.870725619806848,19.556116921294194,21.117674164082295,17.608067391919516
708,55.720368806549615,21.2042672295254,21.425999456965197,22.43679428405093,20.64407666991265
709,45.977583820699856,20.277347029320953,18.82555980707472,18.81825706478245,19.381657022119843
710,50.75736866749043,23.23956846423286,18.871220602367238,16.93621045223892,16.480554058095784
711,54.97765158572643,20.554327437320783,20.696157187405277,18.9449833069508,19.199822840812764
712,11.80411880537402,12.297819665221327,11.311976808232203,13.09807979437585,11.136569988416994
713,51.14599473004232,17.219760362012646,19.420711139055967,20.765360931586294,18.218718403600807
714,59.86862945123998,20.395680789160664,21.078058420561838,22.94065994695933,22.565754494523816
715,65.31117389531478,21.331428340770564,23.118286420044587,20.32777648633545,24.338757593394554
716,51.71277197251185,18.044823405395416,18.114890627344217,22.424855848465477,18.847157644382204
717,40.97219449485297,14.969758572833067,16.491422510997808,12.549044158599772,13.54034320224744
718,51.20243793665162,18.958936615606877,22.550981278999775,19.42397563370642,21.103734629064682
719,44.66136018043894,15.617179329904696,14.787990558165632,20.366494163373652,20.358968910788874
720,42.76076443755108,15.24833461620198,16.631727457441617,21.24008860312491,16.946671226423014
721,48.13743175531387,17.030532755942204,18.790695773220612,20.606782152709,20.43891566332523
722,57.441851825859615,19.57677078823574,21.575374120565776,21.684776519675285,21.639973671553804
723,32.906661896157615,17.631657988838448,18.489339646667002,18.01724270276884,15.02202304577547
724,45.98313583154787,15.457695984267316,18.189609430286243,20.227487498295822,19.361814613977614
725,67.79313876184644,22.786059754537888,22.183878004341242,21.99277725200966,22.189851546744112
726,57.183200980202066,24.059193858868092,23.439777262786457,23.38524176015678,19.476769509745452
727,71.22991015362501,23.822027515936284,23.00751052715883,25.616931648253644,20.939741585581316
728,60.60260951504522,18.602264840194763,18.917187278808186,16.258302490417957,21.712162800393152
729,41.05222851529226,15.424877414486398,18.959557320511795,18.9831941905743,12.41256718410849
730,32.72028487233323,17.911490224679493,16.98422446546182,14.247440944268886,11.468983064062423
731,76.69881625370301,24.123891620711927,24.063947307852594,25.037474404566574,26.153018790139
732,46.99247368753493,21.96436522270249,20.52571180988143,19.51050260466597,18.592579456838582
733,47.22739041430242,19.63514235050591,20.75106762120479,21.18680584809887,20.34871604386392
734,56.68755120092703,19.936003503928085,17.278722248770343,22.506803449174427,19.206034729048728
735,55.614127315702376,17.894354346007226,18.00056775027039,21.4811503245628,19.671649320134684
736,49.99638884531977,20.153935654150697,15.551619412015302,19.3940120290668,17.939822155650603
737,46.186498038521336,16.878558547274675,19.20152609948478,18.35685890695998,19.478149435018228
738,39.41882778498407,15.327551851526435,19.025507853051447,16.16207391239943,18.569088237461724
739,35.75752405507045,15.82677091374628,16.763363456286257,17.243952196900455,21.180723810539067
740,45.47108571798667,14.144018568657614,17.651205356467518,18.95776456687007,19.121529500217683
741,57.974981670641704,18.80720847800211,21.974133381989922,18.651223205755574,19.455354394696744
742,12.944425293234957,14.016928729074404,14.274963594521264,13.860033821986015,12.50239743656896
743,59.61006367738325,20.052250489856497,20.83934292271378,19.551907110203132,20.65485951647642
744,20.785907669799784,11.34872269562728,11.510372694974041,14.146914284822138,13.904021841609769
745,52.143819374394695,16.964904931400316,16.38625842945052,19.41723277493862,18.12565912301868
746,26.327169671782073,14.43750634653365,14.150764449721876,12.463587793496725,15.689914343070914
747,39.672903416384294,18.388550095237303,13.78898887612221,15.107759006885257,17.007044309094365
748,43.35574831118874,14.916163101690874,18.303921569305768,15.656637199032685,17.35076227144903
749,46.88143791693672,19.151599023144488,17.742639752783447,18.02151903358173,17.21292968418263
750,55.093227375707166,21.25658529661348,22.724208156281403,21.37946454483149,21.75994927620806
751,48.58154241290592,19.051546463392626,18.00058351601487,20.769884668165435,19.72949697793919
752,47.84351867379588,19.53699328088706,20.599262816473257,19.6645151517341,19.137176923423205
753,40.82315225722709,19.155021706657156,18.24107697956176,20.353383532543145,19.65366918839467
754,63.150285955417274,20.91016196606837,24.9946835045317,23.600827503970763,21.407012566663184
755,43.416452474843524,19.59748022808661,17.970671431945163,16.91673773655602,14.835350115456649
756,45.482662738230154,15.746292891871335,19.499623415830285,20.3096033104586,19.233710309506787
757,40.9192851087162,17.996041455851465,17.684525747969047,17.552316587441258,19.345113308077416
758,51.58822367407141,19.312088381879292,17.927940562080558,19.063899942742793,18.564907659551572
759,20.54533780036487,15.320947083756245,15.62515279093243,15.454756033719988,14.980225059812451
760,39.842059197510096,18.88843981699667,16.832672171975144,15.837296101047691,17.692329111575404
761,38.33666078342868,15.45284597204083,21.051218877626745,15.462946899083352,17.58940036237653
762,42.846677934778675,14.916907285673814,17.485939668133916,14.837353678574528,14.673047565769446
763,21.623206914861694,11.59160369915072,12.585012543933937,13.523200363286051,15.2329021809326
764,39.44387628120447,19.217667883466937,17.15464131051065,18.43629875055918,15.57121324969673
765,32.36538699304364,15.602447613716052,16.416403220329222,12.038811686509636,12.422976334918129
766,60.11633736050306,20.376333607051386,19.478152259325906,21.031050617200975,18.71578986707744
767,46.53175483177482,15.957582053902753,16.86888900997632,17.10347260963926,18.463834685161956
768,33.69721728250445,16.306256908258355,17.307162307677437,17.692130675563078,18.724660619368613
769,27.260355407739695,12.256872314921017,15.31250541333035,14.240303052294298,18.104496790887005
770,13.857802676732838,9.51555629228584,13.350263427367452,11.230860676792922,14.350733586766905
771,42.0627801888875,17.602161984397625,15.57420287135732,18.087799471318093,16.761115191857325
772,70.22541638293634,19.63677586337834,21.698766473940456,23.200194599030937,23.089600825890606
773,41.66270643112618,18.086777414313218,21.32008545607704,15.76216558071539,17.32637744158791
774,48.892243924238365,18.489363073765716,20.944973496002234,20.891814078657266,16.773451922816804
775,33.92606914644922,18.561649657704745,15.852885737306798,16.508525835503804,17.613714853044815
776,32.745186461742534,15.336486641052353,15.64728367826821,16.4260985576264,17.282412430674942
777,33.22781762534011,18.646713057634308,15.773247843236497,18.155825488442357,17.032995697477475
778,21.454102597916215,13.192924829514167,14.026489793417113,15.954647837003225,13.79323278164178
779,43.942919923033095,18.463995762151168,19.354314192297796,17.54377133255133,16.639679041218972
780,58.12239624196618,19.746151592216492,22.347802003743425,20.94437261809544,19.673224078853178
781,51.53570120341266,18.050030418380707,19.654630098581688,18.975618144070054,22.76460009336106
782,50.49764280282504,18.02543022794069,19.50899564886584,16.60397817717789,19.437954766639482
783,53.4364051166184,19.305352792948383,19.832331923331072,18.84452164964144,16.409065268241793
784,56.51452075763533,19.11715476062528,20.664452168227044,22.13571389301684,20.58928336375473
785,64.92835183886233,24.315142916056065,20.531305467691546,21.575193392790805,22.999445918468105
786,44.27004275570191,21.205396451170206,16.90813114733617,17.79190621418723,21.278604723117912
787,16.720332149758292,14.517960487167034,12.817597484215288,14.108137949840671,15.388616699884366
788,37.44280578753505,16.6540177987106,16.020128033459443,15.565550273129784,15.416829027547372
789,57.99767754164279,22.042733099584737,21.30642419247898,17.213104109216406,20.524927569004785
790,60.64973029889923,21.143374803557542,22.6087066362855,20.292001182659188,21.75654823230745
791,41.455174409312804,16.960616242256926,16.711695360577206,15.055269575523132,15.812676875554773
792,73.53244777313355,21.79840382386119,25.140570911446083,21.62506263552814,25.3876591213914
793,53.031943889864685,19.763552820195745,18.169703745352127,20.303331462533528,18.13403584551494
794,58.44243347467313,20.13031682710079,21.56481713081068,18.81647431339562,23.643746544800717
795,53.25766462562627,16.25271575784573,19.502828052914243,19.750992392937484,20.723266454468572
796,47.17437455674134,18.62870963665535,19.580139383549607,17.135338834775933,21.697383801911204
797,38.75363987365088,16.845542360067142,14.60158950980954,18.155192351899878,16.253584861582304
798,54.561725772036496,18.606372209696325,19.36145530612053,18.87451067998237,23.90573391708773
799,50.558377715350346,18.481578677648486,19.316227746657336,18.32088952067834,18.557935200390705
800,50.746488829375856,19.99638373030854,21.552182585525948,19.985689599503623,20.604323832186175
801,15.166740437120371,13.14398868519159,14.591229919285327,9.41120701413295,11.058674289665692
802,14.137390456052279,9.714875635013879,10.484814990702997,15.782380556201563,12.619653927002373
803,48.78059667200778,17.673898957703248,18.10396104122095,20.527886493698787,20.015017386415884
804,52.57219786406204,22.169598801359033,20.623961761066308,19.443629842553644,21.42483324322843
805,24.518530645407516,13.133730206312814,16.36060942127348,15.889553911916343,13.790325443532913
806,33.907067964560504,13.569070583811833,14.54381013026791,16.13078001227376,15.024011900720772
807,62.07420007650347,22.718078004563758,16.887435062429656,21.227253954253477,17.675199536550185
808,48.40548982148166,17.975605387603593,18.52378537958216,18.52561276892819,22.597547802900536
809,54.65613908500414,20.593400126913853,18.4329635987137,17.840008400359224,16.64246206237688
810,61.088448787978265,23.817133267206835,23.292988075263946,23.613899126435374,24.355730455984837
811,55.8605338663379,19.812277622469328,20.603680245891717,19.321847979141157,20.559721301124213
812,57.80800252595757,17.371644833067,18.846651858871912,20.48513072916125,21.03946636834313
813,24.53306178358749,15.569932560882926,11.838954603694505,13.159492511365922,10.143634036670942
814,47.82231607726854,16.965488550305448,18.770534256374027,18.443870676708517,18.391614716826226
815,56.56388889716113,22.708594767687835,21.647694071667722,20.598315943825387,18.364172254915825
816,59.090186121899315,20.416719673385114,23.319929233476238,17.476565733431844,18.19040070511996
817,30.881817414850047,16.430286079638428,17.605399610379695,14.405274054012132,18.808354497475545
818,43.42968022979263,18.26769796980188,18.021343792707984,15.955775640015627,15.137280747466528
819,53.73797508914498,17.564074235147665,17.252398281961575,16.51505975923323,19.841512795343892
820,53.3730970366438,18.778906378472634,16.235673755519063,19.142918429474538,19.007826155353385
821,47.020787981954385,17.283649114800475,19.38214728277556,14.422430600214414,15.959836763370133
822,68.8129098332385,21.115939883772192,21.262176871581296,24.06719031996991,24.641985330573437
823,26.200058809834726,13.61098392068472,13.928109213473277,13.921699658707828,15.935441737213441
824,35.54359644740288,14.827568193416523,16.778501268038035,12.047612103410733,20.10038915834031
825,53.402073374962,17.294549914291785,18.032413012794123,21.04269498585386,19.720131291883412
826,39.364871857294595,17.214974857265727,17.764405785541854,17.664969179109896,15.938595088524487
827,30.717974897341055,12.182492276682085,14.950577313197332,14.299128817996703,13.933633771111662
828,13.603359819134702,9.141822958456773,11.896920738336535,13.258145529258949,14.391057343085459
829,48.26646872693735,16.952933569644326,20.560231071739583,21.78747519460959,15.693629669347407
830,46.430070780747315,20.885647465025777,21.187393069776654,20.33084230510831,19.210838732264822
831,41.287914491575194,16.632243951820755,17.280349145875487,19.195865287749005,16.345080640851652
832,25.716892590094798,15.595529201501272,15.783236237662903,15.381790974277832,15.614342495635608
833,66.39776585573323,20.725233911179753,20.949736001415886,21.052569657039918,19.365081957594438
834,63.58645770893931,23.98364913353457,23.07873032329835,24.041061579914935,23.445825273463935
835,43.64949202166872,16.81715385174353,16.418358212843582,15.960555255143824,14.03999383381209
836,53.71028423111894,20.51116470525849,15.572979279274891,18.328311214002813,21.199346474968277
837,75.99400190526764,25.37388685317918,21.446045425398115,21.74859376611889,23.16938405223928
838,51.54480985162595,18.395227810010077,18.5377071459109,21.05290603507553,20.769800182049103
839,39.97935178576175,16.592869220684022,17.01503379104374,15.608067883531316,17.188514670610186
840,32.713552991406125,17.528446151351282,14.462298663637362,14.74155429846265,16.738031732715204
841,66.71575773064578,25.35496511953743,20.525887114312187,19.034359917877158,21.228463327576947
842,14.340943470882427,14.438786102116286,10.37669350550336,14.493757777365063,13.826555348458132
843,40.74739034761784,15.048535633499034,16.817593560561804,15.942618891939222,15.187009153595083
844,51.37385010476241,19.978724597556297,18.65428304429087,20.338726415170143,21.546337853612076
845,50.23398988256259,20.61986628102761,18.355395711926295,19.503778259899555,17.4430319055174
846,36.51468600428303,17.644589476809664,15.07714007760141,14.045452623964971,15.673403245852603
847,50.969029066708934,20.287308214265394,19.072453738897398,18.76246157522938,18.838393806778118
848,32.3822038266356,15.9724243674786,16.705613953232753,14.403491980464047,15.186069989270031
849,51.25023669341952,19.181942936589852,17.762705372945398,20.057929175978952,20.717261683574755
850,44.659067962158424,14.99434952163109,17.439644986592928,18.323143421224383,19.230075791366797
851,28.542994127495575,16.54348517070838,12.596188143259601,12.989100172137494,14.395208377250668
852,64.94545093315493,21.64460250579468,22.41997565044152,21.79911842196383,22.512910077115208
853,41.76522809558117,19.529227831496122,18.21475201236666,16.18918585245657,17.083855659051196
854,48.16911078005775,19.267259699584685,18.511440881570493,21.78005390014941,20.926603806220843
855,46.18406882403649,16.544389163865596,21.482120948618732,17.182392673165708,18.5924566280429
856,53.34912042537082,18.498698430381836,20.121608953038077,19.460979059164927,19.430950863700446
857,61.391017123146554,24.923227998371242,21.68111698429833,20.556351251883616,19.513743168207753
858,50.835846079208935,19.795477460509584,19.259285232184233,20.689075230334062,17.517199485702964
859,40.999576943209945,16.769966272556342,17.386813818572378,15.553058717385374,16.916734273210963
860,47.71431819647891,19.960480530990935,16.163358301027923,16.433514480851727,15.808302451238136
861,34.71230180470138,18.347281176467707,16.348611927780656,14.63426475678757,18.0940709827286
862,71.14913369578409,19.412406663100384,25.1659031069471,21.9978372850765,22.287150819089476
863,62.14654730495365,21.35584978793728,20.716571309089943,22.874852746468214,21.103493780190597
864,45.981447345811794,16.071165329874265,18.60468635549829,16.93563628808965,17.486920586873858
865,37.56975288790116,16.217413384420446,14.53877290714813,17.15815774078951,20.12542191445741
866,59.272176939275525,19.905995833765935,15.491882789270658,20.42558056574634,22.036537878082406
867,32.6627917035936,17.916278026658254,16.535061209012092,14.741861618020815,17.613601690735187
868,28.42972524197332,18.115186244443183,17.355106198083185,17.475554368711474,15.730668556764206
869,56.044931355891435,19.909038131303515,20.302781161358972,18.70214534497113,20.029210881116523
870,41.8261571913374,16.3481343102699,18.787322167542676,17.801218608550702,20.63351073558091
871,52.59156823123726,21.610190872763148,18.87002538413563,20.1253696858008,17.35707276634472
872,49.39074978187011,17.70130540764692,18.768248458984992,18.40841954574124,20.33257449616074
873,71.62720455551636,24.782626471988827,23.974608824933433,23.696727667960758,19.90010715434537
874,66.96662175200734,20.321049510608493,23.355333079642513,20.11960637190729,21.565219669163717
875,41.593227630759685,18.447056978297894,17.14646732902441,16.52100150193559,16.387170608236815
876,63.414677925244824,21.342932717093984,20.34147627610584,20.481973939842536,19.57854275547324
877,51.88156399702345,20.2652671927713,14.28601018960571,18.77958574380929,20.428826268554733
878,57.900393914903525,20.654592780036936,20.904269310394895,20.816949413353974,19.622138365127896
879,58.92226922229267,23.17602959877193,24.388789902846806,23.143855266055482,24.481255124589126
880,48.3307680543338,19.143236450031253,19.721699828092593,19.72228231134109,22.44008032716428
881,43.406196376920306,17.575997761450896,16.7077808926835,16.66003432871283,19.072000196549784
882,27.762429395046485,15.288983350290518,13.885728079424377,12.695696200218674,16.003450373323748
883,51.34345210605955,21.002460427353835,19.42295592103961,20.528343742531803,19.99007140248795
884,45.20170448937555,18.485431936201255,16.825628984015843,14.883952521909592,11.684128176754626
885,20.776017182851923,14.068735928218235,14.206514733187856,14.536441505240123,12.298005743026554
886,40.626447632797834,16.37960247781284,18.488138491323024,17.909587482919836,19.27555672095246
887,59.35359062870732,21.31592652940472,22.27509815182189,20.43159264472374,20.62355620062824
888,44.94960072609263,20.006639775038146,19.64075420733857,17.500445819609055,18.650431507576826
889,26.517731875466765,16.47528417359181,14.391391906624083,15.086737413163272,17.23244022338012
890,35.75937950269682,15.463605391705153,16.33991073527551,15.265964630720555,18.181687473978982
891,46.868359740808685,17.973757612125656,18.00460407395311,16.208402352438874,17.835836029713423
892,57.032107120207165,21.460758492775437,21.182433866006246,22.747389163843543,20.68600417707851
893,50.5778734459995,20.83912940122017,16.461300321390134,21.60226984762996,21.086580974433684
894,39.9823183201124,15.655131128091199,17.210414477416744,17.462430835140367,17.85095681435315
895,56.51034568081602,19.552253150648582,19.15078064002532,21.119979240540516,17.28299327460916
896,56.4522347719248,23.468969306072054,22.3148321453783,17.269914171639456,18.198435424998927
897,40.509928843469275,18.040228386653013,21.247753788219015,18.638813245957188,20.07372653504052
898,46.438805723223425,17.03002393259332,14.935067507690299,15.32018481802865,16.072145192747104
899,49.944181284803875,17.630351064983962,20.605166941882423,18.073459239151084,16.73951169554773
900,57.470130153620126,20.53095954113392,20.817156787820785,22.831998515937347,21.441314463450226
901,53.65097636760766,18.481498117617132,18.270628144777834,17.25678361041802,17.88270260660651
902,35.426187969964744,16.616093792311144,16.85169654523915,18.309162072302993,17.26191161752626
903,55.777378029120214,19.06460989146371,19.443987283107354,20.90535381655832,20.391829631756266
904,38.83938361283436,23.31230165348005,21.69576326954009,18.126818548872674,22.47154183539691
905,76.9316567085069,23.534354938779188,22.43925718305517,22.099354465413548,19.699535154818523
906,19.60217879486547,13.28996843262479,16.066058915026932,15.221591290426378,15.781592536421797
907,58.99044500562295,20.114506456377228,16.411054571033215,18.18346269211394,18.959591330455563
908,36.083057032532764,17.97420080131432,12.70559447732807,15.096071307580802,16.287803858883894
909,46.594635031360156,22.008014154038435,16.60119298094787,18.82413990022229,18.678443490490835
910,21.61123956243689,11.263284640775717,12.602279388516523,13.131724854643947,13.80240603317989
911,65.30952194878856,22.33177823701849,21.283878901389873,23.073143760178258,23.343872803196206
912,47.704168243972504,18.82178787468645,19.469570793410277,17.363642873078717,17.264614985067524
913,37.380352385166425,13.971197804362278,16.517061736160468,16.633720174780123,15.834818809664808
914,47.232887788751945,18.352734221917995,20.81065350554246,21.258582324916336,15.800760414712775
915,47.32918008370508,19.38457805184084,19.31986835167973,18.879691237155193,20.352746084304748
916,43.522557007951775,15.64428516363007,17.99586146475191,16.60790667809017,17.907947594311405
917,45.091674899256745,21.637394994447142,17.816074599286495,13.977912244814894,16.063941708696305
918,34.9252036619119,14.51039962369626,18.280707686315885,15.388375988180865,13.818953947554853
919,38.21279251771716,18.252818296652446,16.158841156813473,15.134285948909785,14.43294731701717
920,60.78259232649522,21.290424374566218,21.747594020482506,21.357309214638583,17.24110023121458
921,39.84726998484356,17.325371362579627,19.720088829664526,18.03464712878545,20.64240469080646
922,47.74979731674024,18.089817443692738,19.866755583911125,20.292592826196746,20.339027269904786
923,45.01669225485186,18.904846432592525,15.973035048831344,17.264672964099088,15.63496843521368
924,42.619670004876,16.33393598605979,16.58769480945379,18.999591258484955,17.951214385780077
925,74.62971926120134,23.297633342754374,24.572680280135096,23.674434230222325,24.54937832092146
926,42.74251632143661,18.00214981300944,17.823309554896483,19.212039405101265,19.48222860765484
927,54.463918970930806,20.186227659938005,23.024428065239228,21.10846209927312,20.439799724014776
928,46.68276235371369,16.99756167576561,19.716395757821317,18.77679061747769,20.329924397917416
929,24.974961288660463,13.705700359814614,15.596989091772869,11.45501542711558,10.557064441419172
930,27.03393679467443,12.142493328816776,13.910551225331494,14.241188754778179,17.512689973458425
931,38.54942890763826,17.46490216672717,15.723533325984882,18.688397743959957,16.224344603643786
932,26.013759403612312,13.521260000971282,14.054687725967522,16.335818469309253,13.069530441760863
933,50.04878325814906,15.992582825552983,19.468026164362104,22.13685684690658,18.23562607505346
934,59.64565772170233,21.216901729729372,20.670181529668188,16.725150056627292,15.42958198281794
935,47.61663700074872,19.948289199489032,17.254453392478048,15.398314868940805,16.226616130610534
936,26.619325796826804,15.913924470915802,14.195713561547706,14.774089953320395,15.49771117987733
937,42.41254457710824,18.089180046519857,19.58868074867375,17.188036094586753,19.968950915840058
938,39.85169988787358,17.700455910089218,18.78529448274302,17.230155977900953,18.715869995520077
939,46.81417503465365,19.467582879837842,18.013413230649242,20.880172628867914,20.691750303437455
940,59.964372742048496,22.110243492559388,20.89049703905589,22.749486669521467,23.33386264923713
941,38.28212753083535,13.619629399757855,15.906472349317932,18.901249228780124,18.82630917745538
942,50.29731518548514,19.13305697248518,19.40220348643824,23.14983865023306,16.71565055489849
943,58.26563907946287,22.04067000341018,22.41507608822504,18.07434203244354,22.219068880524407
944,44.169731720467375,18.507883482414126,18.282853702959812,18.883299406720855,15.889479530312236
945,62.07489922696689,21.281639624493856,21.391684354730934,20.108888033780726,20.84389148280025
946,51.51469272548472,20.003199005134025,21.557070530413643,19.289125940618135,15.95387374886259
947,43.084545915799566,16.778098096567902,18.287341496203773,18.146018435520425,17.993921268815683
948,56.60818966275515,20.166253119195275,19.293027945707287,19.699857608712822,17.601105520082385
949,55.08644399255278,16.9465206551747,23.31890939955066,20.87398095940931,23.2915131386334
950,45.50491040391309,19.85862618786145,19.510388816272062,21.094263931969454,20.602758314172995
951,43.8865074223491,21.64607910007343,17.740739100186225,15.77881851724523,20.046828984317038
952,51.82567007235905,19.500492932293497,18.453476245624326,19.71743367274884,20.546912079976785
953,28.600821481852957,12.103939044938208,14.28799794140304,17.196629549091455,17.844283596925187
954,49.77803796816291,17.10283812851539,20.75180541621983,21.642946953262232,20.010369565602357
955,47.661044562037006,18.181806436415517,20.3534972857309,18.589763379497995,15.959404246302558
956,24.49858433206814,14.38622873598594,14.166618946367342,14.470000847495186,15.119644625311619
957,43.8526553293366,19.90571419451076,18.183942522928362,17.26296733229969,14.526689453136104
958,56.322065567006916,16.36229069299937,22.047421555224172,23.020886448229813,18.792259146807176
959,37.55221590034998,18.29667598539586,15.552066340916591,16.696089721632976,19.17123488141947
960,44.17743208529895,17.655797313514267,17.32625678753714,19.60605074932998,19.505030618700097
961,39.78027840213535,16.665744233690894,16.314174659754276,15.55415845578152,12.870275715018915
962,64.04738250777932,24.211967324824773,21.172198191567617,22.791457625006267,25.060175204937597
963,68.8039661471538,20.42757552299141,19.731488402168328,21.609357720673867,22.573696325308727
964,39.178407236647985,16.240537440482772,17.92578524921656,19.173926198205,15.607389706784955
965,47.152125293256354,19.422858075714025,20.191830025103382,19.22177354525897,17.140170240233513
966,32.19010292498364,15.52713639129281,13.741062544190966,14.706720982748717,12.138181260287055
967,69.03185046157272,21.970114305490466,21.66405331766535,21.483852063271208,20.940192600766945
968,31.63974848576931,17.998394442525893,14.8041857540912,15.939550920106667,12.471084576195745
969,1.9892331495647182,13.83620908802132,9.549247499962862,10.564586757768318,9.561806274025708
970,34.437398034740646,12.683242161036091,15.494724546860871,14.436445478795065,20.88335460458887
971,53.948595206452666,19.776343365078088,19.05478551389435,19.028380743166903,17.362208595663205
972,36.55249946009086,16.616905096539544,14.634681629821015,16.545220790162862,15.678018615166184
973,51.003581858295114,17.878939299571904,16.012798258494044,18.604055986522198,19.505174058718893
974,42.419598626937244,16.8133233297672,17.621965354937448,19.1009164393279,19.005761712611957
975,21.73254905433121,16.008074146930507,12.252966478204074,14.561052360373077,14.366532945738347
976,53.77331637961733,21.161112277609657,21.23936610293357,20.103325531280376,19.408010947925714
977,61.67021657790019,21.602854144653264,23.3509213940505,23.149037941284973,22.202656837049226
978,38.89769560960785,16.004949133750795,17.029469831974826,17.92856910336875,18.536779132493276
979,35.36686819546484,15.684576004115467,15.646215914250613,15.840910108513073,17.718128097780397
980,29.853203535490003,13.100366945541321,14.166089666371791,17.68113864863698,16.931816917905795
981,49.344923617553405,18.402568489093866,21.445082657359137,19.849899989104273,16.6875819308355
982,51.64621300965546,18.40557740986798,18.76929856015887,17.618857309015635,15.674801848954123
983,50.07826666693206,18.376890463376938,18.22362262467949,20.922775936082605,16.155878612618352
984,65.63418709616367,21.145404999752984,21.097434996701818,20.5506523677133,23.65206649483823
985,63.18870429214499,21.37096049561939,19.635162323638806,20.400130676321133,23.374123089302053
986,63.232129138892354,23.68282889851388,23.929813683440504,21.393440615949242,21.462304338973702
987,47.17219223959272,17.34795729071625,19.408504470618837,19.93162105350034,19.297537254258962
988,23.750370273775726,11.291895652068677,13.976706864185825,13.968170119145949,12.97117607330304
989,35.02917942508563,16.513851498214585,19.160155706998427,16.09956059385089,18.58775374281025
990,37.76039526534306,18.034920351138897,16.20455417303197,16.368075065196138,12.549364751364724
991,41.4905056530725,15.795514507334966,17.537895462664103,17.10426658410744,20.19804707319331
992,41.83920216713986,18.046527789293297,15.86207075001135,16.528502513892583,16.236952683876527
993,39.04170790388951,19.983151069236104,13.916945440266302,15.449983083120102,14.992814868024226
994,40.8119571230511,19.19321547878085,18.14997765051592,17.30234838779773,15.798573924988371
995,48.550742567636654,18.970066641925968,17.554215460797916,15.263954304147873,20.108963548267255
996,57.35124568594583,21.605346720106144,21.66703411533005,20.46922415100829,17.546089506742792
997,49.89070309804888,18.988743862022744,19.332203345563705,17.715300464432488,19.84924306953605
998,47.35136229978448,17.41323922076625,17.885480140153547,17.72379899582335,20.061311922027247
999,23.508807248554213,14.332072016144116,13.923205118946463,16.7136259279386,18.640463847017312
1000,65.15339203396606,21.20989678629681,24.11367710470092,23.54528415321161,20.11291046839123
1001,33.13710458749482,16.00827696831954,15.041005367348184,15.790114913283707,13.676667234759199
1002,52.70864835666459,17.39753374939723,17.96482308155942,17.252414564547635,20.330602329343623
1003,45.23676704066396,18.669844071927507,17.970274380686835,17.993011196748956,17.536603857791942
1004,41.28816356006661,19.724427366709868,19.94258511545598,19.020676650668634,17.372793155086896
1005,48.8077020475194,19.70282220216011,19.270289462518974,20.63158755835834,20.18254780014072
1006,51.941006996541496,21.112066579339583,18.873741460810415,21.533621266955716,23.691585254774342
1007,56.618420631390535,20.849564275855553,20.119573734348837,21.318237423438298,18.877273041474492
1008,51.22764227158289,16.561198662184484,17.684030886569982,23.836141246510216,18.585991420894338
1009,64.94493296161593,22.288147762318985,18.70885020221668,21.18487877172487,22.585124357253214
1010,50.233050033283945,19.672760754738857,21.43768660594967,18.754361435143238,17.819556917562842
1011,44.7310347153511,20.60732174073927,18.957552148317003,15.187343473176952,18.049340858712853
1012,58.2324686208865,20.503078388517444,18.943745256479136,21.15753731068813,19.257119264811806
1013,45.61788228608605,17.079630222070357,15.600995205553604,20.741120688191636,19.540425693560977
1014,30.912441507751048,16.872413812470068,16.9840213673792,15.462130564453682,18.321379199704612
1015,31.10744283184848,15.903901602549087,16.10221474905336,14.71214905546325,17.627390531687876
1016,45.532551085751564,18.326330775225095,17.373274451230934,23.90523634244879,18.744431709238125
1017,54.192297275941335,18.94914349379067,20.447592801279736,17.180241861501845,16.65737487075911
1018,79.87157433625697,25.090134252355277,24.084277227767924,23.31005794959632,22.758406427311296
1019,25.854900784827635,14.521794761783687,13.48304417716706,14.258147584064886,17.084941540506698
1020,58.706663201160545,19.687275958476924,22.57013194194523,22.076983477340086,19.369074368973727
1021,46.8472272712777,21.26183486019165,19.44521344969735,19.198772272111178,19.931322423780387
1022,38.04441844919853,18.58220213014331,17.135339100841506,19.07128238095835,18.884749755211534
1023,46.01082241849051,19.391612966649483,18.991111860975288,19.069928797844298,19.49653349455316
1024,63.26462037609895,18.909863080855736,22.51812166736511,23.53338039349662,21.949769379498814
1025,28.19538627534362,17.510560053278795,15.217182454413493,17.9569280633596,17.102583584481255
1026,60.447586551109225,22.36865153179129,18.788095301097517,18.804841591339265,22.228760879626364
1027,39.78617734364269,17.836319794303854,15.402656177415686,16.84282164541753,17.58563313958118
1028,18.956988741919364,13.264029617539038,12.820227020498853,11.920017718590207,13.134318007883419
1029,51.7257026979403,19.85282506820138,19.109904898755897,17.730005410913105,19.583662692017807
1030,29.31158437694786,15.610869644448556,18.216834877019004,15.431227265097776,13.854218083524424
1031,52.18405503370141,20.86908884497568,20.778534773885728,15.762353845498462,17.162818172437184
1032,38.75512838602055,17.63094964664362,18.210782016319992,18.554539644719185,14.672276674477178
1033,55.98840756043696,22.040841877223823,22.447246407943084,20.488711270781447,19.635412938262473
1034,42.87592675776731,17.181839810153427,16.588291522295386,18.9841220893009,19.696858898411225
1035,66.01972828141113,22.03646329651856,20.1875454914969,21.47467558181373,23.38600229620263
1036,50.70172256350657,19.94884002236192,18.764720683041936,21.523245818457994,18.84190742434362
1037,44.513987574567864,16.59513006725455,16.24683120090703,17.60946723692616,19.28855920494081
1038,41.50635754494899,19.84457714398656,17.34619354999677,15.268392182425554,19.60444033241417
1039,49.31640257094544,20.083601752113914,19.17529159900049,23.42031339400623,19.169540977852762
1040,32.01191771550084,19.534024426566127,15.25649058788704,14.418757762145281,14.55034335359756
1041,63.74774746424043,19.785150743694118,18.81645178839427,19.29996178360172,21.65539048538695
1042,47.79772471654458,19.508203813514253,21.045270170196055,21.70194777124838,20.86273776181158
1043,64.9213966396972,23.70609102109953,21.560927496836605,20.459992423733713,22.504846013931864
1044,41.97518218139342,16.883865497296185,14.401141448964118,19.58073479333632,14.665751430423443
1045,35.6736040876919,16.25758310143716,14.692700548696928,15.349053351735066,17.388417890289567
1046,27.112140524826184,15.649044444480472,15.154935628110794,15.436183739333744,16.695294064408436
1047,50.98239883414141,18.90026834858628,15.985711475789739,17.902311583304286,19.41454440996953
1048,43.73664801499537,17.54591047304822,17.17322462129887,19.994855261943155,17.577053050609926
1049,51.03113210212631,18.200101567890343,19.94636669672331,17.834335530517283,17.28820670046286
1050,48.846369499775676,18.69638464543749,21.12218032334748,20.668859678227825,19.500120817471267
1051,52.330473797857216,18.930550853595964,19.13836937460929,18.161268254830002,19.313348870661287
1052,33.36927212225596,15.797270412894052,13.444790886059046,17.26203635336357,15.73529843662098
1053,55.00471072321239,17.065702715716373,17.512419814915475,20.1755988229844,20.772477161241188
1054,25.159328785497472,13.423006187855101,14.167062192857799,19.753955168993837,16.61177061056764
1055,36.644101049531315,17.583345643290905,19.282547804549253,13.82405511666074,14.554878473925815
1056,42.16728528791646,18.12556311583367,18.187792060292875,20.998056702927475,17.91708790174759
1057,65.4539502332197,20.332915934539606,23.954196140732886,22.9208625710863,21.74623816860888
1058,64.76389890082253,20.75940689828329,19.026218388362892,21.631671222128855,18.659404658600824
1059,30.047842336859294,13.899792171681113,17.03004392735149,14.770648430387396,16.834605449930354
1060,12.967721012989244,10.466935155150908,10.373402042563018,9.69856900607084,12.837881277627112
1061,49.246149970755894,17.589455101305454,21.991094575434662,16.326292955304194,21.38117366675935
1062,22.92120935258192,12.731720643701816,13.527553441602379,15.770518429970268,12.905288972045458
1063,34.84848206065308,18.68054640696406,15.270056565092144,15.988227242328016,13.198940846280935
1064,51.00795183037526,18.74949842997336,19.310959703285388,15.315278553673647,17.268915288032964
1065,49.76405965404595,19.147802112599262,20.859484788630823,22.103935845405445,21.05518813724784
1066,37.289410139331366,15.746422702802992,16.17854061643601,16.067302195756092,14.993116407921315
1067,27.99126732568172,15.721575707343764,14.561680741729607,14.911418795487576,13.019456953809346
1068,48.74898882099822,18.403475753896423,18.660660936922017,19.198938819806738,19.592068209941377
1069,45.74689693926891,17.340653111278115,19.18753564554236,18.313096861746686,18.51593472504527
1070,33.950758265567906,15.673323000744146,16.950941265734905,17.27795523958667,17.16690183140638
1071,54.625912875704884,20.15276448630106,22.231901959602965,17.15428274256371,20.94323764718233
1072,36.571227143561096,16.914539866305354,17.696878956680546,14.890596524670691,15.759111984278343
1073,49.02142664473651,18.373258077786144,18.058330592946692,19.139049785642374,22.008523527581186
1074,52.27263869910642,20.90546338714842,19.162716298225128,21.47294365263847,17.490487667841084
1075,27.009571493056907,15.607935092432047,14.926987228340446,14.810731051663257,16.59909163361982
1076,27.498468136044174,17.314446532005732,12.981790318855964,11.15676476825633,14.088001756400097
1077,32.04051067415914,15.78140005979072,15.812641458632902,18.04624165546192,14.732285061649339
1078,60.95461921142367,23.546006771116552,21.604605021552715,19.012411836004652,17.639852967569436
1079,67.08670811337828,25.583253306859202,22.692483378651495,23.404595457600706,22.406465704966667
1080,51.73037792983648,18.765189504337766,22.259326633661054,21.955482037654352,19.52877454268437
1081,71.91777423071997,22.64318145934648,21.852953296315057,23.392968693435343,18.62817663913358
1082,57.99955443963219,21.278247652314587,19.27338014887862,20.034373385012145,17.94917566254108
1083,32.616922297242716,14.697739646310922,13.938314634648846,17.270513198478273,13.545683240349168
1084,63.539319830690545,24.05787357691098,23.085491819174997,29.89159096017918,24.056768985646915
1085,41.88831534063262,17.646746933280912,15.74638819383887,19.547489527643275,20.113656439826578
1086,59.82121899400797,18.657549858565304,21.080412226447326,19.675296830633716,20.235137815526834
1087,49.96750553716175,20.506802639088693,17.96197070428648,20.632189090258684,19.93634135078083
1088,61.80132182536157,21.061902097792963,21.893755874668006,20.396001457966403,20.23989882801461
1089,35.01270908640057,14.616828784441118,18.150935683442658,17.57477551069547,15.041761040298613
1090,69.9154584222922,23.59651214550474,22.637948633711336,23.272453533876543,21.42637114544551
1091,45.40164726794257,20.559907003005964,17.25150710785004,18.295756377603784,19.732579494909604
1092,37.41202187100804,16.758727637858094,19.30380755982103,14.879043747474883,14.142549189876664
1093,39.482056610695565,18.432748088857124,18.081677105357112,18.701726274145862,18.583375231538973
1094,55.457960985731766,18.839454889678244,19.69099443140584,18.066877941584558,16.411636311148605
1095,60.31508768228602,22.71843310813532,19.464976309480786,18.61450935264144,23.45395791855344
1096,53.842243865142024,19.608305842516664,21.49113605596667,18.844190644890944,16.30640991558958
1097,47.53681848469945,18.88965303701452,17.744400664903083,17.63057862704004,17.958195616980014
1098,46.326932130613564,19.842749034801546,17.73917880762738,17.330601798502627,18.391567578505924
1099,57.12997881088558,20.982853257294664,20.626022860851563,21.75544670438543,21.71167977432909
1100,58.3886394158144,22.888419154787396,20.04232467523858,20.15169555539446,20.394915671656577
1101,32.715613312854266,16.84416056547137,15.431524918560314,16.998904811025774,16.056097021299795
1102,60.63716255141449,20.528268888395466,20.775495143490858,20.111522883325573,17.747311827951442
1103,60.57628530867126,20.616270407681732,23.151664952666977,23.50389127634041,20.178265097847067
1104,66.33323534687241,20.881005180823685,23.677932659059884,25.089367681280578,27.402652280388246
1105,58.4679742465959,21.535255551269245,20.71365449153353,20.638073376588203,22.34275848621091
1106,49.71661402963111,18.976803035786084,15.524202505450091,18.88659193095615,21.01245941708565
1107,39.92675897598399,16.274004865645587,15.656962403299987,18.840753459157227,18.92888544460831
1108,55.606411967264755,23.392382178001785,18.89452008771679,18.540079559240496,22.298594359209492
1109,62.291238587241,21.96707455304442,19.987010250006577,18.717351244018197,21.55608742519896
1110,41.705125058964995,15.015535490430835,16.367119628911038,20.136157299811035,17.961350089836337
1111,45.69789644966558,18.08670595612191,18.14422865463693,20.322398499715742,19.44502050162342
1112,39.24864956680324,16.393273088038633,17.603187351639328,15.06595387526903,17.475281335113813
1113,42.54489449400757,15.349991132033695,16.417315325663367,16.175231982232816,18.245305795501842
1114,49.41642336147243,20.37969887924048,18.84656140626947,18.320203895815308,16.081186245671283
1115,53.31040347113796,21.127985620722978,20.976456737111885,20.144076078795383,19.95268749607393
1116,47.76525016816278,16.637902562502276,18.917179445749206,20.930579842784095,18.131056412900616
1117,29.169527770005015,15.864517847394737,14.495069550242757,14.007790033990926,13.064642961583239
1118,23.92390600977019,15.412202294295271,13.599163407181551,12.800254987625042,12.587557845953906
1119,48.88681298796275,18.11389026067532,20.35251644458802,18.03783379111676,16.631906767947406
1120,52.19207521891088,19.408729617439214,17.460275725115295,18.350581136217684,22.434159493160607
1121,18.56263013025691,11.784573469198438,10.405270800015037,11.261152518780296,13.05668132706697
1122,54.750011804349484,20.322388369600596,17.707259871531058,18.697105619951927,19.052790824231117
1123,60.89055648429357,21.48423839473729,20.41306242314265,19.96239819471432,19.474254355909814
1124,42.70582011843269,14.877110504184357,16.197948774728577,14.236892803730736,17.938397137968146
1125,62.28734244636212,19.6727632833074,19.925787599553068,18.84106552249386,19.52799439597293
1126,75.71194857602556,26.038040342256355,20.391059466604833,22.963572065764087,23.034325690784858
1127,41.59684701802751,15.465358715122575,21.875362387031256,14.46636391142473,17.964771126860793
1128,31.68607296243449,14.26691650045618,17.737212721216157,15.943007562215914,15.37432876951523
1129,53.93173132180892,20.931044348738848,19.849899115014175,20.182341338397155,18.181295522422808
1130,33.64556124753882,16.87389571206522,15.51900555707076,18.526719374071305,18.455514657235284
1131,63.82876405165284,21.46222725011112,21.09445780688139,20.33079018078024,16.595823437655188
1132,25.229150486434342,16.850626185833185,12.366118722870166,15.866944211397175,14.833065245229543
1133,41.5750135585088,18.578487871398966,15.938803146293695,16.801028870173354,16.762731167064285
1134,47.792521308456145,19.660568918474194,16.754684912911603,18.749285814162512,17.684399128979134
1135,56.5627886608287,22.467926984006464,22.46126327178818,21.720086479649915,23.80130370377103
1136,14.883274913059042,12.47975934773302,11.205070378036869,14.030066031224932,16.144969099121884
1137,27.370965289966076,15.21669341297083,17.542629061388205,19.420522871214345,15.991316500356325
1138,12.794094897776514,12.599477019781718,12.025333476968123,15.309215969329543,14.158970297178568
1139,44.40155353977456,15.216618439426087,16.740542041222355,15.879242100448419,15.661712277054063
1140,48.10401563115053,20.122553543171072,18.955764704322007,21.2245395100283,21.355298837049506
1141,50.08276433480947,17.500131594701603,17.200898197978383,19.457103439052414,21.541178702173713
1142,73.40219271712095,24.469515356163356,26.606645180202445,27.363646894110204,23.716062410180847
1143,50.962701441708006,17.8382854692084,17.55997876946653,19.314965591200387,20.831889270787705
1144,49.9624888469667,17.705352498148166,18.379695554987443,21.52882347274077,19.10149351438681
1145,54.390662910358614,16.355679166907546,19.479578311019427,16.953972510181693,21.900615630769337
1146,67.66280397466609,20.937171802467283,23.641573546485144,22.948365798486943,25.458889836333704
1147,53.95583997892538,18.640898409434428,18.753644778765743,17.71391723571523,16.376977463253493
1148,59.29240864794655,19.826821831894296,20.584769536052793,21.142250583557093,18.442593193530627
1149,76.8596165935906,25.47485621837084,24.198261424214973,23.674684066992032,22.782196610718223
1150,59.1474030100806,23.184371926352448,20.417240646393438,17.92592034756286,21.688358250586106
1151,46.78193353255079,17.470207762715575,16.185838449915906,19.39477821199256,18.9412490947533
1152,43.5517462308237,20.47070409921906,18.20385183474746,17.037298226866533,20.366763056835694
1153,74.04781810948981,25.17494908448054,26.62052676121479,21.347294800436732,22.332947804662187
1154,37.39587159145712,13.790291690584048,17.745557606807242,16.84879644965065,12.868993949605008
1155,81.65665448490157,24.596019185879378,24.736373506871956,24.691045765615925,22.019116430495536
1156,34.840948531140256,13.482686962348598,15.19880372719066,15.182867299258785,15.199348911163444
1157,47.76635526567663,17.436123772456874,18.22423749645823,17.482866437641814,14.252976670791037
1158,41.269823526350244,19.192566144512288,17.64928436556483,17.77570802981619,18.16712058196641
1159,36.9567973471209,14.19436342406295,16.44896262950352,15.811109922884423,19.26670428991888
1160,40.96897001228633,17.979596594905303,16.72207662645249,16.08420969637466,18.00451986128482
1161,59.735018076925726,22.74339091866639,20.441924768568946,22.36027327347319,22.273608099886303
1162,12.955429371200594,11.656367819064727,11.601566466337148,9.91498831661361,12.633172958616939
1163,36.688260228477006,16.514475740296007,15.885461331003484,18.915048591709674,17.785744119256112
1164,78.80470904799377,24.10652220660902,26.89547883945473,23.881247023042132,26.456936147348593
1165,48.650994186780125,17.133820355281863,16.857313044410997,18.004057181388873,17.61247253702981
1166,28.89774520732356,14.892145285508393,17.48036155225567,14.317427462255091,12.556259844467553
1167,41.10312815982024,15.841104916043262,16.63034345181319,15.268475288276456,17.12651058543143
1168,27.05920093000374,12.457108123278925,15.379500556656325,12.227953856075946,14.56161157339562
1169,40.62261247828716,15.935662196980735,18.808808632173335,18.942041540091736,18.95458113391346
1170,40.78895655263881,14.997993232877276,18.656578107673262,16.69205308220838,20.02129035926456
1171,54.170843257223346,21.98916173585259,21.448721200330166,20.942412168762562,21.1810944507239
1172,60.654349441809174,20.75817107643463,19.537827542944676,19.391760551504397,16.67079585683843
1173,44.16120695367988,18.557996310378183,19.31093855303376,17.238714871363864,18.56347338308953
1174,54.70308716224308,18.97559039737272,21.81691958526757,21.03392475915134,18.792246375410812
1175,45.12519576310096,17.36271788770654,20.823459467824467,18.788628680525044,12.324369060465264
1176,55.24303689879204,21.40232225933991,19.158518390164456,20.818556669771,16.84956347377335
1177,38.095016456921215,17.26869140008496,16.69082050955474,16.430494147586227,17.09968050564766
1178,37.33465172148577,18.25065502781605,18.242664767861022,16.538831323062265,17.12517649277998
1179,45.75629585704186,20.782954011111332,20.021758090173908,17.346024345946983,17.45183698228501
1180,46.99554044858921,17.319130689948764,21.613948975297017,19.88221548779138,20.76381232473701
1181,22.143950153790378,11.03644679330278,14.760277301388504,13.253847063124653,12.624777503615887
1182,29.36472144210703,14.00349977922313,14.381401966606607,13.369153358248333,12.102042165320517
1183,62.38998444072617,24.085913734302107,23.333439578796167,22.63869099805146,24.16723577739147
1184,31.34327944348496,14.699079779454785,14.35103895190475,14.518294519579669,15.874531192257178
1185,20.72144186409368,17.32052959886253,11.262374585854573,15.952260572808012,13.298594624091582
1186,6.094383007027858,11.440207699975414,8.20392798453929,8.304193114942455,13.472086592079531
1187,37.56637058885999,17.179062311551924,18.759385542785452,15.660200839408288,16.09939066088394
1188,38.782447652464555,18.805696208314735,18.090810130626647,18.198856742367994,19.351641850390042
1189,36.89856553078177,19.456282756232707,17.04300694170189,16.575217415831798,19.364281467701367
1190,43.86175209666891,18.142104492295697,17.01449651571731,18.30555357208045,16.27040385586724
1191,36.441063663132844,19.299027569996966,14.848761460163221,16.784560958977323,13.844313530977733
1192,32.62428592349194,13.882346314718667,12.672682431432131,17.78610998577299,15.302739749899102
1193,19.26173506769773,13.736934376124175,11.411898448491389,13.9493043326724,14.583398919858876
1194,40.19503400667944,16.675950542681832,18.892455167592328,15.974832442885372,18.396657391829056
1195,31.468197926483732,14.936285544747749,14.264883151464877,17.917681242980663,18.47518982581198
1196,32.999659599582884,15.512358420390742,14.965089744707056,14.749810554893909,15.50688695706743
1197,27.86204609341173,15.087738528544563,14.753489265779944,14.44330257955759,16.551704055783357
1198,66.66830990062809,22.64005467567368,20.813143322789376,22.86389810362958,23.147271484317418
1199,27.694233099997433,15.89221774481272,18.29543849137762,14.948727359400303,16.006956583324904
1200,33.19013376717492,18.323868317711945,16.589176634997795,14.481497418936053,14.998941914710523
1201,25.052041056883294,13.457206982495277,15.885246156402262,10.607062193536425,15.135996005871014
1202,29.075877147213188,15.73202772985495,14.960373338799695,14.9042760758462,12.445495925511455
1203,23.172591021835725,12.260933362258841,14.728721496243967,14.9981912090536,16.328816686574307
1204,44.40317703352009,18.948229462478388,18.63373961532507,16.98383588783915,16.364452167680394
1205,72.72452471069339,22.675927211670373,24.180458795922537,23.00374895367925,21.58471656571161
1206,45.45838454163217,17.816385626470286,16.527524100690204,16.449953171622564,18.12537980492957
1207,51.02199893386805,17.434306443736997,18.486485831915537,18.267063141189865,17.404619423667967
1208,46.20390269713121,18.741155900403978,18.8260519506627,18.768378467212724,16.026230869768167
1209,45.79008324943418,17.31446087904886,16.599067142954205,13.541043681132802,18.179302364030807
1210,30.0058826161443,17.17606434405555,15.316488092700046,15.248506348036651,13.252470995697404
1211,48.11225834070241,18.110858602285084,20.208318549281632,19.223502043324913,21.557473153704635
1212,58.77895988230317,21.25963257778652,23.718891403259786,20.386725431969147,21.09449343881472
1213,45.43355741943172,16.35991497554889,17.58115020198677,19.180069001275353,17.740429671226952
1214,68.81570632428857,23.501604505839165,20.026050918755843,21.37252936182282,22.477953235277486
1215,53.050553413677214,22.343608303206874,19.33062794653233,17.78231773052788,17.180375207991865
1216,51.59339547065639,19.456135859390418,19.4958847409408,21.071438413627515,18.423684599349887
1217,75.65747395305439,26.735769061073082,25.38449814045245,22.550904614816176,21.890703085372063
1218,47.15684728219338,20.485774547006173,20.692270046438104,16.98695294205705,15.312421494515016
1219,26.01674784230605,15.78584175234487,13.29391527256901,16.731260419172354,13.450792304629829
1220,31.6379066346849,16.96499272599594,14.351657373789603,13.038043326277224,12.986753253727612
1221,55.909952190342736,23.536476737692368,17.36880348029467,23.44782245483795,19.576652429810288
1222,40.34365676817811,18.770647367927467,15.607377666520582,15.743525926464633,17.936285926640586
1223,40.089397781422754,20.64980694814435,17.907244702099188,14.783162004267673,17.19723823314749
1224,53.7107014315785,18.273110207503002,18.92962891782598,20.151508191247714,18.61118292167714
1225,31.803906113196646,13.428682485218232,14.257575660651064,14.10082555849693,16.249800922002944
1226,47.33585526820028,16.10253344367584,20.638261732689536,18.780482777587956,17.516013833634794
1227,41.387004851729344,19.89584913930903,20.91010998167312,20.67997350104516,22.968586549384213
1228,46.52763162451096,21.424516269132816,19.945838997867074,16.979585551294917,16.379629672891713
1229,39.31886604915692,20.102328104893886,15.611095273209191,16.638099107734437,19.477221935585558
1230,44.94303086774678,19.551384436087478,17.35345420615297,16.353815710905145,16.473280919318466
1231,52.58282752057505,19.972551732891493,20.811619089298873,17.50812055576886,19.438710053013523
1232,51.561140820395515,19.2762022185075,17.938071187431106,19.86665213232536,16.85213425894449
1233,51.386974250856866,20.421820857071467,18.787624987284694,19.723788353306407,20.41803060203121
1234,37.13531484536623,15.06169080483254,16.036850248265427,14.881392772012605,18.232130222806386
1235,63.66416851546741,20.52932870657488,19.515695451516223,21.63320413824854,22.621723824824585
1236,51.3156626047209,21.148566699262204,22.7876291336472,20.09027966205943,19.463628224797887
1237,48.40243444697565,20.456924119930548,20.02652317882815,16.58853916316077,21.047332669539934
1238,41.36316403261945,19.925288160986845,15.046443047629474,17.498151897154905,16.835112335139563
1239,71.16119049490547,23.377821754423778,22.874818796729592,24.22179094876036,26.668883224612024
1240,52.398369798325504,17.65941693875237,18.296018801788538,19.980990144905764,16.96944933111514
1241,48.28386419497298,17.060184661524353,19.71114782560788,15.957694700918417,15.606457329559126
1242,74.5202181533036,24.87688392349852,22.991437227376522,22.485594486999574,23.45339670619762
1243,53.94496341921376,19.473546112144284,20.3584323740381,18.633139509148798,17.316500909884976
1244,34.990360262749896,16.023912090339348,18.246757476755437,16.703529748939985,15.362866850735456
1245,45.50845156521345,18.568298003285097,19.32413344895118,20.873473305161564,18.95222019741609
1246,42.43819183565745,17.85372815583313,19.76648175132552,18.721238821573014,18.1556297576401
1247,54.759214544901745,18.72213561461357,20.024031047836424,19.182662588572878,18.85243056865105
1248,50.805411975187695,17.527747529476493,19.338147253404916,21.38296495442313,23.014892674588054
1249,49.595413646678566,15.088656137362994,20.877652792466048,19.49279065297757,21.060681463844844
1250,54.91378875126806,17.325122353398662,19.684325969505135,19.17202373953254,21.69637133582732
1251,44.9305440250922,20.16978198248254,20.64868908956855,17.125059352094436,18.060131664306688
1252,51.221431343687854,20.423936599211263,21.05837799382211,16.95712840485114,19.987259380021076
1253,32.105198062667775,16.211574185175596,14.525768831524957,15.173275962814564,14.226644969092819
1254,64.9053049446375,21.947295296517716,22.20755711179058,19.19163413099895,20.316604001455495
1255,46.447769681417604,18.34290710242332,18.043237151882863,15.072754672387955,18.4686409952901
1256,29.263584836996724,18.773521314595467,15.387319300438596,14.484753343885753,16.659474914607216
1257,37.52313439629826,16.219574130124958,15.582076565715933,18.105870915500464,17.36927080515607
1258,50.94898034011176,20.135320817274252,20.026298497344694,19.17070225875447,21.37863628788926
1259,51.39857737982544,18.33624069632773,16.096582815566485,20.53313503722388,19.604152914357066
1260,26.689569695656818,13.141126567467433,14.210606824868501,12.03414846034182,13.692826605185424
1261,48.45811615479859,17.669538527785342,18.599925545794623,19.72111452645928,20.308344438718663
1262,50.38827691031567,18.175512519655683,19.812727996295013,20.507445560204495,19.783868120819456
1263,61.21765745973139,20.468319985843994,23.322563703282462,21.54641309922127,23.054350913996252
1264,33.460034408430374,17.651813156013006,16.743709055745516,15.125621661238885,14.456931704418817
1265,62.838143243264334,22.519570835687578,18.901491636700456,18.006176839826814,18.845341952748125
1266,64.62735471255861,21.423971309320645,21.57809780013627,23.51198350559043,22.633390495896414
1267,50.85623451139486,18.747188457517044,19.181973038100285,20.41991416654355,17.83958955656166
1268,36.7944280304511,19.066472584847258,20.485351240978876,16.722156831404345,19.04233333642851
1269,46.670694011946786,18.901547040298574,20.31046182050025,14.874087446586055,16.5519433745536
1270,72.0482848103644,23.54963054794878,27.42249288555989,23.23001349979815,19.11376902463301
1271,48.569363436732445,21.524874359034285,19.954205449036127,21.838662831877066,19.94180288363692
1272,51.15643286847881,19.53254383835447,19.39413932980688,21.597935488640935,13.780392911711834
1273,57.27786959344468,21.877422868845517,21.443855329958712,19.707849405579825,19.599778924721196
1274,52.574733077083735,17.297155590719417,18.733718173696204,17.264529216737436,18.81682898632902
1275,64.53981730098648,23.613697629373434,23.04659202428057,22.349683521618804,20.676597104083925
1276,36.78353834714001,14.691082736345178,15.895868261526191,15.343955054521231,13.585698602728058
1277,38.26535121035913,18.826085540240534,18.393610699337163,17.467002411466293,16.92498800616907
1278,64.41011516705703,23.719679456637003,23.96792814527091,22.76616480349273,19.84338449790341
1279,62.799637924879114,22.097424696890453,22.28910068149518,21.295252736956567,19.947235326363394
1280,38.54687471778018,19.038703532327176,15.785424043093084,14.762929524454092,15.658616535429553
1281,54.45308068135295,17.632202929678762,19.175989077758164,17.16180622584406,16.67590499644163
1282,57.27829486525897,18.914893329599096,18.020093710499967,23.363182879817302,19.820042683830753
1283,47.69295150136497,19.167497849147026,19.641872318793787,18.059748379892408,23.168961360876214
1284,51.10438518364767,16.212213510027443,17.88902056119739,18.967606931471455,18.63642112609472
1285,81.31020281528086,27.53730244536246,24.785397783443003,26.961639166307453,26.861933480389485
1286,52.57412311970877,21.283935099780095,20.436534510664945,21.62920805234334,21.62158850300145
1287,53.41266292467014,19.92562622847682,18.30764489244696,18.411214762446765,18.55447423921703
1288,31.309696440626748,18.503851616201715,15.70459095421047,17.992657866953287,15.608479310632536
1289,24.93381930244826,11.716254804626061,15.468782177072047,14.706593918907569,15.727130993511324
1290,43.31638387742339,16.067237334992306,18.686627752542787,16.44052461734396,16.797286929196172
1291,39.38835905403223,17.58094913080009,16.349098665260914,14.070997118487348,15.407932202520863
1292,52.80749738627247,19.11064745422345,18.818177034379204,22.856294078884996,21.964690702399643
1293,49.29270871322486,18.899248057236584,16.391739895845944,18.048540115285554,17.961501156973085
1294,38.26705371512984,17.204410296107078,14.621270896564532,14.076596016432205,12.776585339145532
1295,45.842441450805474,17.701874757950492,16.61200140425219,16.508054553890585,16.70265507032854
1296,56.17496955597533,20.363813647892183,19.05737094829709,20.774258433715364,22.21783234172626
1297,66.24104095402275,23.120479104705574,19.926809614480955,21.742407134366918,23.34181503941513
1298,26.637323429422505,14.172016918249879,12.437345909752208,14.950157094628835,12.87022019084939
1299,51.568653236269455,17.769301640020057,20.36477758287689,19.183664411954,21.769692090037548
1300,72.46827470897729,23.083067867161034,21.008749880142698,22.410928970033197,23.397254659625403
1301,53.19077383941916,21.25641727769961,19.915466358644583,19.33026532577065,19.35339626208626
1302,53.998280423090605,19.721922236109968,21.57440930192764,19.53569079009751,19.845525158134244
1303,35.13022449649585,15.272482383992113,15.17579764843828,13.915027155274535,15.178792096669206
1304,60.24834517676877,19.010423518964352,20.499078093583055,20.967958466764255,18.136466643866584
1305,47.2966605324561,18.971766942682503,17.510677009498817,21.540772726677098,20.005791205808883
1306,26.133838698402833,16.3937560062362,13.965421031929052,16.836823859816217,15.384896663253901
1307,32.47005370227034,15.63776649831809,17.818740101171834,17.53229288856386,19.69624778617894
1308,36.56251791950645,16.512686223221223,17.728883230269574,19.113070102477245,18.323510655881556
1309,58.90227294783323,19.85407614724436,20.764804666989164,19.471326089312416,21.681514206145113
1310,52.66519693917267,17.924252340332128,17.29208519655648,19.900539686824192,21.519939227044603
1311,35.433376897464626,13.952654937711074,15.251506579668103,13.25010221289889,11.432812258989465
1312,49.83201794055404,21.967906698725027,19.027227717688792,20.477216124624604,19.740224159909815
1313,58.76910237245981,20.857647252088718,20.332758893358964,21.518161545571566,20.615192332724234
1314,49.872337858606755,22.80763699725906,19.28689470003472,17.1625519364049,16.406162806297626
1315,38.79575669899172,16.27400521972863,14.381564119845935,16.3566303429437,19.819666459869595
1316,46.830809784459,19.543538573300054,19.28008587787079,19.028465276229085,23.14088895549558
1317,45.03072033767025,19.892338289706164,19.472615721536958,19.307374331558893,21.628384580274794
1318,51.9474777079927,19.31055154939564,17.500336066493585,20.434926567699684,21.449566906183296
1319,86.80279773608572,27.122617578323172,28.505140982203777,22.721634174736057,24.00226803504981
1320,25.405527301851116,16.324940271934725,15.817690915009182,20.525588192028852,14.53390298349673
1321,32.5928852378421,15.973556802914413,16.28628461573789,16.527487649363803,16.162040451763225
1322,23.139080641750795,12.521297677608672,12.398078830790515,13.818860557986966,17.239802253539462
1323,63.42028634500859,23.557747877423775,23.88868056235544,21.641467008779557,21.778368099140387
1324,39.99503946566811,17.41394322035117,16.130359475507174,18.34069358853152,20.087921466437038
1325,27.47539803843694,14.770387380498782,14.260445459450567,17.429815647096046,17.735999277969626
1326,67.30184721104031,21.782924689461137,22.900668380702765,23.01327339181767,23.69103287052536
1327,44.964641128078945,17.82381290763763,18.832118068642654,18.335928743875712,17.602116428180718
1328,54.673334111521456,20.62780845355472,19.165741888607876,20.17200093030565,18.67887862736464
1329,39.349262225433364,15.315567782965221,14.784034266480127,15.599011195081122,15.063279934631854
1330,30.393171513356975,14.413838603516457,16.05494858162635,17.20092893889672,16.178702864059122
1331,53.52795567175789,18.43987260476341,21.894234223789397,21.365029693615586,19.07669568400656
1332,46.22523804871778,20.357468010190658,17.48388792717475,17.685279055709557,17.080878572242327
1333,36.03114750011351,15.700738618707488,16.2666664280957,15.827181256848032,14.753707138267604
1334,28.08908077698084,14.077252676159738,12.272308372353285,18.406561766080053,13.583165172685673
1335,73.36333559126712,22.38795211543548,20.6661082016783,21.76302442756211,25.86530911025597
1336,67.96315373616343,22.722817470868808,25.079326525463518,24.62141891830032,23.288019470443245
1337,44.89746355475126,16.232485111474393,18.740442219547074,18.16281118380288,16.965381379598888
1338,52.629157267689266,20.506671467308696,19.026571595558497,18.167941863581728,14.949896672311668
1339,30.03602607095163,17.695009213211673,18.416010770906023,21.078830915368517,18.112466673758718
1340,46.402382121069664,14.092148643391864,19.35033847006009,15.87288674133733,21.97359783019275
1341,47.82597279144578,17.767228839993383,17.677265524969364,18.67895125107163,19.06594939188597
1342,74.55370516807088,23.278922452655095,22.771434126072325,23.37145971255712,25.82268274608608
1343,25.740503041046768,16.196194591696322,14.420569515800473,11.983391915159268,16.1702008031381
1344,47.3810997711068,18.088002094155073,18.117784077826897,16.72380242642378,18.06534297517138
1345,29.547948414160135,12.6602584609279,13.334344334928156,13.81371749056058,15.669801310345099
1346,33.26845739262072,14.69288289831025,12.964097978329015,15.376860778637731,14.307739936926591
1347,48.65695916317238,19.645482096199363,19.571384575863572,21.600406443113034,20.870629769753897
1348,66.01520584063464,21.41420199257032,21.841747090096053,21.728372246594024,20.51806014553275
1349,59.00973999271836,19.082148566613906,19.496713975994094,18.953563359770477,20.198265539348505
1350,50.56795856870712,16.20486365596904,18.853655378917136,16.546298893435914,19.842085342894457
1351,61.24484873697189,19.15803329415377,23.31209474498719,18.97058770729409,18.27312568673741
1352,32.164010541634156,16.504063448227363,12.939126980789348,14.222867510677183,15.403218817203687
1353,46.61040645559702,17.84811791032499,16.51321519404531,18.109480284358774,14.869889572012292
1354,28.590585655517952,13.105546442260627,15.206034339944756,17.25491898591225,14.245242367571922
1355,57.57455491537657,20.491321121677718,21.736360484665383,17.39079081726069,21.10165393962652
1356,56.20264035505972,20.28473641385064,20.735174271029617,19.095616648259647,16.6583571796113
1357,58.06076818387318,22.11020286571523,22.615130226704995,19.545360837298578,18.731830046222957
1358,65.89075245363975,21.581977885700354,24.112138149410075,21.33350249762853,24.598625092331663
1359,50.29308191140902,17.202206529776753,17.791192139359776,15.02002039979064,20.60994784814722
1360,43.49952851492893,18.888408556896692,16.08923123322931,19.793821370939813,18.536998456195068
1361,37.8023884798537,15.456135174357147,15.449625264518621,15.771073216236577,17.599906143823127
1362,48.187337231296205,19.391534337490146,18.91781591370777,17.182852282025934,16.64655891348672
1363,31.89410890172873,14.557553855248402,14.500038312193066,13.998090008916117,11.39852884965423
1364,55.478843981897974,19.72132348235505,19.748341489316523,17.444617851488072,17.765855489904013
1365,57.27454131183012,23.857889931477573,19.618068986976297,23.07671983322163,20.80027847921665
1366,29.816608801421523,12.638290372698812,13.733468671158642,15.390648672742467,13.876197690955378
1367,52.7702180921492,18.81798048971012,20.696791142636933,19.98594513765481,20.663465527929734
1368,47.96051373607405,17.486510068414088,17.408777558886506,17.727898695353204,15.054291792945032
1369,51.64413494109865,21.24238675014532,20.11557414786155,19.29711878741688,18.789002410979844
1370,30.994918046042773,14.34934633158913,14.849426085787806,14.872418643213313,18.71685331255028
1371,55.64539834483313,22.78389984446354,21.723174495075014,21.65313496827424,19.96682917316406
1372,49.105943837084325,17.631022604561366,17.9891067531845,18.644124213466178,21.32788855649133
1373,38.27739433500783,16.382397217992096,15.641478259897028,15.669082475628091,13.21253628657525
1374,31.403742389742618,15.512581335713639,17.175897564697237,16.911669848240976,13.889755282460753
1375,37.42632050050287,15.897726333485306,20.36279730271503,17.91071150620549,18.012068077363523
1376,33.23593539211853,14.572596113523346,13.189155297725524,15.753858188903465,15.588506201732532
1377,47.76901060565594,22.074937338949844,18.998591617028545,21.48489825539722,17.21484199303668
1378,59.73174458853825,20.072210770408827,19.49839144521045,20.940134150910286,19.615537237328237
1379,52.61921202939453,20.114557857503605,21.312194773431543,19.169387525863666,21.277243668355155
1380,36.514365039673706,15.845223395120376,18.14929152619548,15.587953847793566,18.337154489851663
1381,42.71622482879467,17.269072646439867,17.27521897559276,18.519122448049465,15.841382184401546
1382,32.331649456718345,13.578561344018297,14.10703909322323,16.425238712413663,12.533316800277024
1383,24.43653950966587,12.319342890170972,13.735390089861957,15.348611135952078,16.87678470429157
1384,67.94618152982417,22.27571352272765,21.85087587036047,22.739451346006994,23.272860346854493
1385,26.35094846594299,13.762223935513248,16.37644296672087,12.562316300953842,14.717034219689102
1386,54.103279458850764,20.428190645132194,20.286413649208903,21.48303955585856,19.662570915906137
1387,36.74346247704611,16.246868805356588,18.29217915564084,16.45064719665157,13.629249037774288
1388,20.197902535398526,15.69342724877361,13.846482271469373,12.541791738838128,11.048957266418823
1389,40.67264636223435,19.212609284737717,17.857468995780287,19.086537965760463,20.424222093992377
1390,56.231966406973044,21.137562178139838,19.875797342889506,19.41667354033675,22.66826911513223
1391,30.034564783495345,13.362821736707735,14.830852368446191,16.106398608843197,14.6856798969938
1392,39.909103683681515,19.463688885689088,17.054947499742333,17.850341052660816,15.318619532167164
1393,37.2664096494917,18.059528226536894,17.20872422923371,16.62795641999245,19.421302478746476
1394,32.11156874003818,13.769975046989943,14.577937048195876,14.921429011519033,16.83106703570364
1395,34.5648686932863,14.781043908927767,16.32596305158847,12.902673752178954,14.555743423261807
1396,20.95912252335442,12.684551383932954,12.111590900182906,11.791050888878889,16.31012823629526
1397,18.12473702770211,12.75932671336015,12.190284370460107,10.528415385859121,12.221363353882921
1398,48.730791012960076,17.41073969967279,20.296002736618348,17.528110200164875,18.839171232023805
1399,54.50251501611865,21.9685038502539,21.793442553264878,20.517003654990916,21.58766402575345
1400,46.1932436101902,19.34497735598961,15.41481058368886,14.783055756076912,18.071448586122482
1401,37.50788382727836,15.894825440094875,14.436686852701968,14.749103530730022,14.204721966296738
1402,47.60857613876192,14.025722658782009,15.343655843553044,19.33978877172789,19.933887598351212
1403,35.923994087428134,18.550466222295356,16.349587517209503,19.528275365594467,18.848440909157585
1404,21.57528411713108,14.181325575029204,14.389640635979058,14.910437471817687,16.328537689454084
1405,55.42545862707229,17.300339750267387,17.806249347849302,19.457833520107343,17.87069111307426
1406,48.78950579954338,17.445835053238042,18.933897103350915,18.60194729213452,24.13478948358634
1407,55.430758917000055,20.236033762012422,18.922009375845555,22.868428210206062,18.24943900526433
1408,36.22767493449278,16.25395398523775,18.14463465067913,17.26468704381404,18.0750327472717
1409,69.06715416212103,22.537064394451036,23.640153521474446,23.77494290189202,20.661476655173736
1410,64.44229941618829,20.55141811505809,20.565610922166414,19.034465963403903,20.3961961664522
1411,35.95247061578371,18.470075041304256,15.718151010816513,15.59747963782994,16.24788405619668
1412,35.76293941566874,18.461707005631766,17.964514686871823,17.027863814147675,16.926201947458278
1413,41.745519618163755,19.25953786239237,19.57853825272488,16.934825648018357,16.629482056609604
1414,53.43111798712573,21.85529536246962,20.609393887899426,17.156499038925276,19.148110998532157
1415,57.52679483196502,21.715215776665854,23.69866805836668,19.007904444048698,20.76259441896425
1416,44.269462026352016,19.401512846223486,18.471880177722994,18.429749009342288,18.175536524915007
1417,53.08104878516381,18.532094396412997,20.51171027923814,17.61548369370638,21.9783767943099
1418,65.50498060397067,22.104906692476632,22.609275749988697,21.21969488643065,20.643601483930592
1419,41.07637760969812,17.405305669095963,17.635707426248672,15.521915033123534,15.75596578932455
1420,33.56522620371818,17.949468829368183,16.8588052441033,15.522082035719006,15.15602066415309
1421,20.10741504302246,15.337408210654049,13.196081132108034,13.162931757622019,14.221165705955363
1422,55.078702590534355,20.990591551850535,19.981622910293524,20.716217189781144,20.729054933759326
1423,31.93506733796438,16.434037605658304,16.418664717237817,14.972281595925365,15.943241455267195
1424,29.274122376847085,18.75471525452236,17.718657852301227,16.83752744504489,17.585582261348925
1425,55.515308792404525,20.691920876468455,21.7782821993796,19.91107680724674,25.538806469125177
1426,36.35314954984039,15.74131366810341,15.355118506325521,13.69608702576911,19.123507763450323
1427,31.850676602844818,15.831808251515477,15.750865106112926,16.083478517764664,15.746829364894541
1428,56.83997020052516,19.907187644106138,22.458743216733115,19.10911365484251,20.33100778853477
1429,44.2398180251033,18.36200121049348,19.43259505904815,18.292747242537118,18.819348167567533
1430,61.46034974854048,21.65074034830535,24.25219788197579,21.45637183367953,18.907822846603985
1431,34.52878082693352,15.059319441665327,13.706696746913538,15.087161941304771,17.51335681059303
1432,46.33061573507797,17.269713637099365,20.599799907011242,18.28521570939271,19.406593711775137
1433,45.02290134777151,19.30861057797199,18.044566129510894,20.271974484718033,19.215718343745483
1434,60.08275245321957,21.534034374632462,19.01304041556241,20.940271002985543,19.683752694878873
1435,44.54836251065055,17.28647902455757,19.50632492239657,16.63022908583182,19.178551718673134
1436,76.86342708475844,23.928962264414743,23.07176063313593,25.26626841343278,21.192359770212903
1437,33.755124939170535,13.696785342048251,14.632920239707724,16.77489059539127,13.468807901492927
1438,44.74074383531836,17.48735331320975,15.274459064462496,18.23341283148303,16.6480962606525
1439,55.88539601210448,21.608596479909775,22.32460997921521,18.033877856046225,18.67977042483237
1440,44.57252271428225,19.280764982436608,21.591471704002565,19.367571802721084,20.74014259623213
1441,20.271516768811438,11.505729882085827,12.068060368103987,11.705133539268537,11.599307732200325
1442,25.430329732361606,15.5778758564036,15.911400587843648,14.406791574002487,11.617301996391646
1443,48.59199054167229,17.466629835863706,18.73485464477674,19.707339053562933,18.05762722412968
1444,49.02846618747149,17.052886138266892,20.127628832539354,16.697265344393372,20.21670793772663
1445,37.02467659389033,14.798243877784152,17.676541521289046,15.40400088249192,18.710329258679312
1446,66.33662954281183,23.612034009243775,22.715053988893047,22.261917784297793,20.73086047673586
1447,65.21348740860175,22.17863635485827,23.46226043137689,23.592555492611712,21.846069135634377
1448,60.03000664248774,22.040692177932236,20.956705579805053,16.355681408747554,18.65057718707289
1449,44.696786665067414,16.566205814325624,17.04793086837999,18.877991458343033,16.99403047116884
1450,83.71895492149436,26.973098309993386,26.087797289752746,25.384645280878875,25.16660061124829
1451,55.62110748625294,15.33263394340704,19.244477509702932,21.12427326214889,20.31379456782682
1452,43.66064294889519,16.167116132801617,17.420926311902377,19.911097851904028,16.30038010697006
1453,44.229841125050385,17.306749544542047,18.57780657402232,18.985344947330276,21.386592018530184
1454,43.74268241188948,15.690685960876475,18.1726611810219,16.982528116537036,15.932217285242489
1455,32.56527180157755,17.326774452279068,18.219286968947955,16.86772065450384,13.311538119898373
1456,49.04891008220176,17.935326186987734,17.47437959129115,21.19941969956809,17.490930789995762
1457,38.054560207679465,18.26471311517954,16.489173611669923,18.098249869585665,15.56329406680276
1458,69.12876783124989,22.85134178360702,24.05112484633074,21.083215930644403,18.784468865461697
1459,46.29798912989769,21.097569801775105,18.425346342592466,18.10556079844654,18.349433049419314
1460,38.85027206108282,16.40043054774212,16.534827610718825,15.434071810164344,13.193885636696049
1461,50.69431498813521,17.07836480285206,18.87167818913726,19.660993010350815,19.798037939510056
1462,19.208310410294775,11.635584329532294,12.51544945313079,11.742221820605293,12.144810275331892
1463,46.577348155758685,18.606027539830684,19.172851471051562,21.3948926449505,19.35370924571967
1464,63.62914311059617,21.643544019718746,19.605609225091,18.36969670580089,20.142651258665246
1465,52.06996191965746,21.199396126521883,20.5499359093151,21.665506047118033,21.47977270838185
1466,42.82133020822337,16.584618330985244,18.520079010711928,15.484713880434718,18.480233462272967
1467,43.18791325793516,18.414085164971446,17.822686001687728,16.465262378409825,16.163385244519915
1468,52.080368445136905,20.464259274580275,20.342389710456057,19.08712229527533,19.72977536574608
1469,38.41877548693128,17.50977683530523,18.46240114192496,17.92737073522136,18.80061793121904
1470,46.6859848934643,18.247030468151774,20.07082721104535,20.026386170454042,17.710843098270992
1471,61.98876995473661,20.416042330339394,22.189592189045623,20.483630874626265,25.310009293558263
1472,55.44571163373586,20.023961575851025,19.80298009190898,20.543918460704543,19.43667913408545
1473,27.70828070490764,14.185216958525308,13.143205539951186,14.559108536442263,14.834271353055344
1474,37.774829653315265,19.510554842479458,17.38511439145762,15.870344860670949,19.429653165622398
1475,29.426667952921466,16.17688966592182,11.45057752679998,12.638235190680343,11.956767300205803
1476,34.49166966640295,17.173812857732255,13.896539944740702,19.18083449902145,16.687847532732984
1477,53.75097628719775,20.989128576209673,19.60589492531095,18.88407551351006,15.336210710348945
1478,50.76939449753336,20.23239995623162,21.626246277049738,24.295483724229545,24.19229053966888
1479,74.94074119071455,22.85902500867169,25.261814996697986,29.07623273208748,20.776140833743742
1480,51.67389553212143,18.80396682727323,18.43176600291492,19.73158951034147,21.310094598461735
1481,22.178404797407218,12.421210170243802,15.255604122469629,16.13119210109041,12.616474751451616
1482,52.320815036186566,20.15978666709539,20.19998513231542,20.543853972159834,22.464457089780986
1483,60.008638389501236,18.629292817421497,19.070060562709497,19.9322435648187,18.250753149893068
1484,24.068404881018285,14.701289201426935,14.026041188386502,12.794464516917815,14.276368629120453
1485,46.45846801322293,20.653685224056233,15.351665731338576,13.839035261430856,14.787096203201047
1486,46.206266241190455,19.376233227038018,19.18140747074673,18.553322076913435,18.790506078444153
1487,57.23225133534473,20.633588373043775,21.642455443370984,20.39167306367873,24.46032585030043
1488,58.932199642843806,19.762549196052476,20.71873280192391,20.423522378439714,20.76099016643271
1489,37.386663870953065,15.677432731991768,15.992858051840066,19.331436355485796,17.980868578866424
1490,47.25396206329581,19.247981850947813,18.889279872733788,20.569898390459333,20.503378848864852
1491,30.20220401787758,13.752256282606854,15.527884981584126,13.701235202763634,15.166064634830757
1492,60.48971578473521,20.77564815293628,20.523976805156373,20.614166172854002,20.789285772306233
1493,45.241072185711076,19.856905655407648,18.12319617808974,17.128113250496526,15.620385406867722
1494,36.83974087121478,14.572881462695626,17.821356638703644,17.12390891666901,15.052024949983513
1495,49.48173633026623,17.921788053583455,17.634765109702407,20.10880391254218,21.949743910657087
1496,37.842272089011544,16.680313190072514,12.855979777968262,17.41597514314731,15.795371347182815
1497,46.202495683719626,17.61577054678383,18.459605004814225,15.638704774236928,19.555883385858692
1498,43.08854379850885,17.045918503727748,18.24789998249873,15.248720931520534,17.316746365741395
1499,28.957415045372343,15.18886071565102,14.668641062801854,14.19679219889074,13.734674659372144
1500,44.424318616535444,20.701729551816396,21.112942173383978,18.012602367672304,16.640159458350066
1501,45.157587523681904,17.35968892500001,14.378071511325308,17.988650277371367,17.66912008421025
1502,22.91138176313213,12.883605284686533,12.094313440920333,13.463914899849822,13.811935805487337
1503,50.366232949844495,20.44766366305827,17.759212529048767,18.66059080365965,17.68641057759687
1504,44.72493134277562,19.694862458106215,16.921115119725243,18.940306457961164,15.905158683344752
1505,41.22485297059694,21.41539623907909,18.851867357084892,20.428977330342267,18.97249538458106
1506,30.44946359902015,15.15980063071461,14.616191966879601,13.320218386770991,11.904820488798878
1507,52.186823736875,22.85180783011361,21.23933566636287,22.514782592241144,21.948979000979946
1508,10.73381311246415,10.198499442540054,12.874329198824539,14.017271772365818,12.133794807048986
1509,35.123691860067936,16.617412675313616,16.762633828628452,14.042675723422398,17.353951707879382
1510,55.28976193319106,22.16111839931846,23.110078032878473,21.29342234464145,23.94380449717693
1511,53.50931449787488,20.429251833063425,20.487204927071197,17.348118902591036,22.57773902198391
1512,50.047250682738344,20.206522627481256,18.31607445624789,18.70043140116925,19.286683147826885
1513,36.98845376654438,17.34491265464674,16.131511094820855,18.421323934941434,14.4492446076205
1514,35.831713842251325,17.45023280024962,14.383989946339952,16.509890044886816,13.90431182453545
1515,38.80241240590826,15.34165710833708,15.014093635016021,13.894747367871439,14.022241245669266
1516,61.01117978284108,20.995716551833347,22.614459478352003,20.458653557084197,20.391123034776513
1517,44.102705110423706,17.275706113509873,16.52840761885008,19.621898436069813,18.52486391782696
1518,28.174930942259447,16.243785559683698,15.637669784068114,14.667926639142214,16.906444444419513
1519,29.073056212249753,13.877213396657961,18.733782911614988,11.019134064776944,16.40267864601996
1520,60.48990417552859,20.87303363747275,20.14420535860173,19.982504422998193,21.49741785010343
1521,30.07033868148919,12.780238225505915,13.417195743922305,15.029412956632346,15.026839321984497
1522,57.51419599264081,19.638459470059665,20.22638243107929,20.648936369875667,22.346631844034686
1523,46.904103634254554,17.05061720163341,17.538354480090607,17.414251697870153,20.03299068432944
1524,61.71076522919634,20.27781279393498,22.532925267682863,22.07728184912212,21.084842860215076
1525,63.44234228045057,21.741766695778214,20.444446079376267,23.416708479083567,21.90243069901401
1526,53.79237447667907,18.061933280190885,19.734421549202942,16.64559289474528,17.620576805791835
1527,36.256478055992474,18.730369703122033,16.31090258799711,16.402313544661748,14.489094511542294
1528,28.02157779175589,14.971813270765557,16.11132331399145,17.835358105956537,16.48161890238153
1529,41.38357872283262,17.204591527222053,17.88039731225877,18.14096254980234,16.687996386877625
1530,69.30972582323437,24.423943063372565,25.815037456647513,24.097572767525662,21.830310059503816
1531,22.824190503357787,14.657776880531028,15.946002558639101,15.615596697681829,12.973572855010543
1532,63.31669496606557,23.27410484022109,23.40873421259996,18.830263545927806,22.331593131854586
1533,50.67187588617671,17.72994009418339,15.82866837058022,17.94676535917275,18.616837378449006
1534,47.26279629303822,20.4514106652003,21.837041135985622,20.150237406384633,19.70553804835568
1535,42.47607418184453,21.0361331678087,18.769107341160833,19.5713050302077,16.979570903475526
1536,58.98675567755387,23.329711510697706,16.98923567678932,18.511471521978166,19.191726306837197
1537,25.968900830921076,16.170163244001667,14.331039816294918,15.840427297688551,17.59823926230022
1538,64.60961404249936,23.544103671225994,19.653209350304323,22.10098023142177,19.39182298776469
1539,42.81571345740989,17.128154203906725,18.54040035445965,19.871194705496737,15.981227183830526
1540,37.6316828469392,16.497879131331242,16.29706816562676,16.952515155417466,16.985005885485126
1541,61.231330771921655,21.683105501577494,21.245550142621205,22.45954021106581,19.842855259899316
1542,49.260955706215604,20.477861731613203,19.593650875521373,21.037346789924,17.843160964720568
1543,46.76083900653147,17.060729771452433,15.524303047665951,16.978666934705895,13.077350513450261
1544,53.649649235349116,19.432245433815968,17.5845963981344,18.822074390581335,16.947378279956585
1545,43.25803723238319,17.05383749372815,16.266616666128446,16.46100273469431,21.89005908719773
1546,66.68366804022821,24.392238718660384,20.35103843846265,23.141884267737375,24.96799119382474
1547,62.523907877591235,21.769925822469776,21.136181383233474,19.68487054659174,22.09820904421393
1548,27.664477012676613,17.220646652717736,14.217687619466783,13.264089307126014,14.599191096237494
1549,51.97068423400406,19.242806119631428,21.44212949808656,20.883039036266197,17.82686282089155
1550,52.44083308742991,19.85149594963562,18.476267547440962,18.928046048763747,17.62622312134896
1551,45.497538549947116,16.260916917274145,16.670100642710718,16.895769445121406,18.931966973871955
1552,59.67946607325902,23.0348712667552,18.98410767587956,19.600145539327418,19.442129123403117
1553,43.02292650621623,16.264614733331904,16.342155154678334,17.36828102134735,17.36345056057708
1554,75.58064892301716,23.465248240112142,24.831684078858274,24.499521429612344,22.584736323414855
1555,48.32839460962571,16.900854934867507,19.875270857799148,14.864007519002735,22.506089022749613
1556,75.49178107971686,28.627718973908827,26.26792336583131,28.106545781329697,22.728355570036047
1557,26.787997116439826,15.816713899472278,14.207848140365837,13.647650660315389,12.11326062210119
1558,30.810603712499834,12.891682887260256,11.890274634337441,16.985240226063013,15.618866883874174
1559,51.48038003931518,18.031805100429256,19.152044265198676,19.118035340140928,18.875579736684262
1560,42.894582069795405,18.03307553219806,18.178424311308664,20.279846311612722,18.16310960311939
1561,50.79853163945182,18.54035631122302,17.259048107218167,20.647010575051688,17.781639900808578
1562,57.61276652350623,20.619563473419916,18.523549394577227,22.79656924934973,21.409042128570373
1563,62.19821710821607,18.69918626586254,19.724488419919055,23.879226346861355,23.355580249847357
1564,42.93215737763217,19.19646355863342,20.564199911596322,18.61200505104139,17.621888748371205
1565,49.58535132009171,21.36065103257058,23.078058893755546,24.235698088142392,21.020090740839926
1566,72.38872207981002,23.26448991001348,23.066398912908223,24.617011236252416,19.135255410948346
1567,51.34212613619287,19.027745232068284,21.443509883801166,17.077310687444374,19.82275498182227
1568,41.19836082203174,18.826970952467427,17.632300734231002,19.055229309811413,17.911230658607714
1569,27.26937132192256,13.272469782051376,12.158286180752155,12.386115654288611,12.528521941719541
1570,50.6432322738967,19.64315864375421,19.80145866517973,17.83645199160021,18.31265948071934
1571,56.738063587993395,19.955785822254775,20.602804808933517,21.01556056042715,20.573228204762515
1572,24.46170639431342,12.872140372843571,15.28269648473367,13.827175480714939,15.89069266178695
1573,57.27374524714281,19.596145228630025,23.851475078629868,22.246781408807053,18.049634987678235
1574,53.78073483329753,22.8363211970374,21.914050233171228,19.218322126591183,16.673909240239905
1575,60.95488312433817,22.06695201164018,20.66949756703952,20.275252138069735,18.61112432785841
1576,52.45029072610985,17.85565487030838,17.688461130983846,18.43929152707914,18.52417548112156
1577,55.731924137637264,20.530065537238603,20.53167029974511,16.094511820257104,15.145659463679191
1578,47.23982342251488,19.03535344025623,18.19796982479389,17.2648412242335,16.768387610215353
1579,62.80140760036609,21.708821026068236,21.845899172664325,21.106745883293424,21.994287010317365
1580,61.699543688411275,19.54875454937895,18.67734474973999,21.785418437712206,24.20336410535556
1581,49.67288369002792,14.455298639248364,19.645093762553785,16.32314383795713,18.008751791171147
1582,70.84281336452992,24.297353268665624,21.43965779309417,25.78233148040497,27.51824265031498
1583,41.4340899484089,18.731302237998765,17.029463081986748,18.05638203361939,14.346839014636307
1584,54.50431392358106,17.02113928519973,20.989721690457866,18.69093238718686,21.17632474745544
1585,65.6832206277947,20.60091893564146,21.903393830592645,19.43597377996803,17.534571688859582
1586,55.95880159305445,20.632471333228395,20.39387524719066,17.35075553513816,20.502727854660893
1587,52.847478136746005,23.35323408492003,19.436784842182156,19.271802841151434,20.998694194718773
1588,60.573562143797766,19.39703752755372,19.598365373908827,18.113451314585408,20.646381669459156
1589,56.05447605804148,20.71757146347822,20.088798070357722,18.238517447290878,21.202600287891453
1590,52.953619353982184,17.361863141320477,19.36000315965504,18.646102450713997,15.453524420925826
1591,56.78969473415815,23.449464228508948,21.286840526450817,19.60713894521545,20.339283900819414
1592,47.031880261780124,17.602395520755604,19.536127410087275,21.451191978843337,18.885859331481715
1593,54.73695616876413,20.69951847874365,16.638395514024666,20.69849980158349,20.956439158080077
1594,46.21168386813428,17.127002397025095,18.579222779257623,14.351885110348382,17.51951360633995
1595,39.45688460331274,18.84673302176173,20.277263841834046,19.97081134171433,18.1643154022757
1596,64.48370994272852,20.679697190171034,21.52046824972866,22.95582384900344,21.685357859413422
1597,14.790897046889087,10.757337720796501,12.002206785958215,11.313791147582076,11.39085583075105
1598,33.71059281465844,15.317743237230852,15.355234267355913,21.733164608238624,14.899718109866498
1599,44.091561403380936,16.20780068517196,17.903178995285135,21.076943904859434,18.977559078795686
1600,32.658059422022504,16.735175117156892,18.54529354374098,19.833538001687895,17.553284791956116
1601,72.1211584586868,22.511940982364628,20.056036021631886,20.862636616460517,20.196722997636464
1602,48.26990953909506,21.237951758879753,20.390634582882182,21.573341531670096,16.99161089697448
1603,62.55642290220589,22.396309421620035,24.39511445366021,20.756467387429137,24.73710032323841
1604,54.711163880756686,21.377134494360938,20.75333365581403,19.130912152766534,19.86486881433466
1605,52.27289914390486,17.244588183374763,17.938496742885494,20.663698628576483,21.560339675941226
1606,42.14795133675312,15.870267708999911,15.955480619366654,18.766251975888387,19.92512440961992
1607,30.19930026969296,11.775375928713585,13.704378575877671,16.79348826489477,16.63191993168051
1608,56.43969215290565,19.261505833141808,19.830099912477582,19.700720238281455,21.05939872600977
1609,46.13772833450254,17.75174238089743,16.576912962850425,19.117304936361375,18.27201708704932
1610,45.18617410910482,20.220863358387415,15.365815939165051,16.81950484484551,17.951174010535276
1611,56.42742335532023,20.94363942738555,21.93216929314676,22.394429925092563,17.987557589135267
1612,39.98531656965819,16.711254327376132,14.279289067955471,20.155681825108537,16.995596706874043
1613,54.32509235599685,22.74102867117475,21.672174578926434,18.96187214355027,23.177394992769937
1614,45.60615018173752,17.87812598253334,17.986345812534175,17.852038349376947,18.741677429918457
1615,66.44763770106536,20.211336517612157,18.525741976298452,20.058763253777414,20.809504459503913
1616,50.74677311414333,17.399764250418723,19.166361759591837,15.055436804959253,22.008826597661297
1617,60.035482838819796,20.649388976607845,22.056186790875277,17.181324160603747,20.60506701992926
1618,48.91172770284257,21.86223075504788,22.475055183030893,20.395923258814243,19.86601744791096
1619,52.885500422777746,18.807849597981914,21.60211664854851,21.301636227560177,17.955911610303303
1620,53.86579639835636,23.233063678140446,18.698046374219686,17.737600725419398,18.944402326672442
1621,35.48915849249033,16.142971970940444,13.990188156831863,14.581584103210275,17.81689551782573
1622,31.89215366321721,14.884006380517128,14.696231352899186,14.678964246038847,15.333754712324927
1623,69.85871640075636,22.16826938204447,24.496841412561242,21.09140091680672,25.86700183637721
1624,61.88651363349107,21.58227181701147,19.05456325696508,22.930578061290554,22.11476392857248
1625,39.007496091144276,14.414814770852733,14.731755370816337,16.69215535789742,17.983509716891902
1626,27.649648486198352,17.240568836962556,15.97593434562604,12.940174744467724,14.113278457891989
1627,35.84289611539548,12.804159155102315,15.992047517605224,18.937823798894033,16.974660192309425
1628,47.05380534725197,16.632769591323306,17.289010767209266,15.043645495839478,20.884384996102934
1629,62.061505273102334,20.638454192051206,22.624387963704166,22.35663388024704,18.196181030802915
1630,47.23952195416105,19.084908288738873,18.921924800379255,18.443928721702925,16.298962848784495
1631,35.46112866524234,16.519925772520004,16.424681504995792,11.487210003856852,16.820232954449093
1632,58.325690854169295,21.627991036371935,18.227206658783388,18.868776820948973,18.585495200401287
1633,34.23732420933355,17.612544587410156,16.578571350114178,15.136604086370959,14.657166107583398
1634,44.72198183147222,17.33070543780556,18.79388595947196,18.375119128978714,20.425292587357077
1635,65.3443851802939,20.52991023484069,23.930476122001107,21.93194333876086,23.1604884680088
1636,16.73044374959743,10.440606812923273,10.73707114235802,12.133770980292768,15.710635832242014
1637,50.32972574618972,19.2068371005301,19.402423445411195,19.260905140956694,18.441931919208397
1638,33.63615277322653,14.452597863950889,17.039021422195464,17.18086899518562,18.17934533843088
1639,41.90071216517829,16.40535568142473,17.474953000850213,20.339027533086686,20.515685659793398
1640,35.21769946826256,18.529087941398636,19.866079187813387,17.54971504158981,20.146651901018117
1641,26.454095099541004,13.835897213069407,12.312025428094401,17.232342316586752,15.263391887392505
1642,61.47190168913424,21.23943453863036,22.23832390104848,21.725201249384295,20.220250809463966
1643,38.90572461579268,15.622855608980686,16.429502755385162,16.290790185698874,18.156937595360414
1644,20.2886740330471,14.359366746668607,14.145307846386086,14.10276621486961,14.281011086019262
1645,33.996099155033214,16.305356605745427,15.981584981444973,13.94378896910493,14.142124229774433
1646,59.30736800673992,19.588097811179583,23.175717056009752,22.37876730614856,18.857374990209728
1647,40.31194849293288,17.827847287330396,14.30458510970713,20.018717737866737,21.66220287053177
1648,61.373425625639044,21.31680781584044,20.661348108976508,20.714208757607544,24.398960895643746
1649,62.57832636311108,21.73475053118056,21.936356348655117,23.45395233387117,25.633345914094424
1650,53.63460716775285,18.01345281409005,19.995065145261968,19.8589874985148,16.032609822681128
1651,42.03920327006958,17.829279418571513,20.289824923429443,18.852374794915914,19.079666536520396
1652,27.66970783889237,17.317894873791005,16.98278348254026,17.64775633736324,16.33811038864267
1653,54.97052167328826,19.865786732643173,20.358356158777777,19.81598654037922,18.310350841399632
1654,30.138465372722017,15.479030839662945,15.862356330193078,19.421869564076275,16.748110215755915
1655,59.505750749973586,19.339190058623288,19.523017030373936,24.27763359659706,20.499198749543435
1656,51.559143208665624,18.74073493429943,18.71336028517352,18.112457791069772,20.220344267828516
1657,39.65643530828089,14.189130099809041,18.37732923547595,13.947360293727597,17.15234590345321
1658,52.8747846476183,20.050877452005228,20.09972345399929,18.829105635088606,20.67481308484108
1659,31.8963106413097,14.136862832826246,16.763437514248952,13.937723952128495,13.270354606153816
1660,41.276400684887754,16.501296227531746,15.702161832787361,16.588555288079135,18.600062880706137
1661,45.05582180904652,14.67319561784842,18.8021305583914,18.67364428815993,20.028700413416594
1662,39.30538717548846,14.867987272443628,16.062485726144658,14.890465880705634,20.431882776466967
1663,39.68028886622934,16.468993472080168,16.346629034323044,18.04965022899648,16.45890948587754
1664,30.23269478483633,11.662658802182584,13.918773231974008,14.872439065201508,16.40925885318358
1665,40.00015687841267,18.999940917365027,18.274111831664257,20.815376038286807,18.14092743100526
1666,44.302101824234356,18.333116591284455,15.788049097213612,16.95933564563852,18.043970170437866
1667,68.79825111704533,23.30775451891151,20.14788340223804,19.026012995051722,17.790000439419185
1668,56.504343649120536,21.968026543741953,21.951207199872904,21.258604857993063,19.18513768046112
1669,48.390444268948016,15.557330280822251,18.71887220556307,16.986771344029332,15.213336651745024
1670,40.69462924748915,15.81316959950745,15.294600112478843,17.85000231538996,17.829220312551474
1671,50.0878889349598,17.36584911406468,19.585042015935592,18.39487086844965,15.176619266169594
1672,43.02913282215029,18.040610793675103,19.323082118610987,19.17291294552739,16.86042300569664
1673,51.17654741441849,19.288085871908734,18.939945839033655,20.612626189178297,21.935407271435558
1674,43.2699478059258,16.841697929892717,18.120250328337033,14.484518304755369,15.330355317533131
1675,47.850267661976446,19.103087659638582,20.31185453635943,21.598990533194556,18.821585513882244
1676,31.251005475022282,15.456433187070282,15.688165063274965,19.042851182192333,15.93333859127335
1677,37.109980543906765,14.811808933738714,16.198366485104355,15.458952761818695,17.0186988717123
1678,38.89118609215004,16.731696120257492,22.407905061384056,18.56893497298166,19.887578787742726
1679,60.281349225395545,21.46056646234651,21.686316271092846,18.897931136597247,21.51951673936844
1680,57.17014549690463,19.837844080491212,19.5040981609629,21.1241983721994,20.860417383228835
1681,31.99556659619572,15.44883661285363,13.805038018787757,14.701561198753293,13.917922367011515
1682,47.43973469595772,18.757516293740107,20.041909626712812,19.868756999715306,15.879915858660116
1683,43.94463309142436,19.27212733319519,16.77652437845295,20.632211538099522,18.460847145288078
1684,55.885118353182705,21.122829973642087,21.41538846224581,19.352710966801663,20.539488825570235
1685,38.41443001923556,16.287213973106603,18.444029436578667,16.76003832436079,15.240154562843841
1686,63.18047760571643,19.326563375279942,21.670168013815527,22.024261251859045,23.896943584622534
1687,34.22715797279393,15.72743557402344,18.062201861047782,19.431879698777202,17.680060881364355
1688,33.916985712210995,14.69059553177086,15.90318188026239,14.91406910226519,16.658362422376666
1689,68.59643731144268,26.93774542145534,21.746753527354016,22.48652226725,21.215836701060496
1690,44.17286159992436,15.965379335552145,18.03865150209427,18.759994647607716,19.146001879873175
1691,35.318474675297686,16.097553407976363,17.83283344207283,13.721858975202327,18.469890738759013
1692,31.741819157995316,14.255101350936588,14.397774330201456,15.579319865960493,15.979801878659515
1693,40.86024889753908,19.313896677363488,16.56859624199147,18.01460434657224,21.133381774180435
1694,23.52472165923954,14.079818849647916,15.71993233600172,12.830852920477085,15.502357786216454
1695,55.473891633996175,19.984920789641276,21.89179108161518,19.053451043781006,20.0449422780099
1696,39.83268775445634,18.771168074747948,18.878716746660018,17.79306209252719,17.252606625198773
1697,48.47050436850116,20.864881161903735,17.440499037397185,19.26065965267541,21.803288583910025
1698,64.06094202492483,22.48313786892962,21.803279883251196,23.453625737870997,22.302037753898674
1699,51.57514260244833,20.985289270969233,19.009157594459086,19.399147490098294,15.36572004878121
1700,44.03670895615968,16.44021386922496,13.352048698624088,19.94057432123817,16.30653269730889
1701,74.02751703404091,22.629886803303187,22.641739417538318,22.303068854481015,22.92521906708992
1702,56.4609775206159,22.556858465032995,19.94811972037647,19.885594224109987,23.585213923359962
1703,55.98602036889757,23.262422770085607,18.059506977501254,18.68678561450383,18.626311501229566
1704,46.495722023180626,17.679221061805453,18.11871130026101,18.898733760723704,20.834471937734346
1705,60.092467587775076,21.755231721657854,19.4538987077522,22.304603783640033,24.480876022899213
1706,31.171235777184176,15.781306422224866,15.921798367534697,16.940364773960823,20.72909504653798
1707,51.501817853050056,19.450011624135307,16.12684873244609,18.777769231744983,16.768240890825215
1708,47.530521792962226,17.2996413201189,18.87140428181022,20.618431601033308,16.75462105484232
1709,44.18050448976742,17.734288376757984,19.014650441283706,21.628122324439214,19.920120707387262
1710,57.38734404482603,20.629514227731555,20.611901111183517,20.24677312718353,16.948873293027383
1711,67.48058241769574,20.8799760271652,24.279588802959672,21.063817003015437,21.23167174477757
1712,26.59706289587082,11.48424865377076,13.785047550171965,13.497965537425152,14.32419326272925
1713,45.4249272078799,15.791711777008175,17.41647653287579,17.43392192183143,17.711275224703527
1714,40.809413251179436,18.37229340387192,16.941376734020423,13.816855057132083,16.108232251023164
1715,42.88505384085976,15.956197412963238,17.163378664997786,16.91669087542711,15.50965048928975
1716,57.77906278196551,20.58790320585072,20.56948288887085,21.460118129678612,22.747283953926907
1717,35.81724461351836,18.570256243801442,17.620075505292046,13.738682537074887,17.826063138911035
1718,28.9025222637341,16.18586084622624,14.197829212673252,13.188476461513497,16.281511602543937
1719,48.996755334886046,15.297168433629302,16.053315654128202,19.204444981101037,19.7398197458814
1720,46.217262210211615,20.202303134386767,18.86301997146715,19.840176670630594,17.133245220033395
1721,52.4700013072712,19.21278185828159,18.66965007213073,21.07909093221333,21.90399645729771
1722,70.37601736258854,21.95754014434111,21.782676761741783,22.100568861753374,19.85772182619175
1723,37.51524193873295,13.941371056333331,15.094930143031482,16.238656644048085,14.804220184733953
1724,31.648043737951447,18.378441964060137,14.861232936879306,17.348063753769097,20.270882206410246
1725,74.28130128820911,23.02778084948027,23.81907518202234,21.098883340323358,23.61544738340111
1726,41.40403928540192,17.919779656908922,15.27895182190797,16.26628649499952,20.084664247109323
1727,61.73957150841481,21.913716066331794,20.486063096473018,22.155472939928423,23.298945670000037
1728,51.52591819314166,21.43165097037363,20.64969360093325,19.14747732330789,20.640703778718574
1729,28.35394553927802,15.509876009378987,16.094407144494,15.08375649167494,18.743714701619982
1730,23.74374207854426,16.15234176160893,15.265153336678667,15.389274003531257,13.14883263574365
1731,64.51327289505704,22.330710963745442,19.188252488424272,20.36964892187879,19.98849447210417
1732,39.58431540761697,18.265806406529663,16.287417454056772,16.530150591643313,20.271701134905296
1733,48.127146834084314,18.072641567707386,17.93396594511744,17.605715214039872,20.373974281370522
1734,48.65857947814236,20.10168546116806,19.154006383073607,19.151668477004087,17.908243461582458
1735,54.712134143560796,16.352439307883404,19.078284548564696,22.917479250993296,19.225238930392095
1736,34.60539192076625,19.16889554618332,17.0964007502644,18.25729569785411,16.36243726765197
1737,57.073692876420445,20.982432674458476,18.960290740430185,18.207675344171996,21.6929277127456
1738,63.98699671827569,21.4937502790699,22.11155159876876,21.7076081669692,21.548273857794353
1739,39.73874832423029,15.95048270619814,18.146606882748564,17.215534654364646,21.932341965202315
1740,58.68026532389881,19.595468257967777,18.929615908831657,22.106855938560177,24.119576721335786
1741,33.1312838063979,14.197916180355161,15.386519458351234,16.05083930615926,12.853747269380545
1742,43.3210723474283,16.38664109756694,19.283188406634782,17.958966838108406,16.84109423672722
1743,43.303594431969096,18.29337592758645,19.300772669143715,18.740665476941054,14.622620397795336
1744,55.6907375870944,20.088644592169473,20.34163678477437,18.369642126568582,22.129188132042056
1745,22.392068776460036,14.483741484740033,13.42477716208747,15.20506900636978,15.009989895521505
1746,43.94743947124263,16.443941059598377,19.35460354950357,18.171203004431195,17.855867988512227
1747,73.89453295988466,22.15930337657137,24.61809931503443,22.85337995625595,23.1440824751703
1748,57.86759015058573,20.12210859311296,23.0995571731513,22.47160981856681,18.220278540043928
1749,26.513016273741037,16.07292427392991,15.160690349617393,13.897274982300596,14.211800007258567
1750,61.0768637554807,18.985515224738894,21.166546734252048,21.77459865459498,18.984668916002153
1751,48.63699307662969,22.55279034468336,19.93971046940611,20.449928249524664,18.855298391188136
1752,49.659700044230064,18.430777106097825,18.44339136010823,22.174475581841584,14.648494474483796
1753,31.509218108599825,16.74280191756012,15.358239918590334,15.253591730599867,16.351496525227773
1754,28.614289541743027,13.984908566131024,13.664201177842818,11.171111566041962,15.42315438094456
1755,30.548396488701457,15.409301593609365,17.913071517403864,13.360882151299045,16.818029912335223
1756,34.46993701509825,17.77069454012969,15.80926747294651,14.144484962592067,16.1533102075122
1757,48.761584219545405,18.901615362559916,16.642746726921942,18.933547007587173,16.837677617412275
1758,28.519656727275173,15.443705563769994,16.084552835912916,13.319849342212521,12.843149475414807
1759,49.44650455844854,16.44569544824974,19.47968218320649,16.98206401080724,20.48872748352263
1760,45.39021245275641,18.29461608229815,19.15663187953259,20.740958935442155,19.264502740497935
1761,34.87090520851145,16.02398266730808,17.933413256044556,16.249216263657985,13.7553824306205
1762,40.151732249048585,16.416164070603145,16.88778098171016,15.60645699295566,16.773929661476842
1763,44.692150364150194,23.01552764094093,19.003643420650086,17.64689809366229,17.668927495439217
1764,48.773823156625056,14.739037185431567,19.58332215746106,18.22489485105539,21.631813183075217
1765,28.27123932754838,16.0777144816441,16.45985223301682,14.262116858054238,16.996877933297373
1766,53.97430368592989,20.84075595422413,20.40736928684165,21.546187573868757,18.853588016024705
1767,38.07684600883722,16.408407650399877,17.521163348634435,17.732208668437337,20.351041529518785
1768,40.717240055370375,17.432098812744606,17.370502284967746,18.77821641406701,15.361725863835112
1769,35.16913782885954,16.217761514983273,14.478828411862764,16.52291572822496,16.279614052030702
1770,49.76775078582017,16.21589598674233,18.447966810170218,16.41981290965226,19.636850827984723
1771,56.45606636559065,21.018655179155466,19.441444578409456,22.33889819748217,24.24285021193179
1772,50.47020799858664,16.163229654008745,18.58001160744044,19.473981247168997,19.774633166747204
1773,14.312640120142945,15.965053754820989,12.68426895452034,13.813265036611005,13.849758111456119
1774,46.8472869352729,19.5652633471054,18.26648628400261,16.331847509894068,19.40342975634938
1775,46.84664497818755,18.663101500771287,16.723302985285784,16.740662664699418,17.38215691314344
1776,63.010652067126316,22.92067567350001,22.882990941263024,21.104418645767186,22.06541181249523
1777,14.620474402288433,12.572210539880158,12.615158516578017,10.034723579313296,14.055393300950577
1778,43.433160012798936,18.294788571463926,15.75751831692563,19.844976440335547,20.421161505162825
1779,55.871025563791854,19.947254549396515,19.766469358012028,23.771025198977384,24.002163306205766
1780,55.951735810676325,18.740341914470775,21.319166895661887,18.49410946004228,19.532402837711253
1781,75.49345506989307,25.252253957048556,26.515963887176547,23.76342243817629,26.568283003731572
1782,57.19597430135972,20.69051936122192,21.231130327355725,18.141188683510684,22.098216782222035
1783,44.14625944350898,14.650648147167203,16.63759822962585,19.17466327011546,18.424375962912354
1784,53.72263998857648,18.565190021056786,19.269185325094966,20.51757789532334,19.446423484566182
1785,42.0889734252691,18.320139954323473,19.875229939006804,15.671034149200043,16.410754094140028
1786,50.97083346503687,16.554678314981054,18.566584627362158,19.359585436234063,21.766051257105644
1787,44.7852847049381,15.654708159031646,15.406983334060943,17.463893396951804,20.41645296286103
1788,42.619073152222775,19.940865919848537,18.73924604027914,14.810465120479085,17.48324541086732
1789,56.54729282166676,22.366442886519156,19.68195916537125,17.78715923967279,12.818157341249405
1790,48.67340414030675,18.4881649917657,18.65225058420856,25.2087619282305,22.62199279314605
1791,31.945576616880007,17.576992742859687,16.354759593169515,14.506649596482392,13.373560543691097
1792,36.2866641979377,16.312426264748876,14.975086864424826,17.176773585252807,16.480387600923113
1793,42.58156500359487,17.6587655674373,19.473607068276333,19.129510527330417,17.526346889690274
1794,44.04846146672524,19.44172675964616,16.834330852249423,16.14405232970692,20.750830597165667
1795,33.20253737868431,16.537119121865874,16.02636417021084,15.619175870447677,12.12805012060929
1796,45.52407566757524,19.99744151687101,18.826166374930022,17.456451395250003,16.5254883391151
1797,42.6131939998594,15.902227999106426,17.27007514526877,17.383347841490732,15.072713041983825
1798,51.80731074337533,20.535159247788574,17.980147812829582,20.51903668159475,19.31727381921045
1799,36.54418684939162,18.079104287204295,16.59044994038476,14.035226721206838,15.022630830660376
1800,66.04956429125949,24.010569948248932,22.55856222134983,18.7223585147557,23.084042396751585
1801,63.47297719292503,22.757448540210515,19.450886265714026,19.0143935566713,20.767103203754438
1802,57.5145907072638,19.05174641402998,18.72018639448245,19.804557537957045,21.187764773457857
1803,52.3503243258246,17.65701814478227,19.191923657687173,19.286018402691948,17.373580250973134
1804,35.71054446083638,12.754809317694637,13.845242191745399,20.076504840114556,20.34006547508017
1805,24.3212368394686,11.225242557219692,11.852515180486417,13.006502341483431,16.15117108672927
1806,39.48883282696835,15.72118314012652,14.804996100233351,16.944260936542577,17.150161448959725
1807,58.78235338927282,19.971101241917843,21.04709810674757,20.417374774884895,18.742037952997467
1808,35.02392337305378,13.326766436615832,17.103793632844386,18.01644823349026,17.5735433878975
1809,39.87252724097557,21.81912479340643,17.629861502383193,17.726473929302163,18.11826388938154
1810,60.88893299417886,22.600388575109424,21.456497764486812,23.435863710016964,22.149393428069338
1811,51.415056951039595,20.87550502647965,20.97165949649941,19.40835099416016,19.45264074364795
1812,47.088405381555134,17.2614884232954,17.020910872470456,19.997036844857924,21.39918853986211
1813,60.773378665929,20.751020627040123,22.260063280046328,22.464013330581746,19.31914751817667
1814,45.49343058064183,21.048270065956252,15.999616744639583,18.426891032565266,19.721662774534927
1815,40.679776511605006,18.099855285302574,15.31685858026943,17.9577637600603,16.283899597627688
1816,49.46174828857999,19.76098099220575,18.122119041389052,18.034725660159033,20.753393777085865
1817,55.07088161770961,21.2368713265218,18.737369336601542,21.217330502532423,21.29675877285911
1818,39.59254955777792,17.81038063890661,15.479591615793732,19.006681545418658,17.659903117020573
1819,14.757962441765857,10.76277899276926,8.694650130738772,14.300635086470933,16.629758001608586
1820,41.613081399606244,16.95914683905753,16.75335519914134,19.390334243820522,17.514843389536004
1821,58.981215952595115,21.776834384748128,21.45227032489451,20.29755535560424,23.49956468434033
1822,21.645495614874594,13.176288486925127,14.988847320099923,11.003017872724753,14.786841562337496
1823,58.159394263844355,20.425184136147163,19.451605658135275,19.45354021521043,19.922594932272375
1824,44.60299099589897,15.755248530679522,14.867693709178948,17.846930960832463,21.15224059550108
1825,24.695372073087498,12.882413330951408,16.074986005185956,15.17586496186655,16.15581044862817
1826,60.10880859292747,18.22167690460415,19.791876018001805,20.1571433107719,22.936841725037386
1827,37.2475551179492,15.193890416869309,16.22991138394397,18.066002689931832,20.787367428205197
1828,58.09646406769008,22.40506104655242,24.068226595353988,18.808082520361573,15.505730045599128
1829,65.71383754656132,21.182775473376612,22.122754304790412,22.864858630854243,20.544036895856166
1830,35.952093154056506,17.05060213840577,15.106090962039374,15.976883299763827,12.944355761467483
1831,35.39921472784309,15.805745962532548,14.10104100333112,15.8248754805664,16.593998310872927
1832,45.03130476155024,16.429620702706227,16.509683481576438,19.523451184060796,17.346667802074695
1833,36.270893269885605,14.153149892852598,17.11476371013679,12.890062271900847,13.598774796141466
1834,65.78868209882924,23.537224075111858,20.611657967904566,22.31231294148629,18.91769504606609
1835,27.609322617125677,16.66459932708537,18.992719537845655,13.69444231357592,12.35951382450554
1836,50.565679393783036,19.021247199086925,18.82560523158502,17.85093324374057,17.58380899856405
1837,50.132299147377246,21.505834268249316,19.0650148910212,17.87968698661432,16.641304642657772
1838,35.24366300644859,14.109678683988339,12.502079802058269,17.086493887655315,15.175188845576145
1839,47.76055468464387,19.585743017983653,15.963611434307918,21.073929553250796,20.96196124023666
1840,13.280389596877667,16.81095134855078,14.915895460603632,16.31173643614256,12.585696621795872
1841,51.3708251327415,20.96150079888522,17.60260838706308,19.576420440351775,21.035234084754865
1842,44.40011377930795,21.93869284196147,15.899654208853534,16.021422885183767,18.13365371371833
1843,52.58216814653798,19.914525560480403,18.422154572453692,19.79474296939537,21.969914824294598
1844,71.1968056831006,22.592074873354285,23.75473240722786,24.809981853661547,24.676484659339675
1845,51.075044476493595,22.029750479407866,17.90668681988006,21.036288904519317,18.226077761681175
1846,57.012565045185845,21.342532527690857,21.28475711198371,17.69506624007117,15.465331966958225
1847,48.6900558030585,17.976036051673304,17.1606250999799,17.705185710256874,18.162441514052084
1848,63.11974669542618,22.58015060606221,19.796453486849288,20.66418375170533,17.7781054296025
1849,70.78451796006327,25.347058766776247,24.93628813423384,23.505375929217724,21.027138634695138
1850,39.199118197937075,13.465400024119125,16.186987042075117,16.972400632283783,17.85901812243224
1851,33.58403468215816,17.505591952709455,16.485527639980607,17.376911024770077,15.159103804401218
1852,59.12226516054929,19.443743251117702,23.198347397689474,22.024341309706713,20.6866251133382
1853,35.64199811075278,16.390877562148685,18.489961102360958,13.449478331410045,15.303178691490183
1854,57.58420776512503,19.390400597899507,22.462406617718603,20.60158189405302,17.951308637645628
1855,80.64197249990622,25.341902148643815,26.09860514897066,25.308711844351418,23.927076408525505
1856,68.4450833154729,24.841477872474115,22.953842095622466,23.208977820834725,25.17702805613091
1857,50.86654162029591,20.761937979192687,19.95042468259965,20.662953774480304,21.292486452397277
1858,70.31922183770281,20.783456388725597,19.21998469148056,22.892558168480097,21.251017771192124
1859,53.29598332244603,22.98777447596466,17.46244517533571,17.362412720857648,15.662526009452474
1860,25.31015506702016,15.750804198899305,13.671931240450824,15.643640895181422,14.536139903516569
1861,33.593234724649015,14.600386561364662,12.593349793417996,17.43571822723774,14.99052685804984
1862,36.00171455704496,18.902216889711173,15.134341735720435,17.542059190236348,16.55242103999242
1863,40.239940945456,17.639854409464892,16.948820192744634,17.002176068489806,16.730097895572403
1864,41.47458688234041,17.526257236723104,18.229249905559826,15.683641906541498,17.981371429583596
1865,59.17891967022027,19.62855238984111,21.21851121660378,21.582665779667355,21.552737074252008
1866,4.188642204181492,11.728041511305387,13.524174763255505,10.379660304963217,9.964566959094547
1867,68.41975591995248,20.973571703495914,18.753512046973192,22.470081122621032,22.884631561950783
1868,46.86616180026944,18.830353881321166,17.197809747358264,20.185953273305792,17.47744729927109
1869,35.74343506304716,17.43958548591346,17.132244986298197,16.33565162712945,19.203712269445994
1870,35.0901618800976,13.969934159243163,18.65504346694439,15.708420118595432,17.47700414499671
1871,52.530141359956176,18.804403202657,19.514388449822672,16.933666842865208,19.44844619001913
1872,37.07008954921043,17.74402569190103,15.028509761260676,17.218968983446853,17.44541538357716
1873,64.95361263023781,23.799178094148136,19.289379360444364,22.450966681750483,22.889455071405717
1874,44.75989129501947,18.80024317795628,21.179289473256873,20.07654350375987,23.345263258301596
1875,80.68558434704157,26.95694292317889,26.434439670808487,24.159583316857027,24.415678057199536
1876,42.39203707048687,17.078632301143436,15.679657601673618,18.77983297761219,15.992830306392678
1877,42.59237504859741,16.93517795440975,15.770265616474855,17.344482598223102,17.683768773242726
1878,43.68869477943565,16.780012456567206,16.666335209153175,15.394384562565293,19.10906962185788
1879,52.26602409347629,19.759430908224125,18.876644860389817,19.218591601479137,18.39959102969314
1880,53.091166022366906,21.7131954667578,21.067681847179596,18.831487765966976,21.837185815941705
1881,14.788584127941999,10.003559826249651,10.854488281349056,14.397684424927652,12.663232090354974
1882,67.90857915639222,22.444053314102472,19.688857402434714,24.822462001695705,21.70560361656156
1883,51.79109493877557,18.231804291571187,19.846336789494256,19.033228154091603,17.583638432878885
1884,68.26963487563972,20.403239271569877,21.82627770361547,21.225127092775363,26.17895281734625
1885,50.51163108774364,20.625402956197494,18.361837322390553,16.733659023211437,20.846363237988495
1886,39.65952997243079,20.32595327104193,17.978524000986415,17.936289063875627,19.64994817798875
1887,38.25797050192216,16.584520559781133,18.772078742358715,17.144201077690543,19.151410521330206
1888,46.68882988004061,17.935423218465615,17.237113047017452,18.219979829261927,17.851352574544993
1889,38.493991904705105,18.21149103494275,19.326561370289195,17.769751003818364,19.087447452631956
1890,37.76836430771407,16.267754880176486,15.35894498293438,19.41054402079335,20.98555792920822
1891,28.433215620376856,18.515226894406883,16.644240094123035,16.322853883733227,14.427630858124877
1892,73.4725676118999,21.911534993457437,24.109691971957155,24.894733180101635,23.405782627418006
1893,72.82351212749695,21.803534118356193,24.023227838889216,23.971742855578952,21.454205296609377
1894,32.39658570886357,13.3109707752281,17.186094177025346,14.123807246286894,14.828920545472933
1895,53.32047027011748,22.869185455873843,17.36676425978405,16.60351645242049,21.177939335854813
1896,72.14845819784371,22.494423490378306,24.198735610339565,22.99308365480174,21.817826466917708
1897,32.27381760242566,10.856497850626011,14.009872336841092,15.274229606454798,13.863344393300096
1898,50.5690330483486,20.818784107341145,19.199533759546934,20.167593463063554,12.89101171201615
1899,58.690631110587034,21.983990093413954,23.91518325556268,23.375531418564726,19.565344009806196
1900,41.34763933883242,16.783108547821904,16.76712440553928,19.04344723314375,19.309279334979454
1901,37.08285284266907,19.60234814675371,18.931876666636132,18.616561355155383,17.457633623795893
1902,49.66159986111397,19.64530377579875,18.529201588078536,18.415948114378807,21.990434619573485
1903,56.33540302084386,22.995610616127372,19.221477064580082,22.015441660259576,20.99298760285095
1904,48.16007315389136,17.09048766289519,19.68984171834441,18.313902868898,16.924042553867203
1905,15.66614136335801,11.079058283035465,14.15097041517117,14.296905537242901,15.63340841273063
1906,40.07215239205094,17.823694151924723,16.72055029445767,17.58140007184073,15.742250559167497
1907,35.44080293394241,15.139383241491661,18.088680320902707,15.349974714886622,15.533695877880099
1908,42.600345887162725,17.199439398555114,16.744070855260585,17.40728187078671,20.38069913816868
1909,58.476121157103755,21.76484671230505,20.95130885117303,20.32954320010821,19.754915667273654
1910,34.8043785114534,13.915748349516946,15.424110580409423,15.381687294710726,14.753507930508894
1911,54.56252886731319,19.870733369394472,17.957905144619247,20.751488337808393,21.927851691923404
1912,62.95974781767148,20.74423527368225,22.443893819169894,18.561400490957013,21.338896558874808
1913,67.12257895442556,22.64267667425205,21.16229786876933,21.72961782638098,22.613463295108623
1914,68.8441614445532,21.579804090654143,23.13707384361691,20.497565100152578,23.281292757371435
1915,57.96442593149009,21.019963030375145,22.930243423145722,20.336296452632926,20.117980544674783
1916,81.21030122536385,23.84166994649004,25.661882278382574,23.767272951747014,23.846502483363412
1917,37.35854488657369,17.176522157299804,16.736025854655963,13.597867832012161,15.934004025797028
1918,32.19131575212213,18.765159268313578,15.395882054816019,16.341597830407906,17.095077140562843
1919,32.863968602796255,17.65884116069496,17.309453796699756,18.595688539799735,16.485242769030588
1920,34.64454926533549,16.829644377078164,15.89898411180576,18.68561086991602,20.367842840223993
1921,66.46105267230149,25.754539550194494,23.15507723562923,20.385953831522713,18.866544663555217
1922,51.863776039103286,21.072990143983112,20.088215409547185,19.038954506581767,23.23479547549045
1923,22.039080992023788,12.43483620168032,13.854502461905913,15.73888161683299,13.708081587107577
1924,28.57254163632658,13.848551434475112,13.447093823352823,14.419060959302353,14.451109633032738
1925,23.85856499464403,14.062103013036005,14.155055548652554,14.66861299623643,14.04018073380177
1926,28.56138983128177,11.343609773464355,13.637910888787713,14.341035548407428,12.002214064313105
1927,35.756552913009926,13.366188516745959,15.586629106912367,15.984637980711877,16.286563185731538
1928,32.34929970663326,15.028909259776851,13.995209025085618,15.259196613335607,13.61979684014663
1929,60.91548690867342,23.0095164538556,18.364686551257773,20.398042668478052,19.467289360755558
1930,58.629766668352666,19.625121092538073,22.57379730255411,17.269909467300298,19.80477902502239
1931,70.2953806489113,23.011593086655996,20.443265298866415,25.908211062464648,24.216720696656417
1932,47.16328891955695,20.46776559056497,17.224661573159732,17.914101321335146,17.062795565344526
1933,51.115808516540106,19.466105148914444,17.6201582248525,17.93962769633538,14.302256932396881
1934,22.386836728565928,12.795753726353599,14.464631861217166,14.220856889015385,14.173620078359878
1935,60.55780067735185,20.314370257625928,21.870749134907193,18.233014714150087,17.778914555684565
1936,59.324504570498405,23.89365318243151,22.7428564377044,19.827389359542735,19.103468855834485
1937,49.694287612121016,18.753413272575852,19.085354241887572,18.243510859395062,18.56982204922519
1938,51.01070411368863,17.962697939852237,20.07704561730087,17.9938026135888,20.005233972158575
1939,18.72405074538337,12.005345334368608,11.139967779409574,14.882724752542467,13.1439584938442
1940,41.26366334130701,15.581264517434047,16.60414396684559,14.860803743443087,15.89471798966825
1941,30.151179136179927,13.888585341837473,17.668453420857187,17.24394076851994,17.769283094677025
1942,45.048608205301015,17.59461753473348,17.688470844133327,15.499820695709868,17.660680832365067
1943,34.28166778992791,16.170032090189398,13.825473266692944,16.981109451362055,13.800805707714701
1944,51.1869145801608,17.069122881658725,18.963455538535605,17.574799247890596,15.131426340989266
1945,23.725451237998545,12.275651144990706,13.042116289009897,12.042956304861608,13.742437964164967
1946,47.647006986031435,17.01755695185175,18.16285528305991,14.331073772729635,16.7151824551439
1947,43.36039189183189,17.280974722949065,14.728646204037442,16.65694912647427,18.989731959594998
1948,80.14894153062976,25.48490161275288,24.394257458751895,23.857905768037757,23.555435799078808
1949,33.357102808755,17.285677383195157,11.933192002603594,17.853039771563335,16.479908463160257
1950,51.72290621241382,18.95204251263868,16.020689067564263,18.539008644171904,18.11453050802611
1951,51.05802344760198,18.41904841849277,20.360307120441774,21.015423607733197,17.08029854434392
1952,26.646045477732944,13.889774292879117,15.808806399281124,14.264912951369606,17.04549595595217
1953,60.825062897590286,22.93411391209078,20.371223257891657,20.380942051370052,18.855263117028073
1954,40.55122747156672,15.72986428252221,16.213224378415994,18.07916763226468,19.673004976880037
1955,58.845296118989495,21.43848559699373,22.672889665757975,21.187570743547194,20.464168690728116
1956,34.744731080599564,16.581672502086995,16.276371022166703,15.652858058068132,15.713839319829784
1957,16.06377676531607,11.759571246960315,12.101997712796958,10.50098382279417,13.780901058404027
1958,59.84233412312439,20.25213172295689,18.225468189039685,20.803212697390368,18.084376640529893
1959,60.917488555998155,18.262632100671873,23.13572206819583,22.868446115978717,20.376977649091245
1960,53.15279506313012,20.888244976551235,19.436793317430073,20.86246586488862,21.07184496754238
1961,39.83423756935773,18.35586427634341,18.203025563127067,13.400396178729608,15.432164787253917
1962,50.11348693193736,20.48025510605245,20.417812426392327,19.50265434341953,24.804178521111165
1963,57.215344499085674,19.679557386376914,21.389383703413575,24.58995385497502,18.903668890784147
1964,50.23429499986203,17.386480262461035,17.319288741811047,19.272364904030344,20.70213981813409
1965,21.962271357117796,13.970268798046769,13.667095839597621,13.484853532673254,14.060957479284124
1966,47.27382266964025,20.561661815868526,20.388590438649928,21.841822271056582,18.77238438491503
1967,45.59789369623763,18.964275050368066,17.813664113840773,20.57135760473869,18.24830351134083
1968,40.032253346983936,17.100135921108425,20.6744315592621,21.10836755435976,21.429019388345836
1969,24.864469743999496,14.603576287159939,13.736569273503969,15.665283296308397,15.742398569197496
1970,16.778233326567925,12.87978300876615,12.605285733544646,13.799999482710508,12.797072269021612
1971,46.87472507950805,17.952320771230998,17.16490998266478,18.22997601039444,16.879035470384895
1972,37.89719415185726,17.210486218791505,16.15693472965293,12.941383380720213,15.335429924689683
1973,50.91681890427172,22.33856028313762,16.377928252232834,20.271014134488215,18.687466275177464
1974,41.65479702791576,17.9891416841598,19.16842885882321,18.080537039006458,15.421551174236043
1975,43.22433834448526,20.025915114805304,20.077034922992638,19.703046442014603,16.962819466618768
1976,52.858868421127234,19.483379828379256,21.71863001287706,16.408855459278136,19.298431717283766
1977,52.46396548605796,21.310813170893795,20.642874773514524,21.14050627207196,18.304840842952782
1978,42.96964358239649,20.71125760701707,16.9718605409946,18.68022137140434,16.56874456409323
1979,47.96148267582282,16.238735918678824,15.322586233835434,18.11332092504749,18.958988499782933
1980,61.08100473082161,18.24628243734615,20.097286007844662,16.594739423397176,18.427212872716986
1981,25.69475789128799,12.912362163573162,15.577921805056322,13.212977676151619,15.812038546633673
1982,60.24005824761567,19.281226663796524,20.7975106325444,20.158831516329414,20.641222231234895
1983,67.57892501900581,22.046004719000997,21.45194154041978,21.060526717021666,20.979786820958935
1984,37.66814932480715,14.144286748000766,17.36764737239718,17.933714328659082,17.74680481139099
1985,53.30314993906823,16.38087674422323,19.273227108815046,20.950799091925877,21.34959292992791
1986,37.11522795304777,14.151511152262213,13.922344913026073,14.568747879569232,12.305980286018944
1987,56.87827023151091,21.51362122140623,17.87516109404445,20.667532077815924,20.394099988401376
1988,41.93969309253221,18.687273493179102,19.62266320375114,18.89847863791861,18.87300638510942
1989,54.33612026629293,16.888219986937735,21.480549053259786,17.344048022376967,20.723611470918026
1990,30.344413460618323,16.95541216741045,15.012399899149626,20.497906703826267,16.533506806048916
1991,62.65826537168768,22.16010618403639,23.997699447145777,25.080020163688765,23.132572687263533
1992,33.66117360212758,16.530490543766994,14.879350898255645,17.506024201503358,15.919652220362456
1993,31.57842006192395,15.68224923187863,13.726727067194382,17.261463754687032,18.845590848637148
1994,60.76466645800404,20.14615121234664,21.676903725738068,18.036540603675576,21.787501395257173
1995,65.48446289305078,22.914631688695042,22.973031181080916,20.506819720262136,17.614168600597456
1996,51.39760956441002,19.411858212089307,21.477594843622704,21.326923215981964,21.27256803202648
1997,44.77140673925109,19.94668121249043,16.800316944205182,19.469075992937412,19.58816236564637
1998,34.118589599913214,19.587232120570068,16.45269909287352,20.813482810018403,17.89341919019282
1999,30.3978283814017,17.35939150804273,17.27053392365113,14.374539486835843,17.316509236381297
2000,25.899415339712363,12.086754908106803,14.21556735012925,16.50878326993589,15.698643110356706
2001,51.348937295108996,16.918278275957768,17.419355406256553,17.62302546113724,18.742069978851507
2002,31.91309617308864,17.643679275230927,16.12383200103504,14.976908109701988,15.00573763744638
2003,21.72147481489736,12.961127039441555,14.921484559890416,14.463947068082764,12.919133622323413
2004,45.61665532026062,20.748301029952966,19.927000991760472,16.455794266529868,18.70683956626889
2005,31.718578664637302,17.413611443260542,12.334156245894063,15.157239361713106,14.599612551598339
2006,43.63810356638198,20.432789074125036,18.264526072564596,14.020715369843753,17.14779367008022
2007,36.84076128794615,17.698188800421857,15.35504215403534,17.894416022221886,15.666405928706792
2008,47.65684137506947,17.54448025761193,18.569639987885118,17.50973265618742,19.781497052637626
2009,53.479580102141576,18.200157411464087,20.37535675036374,18.55713335078519,20.347550677598118
2010,49.991672757282366,18.34591731226048,20.106774105672446,18.622567705093502,19.40331428953936
2011,34.315339676423434,14.88208663031649,12.578897739752684,11.215788399518392,16.368382159413272
2012,30.74772833902878,17.157677647371088,11.573342486527554,15.077544507818669,15.417896655000643
2013,72.05230387203044,22.735099746361723,22.429246467241576,25.445418378377244,24.052784263166377
2014,37.603012514901266,15.408370970489713,15.047725291609378,13.46878784064753,13.962636528069467
2015,52.14878749939442,21.03902581112657,16.825299208182297,22.376827124434172,21.13570196211067
2016,28.360400924500546,17.678184897238065,14.928483835963368,13.700598094174543,14.536405762888238
2017,74.93183219151794,21.450865539897123,20.76431502517806,22.638838488837678,20.960462538630637
2018,57.46579311795641,20.284628385907553,21.403169029067612,21.836867901854195,17.49795237477132
2019,41.22173271621373,17.442314428275044,17.914288951719676,15.592010660034992,17.896277334859295
2020,46.611584920051,18.766944703067505,19.65816147684846,20.77762461740532,16.88024966516184
2021,41.20397615440212,19.854197076403928,15.037756844975569,18.00567089253489,18.111005436329762
2022,26.69198985042149,11.383645567068752,12.802001202938786,11.838708189875751,16.874920731263394
2023,62.47663621905115,21.222919145216277,22.28923508188422,19.71616557324943,24.291559586735257
2024,33.83511167816196,15.341145236699276,14.058932148681073,17.303861110083076,18.1905527386944
2025,39.2924846372461,17.932840558432137,17.02755264095326,14.223069583965772,16.88825696540535
2026,35.88197975563952,16.81627889495624,11.656262022486839,15.797515323636576,15.861662754640005
2027,42.86718796554155,15.505730997002154,20.8531671174242,21.18158265282953,17.468751497907732
2028,49.801519928999994,17.117764026525624,17.7306275262881,21.082972390476876,19.465223511079472
2029,33.10202340388981,13.882206687113472,16.4186082097167,16.256617421798584,17.876122172013766
2030,39.05330736258763,17.65459707147686,15.345165969398074,16.38280692518772,16.342709202522105
2031,60.80821435897422,19.96675766015276,20.737849304939154,22.472812158700016,20.232268255572748
2032,46.1899401621633,18.178947137346388,19.7950219961261,19.23142538188279,16.095816672914445
2033,55.70188865393148,20.020467542801452,20.688606330342505,18.582342098733264,17.993553651601594
2034,27.634895442137648,16.74371091271395,14.796718172540528,14.968445478872757,15.571974184010791
2035,45.22844186682587,17.264453968366663,21.79337549922361,20.389651692018763,18.628727853985588
2036,36.12968181979328,18.22086645080439,17.31623258492041,18.210649858482874,19.73909666879752
2037,37.590736580340774,17.835712259687725,17.834460031754872,14.528574263616385,15.294534060848447
2038,52.1589827352618,18.225639441965825,18.92518705981254,17.727308482779172,17.047959082099798
2039,44.34732576206698,19.54547057434189,19.143948600421492,14.992360680184234,16.52484223965625
2040,49.84891036820327,18.09029609843231,19.041215573943344,20.42470466279873,20.18783260540516
2041,38.63997750848042,17.335297871636797,18.70692607092805,18.551153595104033,19.54083478461959
2042,24.280136695584133,14.874447458993984,13.206237822398798,12.06923338334465,12.119051356315701
2043,59.4420159652039,17.808643717533304,20.793181619879505,18.48651880855635,17.825944403932493
2044,37.240164940812,17.469550700492793,14.14828159695631,15.0281078158229,15.68057098729434
2045,32.9779695560034,15.693645530019882,15.524201808646161,16.419406022246655,13.041436297932863
2046,42.351377931173104,15.779925883871927,17.36928640190952,15.614567424112703,13.138659155607646
2047,39.73257477739825,15.397511333174903,15.878022055428833,15.66304083725981,17.82082431677913
2048,30.892705110448738,19.128055203426317,15.382477132594813,15.512339139956687,14.165761210999513
2049,42.35092763056683,18.273531060854744,19.32347209532345,17.880681329564243,21.056404653716736
2050,42.111420396952454,15.522717777615846,16.36314679929434,17.39033175202693,16.369034772146072
2051,46.16151842997736,18.24499646268425,19.76739629889255,22.281803302417806,23.221932073401454
2052,36.58390852840648,16.620815713630012,16.715517640846986,17.5951949386867,16.15276867413961
2053,29.77111610126677,19.501679146907563,17.073163249871154,15.441764735545156,18.381493452348053
2054,52.90684062024448,18.313092652982874,18.652479460336714,18.553056571377233,17.371980784744856
2055,22.451688535575272,17.567891027037057,12.277201189557433,15.971425275934672,17.1733748055752
2056,46.928585575281986,19.219451835873688,20.47016593745292,18.896838950424005,19.83411212207982
2057,56.4575615164805,18.793603103048067,18.212998610219056,17.130215741703186,18.83860677130734
2058,52.917385179515186,15.296578820457663,20.816194606891226,19.073197382122057,15.404840969661183
2059,76.06747009033445,25.447088552135035,21.93666793424192,23.577424341407244,19.01868454690114
2060,37.1387320255762,15.903975281389002,16.402419019312113,17.26880845688728,17.69072621994598
2061,36.96586405737656,17.26539187116234,15.476453677818066,17.041260060364795,17.752260149610382
2062,60.35183150521022,20.915847023691903,22.51978459292672,21.330819765510586,15.981870886222424
2063,47.31503291493054,19.307887032229107,20.249289265906935,17.216796877991104,18.869542908814324
2064,53.02360274238337,19.914467094373016,18.405357009403012,19.338581935384386,21.251508886379323
2065,42.02138074033079,20.482659553693267,17.176746709338822,19.311101355374685,17.14380869020624
2066,65.31756560390228,22.19941642968163,19.266925652004158,19.15799015986879,20.918483741096424
2067,52.562657345686695,21.961713925129317,23.106743840564103,17.56964181710947,16.762493422130213
2068,22.412475674775468,15.313038206962947,15.001408905524585,10.994223225977615,12.23239844577212
2069,35.50602327691831,12.529261323198838,18.446542513795023,14.421151128005642,15.574526368193823
2070,37.48557360105874,19.211929110570164,15.166457648268851,17.88264687551858,16.128219374624468
2071,23.50251903358043,11.217455262580954,14.806238497035013,9.145110188829616,8.890745415215209
2072,57.399250318776986,18.614585896002268,21.53405459128599,21.3249192780863,21.71912334134171
2073,52.39032845683008,22.244276788510245,21.685206791503997,21.198581211791492,20.52462687728518
2074,58.61010312926208,19.386030976598402,19.599477241541944,20.777691192904566,17.605760911108007
2075,64.53479755782811,21.677922125827813,23.922112783263117,24.386272556313504,20.052972670448543
2076,32.47384296157456,16.92528016614517,18.026832401779785,17.171863908872016,16.095260647575564
2077,42.6187776558386,20.128177810973636,18.7275133770903,21.19535291593986,19.22270441700414
2078,49.83195577901201,22.483067337056546,19.163366683335926,18.350563439633376,19.768018245811493
2079,55.957759313238995,21.44709173891002,20.6586991234566,20.851278850425928,22.070091116944887
2080,41.33999453983959,15.141437464428265,16.57161713146569,19.25374396796761,15.906053293734132
2081,48.77195859817634,16.87137178118962,17.76996462587247,17.094434175584443,22.45432663992673
2082,38.45240312946022,20.722715642721035,17.434224208409905,16.856722103802085,18.836373234744013
2083,54.744073948145164,17.560736380502572,17.94542969385505,19.773481324524912,19.57653413902207
2084,39.515173650463495,15.174651136552733,17.292990224002104,16.534226547439044,16.70096212324489
2085,45.571499914647056,18.58301036147632,18.14760491784355,19.994963328127906,19.866986747515796
2086,38.55608149412026,17.147753240548436,16.09118367628976,17.00097442624247,11.821928888963807
2087,42.1326413374665,15.285525179647989,14.847403760708117,15.341611398645961,17.383013628085312
2088,38.47721156663437,16.230704512018278,14.00669205409855,15.600722389973217,17.216744402180154
2089,47.326638426929726,16.566765637675655,18.664797185701406,18.454517803980714,22.134332380634984
2090,29.03543194952701,14.339995196462766,14.812079391811046,12.43553331802086,11.88987748504084
2091,51.24961470266774,14.531605539151592,20.86983719899057,18.11498616013566,20.610141369247085
2092,42.05132678877414,15.446084213308378,15.017565620095857,18.782095516243285,18.629580221499776
2093,73.70397779878608,21.359210782576007,22.134440917389274,22.44964640004739,22.240475052775224
2094,31.73949395601013,13.745945764696463,15.873712854509405,13.563615668564232,14.23352419566125
2095,54.253415039205045,21.640378334629577,16.75041371246726,21.223655367523126,17.802861306974023
2096,48.88759204199003,19.89106271613612,16.15742272277138,18.95740080448452,19.650397996314112
2097,50.337724570905266,18.279676436045026,17.496024945172188,17.44439595534621,16.851706512393907
2098,62.05327564232228,19.744806388711027,20.1102567944913,20.81427226442994,21.35417882728516
2099,49.98082136492694,18.644570494705484,16.606619675803444,16.7562862160627,16.846083818373785
2100,42.508595642776854,16.32997777558908,15.732650596135086,17.679583816163856,21.26959952613294
2101,67.61188839772878,20.747907696239725,19.992652616048694,22.1739017853453,17.49052224504313
2102,45.60305114837476,17.216354404895245,20.677697537280075,15.490803012351055,18.046930881240286
2103,72.18792149687935,23.285224017400402,25.342511107135344,24.234044090351258,24.087643461011186
2104,48.80332883332697,17.703972211760167,17.12570416959433,17.16155713392542,21.08940538557773
2105,65.6405466570417,23.691758435144827,21.826758218951355,24.096415795870087,22.200125931315252
2106,72.76933929292656,22.953041534083816,25.63808874463341,21.082791201002387,21.31573750371223
2107,35.98444684717537,14.34883557404087,14.68303078888863,14.385261456867148,16.26364171484084
2108,65.4152760651727,21.776133347420092,23.461280282020695,23.309276829617218,23.45730391349141
2109,44.99948198272873,18.266383856300298,19.726425734379344,17.88320118558667,15.434957408753183
2110,55.76280533832041,21.546302281305184,19.639654937253212,21.38922847678412,20.87692973835671
2111,58.60718868521572,16.39379638897429,20.284548624673214,20.96745675355926,20.960255012432647
2112,55.94760676466877,19.307926074118317,21.60028934269494,20.04305780646603,20.24121403669852
2113,52.21716629712094,18.95215846016099,19.44413717693733,18.476212585952524,18.733951511591837
2114,43.59298672745483,16.3444053936674,18.232597800108604,17.911953714913793,15.497519115652937
2115,44.61502935317888,19.699403985614403,17.908012231660553,21.471019035418003,18.387233883388994
2116,35.50576141789532,16.37289181767792,17.01857965978132,15.350208469879856,14.889525027497594
2117,69.15605581609928,25.153257311676395,24.200863706764707,23.087502940750547,19.14767974990737
2118,40.191804579058,14.120701335378898,15.58874239948507,17.86077043454729,16.44706758253031
2119,55.48723377678423,18.221264255392207,19.447836161966325,20.560740629982362,18.390997621434103
2120,34.77629900459512,16.384810328153062,18.10371948150491,18.67961578863393,19.19521973699184
2121,39.67362553137399,15.412682607259626,15.749734139161761,16.478429984136238,16.869396311425007
2122,66.91533290020834,25.89978521984737,23.431624805008056,19.955857340525817,22.539599671553372
2123,35.574852571215295,17.18382299688775,16.33843067641515,18.630817287491578,19.416952987251438
2124,46.55652734236931,18.494500495679585,16.55217713985532,18.267301511929134,15.661906068587639
2125,48.79886709432591,17.40247547647592,20.322189925964025,18.924095874523005,18.376742782848027
2126,58.50826896163287,22.108271774057382,19.69407368258161,23.348994775826537,19.488708255636247
2127,60.609847388264406,21.57723630688501,18.216769150617313,20.86844631421356,22.035028363172305
2128,35.694138764539204,14.427014457193541,18.17700599883902,15.844566751496721,15.393537795732867
2129,45.14790730201084,15.513377241351872,19.254165004279358,18.9451748065791,18.26893414769286
2130,38.64087864913174,15.075583107721638,14.872380466874453,17.331163712658572,18.777219389782797
2131,75.12146970889322,22.756763210563854,25.701994956108702,25.408396774972257,22.620052391036385
2132,48.527059004445746,19.380814372857742,19.34693508792884,17.712221867255355,17.599771534476233
2133,34.76347543123933,16.48595707771548,18.554982021048158,19.762116575214918,19.26143623877111
2134,38.78139475363143,14.425511705138327,15.030210661875724,16.672464615490387,13.72693512575551
2135,43.21659252910875,16.85471894136889,17.125672919422044,16.243109040145878,21.533693901907736
2136,66.20548399584888,22.74833679834296,20.620981566197845,23.28840195911182,18.708953987901687
2137,43.92461243467114,19.661980902686032,18.31591884467464,22.023293735042024,15.255279944950127
2138,42.94438692240561,18.764253130206228,16.492064322120576,18.940244331537073,19.021386081413112
2139,40.11741797778195,15.319014676683135,14.955448421425686,17.183252911210833,17.713160059125002
2140,56.60432703685376,20.026943091636586,20.854269228753793,18.35478312528498,19.92484863853618
2141,37.26074276963537,19.639836131144982,16.222190253528115,20.497535694796,15.206001527606384
2142,39.101818861895424,15.960673132079927,15.151803464588335,15.63059837001715,13.755162303944209
2143,46.339105669323274,20.019330614158203,18.05607325536104,19.134684806162518,18.29128402881021
2144,33.116060281670904,14.630859472022227,13.274886375670839,15.843493557291172,15.65454755242723
2145,53.88678621794468,19.130649644609978,20.614893945147017,21.67494397737229,17.463630273813447
2146,43.56418669434726,17.917311768835468,19.08387635575657,17.32825997355609,16.861373610818664
2147,55.84937624895132,19.00418099957192,24.139161701540225,19.4878935004193,21.803422197946087
2148,20.247557898438156,11.043460588491515,11.459933594034476,12.407292581985859,15.58992734612508
2149,52.23692516742185,18.49083267946034,18.649710413909215,15.152214815867284,19.8598598952721
2150,28.4997513628922,18.119699614556097,19.3023235124255,13.35473228941468,16.754934792140908
2151,52.106472627984544,17.237619255112858,18.85333679922344,18.071145240452747,20.96250280424879
2152,37.296048571145235,15.755110428045004,17.121402349322114,19.21725659576614,22.896801607388714
2153,50.29583800249623,21.193695788350812,19.099342421345156,19.701444929114686,20.44226660770829
2154,53.83484087833589,21.08223797902336,21.511518579290307,17.866023232679233,20.11996601999204
2155,39.11566697016544,17.881584302757677,14.655109404958845,14.922810046023415,17.230208317144026
2156,37.98095567556307,17.451380786972177,15.351537875381483,14.854326747127502,15.288250655165973
2157,44.12739954335466,19.185373999339962,20.700408501098895,19.70563288846592,18.3157738907744
2158,79.0911303800266,26.782678677347704,25.182931867064276,24.481510064486898,23.252344669308158
2159,46.57230329966917,17.630613689268067,19.232442523717065,18.431628660609707,19.454201337318615
2160,34.25010932645751,14.838844712679702,16.829067057973457,17.946387319928224,20.233622652336415
2161,48.76488618887516,20.16625507583258,24.225829233577123,21.271825349928687,18.941100104774367
2162,34.26792008324658,15.643351337159753,17.207165809945558,17.645580863235192,19.36045978621626
2163,27.836543335239405,16.791854910803014,12.013506402992483,12.573348396179915,16.511716446458852
2164,49.48951414231879,20.600978068422446,20.010397379591353,17.709202213810315,18.824441810767553
2165,27.86015157427092,14.18835092952492,15.961724786162023,13.111695904501232,13.3398677822967
2166,24.664833415777522,15.063320807127358,14.347357397711,17.031368575129385,14.670694259320637
2167,72.15675833212322,21.7252455778539,23.826267724306092,24.498314592165737,19.695896516902902
2168,28.560237155925673,13.292765090211745,12.187665872376447,12.521637777008435,16.112201802972884
2169,46.2963884244968,19.29004278988011,17.865539836684412,16.039873375165577,21.105206198336692
2170,49.22781843056572,19.877870668468585,17.68122833800462,19.360702855089137,21.255493839985878
2171,18.224325454360336,14.09321317441731,13.5943390638689,15.10705993593276,12.34029850176459
2172,50.86052749560157,19.35290566135852,21.568597883666804,19.814434712207532,17.799859617937525
2173,55.722548624716914,18.052153031433,15.972823080037507,21.149611583767367,20.62476475435888
2174,71.79504493225734,21.64300697624562,24.886319665150648,23.816625358743142,23.485804865452234
2175,50.6600430344213,17.88651926113528,17.40326587845604,19.162819937635195,17.46373882310893
2176,50.38898209359265,19.40905293513149,20.22113497364864,21.144106275018384,19.240934068646858
2177,33.55435014673735,15.418233879289073,14.486430628768444,17.896952819203953,17.29139743690533
2178,45.732804953957015,17.746557456299648,17.748385493575224,17.556242595175092,18.769177669647593
2179,60.39463623452147,21.886331192891557,22.871625606405136,19.578709457871465,19.41189780727349
2180,48.5836064516451,17.664882325961532,17.53379646706604,22.947594371013512,18.33133196060465
2181,53.7855941828282,17.37689438307472,19.28308978113609,22.590028364159547,20.185925690818973
2182,61.810244355120325,22.613114663020248,18.88026675752256,21.129313847532142,25.015893486376918
2183,30.221468662563012,19.038864056401195,16.39112086939047,16.343606022138328,16.275595160664913
2184,57.77104049602884,19.406674192989556,18.831848134471908,20.38672117232698,19.731659311982988
2185,34.93445608025869,15.59369427730749,15.851923120558322,9.689852366600444,15.093607327118622
2186,49.797530780794034,20.0864615178973,18.27045014169047,18.322747117493794,19.79980413997106
2187,35.04384391560913,15.148571461129887,17.354496346577626,17.97614657399593,18.237193724852723
2188,48.13189904710967,18.298888357428606,21.255774659367034,20.427912914013845,20.779736797911827
2189,44.01158631020344,17.356857533794575,17.314911150627484,20.27260183813887,15.096199323053101
2190,43.59399746357639,15.814858921948115,17.23894112122204,15.886518139794504,16.089152918345906
2191,27.657811169140295,13.038765047758258,15.531881307764431,16.175167115520512,15.170764775721358
2192,44.35256555187657,18.58787435492065,16.248592383339037,14.136458643274528,13.69874113148811
2193,38.19904378802568,15.073207183420616,17.168458290152092,14.110190038195068,15.845011336906248
2194,64.0661014959165,22.641430643159417,25.17326882171227,24.042199159039765,21.748755021734993
2195,47.89843721331247,18.358116503057666,21.51351810730284,18.604387121051307,18.88579429021777
2196,46.01505737718905,16.74583127031923,19.483934329825196,19.015317595157697,17.42999732740968
2197,38.70088013397244,22.21857916496182,19.27165356992209,17.74171941433606,22.18455149941956
2198,59.424900680966175,18.93069185497234,21.917519607273384,19.795589195261687,20.522261860848754
2199,52.33272962765048,16.59228298243152,19.678237075957426,16.63049934970788,17.067199117917163
2200,47.362448283966366,21.073225812660986,19.945177019231167,22.986088141381483,19.734961074325017
2201,29.798971138870456,16.255754735175074,15.386560353951156,15.876719062338694,16.12227962455279
2202,44.45958786851021,19.028697478625613,17.061210863308908,16.315053026657584,18.961868575034572
2203,48.67559743302432,16.965178647632907,17.04488733295291,19.371684137639114,17.842969278986548
2204,41.279561727406836,17.204333466557628,19.989487882961765,22.829017578699045,18.73562125072232
2205,63.29283484610034,23.10792849649558,19.949022013624493,22.25615020773866,19.036339645143773
2206,54.692343084319525,18.31611158446603,22.571487272425173,18.883796285026094,20.339831140289547
2207,36.695226481238805,17.974722780872845,16.044914877152312,17.890864812881418,14.101933214159764
2208,40.65208704908146,20.13602868136628,16.497149014821357,15.5387679375785,16.357452633998424
2209,60.22508179177623,19.244593580383874,20.990617889648615,18.45604089726276,22.589171211393026
2210,30.57220868905639,15.636369329983449,15.185290225387106,14.548086239922233,15.528666694438156
2211,51.54883712368434,19.482608649042696,17.670741320364797,18.476986044567973,22.073572129401654
2212,24.685368843642376,12.08192787025387,16.038359015983303,13.661206276711958,14.101913863785176
2213,52.000062741661324,19.572177796583357,18.032391860716753,19.715857132047084,22.143283449838318
2214,43.20322688916392,17.874898796646644,17.43244213632625,19.193698686243174,17.919582523977894
2215,28.00860908284466,14.26616997183491,12.59045222052101,12.894214478876432,16.405928363817008
2216,44.59912635513472,15.305664328005928,16.002994991336738,16.3162482334261,17.965978196727395
2217,61.765557560282545,22.30505341938038,19.6288506086557,23.57354292121513,22.247144503437685
2218,63.01799055473788,20.32853858497315,20.137315657274257,22.14253507337162,23.564893969620993
2219,46.415426780683525,18.070737416204054,17.126742237867255,21.035309684770965,22.939754546684764
2220,55.026944142531455,21.30540732122118,20.109802086448283,19.852113245835344,17.481932656463577
2221,43.77435343195857,18.32728675491755,16.374324540467182,17.74148956536658,21.07743207422677
2222,47.07772942466125,15.132915990825321,17.90454740174386,16.78956832186563,19.52640617341874
2223,52.89589565485099,18.600399914826514,20.351931907641273,20.79259609362918,22.300780103002765
2224,41.640626366272826,15.775724574766278,18.15088843013277,18.838560739804862,17.590040105805915
2225,51.07580111684328,20.128495962925626,18.16302016285256,20.039698511926954,16.812888525070594
2226,52.49493829403223,18.405829407859727,18.29972918785406,17.439326099441896,18.74921459359293
2227,52.89232295835758,19.428175414906445,18.177769068540425,19.63686726805076,15.58675780446697
2228,52.82843853053215,15.444277029081775,20.7530084287056,18.485374979110887,21.174795187252958
2229,48.13333204981717,18.740988271799925,15.994300646396008,19.235341723494127,21.196623061392245
2230,62.091646209783555,20.738728490232482,20.505856424242204,23.357830918849917,22.241349532630274
2231,41.99764162708147,17.949586014875074,15.922963716214031,15.974370600313271,17.309788810725312
2232,27.882453027964676,17.78751520253075,14.636759929888964,16.728822175005263,17.467894428631638
2233,72.05704324931772,22.102612653387776,25.91317694804649,24.461226599920135,23.879849678212217
2234,56.18944683924322,21.2545336929431,20.94527542579184,23.152566809373802,22.54690999510859
2235,45.081332531611054,17.682377939550765,15.04630818925666,15.606427811698442,15.312173931030545
2236,43.163537759438576,15.893759488252144,18.749691529795882,15.523649250228285,18.076964339865043
2237,71.30508688980751,22.603441365689573,26.95143653102133,24.702328711519844,21.890327146727078
2238,40.166022907019794,17.113391911481287,19.38237628947174,15.390823568883906,15.799426106477913
2239,75.54538797289405,26.545715731116164,26.154337026538908,23.608085962784035,23.222493063299368
2240,23.78870640093424,14.097324199363023,13.679663316290828,15.524347562378804,15.66657647067943
2241,36.285153827056085,17.713646023440937,15.931894484029444,15.864558093889798,19.711358354796683
2242,50.278235979672516,19.25288787913484,17.228514604311602,20.23652820029859,21.30685730882034
2243,22.16114014109368,11.532398146122825,12.954733257647916,18.423074892864214,17.544583973139567
2244,62.7678816744522,20.418833235076217,24.109370384421364,23.730973372109805,20.26309969158947
2245,20.043647678788467,13.948561368029786,12.277642201294123,13.619281449473162,15.264486389727455
2246,6.68723596864367,12.050119195726054,8.16001070191142,5.397678608702219,8.204536469689087
2247,79.7042651831504,24.868092516404236,24.785075009582947,25.200429366144817,24.44531195695093
2248,48.08916915378232,18.702789936735318,19.1578252207011,20.70649983062838,20.26649960763262
2249,45.59498230941348,20.33132730754469,19.1161648792613,18.530882609992233,23.16992804739798
2250,61.69878200596296,21.699137846093695,17.914597083302496,21.58003252361702,22.317375937832416
2251,28.895616261355965,15.21813856749191,14.357454050640118,14.729857822982378,16.15509848896662
2252,42.98188673168511,15.205618290780166,16.10819166067032,18.383911676044452,16.88872756475108
2253,45.170024235268414,20.698294874026605,20.625932263508094,19.858173154289375,16.90864191361696
2254,28.895001281254295,13.68900785244559,14.978640179718857,16.3940918485866,15.594161412970033
2255,43.94310635174411,19.38638790963819,20.593071861384153,18.49678954632792,18.072827879575367
2256,40.95489141261078,14.061191996044212,18.27680506173713,15.71563794640361,13.175702541037849
2257,66.59563309300461,22.89921564845026,25.188950574221547,22.759436481340906,25.15825335324382
2258,51.932401680547756,18.498523214254973,21.55286852525215,21.708860112835982,19.518811236824394
2259,30.687901896465235,19.693933730277227,17.035120935123008,15.152841706117915,15.72265622162489
2260,26.077060851784182,15.828467467277632,16.71565569540426,14.070593061086788,16.14280272536245
2261,42.76090238074513,20.114601512913104,14.68113061048674,19.304257261835254,18.74121716558326
2262,63.69155711167337,21.652423585130084,23.279292185907273,21.443869703155155,24.766108191745502
2263,41.187660528723235,17.49511013626861,19.37565642543615,16.143897340552112,15.398465528058924
2264,61.40535210017165,23.004312123663546,19.951593846910047,22.19980822798195,21.94642219220211
2265,59.05617074037001,21.56132988798804,21.829101173090756,21.251921429732455,21.41820307639575
2266,34.217957121637035,15.063755747228754,17.64364766767981,15.126054331645642,17.12685713101379
2267,41.755236724943515,19.389345160317674,16.488612325402187,16.477606581660073,16.463489258698964
2268,51.592241273166465,18.640593189504507,18.988965133993673,20.83717920914289,18.317796526403377
2269,50.596654509150085,22.17677508391988,21.881399948852255,19.18944513630369,17.036188888194374
2270,37.93506446865769,16.30037550452992,16.300975557967302,15.77775701276694,15.443983292742427
2271,40.597137389980844,15.151943904379886,17.64606154118741,18.198498870993532,16.729894297489544
2272,21.68985123855196,13.540463598044203,13.970259803564858,13.158016385516923,17.831882196176903
2273,47.14115963015402,19.50775156870745,18.13893727095413,19.53607814718861,17.946241991073745
2274,45.47681389726432,18.599884926170844,18.733601909435357,18.732409623563406,22.868488400675865
2275,42.11215864060217,17.42492909256067,19.23778957740756,18.15922073064286,19.157140573116806
2276,54.73638855476537,17.48301910450322,19.20371058121252,20.042027040807415,19.538782093615296
2277,66.50915590777745,22.893165807892533,24.617267967225835,22.748319426980313,24.871917048754614
2278,38.91791778589269,17.728983977161942,16.444426065215133,17.656442580295657,18.07625641125358
2279,49.37510727284892,17.062039438347156,18.9989773081701,20.06055081020316,18.470562723104518
2280,59.65029551752752,23.31584558946598,23.66456513971103,22.82398488601679,22.418219578974597
2281,78.06592186080604,22.734127693584842,26.46601870956234,25.31921792616246,24.86363124671814
2282,45.39734705419578,18.76431440674521,19.467636578895213,15.188288566702752,12.293762593852518
2283,56.409526969508114,21.383568308655537,22.226884197205123,23.916476986870084,20.316298744783943
2284,42.246817306674764,17.66559404579889,15.483062534569095,15.78442057283828,18.133233153353665
2285,35.122313621670365,18.542846787714666,18.807352618264783,15.456566698834186,13.551316136687522
2286,42.7943561021977,16.82057331348278,18.44432404211234,16.027459172379597,22.651768683635115
2287,64.47176520056738,19.26546000952431,21.21351629263621,18.999485391353076,25.52362496172591
2288,32.797205165592494,13.908135161769525,17.796522603948,16.739392425081967,15.974405712155631
2289,55.768250431573904,18.03362146825782,16.215229929848622,19.0774373175609,17.012313247955383
2290,55.369434830731755,20.48379180994002,19.143464520057332,19.022687168170094,17.60055479954061
2291,22.977490320377164,14.98102255605823,16.722956087253987,14.604888604305357,16.90183793198564
2292,32.78921222003135,15.594526967466516,18.095716998277307,16.295368217709456,14.688219710954575
2293,38.94231844875636,17.484734764291595,17.852197557208104,16.350943394552168,15.606650900333953
2294,29.299418421201047,15.758823832762031,14.910103438652389,13.663158780687532,16.462250446791984
2295,52.52156362924399,17.711304977357926,17.32180216066183,17.504431236848937,18.94406612727679
2296,52.80815565777832,21.67947635204564,18.761947091757325,17.52191909327345,23.863336989149747
2297,64.71858791266033,23.40976129918645,25.17665268934786,21.268478276253155,21.926309829145115
2298,48.011974181617816,20.708431588050384,20.964860783975297,17.83119416207854,17.694481751342764
2299,28.577502835664625,15.638349370829573,17.098488512287844,15.607375182321647,16.728228319461333
2300,58.160189168425255,20.08170837154044,20.755808699790414,20.755441126924126,21.0475829171698
2301,32.420922825838154,17.45166183563018,14.443200633073369,15.857051808358282,17.710700725754876
2302,53.178094028259224,15.416279553989884,20.431212929716366,19.54234108332098,23.64775015819449
2303,33.42195907084401,14.154815784036163,13.812089990972119,14.820788837589285,14.164435519977946
2304,37.54872809076619,16.529382790086476,16.600648818190514,16.200080486470036,11.854045788365415
2305,42.00167181740103,16.4765918176972,20.87346444793863,17.02473265091986,18.117797568495835
2306,57.778604912556084,21.035112465962605,17.478905411175226,17.71838643583958,20.873262765323407
2307,47.25738593808636,19.487522893475628,19.270400253517575,16.13584241510477,15.099244886820946
2308,52.220665037664894,19.492056212536603,18.895037723519145,19.398118419354535,16.01491763198044
2309,51.59161170710115,18.079004388052578,19.548321409877353,21.17552578401308,22.724083490694255
2310,58.72013344317273,24.083377959204107,19.681164900306108,19.82272977958741,23.91462737178142
2311,22.749079288827563,12.51612193056966,14.030577576210517,14.671153836085917,13.618703824809627
2312,27.293020636785336,13.424818415880564,14.753086283738536,16.293739274852985,13.140878439406459
2313,50.75181693955489,19.503456507444604,18.906196341387645,19.606849760219713,19.559300167359027
2314,57.884257249468874,18.89388204535023,22.44997502987959,20.499124651603065,20.372769296191997
2315,34.84772243365556,16.114236652380676,18.42814749654144,14.389918132157446,15.667459842504154
2316,12.366008263555182,12.825447244951068,14.272603347705678,9.755282141767754,11.922105468099302
2317,43.723752262307215,19.407366707394214,18.320539892936328,19.134601807180736,19.400676356160776
2318,43.596360916764745,20.98678902080147,17.169908940296537,17.325332535579726,18.244385880742726
2319,15.641273958839157,12.936251426793893,12.263764329167955,11.792800018928972,11.043810560089591
2320,58.970378526389965,19.093489027433634,21.814473851375716,18.440322756799365,21.496903276850773
2321,62.458287206793585,23.388359436456277,20.59018432629697,18.822630329456654,23.135092647482345
2322,25.588711626065454,15.411690325549138,14.0951389680193,15.830365329615574,17.968991753394025
2323,32.00815584202415,16.283109186339654,12.988400822355956,13.551126583163054,17.823382318504894
2324,62.78098096513786,19.344467201359354,21.175458612080835,23.141859119307686,22.775577460138315
2325,31.089853542573852,14.794419482219014,16.01755557333632,14.939189074044668,14.723959897410788
2326,44.224388619653375,18.44252551146523,18.70592945046824,20.017417015359406,15.762872126382426
2327,60.09167576904614,24.016202972610046,25.936754032527535,23.513489046836174,22.626571408584528
2328,62.12352452266414,23.13596853524016,21.92406113566523,23.347163589764815,22.538462107501267
2329,25.049458564198112,13.707285020210747,14.133722230690623,11.211720491013583,11.912241954338118
2330,55.21676358810525,20.628607264595132,23.047160031381196,15.857631692177927,16.787444581969726
2331,34.679357913103985,15.438965253515567,19.94238470615785,16.867598965089737,18.000413925707914
2332,48.99988842493997,16.69738273622069,15.900425307354439,19.410985601542322,17.840919484682647
2333,39.11566253930047,17.741944509883332,17.022727694449824,18.561336886151445,16.636089047617116
2334,29.488783876159204,15.348829747061302,19.001976718269805,16.08563812802699,17.61291206104043
2335,23.0863425549882,11.3273696419315,9.198291469098345,16.14773793882833,14.576953980633645
2336,19.612475038977298,15.374657510654993,16.515811796183367,12.928812089222232,14.423103996334268
2337,70.69752699298574,21.847061083651397,21.134612672234763,26.908910045838585,23.46638696443204
2338,30.926476354418636,17.29937662547929,15.471951548058103,13.530564584436693,18.945030362655014
2339,51.18723284558072,18.76747093684973,19.458001568516984,21.33633830248444,19.831264585924437
2340,18.057596138359987,13.721959167391429,14.084251029945223,11.991056804459909,14.139810555303452
2341,45.724201040636956,18.093102482497684,18.642052205345337,14.514325983429341,16.883327420052414
2342,27.91390298646248,16.206125183833667,16.675205475553057,14.87188333926766,16.269070131562817
2343,25.303694173187225,14.039186837828154,11.58966877412841,14.572284492723552,15.446885247303909
2344,42.8806187974819,16.630977131024643,16.535935394633068,16.243429392524746,16.747973196062382
2345,16.33712599181463,14.540349999933783,11.440168781001503,12.780036614285779,13.306760090947511
2346,56.042112101280516,19.72426495355344,20.155202379143475,20.753912979373883,17.349063856546476
2347,46.633653573650605,19.42274717529376,19.452377256352047,19.304951536116903,18.4238210453641
2348,72.40100530717935,23.24154665339632,25.933888516555687,19.250517305135308,19.960267692855673
2349,73.04885725034028,25.987950945336372,24.98649894013089,24.62573677919087,22.551894981316924
2350,61.36317287678983,20.63186487195379,22.126941298243374,21.416122345152036,22.78190015895883
2351,43.74005172998682,15.87824362007475,17.637356435230224,17.80018535107483,16.804504013828947
2352,61.044314014028835,18.321261480419558,23.01270038778966,20.392993238744864,21.970595655716405
2353,58.69242241512095,17.103448957663087,21.51494331651651,19.125133922427967,19.423545503256094
2354,65.09342010289637,22.242408268214703,22.119785646738787,21.076385321770264,16.229797807588138
2355,39.23059345097259,15.706972076122721,17.31034937259971,19.005750259063188,17.716434126289904
2356,41.4610826428982,20.579201232874805,17.79677624727669,18.33853589087613,20.163356188818817
2357,41.56526043769828,19.547900955042408,16.370958376535967,15.843079741336066,17.566256543998588
2358,41.48001571116599,17.988380548961445,19.94814708004463,20.502392061242034,23.048155630348138
2359,47.430563445396515,17.000703622868464,17.5585340101244,17.541662152351318,17.368733789778172
2360,41.13542127018269,15.221074081684208,18.888376929176903,17.90501674526873,19.92192034891764
2361,46.118121630863314,18.260887915130535,17.558454464115712,23.115485874309012,19.761609404123007
2362,46.34101391369925,19.393728534935303,17.590011743877294,20.31277151588595,17.78179470899125
2363,58.89887352414106,21.050707194598495,22.876537539825808,23.31641866004076,20.86752675420273
2364,50.77518726035741,18.338013413921896,19.610447591969653,14.830459896861543,15.272548777444486
2365,49.40581322437183,18.128190336541884,21.519626183786325,18.154193385614796,16.86121633045188
2366,44.17450272694205,18.438180292804965,17.949314716685578,17.469352383552653,16.61137426262269
2367,40.302805581650524,17.780381270198113,17.556923697873298,17.954605040105072,15.340515064809994
2368,49.29850744487563,21.28855787818764,19.097351106417424,21.02107508439376,21.020245009488054
2369,43.061461454393246,19.25263471952883,16.216561396677058,19.872336433541676,16.026355491187292
2370,46.477297754424676,19.47450444269214,16.282718499305233,17.80103063009984,18.42103668093793
2371,51.92303331179109,18.578420715447944,19.185932893688967,19.259794576007707,18.65143408737668
2372,22.92972036995619,12.343858319099972,15.195598075413722,16.118102159267366,14.023099461883232
2373,56.250014519400985,19.717464936374284,19.89115425743875,19.622326853110657,19.703063185674534
2374,36.75717355994219,19.160223083065464,18.813385170401567,19.093796676837343,15.618012027631638
2375,49.84961579551766,19.101273880567707,18.35666406482162,22.742416783528846,19.442060149704464
2376,59.380510798190315,20.02832265002276,20.323472254144797,23.464170374333214,21.526787953984975
2377,52.278233057710764,20.872154095771172,20.27204595866382,22.58747125795393,21.87161956036619
2378,47.83059713822853,18.451989818402087,17.863038614816723,20.457302775020334,20.065526337514154
2379,53.00525650252147,19.5565649293645,17.363986369298942,19.340886025774633,21.473032352420844
2380,33.665225967431034,13.915505479986567,15.465287222402008,13.321300019046548,14.43491559145405
2381,18.111707747490236,14.306435817877407,15.331518674754822,16.355185686781873,18.541066738679508
2382,55.29158316119107,19.052102228069945,21.6631490982179,20.6792072106528,21.58029260820345
2383,27.5598943504386,15.975151696537706,14.955480008802976,15.05952215334153,16.150974993088937
2384,68.45029999101462,24.76566492123841,21.041981495673244,25.7983462941558,28.39938058123978
2385,51.82841787165551,21.60828559424934,17.62209024891809,23.874436247047885,17.75281271408834
2386,66.7377166076248,26.747560170365414,24.918862910801806,25.804127751132462,20.865251702431856
2387,60.45718038615693,18.131871298229516,23.419313022373643,23.20346841046563,21.00121188740149
2388,14.440146016040956,13.797013841256321,12.609976290489309,15.348703189160682,17.194611031804627
2389,31.470086324472156,14.306576822927411,12.128026959299392,15.675225073485397,15.210900447885276
2390,60.440318701134935,19.743830529173845,20.711314622414466,20.975151362169374,25.60262695132326
2391,43.68903137829095,17.15837858760623,18.549031807496497,16.817964372877483,18.563203444324017
2392,53.536500554943466,20.71151354742077,20.354720176589733,19.76730838110786,20.99790504025802
2393,37.04584211632436,15.149254026144044,18.632718348617132,15.240354037913669,15.56115032768447
2394,20.884732055379292,11.951081976811597,15.393167479047477,14.755245671025337,12.731684001798124
2395,50.763755801010454,18.330697804962103,16.64073867103446,20.240903178897828,19.998547577939043
2396,55.55547766110618,22.29468732739508,22.75250651134007,19.068426194750284,20.365642459455646
2397,62.498407069322596,24.976858180261612,22.291656621316122,22.299806557647003,20.78088385644459
2398,55.06642365757257,20.581049024455794,19.580113585180513,19.469701908169498,16.798567430467312
2399,46.17564560405592,19.348314289813423,20.477009892836488,19.620168425825803,20.130947023291558
2400,54.16048088149121,16.560841191557568,21.228910216387302,22.411789281490783,20.979279576226276
2401,46.435454088648804,19.51804222401453,21.581023203149694,20.69845917607747,22.465635390389032
2402,33.890964635411876,15.589413863727668,14.88692555594334,17.15949809800682,16.22868856031586
2403,23.309670863778294,14.734105608696026,13.148835643074275,18.812377987732695,17.49756895496724
2404,22.98040753792339,13.774988618244253,13.675574986155944,14.460050411130224,13.341357354835633
2405,54.435900341889585,17.13147726908183,17.75349628326811,18.38502079849114,22.366736364928162
2406,40.40406183971116,17.49930251905029,17.688565495499127,15.439410447923743,15.900063744393467
2407,45.695214023906075,18.70812654981527,17.193346708032188,20.162081877187788,20.77333828285631
2408,44.66416135561372,16.611209722354577,14.956257942195172,15.445748279126827,17.60141669974878
2409,58.35385611894195,21.165620329710798,25.086564848137144,21.780754003245193,23.43715294176631
2410,58.63157757244804,18.715896447679665,21.76157628142014,20.10140039608962,23.11138137083143
2411,42.81773416840656,17.115944397336563,19.254829780512285,15.363548154198966,16.593981333889158
2412,44.535963240920196,18.168824374937643,17.283545108041114,18.275401056954504,20.687109438294492
2413,53.77036817297434,21.434896814090685,18.677784269803578,25.14124727932675,18.504176352975495
2414,41.02262899581241,17.247697807835408,17.28811484745697,20.129335516170784,16.59779246613179
2415,10.296444283102021,9.067060698275696,11.54779481159596,12.131726023454519,13.973858559492484
2416,37.744917211703985,16.07774967827572,14.630442665457547,16.166322188405502,14.510895154374676
2417,31.997721538687106,16.623180128745712,15.902928164395622,14.727210620047316,16.28426386628702
2418,50.96725827406199,17.898867312195694,14.368436143177096,17.3831580363531,14.98929657327237
2419,60.35901387861487,20.778160905459885,19.293359605373276,20.345553133326902,20.08008472014568
2420,42.295000594394466,17.55326251496768,15.84625709595437,19.628935067517403,18.612750183928636
2421,31.903303112608295,16.636365583105636,12.868572680045215,17.921451082407938,18.593073918178447
2422,43.916921822909636,18.36196651213769,19.595354315396502,17.964315488513957,15.797269722300634
2423,51.64705676832643,20.281636540715176,21.20045994008233,18.31892946645416,17.502800864203376
2424,54.70671553098332,19.558372451292612,17.298000423573164,20.15132748684838,18.985647183609398
2425,36.7547254228065,14.53106179604723,15.727415193996489,16.442036654809392,14.79012761182397
2426,58.234213430385516,19.751951778094586,20.822751779058883,19.46343878302951,19.51306127901235
2427,45.41637884026587,17.37414900745625,18.04056444588599,18.666505961104615,15.781580381555951
2428,62.93270081431259,22.933003627237678,23.42871780225227,24.553968132353866,22.23284058206775
2429,39.344694968083715,16.108448061870313,11.797700002115725,15.825526586967706,16.2105892402872
2430,41.52651936910734,18.355247801300212,15.507286377477246,14.583848049006138,15.699296885911592
2431,40.393116918271296,16.35772502620026,18.780399217313818,16.47162964791123,14.987925434625335
2432,51.82989363129585,17.442631316422734,18.39504866420992,20.10054023235432,16.960755624077905
2433,42.187125570782776,16.90270044584686,15.587178262968276,14.72246728675475,15.034529925619205
2434,29.40141807606022,14.660715875049167,13.038343028043593,16.015349111122276,19.112902325249966
2435,59.921188432749176,22.441673658354635,19.391325320282924,21.098786569991596,20.363894214140725
2436,35.35335049342514,17.327908094177687,16.177675737835987,16.298777407277107,16.85735641400103
2437,50.53751382801863,17.411303490391262,19.417481698100932,20.047640540917826,15.853502505851
2438,72.13930998733042,23.170250819841776,23.37875656431307,23.04306739190645,22.467619862341436
2439,38.790289334446555,15.0872670514017,12.790423878723338,14.669672140400037,18.67902461466176
2440,55.02310221073746,21.406092850114,21.426833461554338,17.858572482607034,20.598757651665665
2441,71.02032317078351,22.762869213094245,23.184652768687066,21.77801566077117,22.538351946276315
2442,32.65086144319958,14.601335312237689,17.902517826374485,19.803069272856792,19.18132405734012
2443,52.64953814630292,18.451344688444678,20.240998061745906,17.41507104193511,19.01683296485442
2444,41.54112469114028,16.29061335749626,18.393390573341144,18.34774577508335,17.747201973460978
2445,45.62486199692747,18.794312831338196,17.303762949749004,14.081329936669603,15.690465530051522
2446,46.146734169340355,21.118993109134408,16.100134977246736,19.295169331121656,16.47788513915131
2447,31.378233534322746,17.30874522064266,17.218551668346628,14.591896030306305,17.33613357840352
2448,53.802046942357386,17.74956572030383,17.87420033408792,15.135376578929886,20.764180898430585
2449,55.30572472107561,20.505774784034795,22.573888278346487,20.816901893532602,17.537143451140487
2450,61.10805074850939,19.53136685190223,20.45726045436763,22.264301284366866,20.52184143330676
2451,31.54525056692648,17.317277406108225,16.347881682977626,18.63136607864056,17.91361616521452
2452,52.02476523856112,21.55257602601475,19.47649188685645,22.271200925985156,19.929490229401623
2453,46.07746197271476,20.589622302708335,16.980173444791493,18.61776553032147,17.42250164999167
2454,72.13488899079191,25.939477055287863,24.13585793611032,23.327918067935816,19.4390155531425
2455,41.84149958644044,16.82193602141083,17.31725299967648,18.661046196148522,20.677239741054038
2456,18.82064130193842,14.250313474157535,13.691483702404906,15.285245872658987,11.072601196720878
2457,66.57005021496035,25.081480929043927,21.16900311967272,22.054525317204998,21.00900737699626
2458,35.54584469818203,15.806827859399732,13.77846045339612,18.107578697977832,19.0721672024989
2459,30.302980338558623,15.907906196112922,15.25950456311497,15.201762627436084,13.484966067478613
2460,33.95394711185716,16.553579454665904,16.237241797304804,17.138243066905375,17.397939309843977
2461,43.764588821540414,18.02599427799196,16.80053001468086,20.315619964979078,20.148380584602013
2462,42.192630584886395,17.156801840210026,19.338699260761494,19.530937680283145,22.535267697072374
2463,32.94515687103912,16.203078305730983,14.954865556177957,18.163192113023563,17.952171283530756
2464,31.523450201022797,14.838768051581567,13.604986092430117,12.94223400641147,12.736516091543704
2465,57.412102002606645,20.96647861547444,18.49352506094229,18.709807863198908,17.817870297145628
2466,61.332530567413066,23.609709646516045,20.877997171131224,19.81538472707278,21.75473276050509
2467,59.6150032656146,22.58830486357335,20.673534027055148,18.96919197786439,24.51979484378628
2468,39.07220878380138,17.862299416945536,14.868059084951375,16.52596143250072,15.315466703428005
2469,52.11046743046379,19.128164718545065,17.964391397088743,16.437959747559187,19.17915673527321
2470,21.69583082449065,14.895431331011405,15.809071939810572,15.120906178190198,12.384144699466303
2471,45.44686319349518,16.814950098801706,16.62321742784431,17.544655971285785,18.794377645359052
2472,66.45991348744508,21.06890753325544,21.9150980300009,22.906486028374573,22.91728414959431
2473,39.54117022905452,17.743743746042178,15.886363042578719,17.55377371585024,18.197940416138422
2474,75.98057315169814,24.605756891446344,25.062286805775724,25.754205668300884,25.035596792668315
2475,33.517013504663495,15.315735526387385,15.31413401764165,17.532043536035694,18.974264298335555
2476,57.03460483309393,20.716544905581596,21.525220720082196,21.27495550464725,25.703792955287273
2477,45.21799921926495,17.07308255752213,19.03504048436435,17.224899846659095,16.796468691856884
2478,44.854285057010536,19.627827755895883,19.26663061210369,19.677773508332184,17.24135546070443
2479,46.801306436989634,18.378066177268405,19.84411242984114,19.95603431958347,21.452761760899556
2480,40.4337547926364,18.78994576859357,18.042432972938908,19.91454920810838,16.25700189279295
2481,60.218350723023605,17.42390682894373,22.11955253243145,18.216374769724986,19.556039058925318
2482,75.22145109273619,25.814610705847443,26.208241735645974,22.08171019217762,21.719705200328356
2483,53.76552433898782,17.66859203486118,20.111203948148567,18.53843863770442,18.55544085497282
2484,46.85437173758172,21.10933230940668,17.10488102148696,19.111696920808882,19.094279512297952
2485,68.5222345002162,21.10793834553405,23.436581926761402,18.4989985213033,18.648240008621173
2486,32.716148559395556,13.809945364847634,17.590961309892414,17.22409748802041,17.184245054005096
2487,28.382990622230103,15.217422863968755,14.632745001023789,12.583928112008639,14.39128775629084
2488,41.16990533690147,19.793886306862248,17.318084028052407,14.614259134745312,14.163589227943277
2489,66.67193764642734,22.04729668370114,22.92332359058192,21.517103468545393,20.11099578834513
2490,50.858198696418775,20.433871021252703,20.507964117083,19.212504468004536,17.531407159071794
2491,76.41858415011993,22.98512669953394,24.78036124677191,26.870396216777472,25.19401790051553
2492,69.24530334592723,24.347231817172965,19.93846433790508,24.24287694570489,23.475360806729093
2493,44.859637245988466,16.61666070761678,17.82469743166168,19.480246282880604,17.422403333351525
2494,45.11436466663187,18.68223705237959,20.11651732813676,18.437114303580405,18.445699976779913
2495,38.72142562220104,15.50005981593178,15.975171035084077,17.3578511242063,17.662323605093633
2496,65.26302372412839,19.40264228011733,23.835264430380864,22.696988830611218,18.843248667437788
2497,50.026449103589265,17.48028865394163,17.730543464497444,18.99216238494069,20.399841175462267
2498,47.063506729406726,16.949606084666378,20.060003956376896,17.372332300835467,15.51225522879296
2499,0.0,10.963168863715463,8.64592300918812,9.472154262492928,11.3130193836575
2500,40.69098938429979,12.895636600893033,17.595419162407282,15.277482908056736,12.793244182660567
2501,59.695348283489466,20.543345569729688,20.65727317131817,19.187220464112468,23.81627184162088
2502,43.619659438386634,19.539927844499786,19.91040229492381,20.634851680059196,19.093809760283158
2503,52.4160241736275,17.711008478543306,20.398126506625285,18.338556387206882,18.193680224892212
2504,76.88541193335219,22.040784632186565,26.380987065173407,26.252644249597502,25.029676763960772
2505,35.7071774856723,17.570651177175588,14.924409315948575,19.478990376219738,13.069907356857252
2506,50.58741183391555,20.830776458305756,16.7180269496671,18.16485767346546,21.856322137050924
2507,39.73951044837006,17.603419912953765,17.70727011005419,16.57238686963097,15.812796741350128
2508,30.35669449399463,15.516404940821252,15.783315392612286,17.80011245724229,16.630880479742192
2509,29.154173406532312,11.745784684645091,14.599961273906981,12.694316648518324,14.194285953020463
2510,42.11343863558227,19.90448897880941,17.27767419957778,19.24271637088582,14.515592146241783
2511,26.514072523319193,17.016963942244796,14.898635435814857,12.748034518776254,15.400335087511284
2512,45.8875649539597,14.8607928508919,18.067262864142556,20.881710886186198,15.988499707539393
2513,35.40960368872969,15.705434815594693,17.405546658315192,17.151813093307485,14.464850011307734
2514,33.756558285065836,17.670488897438023,15.347291917493255,13.605479342072742,16.99604820210174
2515,36.66626688885699,15.723733925755152,14.56170868921474,15.218242953075942,15.842185687092238
2516,61.01310443068465,20.350054110070968,20.29008980144886,21.060151638062667,19.747199499010122
2517,41.87916484634971,17.941676739157003,15.158741617347964,16.815717606881428,16.896550019142627
2518,45.617145647555816,15.544457158694087,16.34259810922724,19.38107176056633,20.11828819988685
2519,66.20936949131844,23.768328232655527,22.039388884367966,25.942058805467582,20.626247039159388
2520,38.78163392239061,16.647719768977858,15.254318800412756,17.18858818580918,14.072415166412307
2521,65.5045135220086,22.5737811546483,21.18046370919467,25.023004557822198,18.6687621138988
2522,44.902943925102306,17.379590949847035,18.961698180033657,16.486898065444052,16.755447829522144
2523,76.42837785023211,23.24937712845201,23.874262773080464,24.850675701757996,24.430115806553925
2524,27.117598041665055,14.324467622932827,14.027651888998905,12.81947103819192,13.537399115177713
2525,49.42567562876694,19.141787749557196,19.740978839776275,14.40354681189173,19.749760185306496
2526,64.67398231257857,21.004937476410873,23.713917261300992,20.54247898269116,17.366400898412948
2527,42.33590432113547,18.104766495178858,19.334655864262032,16.66512664569433,19.69345826340694
2528,43.99538251042306,18.12954110860909,18.741918096973258,17.527438003907207,17.409329229152977
2529,46.936991740143945,16.711220835266317,18.641610858310422,17.88597267437823,18.703763688849744
2530,28.94720866924002,15.07475068574456,12.232639651270246,14.680134672102946,16.213688339126758
2531,57.69344441982419,21.279054589363813,20.02758237783026,18.171941644728776,20.47857096111902
2532,49.42011576436581,20.030801205956923,18.839887390554278,16.404576954439285,22.134815137621032
2533,41.075975300741646,17.338669200672356,18.665058638432736,16.39813138112053,13.350543706668144
2534,32.04733480816188,15.188603946210835,15.783569292407886,14.271899947848047,16.54929757971069
2535,13.744181415281103,11.350792450275565,12.033682956082583,13.996562458833866,14.182768241315028
2536,30.09857765403422,15.870806406956834,16.75202791418322,17.971536654680328,17.26393647901531
2537,31.365141333741693,14.356681119217733,18.281036501909387,15.054485263092799,14.796890303135873
2538,56.47706275951303,22.363227759997198,22.239672150137658,20.525627514353815,23.290510830389444
2539,38.66641068879883,15.607564897795047,15.545374518229961,15.679039738105171,19.76310219325942
2540,49.47352925883932,16.835608247955367,16.849819911713702,19.043383080751553,16.796056080293944
2541,59.345877288692975,22.121506629121285,21.089636210676126,24.332582559286966,20.56896317593526
2542,47.085705169243845,18.93950808292629,18.477358991527385,19.573303876915723,17.131977723390605
2543,36.62215562620475,15.29051485838227,16.25776589275017,14.343376173157534,13.230153350827523
2544,34.05565640565108,14.494596420712044,19.368227794766195,16.478005452862938,15.634623403541525
2545,49.70180705708649,19.620493545687893,20.019180773036542,19.921987600098838,21.78524185904437
2546,69.08657209281066,21.54136424239378,20.05866097579358,23.84545688355606,22.74854710648781
2547,36.04634380010695,17.039089868760342,16.992775373859754,15.35296179011616,16.832982036641877
2548,41.471715270357414,17.316944187482875,19.125117183527472,18.43823073640882,16.334421190596498
2549,35.80624717853318,14.66388548041068,19.099262068139122,16.946105267141697,14.356722645027554
2550,52.88929766486924,19.039690606197176,21.284191107222362,21.578521762675813,19.68712190880855
2551,38.363984464858405,18.96290745832126,20.20372351802028,19.031602641781856,18.375632532699353
2552,45.1793874843964,19.66763231399843,16.679547693552465,19.774121250412744,17.9985937725438
2553,44.325388524593265,16.488295471790043,21.297978974025224,16.658152274361505,17.76401376481492
2554,43.03058067394368,18.493055577218605,17.303924737039505,18.7000797478904,19.142242171096566
2555,68.31439806464294,23.787608760273077,26.059042005956282,21.257211316210977,21.838645888747692
2556,76.60932045324212,22.73045696975924,21.64835990199075,21.39964642715315,25.62296383618618
2557,74.79614120872623,21.44866249782588,22.14507306564969,25.603694080341782,19.387660410659898
2558,47.87467784611495,22.32882968668309,18.0506878906685,17.661099373201584,21.10307981405134
2559,35.71380729888475,16.55588953657866,16.894501866651193,18.18098409622149,16.571114525796236
2560,60.16179355526885,23.420018159387197,18.944293613477313,21.25065861797984,25.121299496185262
2561,65.09392500736817,20.586950052293357,22.215985596378953,22.048922585290004,23.270815677722553
2562,37.70766474833839,15.598301640961473,18.438599441572176,16.027138329959197,12.81155924866732
2563,53.08563387951912,19.0923068657963,19.922209404300258,18.41994772073064,19.450907975559563
2564,36.877469773796165,16.49551476798271,15.471563989700993,17.23054241147217,15.177957831271348
2565,41.15372013611422,18.027261370442446,17.699395697734666,20.609834171290572,16.172204669537695
2566,35.35452990632433,15.414320970767717,15.047374596085021,13.538523332586095,16.59837641191461
2567,41.38634800950349,15.905728420915816,15.30106894673262,17.62397289400083,17.57066599368853
2568,60.6015980178079,18.2842230500639,17.95522304723497,20.227280289386925,22.418086028264792
2569,34.56243093549137,16.365027726376923,16.008809000920408,20.445786669398743,14.766406366437298
2570,66.8240567958372,23.92261077033855,21.562042311476656,20.08250940141741,23.25770800820399
2571,51.95310469787992,20.994891528395904,20.35887846508371,21.51944368546711,19.03115295832168
2572,58.164619143966725,17.81658821608793,18.618535007690756,18.721730367538356,18.65877746889024
2573,48.36979537736351,17.968314243688095,17.756184366014896,18.46612216636954,16.844027986024326
2574,64.06248120257408,23.986668594769075,23.884491911602968,24.184097622537642,21.659643124065706
2575,60.52624054696446,24.5869619113491,20.00389974335874,21.799310985631447,18.075773173803647
2576,46.6499329007071,20.807271126924054,19.03291560358241,19.4264186399482,18.5604880715168
2577,48.30852201202844,19.266542132409064,17.356226333518293,15.525980563386177,15.112814748804176
2578,63.37465396425189,19.001254265410438,19.3788080508946,23.09794531236194,20.755171554294964
2579,56.34214634399552,22.01453200927273,20.877481396991865,19.488773487173376,20.015491131991958
2580,41.43472937387627,15.236706431489464,17.058585319804727,17.32500543324389,19.41874676200167
2581,70.0406148125401,23.354171642790504,22.36596681758767,21.715990452659693,22.12576757436928
2582,37.43911787304246,17.733499597440915,16.07517843052365,16.55239074852046,20.133472871955963
2583,34.35369028127785,14.820282386276592,15.172937399494163,16.852719272251747,16.530842393774872
2584,33.22250209806255,17.84942336480781,15.55681140079509,15.148572185139493,15.994846628407004
2585,40.773224882466586,16.44479051008892,17.356675845512335,16.83114720811056,19.036980222112895
2586,19.453414654973713,13.81735355140796,13.355049557547014,14.29495554767105,13.659664668016875
2587,45.75735101100836,16.409450447798825,18.250677407669084,22.59288275614626,22.204557721210914
2588,50.4196297571213,19.607753106397777,18.139818682597692,17.83985534393827,20.72334325364881
2589,50.34151962068469,21.100801539077768,19.802512103167587,20.84828255635267,20.456423926455585
2590,31.97599212566777,15.762342184623598,16.6945298385167,17.948419972546354,19.7165835515521
2591,62.009742155182366,21.02713837411257,21.706875421784463,20.9652500121363,23.571115692125154
2592,67.73712224468181,24.25079484807154,23.832652446456237,22.607540290504343,21.907067641487046
2593,47.52627793031926,18.096302499077677,17.78022685036989,15.999446399832337,21.230597324218373
2594,50.22498362402378,21.654722456995263,17.435081112923957,21.715935642099524,14.573069929584863
2595,34.63427331049572,15.853732691174828,15.362752454490938,14.877494762452795,16.78003149546103
2596,34.00459474569602,14.37711493514574,15.363809561266406,14.404336499885414,13.941819212653801
2597,50.43055332783627,18.306570024322102,20.18236662286565,19.122643390808676,19.979785647295145
2598,36.92192767726205,15.204090957573442,15.86663540017928,14.188514638645518,17.52159468099117
2599,63.917398929137946,20.176518558601206,22.991269378122507,21.31972242761278,21.94537800561516
2600,49.24899496841086,18.619240868436428,18.140483484913332,14.744885591727328,16.792228002679753
2601,49.87074400578946,19.837269099157165,20.496253774432798,20.207501325022392,18.189394376088714
2602,46.448827577342,19.485243139164517,18.233915092365766,20.79182438303486,19.79794099400507
2603,57.366604114925664,20.120144013409046,21.912929899221112,21.720847308629466,21.539861390376036
2604,52.94546737441672,20.26168732092448,18.984430773926125,19.433809993705825,19.04299033003123
2605,43.616286017510845,16.392546770971226,15.804528604013562,18.92631591112709,17.589272516056873
2606,37.05227840340876,19.312032025079592,20.285805203870883,15.062045037545673,16.788899599100972
2607,60.17321836249165,19.874703985415135,20.259090737338962,18.462874720758087,18.49770496452808
2608,63.01313934661486,20.909373969596064,23.247581467994817,23.16551905012224,23.951404981438927
2609,61.632037639657845,24.552547210708827,22.174661983350404,23.09305915690585,22.358541483878806
2610,29.61375989177717,14.97577668943908,14.827585431228519,13.965104334372576,16.50728964328848
2611,38.582516442639324,18.179291116429887,15.918340704513476,18.126432712971464,15.631720190261142
2612,35.671751904038544,16.65655428199119,17.979225412915977,12.027426281764113,16.31058764833473
2613,30.008669564756513,18.80302219455222,18.40756321068389,13.862748390198643,15.125801398179526
2614,32.362731048385626,17.85318874736734,18.27599730524675,16.369405587183312,16.340751800596188
2615,61.3455540471255,20.8834661193046,20.825992045008864,20.612219217705885,19.843069878532855
2616,40.10207430423385,15.00666929488964,18.801769421996827,15.745592512866764,17.310637848266474
2617,35.08292526776356,16.661585069209746,15.853072945070268,14.657873738890697,14.190668905075576
2618,42.157749632693594,16.85592351927374,17.237698031450766,18.99048380223268,18.10938152524172
2619,61.346712205124646,21.16621250081173,22.696108509542658,22.980587600954404,23.62028240969724
2620,55.202697721428166,22.077044909806535,19.495134390054577,18.016208290504363,24.279990831422666
2621,40.20650942815139,18.08812176481485,18.563225854661333,15.27644306243444,15.374530461571656
2622,46.9805414225954,17.65298548670687,17.102215468378297,20.46804051219825,18.872117549960297
2623,36.63839065757576,16.117976298555636,15.577094691333597,18.21631698348488,18.187022873653394
2624,54.5192953900261,17.910933918820305,17.673474842121113,16.477272683442358,16.705885690162617
2625,60.29165123630478,20.63356264766369,17.855631162705,18.66009145654343,20.109276589374065
2626,46.39310033085609,18.619625820803677,15.545826271597978,19.157133356883666,18.626063820954663
2627,35.858336827672474,17.425255608076807,16.732336448115767,13.829948453046859,16.21106497828336
2628,45.96634016568445,18.307657582225424,19.63633721581104,16.44724206910421,15.50110528821086
2629,51.31996992867131,22.120298760474096,15.646546559182465,16.73987710951925,20.618530035227568
2630,39.237936649083224,15.745715141153596,14.321883532059179,14.102769934893026,13.484246199527258
2631,69.44555122638523,23.86749573486664,20.46619778092967,19.926100722848926,22.91847637140732
2632,47.995003406812344,18.981486252472187,21.222684758631427,16.83475133996486,19.845705679671084
2633,48.17862257545755,16.405952306382844,17.629484460772588,17.560183416591784,18.34051066374669
2634,38.45388401818001,15.823267600387474,17.687584909048905,19.575515728943873,19.472118270249844
2635,67.17977984214329,24.535038840029603,21.89021913036888,20.108889729925128,19.65263177576815
2636,31.529993980723397,16.044004280690416,15.573954767254422,14.715344708574978,18.29836200904975
2637,52.537168544207525,18.14283926331169,18.355151894173332,16.483418627721417,19.9210819810723
2638,45.63412093808931,18.31988398997647,15.884440401241172,15.673669163234342,17.526408684218893
2639,24.608387250618847,14.327636906332627,13.89629024671047,13.968441395531837,13.291535582409068
2640,64.71869138692693,23.402205217000237,24.180959922967777,24.097145807515915,22.83058611499531
2641,27.27486451495341,14.890745877755297,13.419935925582598,15.732379537359806,15.775519467602008
2642,34.58660450810614,17.056814152212254,14.334034593169973,18.04690525042671,14.401990083890812
2643,40.39316275563226,19.154675878642394,17.557411924761407,16.639561792864594,18.01717159003895
2644,24.70537372775874,13.319981145815031,17.968337850047536,14.433563983760575,15.019009098233427
2645,57.40685977506861,19.456503197092697,18.136780332682573,22.272137374909914,23.963933618818032
2646,43.04923073767878,16.029067326061373,19.3320675618083,18.326039000980256,18.027674429176237
2647,54.20169513590166,19.399382601160127,19.636085843948344,20.70046995911889,19.883144430325633
2648,26.637407288558517,12.84287498924236,13.010090223938741,12.355380993116482,13.619219045788807
2649,21.873740498494108,14.800123866188482,13.142560466844698,15.051706097992641,14.289613278139282
2650,43.81865495887737,18.79060162820967,15.279252234288307,14.08543067491983,16.45878099262011
2651,58.71589082383473,19.561942988188115,18.223665278925914,19.20424211442266,18.19814412450451
2652,43.50368658227684,18.3470102872329,18.430102621006824,24.551666767758757,19.447416239153007
2653,52.30634328852627,18.544656787427527,19.41481678272108,19.14142932394439,18.98569317932263
2654,45.91479091949909,14.75040769158615,19.00420739177868,18.534678143626028,22.207670664422732
2655,29.867566204667735,13.239329483053035,13.730469102894642,13.417512420420614,13.851125564483928
2656,26.625743414474996,13.209376207143082,14.938206598260326,15.137794773864686,15.847697221082175
2657,51.56047558829218,19.25157546929711,19.62345313789736,20.208619469385386,19.74857905509795
2658,23.257291907480433,13.448537003801073,11.379647405352642,11.889377646537342,11.85704111243611
2659,64.55710361497562,19.17849427107601,20.265128511622724,20.046156203099216,18.351416614409523
2660,23.541024465031292,13.052858811442306,14.653234376809516,12.219089769903608,13.537967761874409
2661,59.78035713129161,19.419078129152545,21.95685624303797,20.481534209630947,23.571157633322272
2662,37.8343855384755,15.858819817780873,15.168397470312978,15.7418922853019,19.974703201133295
2663,28.663183080710162,16.273277190896646,13.760191585517918,17.09925784431362,16.058299479747244
2664,36.61015688903958,20.110295799653958,20.575066792242346,18.921108318142483,16.561700078776727
2665,31.949780907590934,19.59577378940618,15.41073906513201,16.643546301901946,16.37467565425741
2666,39.17847138946844,16.647670620041442,18.383853698931446,15.541052281140223,16.585200236560134
2667,43.25042276773113,19.125529302214822,16.793425844930734,20.10256634070473,15.802708185981151
2668,41.28778927580018,15.787751766441149,16.334440523036992,17.268974484581342,19.443052616406156
2669,47.48308705033155,18.2832469856217,14.370146711013708,15.8525155531725,15.747877123651994
2670,55.7557877230859,19.99097626178134,20.56467747401306,20.450898401959787,18.563583474770144
2671,38.56341047291287,15.119783375266842,14.555886752233802,21.07351466808699,19.538351941190786
2672,56.45092748804018,20.140892010221116,18.100295201135797,18.540828103329428,17.36324348032949
2673,42.048488209621254,18.425473333786943,17.895590394798173,17.963655681785756,22.34209601071577
2674,56.40271925860648,23.288116366007745,19.950359427555874,18.80286413116536,17.233688778171505
2675,32.11224069993103,15.422205883989646,17.825811387732003,16.21681792465048,16.753901536487003
2676,44.075861061549496,16.52417604176734,20.26591792871127,18.382573558150963,18.41694905746513
2677,44.484469275961594,18.848242119088493,19.854238435969105,16.366631972794842,17.76415767795124
2678,51.139179821514304,20.243617909921515,19.795958752819754,23.547299465018003,18.02676257717296
2679,58.41067152290961,18.258902287821602,17.67927825661863,19.359983363167625,25.010755764169218
2680,46.93457643471193,15.936445615480658,15.65048758051281,18.576731503072587,20.23597415846823
2681,45.20850427385923,15.573711111950812,17.064161773937855,19.480123677532692,17.21603600681702
2682,25.120793969293036,16.86506518506341,14.175932616345433,18.45554094154071,16.90460666594857
2683,38.67042057104838,20.461738371968035,18.472452466438106,17.93186076811019,18.251257218902012
2684,29.99677467945423,16.70852581715378,14.124019473376135,17.502814941435446,17.70938908510705
2685,69.26336133463711,24.231907152006908,25.478573100416906,22.687542449272662,24.76417989249111
2686,51.45071961340803,21.70774874624865,21.950654078527588,21.70996855791208,18.535602079277936
2687,32.274679520418324,15.502962451323949,17.1479368951183,15.054678717322133,16.37278133084877
2688,52.076693767881856,21.32569975530847,20.687543023243695,22.153718678762377,19.601987757613507
2689,60.83375047858354,19.573140502105666,20.26469915525666,21.947736426628182,24.834111928684617
2690,57.410780902150336,19.064551652506218,20.443515738880265,23.089103740013996,18.51474305072568
2691,53.50476686900708,20.538284548459544,16.511606591751978,18.166939623023403,16.5095087884158
2692,29.6769471201003,15.506753469992432,13.897133164767293,15.57939629045842,17.735085339456614
2693,54.44071669827611,19.931437488783583,20.46998040918121,17.631805923391774,20.078459766667788
2694,41.443702147079655,12.832065243703994,15.51590319712984,17.77368947652208,19.529696787286646
2695,52.24356351365337,20.544365846070388,19.277872265800738,17.765570577038996,19.003770221310397
2696,45.382488070652954,16.515431238416095,18.85837096331733,16.727693235054716,18.685617354060874
2697,27.999489866140912,14.517020729608964,16.760087493331213,14.820670842785884,15.566183632395646
2698,30.678480703525686,12.9775046011065,14.36915585161664,17.618787218025183,15.424675505271289
2699,42.441609545288955,17.619398107403445,19.5753590662934,20.27838356122941,16.346737919338707
2700,36.58415573846454,13.54800440484939,15.505840698840087,16.855206719235138,14.72902478369912
2701,45.115049411025666,18.261239521127052,19.185953184202333,19.027693735080977,17.83604213760544
2702,35.34134462210235,16.65930560217429,17.0341192593512,17.04898314397381,15.02020411572263
2703,31.05470582258955,19.255360715195927,16.812104280972957,14.540260213647738,15.206974983669987
2704,41.025046801601064,16.61256690033032,18.20548980949972,16.253011747689214,18.08361646781925
2705,47.69734890827862,17.916105631844896,17.752383940874417,19.03549573922059,17.906562077655433
2706,61.86690822125354,20.979274661234353,20.629549947001806,21.100266832812103,19.45045690462954
2707,58.42039611384252,17.75282286493044,20.413160008567793,20.183104194527296,17.64044093735442
2708,55.94593537326546,21.40475962978225,21.487717402419477,19.17802014090332,18.724707960951797
2709,43.45820027168419,17.958037331111804,19.00550926297444,18.907276132285723,23.997483434446238
2710,39.07114582672185,14.203273338647984,18.67920133020758,18.638339045239643,20.07953266530069
2711,48.4014389508723,17.342772415218928,20.51978389180101,19.437714586270943,18.193488829458285
2712,45.49426999356349,20.65264718905874,15.059762406451352,15.712584114172305,16.14478371477381
2713,59.877437735642715,22.56869990980312,21.48360334367016,19.09227477280346,18.49489698416944
2714,37.64062601891076,17.99649514790399,17.903462063951668,15.870326991521985,17.06465710870621
2715,48.5856890211385,18.551667291446584,17.578003840503545,17.256010069715707,17.09888238199801
2716,36.46221030221755,16.643616190604618,14.55966641719411,16.953673555305226,17.09028862176301
2717,70.5430393201783,25.03594196000734,21.529486756339793,25.680105716496534,25.31713337712792
2718,50.54404435221066,22.121478699878626,17.619934253961553,21.77198198972673,20.835196170702964
2719,19.91960656446343,13.5727045951616,13.56660342363157,11.675667238489496,11.308643905405788
2720,58.594979936943695,21.169146927857874,22.870840786376235,19.654976139097872,19.0441361903836
2721,55.563247322873636,17.512239947335758,23.075490859200148,22.03978861888365,20.928159484635582
2722,50.77368216105238,19.098193076982078,20.11969285974742,19.900945812536253,19.05081022068534
2723,30.570371519264818,12.207367302964778,13.427091416727718,13.857516351955287,13.297500128632125
2724,58.71965341525621,23.43578767806743,17.70863703948176,19.930347291699203,23.22654149628198
2725,65.22680146021533,20.781590446898296,22.229257353645046,22.47829895799187,25.07681679028903
2726,57.203491900189306,23.784571594900783,21.833813004284206,19.68018272712311,18.96563064685919
2727,32.86567329887748,20.145104766452572,17.391336564885986,19.05840931905431,14.572371253212612
2728,50.43489741585325,16.212325497310204,19.697135144310206,21.623292289387013,21.842248642158523
2729,53.11944351657958,17.387893634075652,16.43451866106124,16.471051111047032,21.05077334135366
2730,55.28951369638035,19.352174165318846,20.86455075258224,19.253192659137085,22.375675484199782
2731,35.020475217106274,16.762936944976765,15.900880985840184,15.659924895763098,17.765338830521976
2732,46.36733932125221,18.160552837822774,18.72439185114129,17.75782655949298,16.501850452911768
2733,49.20622450131881,21.9730725117662,20.51200177289248,22.08959622377042,21.035328130266127
2734,49.13874422356382,19.996533835039923,20.609180180975468,16.73011349591621,19.16775822074554
2735,45.25140801535241,19.202639355912215,16.236488881995037,18.46575143231739,17.818547285054894
2736,38.96826314172854,13.239795047385439,15.13590452965123,16.639473329456795,13.930317441764773
2737,38.644645182519895,16.395348892391702,16.186048932495805,15.635908796715617,16.00289329986758
2738,25.790868633917114,14.71991698949573,13.900457419456746,11.687890167895702,19.12205584331035
2739,44.05941044048701,17.819143362023766,17.7794121100611,16.233435249868272,17.876717403815952
2740,28.05802521092812,13.730954226931361,14.364593748624184,16.732018738496947,13.061014684897849
2741,71.7196727113445,23.006649846916307,22.010237821597553,22.296382406558536,21.307243226530414
2742,56.3825563178455,21.106197169180867,19.718441675871293,18.586602125295023,19.047801899686036
2743,23.772783434848794,14.50173166758841,16.4155992494742,15.867331214514634,14.104036270451893
2744,41.5821275299302,18.20040712479084,15.475565664713145,20.548713177687482,18.251457086442514
2745,49.61413371774152,18.853053581043632,18.90220589396908,14.265807882168819,14.557750687756206
2746,58.052337741100565,21.400265935875584,22.502847047474194,19.541572884705907,19.939083959569047
2747,72.6758628218453,24.230914035956378,24.366555253665396,24.541079847480002,22.7972677913067
2748,25.721352498914573,17.028084233195216,17.71420023622661,16.82072536391396,14.497669404593934
2749,32.151701089700914,14.660949503939952,16.813549238272433,17.01172806551692,17.55198945025022
2750,45.044944718529464,19.6585448415544,17.113491569816617,20.291106370738746,18.267786297409682
2751,66.37393069501766,22.865047194978963,20.047747133480986,17.808489772173505,20.467064239946946
2752,51.18132338677409,18.462397133048793,22.62215016086428,18.286965147587914,16.2720742226812
2753,48.38520356022114,19.161440419469393,17.028174985543576,19.61307346137247,16.675810717148693
2754,44.73366417020705,18.233589709940144,17.090188874569368,13.921681932117643,19.014134333619786
2755,34.739421002695266,14.782304775702434,11.89125081939046,18.19185429100159,16.62291503100317
2756,62.83073291934126,22.132635077177206,21.05051506200131,18.67404205817091,23.215587202528372
2757,63.19523930181562,20.4193781346861,22.7298591409008,20.65877452669539,21.73636585979631
2758,32.56152607514613,14.737465273276658,15.793705727350904,15.309758729285257,14.2762769531305
2759,47.85856554836354,15.359663298607334,19.249234725875247,19.234397381874064,17.512963320288478
2760,65.22620295360862,22.850216814640905,19.356531847844742,27.13852219988316,26.447641372926434
2761,55.383669486158915,21.24608571138742,21.646273583312286,19.881760184413206,21.691446522969414
2762,25.441968160359146,13.947733471544693,14.08357388044985,12.370717261530668,11.141584380541659
2763,41.954540641603415,15.649985528380745,18.02094031057438,19.474338209472748,14.417159064381913
2764,40.06283548629668,16.061459418797494,14.308292919931082,15.522778626996287,16.743307890696904
2765,54.07483911259639,19.145739237590604,18.085788975552774,16.30169154501114,23.25679358229919
2766,41.8619699392508,17.469092323728738,15.450981010886386,21.341183433277763,20.689231325709663
2767,41.000746538335555,15.225530000018772,17.64119087334569,17.003625441720576,18.079270601183072
2768,34.51532101479778,18.916311695195695,16.403370976585233,16.785343020819536,18.169948109208484
2769,60.81217536582548,20.60682258449126,22.009000815401155,21.92527168445678,22.93227395719571
2770,49.34046793079427,20.017430644045856,19.642096054421042,18.363217221848327,19.83466408313121
2771,34.865371964594786,17.94311011123378,16.871852906871126,16.365990703824895,16.57015538874732
2772,46.31467648556949,17.731635815774407,15.676274278204179,18.65320185226527,17.6620820618156
2773,33.41255507804332,18.901890255156026,18.344849603879805,16.458223806848554,14.492202657003608
2774,50.11614539638589,20.40895806474089,20.373752555410725,19.804820776892296,19.326288284468223
2775,58.549196489758835,21.366885725864382,20.39483229660982,18.498862248826306,22.34324000554876
2776,40.12544836027401,15.83832150923072,17.935017990146793,19.817991705064337,20.374289443228957
2777,29.713859438107953,16.850267483036674,13.187151454977796,14.564618634422438,14.760039644171439
2778,69.66349477104265,24.148578005430775,22.284062517305337,25.910416254260998,22.29693890148687
2779,38.54844085321296,16.436412487217925,16.94976724379122,14.90608431545388,19.880005547055756
2780,51.52653393171684,16.936681088407383,19.7865660218008,22.323056567338863,21.955341887382
2781,25.299627529663155,12.387902097618525,13.674193494600877,14.58429478038149,16.442260499914767
2782,34.0801921921296,18.082061168940097,17.439632251118176,18.08480241037781,16.347553660558496
2783,31.83068304444524,17.027082899132434,15.092258802175666,16.455166011080355,18.417180060154102
2784,10.091053515070532,11.83482849511729,10.218813352101973,11.079664059349858,9.278830459979137
2785,56.23701607041164,18.06561651879213,20.453655590480114,18.763424920352648,20.225407717859312
2786,41.63869830146187,16.584272457661523,15.647760493716575,17.117784044107104,20.334592707270694
2787,55.39289245068871,19.928218598656787,20.87428595964662,19.535629907338382,20.118649667953353
2788,38.69019074388435,17.858703940937385,13.984634445048144,15.673790480203927,17.00671470477628
2789,41.27532906265524,18.60680053171231,20.003570512659465,16.001132896003547,17.866079197999312
2790,66.499857946703,21.34645987565036,19.847535337974975,17.79077599172732,17.9502811261093
2791,44.56650203076618,18.760410791747567,19.855418044530754,17.923738824354317,20.0094629037695
2792,19.961495020055835,12.54057510180076,11.825032298926022,15.85767538631108,14.351441342065757
2793,39.66179311210964,17.53888124053148,16.358119002747,20.52899367555893,18.60693276599431
2794,49.04755790265081,18.232265097827565,18.479107405019892,17.027450796351083,17.68261690557134
2795,72.4894263567196,23.598550052513183,21.388969268027303,23.083208796071222,23.234966855667086
2796,12.188798795781032,12.202285202301784,13.595800818202285,14.114115913979909,15.327863435666188
2797,64.17268051948814,23.610886377936374,24.33308919733786,25.51707486093853,25.35498514935568
2798,15.87622869161797,12.772510009577426,16.480954750276148,14.182971376616697,14.145052118410185
2799,59.497777273583644,23.75277713727285,17.766964781881004,18.920150960337747,18.17802318017589
2800,57.964780299829066,22.399271050292306,19.506593262143404,19.387139374638657,19.679618411205606
2801,33.21183107810751,16.48038205645547,14.357612668379002,12.123954501745539,16.27170152999594
2802,25.215873298218668,13.943613213419582,14.581306990564121,12.598735874205577,12.857424509758898
2803,38.61621945142401,18.115904522535327,17.917068128806903,16.97403120093043,16.700872429309392
2804,51.993214018511736,17.436979499533177,22.288290035900125,18.714301458767974,21.939100083008473
2805,52.4118484530158,18.300066040160143,19.13738425563264,21.444422377216178,21.86015839142772
2806,46.88715747887101,16.84818662369655,16.96844563383477,17.349593272587093,16.373468964926214
2807,46.832585763701765,16.736524449387737,18.375596275204053,22.073705198005182,18.775154651350938
2808,61.19946160632917,22.22015905652029,23.43939677806631,22.41622922835252,22.880272595080662
2809,26.379085759460803,14.025550882754459,13.087460536259062,15.61762676130154,12.647593773254595
2810,39.11531940464159,16.610324731891748,18.267749307541898,16.67338654759282,15.3032618789843
2811,43.122984593957305,16.52923175071739,21.347699182204014,19.056408911378412,19.295738504078553
2812,50.17242270194089,17.381303868985217,19.1716182735197,19.153891547347914,17.74453591693308
2813,55.06400954080358,18.67024376329104,23.317026645044322,19.488136137444503,21.755209842937084
2814,61.75901760126818,20.287766949660114,23.585897897923317,20.330403094647995,19.35476158796547
2815,56.408972744662655,22.13920444877605,19.01175332435393,18.865283722654656,21.050864099299215
2816,18.271659067106913,14.538749041970611,14.214198722741264,16.573218884429156,12.174704272877358
2817,85.96036629200803,29.09663525141282,23.528365045090435,27.314157256170613,24.672380751539368
2818,55.188082874430435,18.49581777349255,18.240250880481625,20.55344103042948,19.075133635026997
2819,36.773685175338585,17.822814708898242,15.536658704356643,16.178434128373027,18.536493567502422
2820,48.98848701928574,16.006762315309185,18.399482550981862,15.814324981567422,21.899945935039394
2821,59.84672615051755,20.429337798697677,21.943883200014618,19.828495916813324,18.206718953924906
2822,39.16090203416648,18.59693354811794,16.815344755223855,16.082167854467574,14.426992170390399
2823,59.17203040877469,20.668016652412952,22.25127757446648,24.949596016479425,23.229231415333057
2824,51.200924235922585,20.019898250894318,20.631168807169885,18.817256552309605,20.607881148779068
2825,34.19442250518508,16.27350778625368,16.915701208536355,16.4907669056812,17.23960971653644
2826,32.44451505773198,18.062047169640252,13.972115143851639,14.373740044404975,14.57390723906417
2827,49.74996025734004,16.54777727932401,21.715819737884342,18.710311038174964,22.58031227705093
2828,58.94337741106529,20.858279462129516,18.432976102986274,19.234301232716618,21.044291287003862
2829,45.3878264041524,16.33025496929305,17.287658190870317,17.40657923612562,20.695008213784057
2830,65.86554602915862,20.444813382243797,21.89603118464065,20.123263016954382,21.928017543644412
2831,34.356147675782864,13.103813783060104,13.930817668998156,17.104866811534983,15.354206025043805
2832,48.6446291511133,18.052358917058037,19.6960192057658,18.279657458845133,20.081780132719864
2833,57.58721287977385,20.205417005552068,22.18991363386659,19.456434313952197,20.792474233857593
2834,28.487059997682813,16.13203151833031,15.479520016321544,16.192567390581733,18.56959715826062
2835,57.21116550718003,21.409980064238702,18.561116689887463,22.187582201271827,18.386323429259473
2836,47.671576783240674,15.060300536888024,16.090506414630102,22.876739500409403,21.401526331199953
2837,27.51810430144253,13.64122343455679,16.410899727670465,14.755206330006276,19.031167957768215
2838,59.385163655304574,21.93107952696827,23.970657332071955,20.067856292264597,20.994479280280466
2839,63.03487113199733,20.349780078309433,21.418109484978586,18.691040906796836,22.24686202195594
2840,69.48183935048344,22.03304039423081,25.152682699934218,24.95333509145586,23.17550540779188
2841,72.57999668305304,22.566013453678934,23.31972595674069,23.00622451133546,20.016589519694676
2842,46.86139463811085,18.31679352306529,17.21183953052187,19.81219000853483,15.805805205945603
2843,46.85197132706533,18.514279075687618,22.901641660231906,18.759655058340037,21.355126685932365
2844,43.01531397597424,16.248526235357385,16.951249766438977,16.992528747723536,17.33944015103218
2845,53.82510798295802,19.018701427101377,19.83224531997356,19.622322320547834,19.270929210490213
2846,36.31633347035408,18.928858184316535,17.724478652723167,18.08894905380062,14.370020306186943
2847,47.23510033909061,18.77823865976711,19.001690273692304,17.378727355632236,20.268855846730244
2848,65.48476241228916,22.229164848767294,19.075073449779005,21.82527660058816,22.585331525464397
2849,70.00692139567435,22.534578540368596,20.588129787095426,24.30585942586492,21.425177789792546
2850,45.98638742006621,20.263233465451098,18.329936144944803,17.512317279693836,14.826512305300342
2851,49.17328854602674,19.248486943013397,17.095803016515866,19.729119926976875,19.991335489618447
2852,75.322887456441,24.911539485257727,23.319265892192295,23.778957475612938,24.822143400060213
2853,33.20997769237327,15.095844045569343,17.57601460707354,18.240257562057252,15.574396670233707
2854,62.508779561437514,20.22744200747072,18.82479086375759,18.139831266050376,21.02491678448326
2855,53.45759620382835,18.398812552055055,18.862472865562776,21.653978135158294,22.082141619456245
2856,61.54693601512777,20.981499812593945,22.68104386579819,23.41224631936775,24.462658094764
2857,48.1859716906772,17.853723893153866,16.56638787568253,16.002292674417216,15.843073473374575
2858,35.02308692355883,16.556283129858702,18.082234103029375,17.457335755938917,17.492061434184578
2859,54.88082207769821,20.166579673054382,20.267839515246056,17.424154601334163,18.181999961781813
2860,49.5186598853467,16.713522096969726,18.645356870686975,20.27516423247841,18.579536851145598
2861,33.08482110560308,15.42958029717387,17.34849766675948,16.488852018877772,14.071232221204951
2862,30.79915299543505,14.95222997971037,14.331357757617642,16.901240121802708,14.024165236214666
2863,64.04559678836607,21.35041699423406,20.335441443744028,19.03643417059153,22.414749867047554
2864,66.9559633903066,21.322928513570666,21.90352873572504,23.310139273264863,22.528289296423587
2865,58.975563739171996,19.011870968288264,21.686073599944674,23.807098545480674,19.46262501271333
2866,25.24415705194249,14.611273907796415,15.926879842940291,19.14537143161315,15.25387351543449
2867,44.33274806442618,16.500379677755028,17.890214146911212,17.880699564987193,15.598614675449983
2868,47.45015347314989,14.769962856330194,19.127229573191553,19.085919402208624,18.739114471977025
2869,46.078248286768016,18.874136045678583,15.865318357696603,16.782043406462506,15.437115307621962
2870,32.56794024251419,12.494985759588749,13.394807840132355,16.56987958578054,15.96899137787162
2871,50.15870917919734,17.87894608809505,20.648015537314965,21.10571534665817,20.341606636002933
2872,60.33554363380234,21.1948709100811,23.147998353640915,19.247100028097073,20.829079152637316
2873,57.041011192109394,21.143096938931166,20.550562514512286,22.40114352095427,23.165520212764605
2874,36.69369250068904,15.847663770486783,15.701931145963382,14.596868432487065,18.14081077195002
2875,71.95014524554516,26.809321286960653,22.507439664329816,23.38400824751393,18.32373116576627
2876,65.59629809461845,22.286098880818948,22.661347930537044,24.84698596958262,26.07927482680874
2877,60.89954167623901,21.582132127052585,22.92707375632568,19.39213383774179,22.991185184590677
2878,43.80406868028069,16.532193622162303,18.974656902219444,15.389150170590414,18.578161859133942
2879,38.142849383437806,13.095247768385034,16.852565634435337,14.64057900840403,14.970089809155791
2880,67.19705398424985,20.777575166387773,22.857532881862735,22.059929637904446,20.575730220954014
2881,55.48237154443305,18.534586809176318,16.084563060318736,18.896906984901676,20.5978572513874
2882,50.64744742787525,16.842172692642084,16.36101429129298,16.62810097932683,21.346424642209573
2883,56.097617197456884,21.64362178335445,19.36573201046939,21.59314280571258,18.744293581172062
2884,62.51725227436991,24.593215310586675,22.79579423126675,21.99193325421205,20.438913493174148
2885,35.9702129003905,14.834849269422515,13.46281167815051,16.95335725325429,17.458628303774173
2886,52.9641034086461,20.732739817023493,22.94250123197529,19.44686395592115,16.70399230340946
2887,44.69678284520724,22.234566816704387,17.454940038480096,17.711047877619823,19.176422364659903
2888,41.448190481914224,18.067048914982223,16.310275167326534,17.28045931898336,21.723468180061868
2889,70.78938710444417,21.67452278322356,19.599643315863045,23.967118326816646,21.661077859887477
2890,71.19486575224052,25.276300194542873,22.97543747704771,21.17680698242674,18.146637598881536
2891,55.83765098277037,17.470731545143465,21.421806996351204,22.746032095571735,20.455005390078664
2892,34.01562415225449,15.50643158899614,15.570325122597895,18.70396766533399,15.176856180554058
2893,41.45930557632197,18.675781389531053,16.975611894153502,16.32351194023702,16.93112145772293
2894,59.93729849065058,20.368833883460358,20.98836781484661,23.377076463239085,20.9920593138108
2895,52.81526891095262,18.483966612564167,20.081958695539683,14.793905971367087,16.99382791964581
2896,48.99922507651089,20.13057476214381,20.251368482135522,20.693855794174947,20.083463612280863
2897,43.10761844804327,18.849888835191344,18.00092592265314,19.364039741585145,16.80864485785213
2898,36.85386878419262,17.268144601812242,15.636942132730413,14.47815246404373,15.346720210461841
2899,51.21475121555443,20.837859998848163,21.00636609547062,23.579420377817016,22.28605963730835
2900,67.94660143428679,22.505480915752187,23.154736585729992,20.88660180558295,20.600089503154393
2901,68.37201514522839,21.70941005434387,23.05194841384534,20.025863275901543,21.76058244130218
2902,49.27612230883955,18.555680068550146,17.628158956164633,19.543055933165405,20.940266545210328
2903,63.261573179661525,23.914542881452398,23.632002741952505,21.970522867066457,22.1238156138992
2904,44.42120851295895,17.763973642399254,15.45792182340106,18.114111961892803,15.998444550651492
2905,52.88915403916289,17.802276503940682,20.233563057892855,20.00447863758616,22.774193629584886
2906,61.172900323057746,23.17466019088338,19.34094099296723,23.53942598862273,20.647264659311485
2907,42.777555992105555,16.12695965626925,20.70534282489532,17.928721005404075,17.855470169352287
2908,57.1582196283133,20.910908995913022,16.945719935470535,18.412263919962907,17.071987472486718
2909,56.4524438214079,19.578796052742995,20.38754070564357,18.02059088252795,19.462823198049524
2910,25.970748069751064,15.686269916079642,16.666621607466002,17.332574757994614,15.40264018506926
2911,52.010676741838445,19.886165951976643,19.47823278609595,18.76410580348437,17.803344245672875
2912,33.96387545737197,19.39205621345294,20.125435034042205,15.862223408032891,18.714186321090455
2913,8.698242089319331,12.990532384316383,11.438516179786332,9.808677264767736,12.48588573748871
2914,56.06737878390319,21.10539585688986,21.40908126305777,21.64165984729186,20.471616766184884
2915,68.17770686050386,20.8672945478936,19.70146563457392,24.498259151423234,21.515066315634748
2916,36.73614105013526,18.04956072010499,15.843026061391562,19.024324306564292,20.212429047224145
2917,38.18833521896211,18.725507590964018,14.111239704535377,13.86227193645605,15.085788089503064
2918,50.47947072023216,19.84864233974302,23.451813162443393,18.089737504428538,18.62414732107451
2919,64.50747043600933,22.40131016055731,20.380565960965836,20.095023037634924,18.463562697689042
2920,63.7023447880986,20.38140523337986,20.983372752462856,19.232287684860083,23.288064135325396
2921,42.29611116757343,17.0767831527003,16.807998918768927,19.288912816184673,20.256023962064475
2922,22.866079372990388,13.415668778225623,8.90799372520377,9.164549899013759,12.609936325273011
2923,60.93662480888654,22.584418031768873,20.742571438254195,19.609789882155397,19.451715538626146
2924,44.39405083380479,20.5327625299825,19.403939581665902,18.70163010821716,16.823192066008986
2925,41.481090025310905,15.694969972617638,16.42128628627568,19.18792750632601,19.87401133918806
2926,33.46190535691073,16.70799027362999,14.316325282524911,17.85883325044894,15.872381566945664
2927,22.48191451064603,16.45243304480746,15.097908621352513,13.70557185094951,11.866297859672299
2928,35.422656632866136,17.66431570208123,18.09001756156738,13.19323612791714,14.48886940787836
2929,48.08397880027711,17.48395948317987,18.847017795379408,18.63673324017576,16.484220041592323
2930,58.779967979167324,17.897227053103176,18.45562508481202,20.986841562668083,18.667944878783683
2931,43.681852429032304,18.240036911702997,16.34210348345434,19.214980934179515,15.913432809407707
2932,67.61993601929478,24.350223203757196,26.90122559811963,24.487372327986613,22.861673875573146
2933,57.09754197647946,20.40253942079038,20.085937237042526,21.526595057430566,21.070717196604612
2934,25.912658082441066,16.826568262465646,16.85581692250195,15.331749191507559,13.613813916429736
2935,45.35950702604895,18.74542851338331,18.59500429441003,20.39350101213208,20.42131334150979
2936,48.19288820125105,16.564593721473777,18.783331768204036,17.117524315784237,18.273536066419187
2937,52.525698424380764,21.688246955901782,21.141397223534028,21.683359574356338,18.45943167139727
2938,20.341389676562052,12.907391458742742,16.828687626131742,12.08119548416847,15.74067422364439
2939,36.38775687293624,16.23567810386625,15.242233054033385,18.056738105300543,13.098373601064178
2940,30.658069840184453,15.88559587956861,15.34984024203447,16.965665456037748,14.18568033014799
2941,54.296256938274546,19.396758961953374,19.476291739267158,20.66153581546788,15.064455318057684
2942,71.3489808435219,27.150605727132145,26.13389866324966,25.86419683611295,23.42979844728434
2943,35.94998172641041,18.236285183193502,16.153361121349462,17.748637983655133,14.384489257761338
2944,80.66305847157354,25.147977135968443,26.281302413672037,25.171422823091397,23.56111294341262
2945,67.47183930043532,20.49468177997434,22.48689052245246,21.114914585515475,21.635289149279146
2946,39.877005087038405,13.618360933484325,17.130353710827585,19.048992692406447,17.1621919524923
2947,70.77154320869421,26.711650696246537,23.654199879239453,22.944497519606628,22.469637840638743
2948,34.24275672372371,14.956381263440587,15.346515163451455,17.693139898439963,12.584816979095635
2949,54.00118836149932,17.78098163107852,17.75673326894541,20.40107039866668,21.526779486939976
2950,26.68172282826278,13.882061966568862,14.644208247178268,13.521286412494725,14.435886954312654
2951,81.46085099857773,26.773663249974728,25.494191324550712,25.282162437769014,23.683765806294918
2952,40.30382196522868,20.598328486822187,19.0034530732418,20.796667711638804,20.084302007268292
2953,39.323590285558986,13.441311690706382,17.68412309021793,15.561377101181149,17.649346125729753
2954,48.283053044395075,17.8280504160156,17.791012187077293,18.06025011978736,19.517125913788238
2955,57.16778426907692,20.660680167529357,21.321999109844356,21.42935894469213,19.56102905139597
2956,24.499785292340242,14.908611442792528,14.44754625940712,13.640827365376545,13.779535208961512
2957,64.96036114937283,20.82497047604432,20.315188504922716,24.591674806716206,21.599822467679147
2958,44.053275785939064,16.755774198457267,19.100759335790695,16.570372970682662,18.59041146572185
2959,33.14403252666798,16.19425333610223,16.193879913555012,14.28634452450825,17.618705862152
2960,56.8293750793857,24.453295524678346,21.089555176906636,24.06547405698337,19.837965729018048
2961,52.99057472534735,20.937521909838082,18.781659531343248,19.111498723397798,20.36669528015433
2962,30.996647666214944,18.54704734750417,15.801494316849219,16.01445997365442,16.164532294552604
2963,60.09436649318424,20.540184895733063,18.964460767272538,20.946803864888356,19.44134594232175
2964,43.725953126884214,16.857978895071184,20.69948227976687,16.670636054301244,13.213173246436808
2965,75.23569438388952,21.872642544978426,22.470304473416153,24.68737446474591,20.9399252250428
2966,72.66884972025633,25.058823142666235,24.45136381466498,25.040660303547362,22.019593350538276
2967,26.471872860320694,17.954026080015936,14.970479185988006,14.529634823603773,15.300220680164982
2968,43.51500104761756,17.364279108644027,17.141023933615152,18.403672653232395,17.865666742859336
2969,18.34582487059176,11.823310709860886,12.573471541553987,11.579236516158021,11.224959008260978
2970,48.29613676572957,18.409138241533782,18.20284488159367,19.85316211766374,15.632664849193656
2971,40.81878083278958,16.07781734556865,16.655903624484633,17.38782109527197,19.28524170691926
2972,28.793746392223134,15.857899643688087,13.902108627182663,17.875167259922144,15.231656041199285
2973,33.7278640273911,13.30435995308977,13.966972563796551,14.785877509862482,15.662211653408024
2974,38.19690760439857,16.483158087657795,16.462851552931625,14.856853019729455,16.30102668542973
2975,40.73043406368573,17.785345753920662,14.649315925123451,15.778217311147467,16.66563958059025
2976,67.75147933137201,21.833002285014693,21.2407419529995,21.92770739302988,24.992985519222636
2977,23.753343038497157,13.628915461802473,15.587464406262027,13.219362798651495,18.632665457617467
2978,60.007412424057804,21.755659744334213,21.56427225413116,19.019228409128427,19.849717362713264
2979,33.051496583098206,15.251627799970786,16.029610945732657,13.860178601602565,18.580838128338872
2980,55.91783709983389,19.385686594481214,19.587761223750082,19.08491322254441,21.985884982710232
2981,16.559660427690627,12.285165662341878,12.997729300994626,12.096449387021508,14.02097578013268
2982,53.78316030419577,16.697798300402816,20.952899506433944,20.35862097803747,19.402546874453765
2983,58.53557862224024,18.162895205482172,20.795073961476156,18.92580698008647,21.763075678411823
2984,42.11137231357133,16.495281838745843,15.277559980528457,16.523497507386196,22.093268252754562
2985,57.543000567944325,23.461187542375196,19.57401501896591,18.59243967893727,19.515401842468172
2986,61.386623980524945,18.230126241335505,22.48236895332994,20.206446609482576,22.655317099136386
2987,18.933882260166612,11.075730202243575,12.364911535429492,12.346205628026308,14.549248634117477
2988,42.45680148594321,18.21042608469563,16.552599563292315,17.082125524389866,20.630215795056262
2989,55.906876435680054,16.64996987562837,21.61954647307267,18.722981730110817,20.10567992364489
2990,57.51739102915829,20.337904317489695,21.67245739336285,20.511469745360525,24.67702911507205
2991,40.11320282230859,19.227538409045046,17.19800921279485,17.89636296397974,17.151228516927077
2992,47.668279298526656,15.7913346027515,18.99701077708362,17.531361629971236,22.338497156732082
2993,57.273969102037604,20.745712188556716,19.317032035179235,19.933871436843354,21.520402501046018
2994,53.4177541685489,16.557928217793183,19.787162162233283,17.66609102939694,19.787610685669957
2995,48.417629751577394,21.900643075989095,20.31281116038791,16.255096780643782,18.239353961013293
2996,59.57559456472414,19.428208854056233,22.20904773561645,23.048496229862682,24.659481761904615
2997,49.556644393800966,20.761465393101773,19.19092231498308,20.159402919338408,18.25259368928566
2998,21.83345769788222,14.75967131715335,13.517755711168343,15.660817186506446,14.096426679790804
2999,52.81883046278774,21.36815072945054,19.110546781450275,19.620404314719227,17.776718445770236
3000,50.46031489004709,20.73158628403773,18.11260039077754,17.050078853373897,19.934158004105917
3001,56.40897922643291,21.529644486566944,17.459561683086527,18.355968485215296,20.923317002459427
3002,44.282494596378974,18.372183373673835,19.70694726554743,17.198841463453356,16.433932308253596
3003,45.05478177454047,20.853218999506797,18.587644187884507,15.078057961810995,17.49689333431561
3004,64.92486390897176,22.25479229193583,21.400921056595227,20.12474890790033,19.996571428022897
3005,34.8999574723091,17.531195498175315,15.811824532568558,19.639920948087624,19.336221020387057
3006,54.7544609293189,17.072604725776998,17.448031850773205,14.04123882921374,16.70167796251843
3007,28.586990301897057,13.213400883912744,12.208010872245014,12.207607866414449,17.380834023814483
3008,61.723078273494856,24.122922254866733,20.66338943935162,19.349509731402517,22.840197119278987
3009,54.094022096755864,22.164068746295968,19.63020918237835,18.78043985278509,18.514649776322823
3010,20.09125477435944,11.891251706806798,13.624414339979703,16.407450321983042,15.722756485241147
3011,16.104453083483595,15.754375962773567,16.12843048805997,15.74367331508488,15.475512669051056
3012,44.019886590551636,19.47420775322096,16.394927044532203,19.658423370151123,18.826615590735557
3013,38.85391151649566,14.637135820025534,12.747085525838552,15.34665574752135,16.338885900354683
3014,59.062782534089955,17.949063854283942,21.92621543598103,21.125059197024598,23.831325564540624
3015,65.77651024889721,23.04133344228811,19.080566401449612,19.026270766170317,22.167375295242596
3016,26.821891519983275,15.09003941502832,13.673674899301934,14.377030925854067,15.95378756797931
3017,72.4554650949431,21.65777193193441,21.103823344818935,23.902686838349762,23.19189302734292
3018,21.63314127963836,13.238039333253402,14.383747786078768,14.225948862359328,15.537812317067534
3019,47.33080793587435,15.255387955432447,17.466924037780235,19.092596779020937,20.74522967248933
3020,46.18698493188074,18.488864510560138,22.47316800689741,17.287081416845062,15.271227211165948
3021,62.63298148352076,22.16547192935999,20.685260371182704,17.70460776987712,20.208843751520217
3022,50.7560417669353,21.55986245393236,20.632239104565798,20.054531955916374,16.718146366651105
3023,40.35252332608225,16.274188429355373,18.72713722669837,16.370423043284536,15.365489331848208
3024,69.30841218514128,24.643196125908652,22.66077348646147,21.745938086287047,23.427523607011157
3025,37.625418657978685,17.215410320884214,17.11895031298022,15.114079785437685,16.775839036563692
3026,25.17052842764091,15.037059156364995,14.862339227539898,15.748004487807673,12.145922367935974
3027,45.782068771254856,17.51430026750396,16.608993193468198,16.233429462509402,17.425030837819673
3028,72.86158193112026,23.240652028547668,22.241208488410066,23.39905377283927,23.817051578747407
3029,62.72526789502728,26.87568850148881,22.386856431599814,19.857497847183794,18.411684433193177
3030,44.93920661321912,16.309687658256625,18.007722564494962,17.48442597364048,17.21568157717471
3031,46.45933848277954,18.030970955856205,19.329397012444765,17.969389513808125,20.112089258565696
3032,50.93956966076784,18.286566303861733,21.20557138864797,19.16768926658746,15.990898758329108
3033,54.53341995370222,22.705452983632732,20.778042253473355,22.119943100725198,19.806445942948606
3034,63.80397070427249,22.211025259282156,21.397649709584787,23.078783874700964,23.20899328230787
3035,55.25501194940961,18.975069236285425,18.485634151772242,20.671486046716595,18.739035262915685
3036,20.982454641196178,12.728447820664295,11.177585777167266,11.57108675556573,13.736141026047791
3037,13.977079310570199,14.891506838179382,12.70801544537553,10.280901368668314,12.530791648655693
3038,36.68653012436457,17.823302604891474,18.102763481095398,15.401480174018712,16.979461402183006
3039,71.03156889688792,22.858175787443983,23.64007010786558,26.045544376107692,23.064725595601974
3040,36.73654919156961,18.106740061479492,18.590220682001444,17.42245597174515,18.721037194550423
3041,48.988755516917124,18.480937929159285,21.581197624839753,16.82412947891033,16.417422417136372
3042,40.472683382685794,19.084527139386807,19.128515391175366,17.278374344645975,19.63545533624295
3043,44.43058262148419,19.200413939315695,18.86196310303179,17.26012707713146,19.657564420870955
3044,22.972580311863585,11.535237572371454,11.007568754876528,11.480105491317211,12.532040339399366
3045,42.74847149631648,19.356585641103432,19.656354749990026,17.774389826347708,21.247949894395827
3046,45.44678129903468,18.629161020581442,21.861820996521466,19.05349063438144,22.07211347296786
3047,36.93385554329339,17.025052643879622,15.810020257298678,16.894059609616978,17.129138127132272
3048,53.06122531360716,19.014736160903926,20.48254705014456,17.47500742153085,20.402449547162654
3049,55.14966080579201,18.57323196867839,20.901069508736718,19.703603865320076,22.650305109341176
3050,37.09353667869026,17.798109444041277,13.551342447950374,14.080687499473534,17.158571939739442
3051,87.24143655158306,24.261599219942333,26.292630681327427,25.743803712417836,24.3757020826421
3052,48.02387338626871,20.43057541930975,16.26780321025697,22.676269069221096,23.29407027511101
3053,46.66050019662979,18.39337828072717,18.54519821575464,20.464514218965686,18.466190945277432
3054,63.97816699133949,17.776787276020926,23.691216924113753,23.704732905447052,21.719562773756238
3055,33.993928366553575,17.49044515781079,16.207432727950696,14.879491489940104,16.34113990370276
3056,56.056380916386274,18.656313176864806,22.29298990561955,18.01823510597746,17.900289253446225
3057,31.665456387707085,12.625853018213983,13.405850730624229,18.623860854184027,16.261855979420467
3058,65.52599742496932,21.015389133959623,21.527746294270823,19.889182286188735,20.486671971188912
3059,61.2261282663051,23.233688532779617,24.00686705442041,21.703611476855528,22.369227471534014
3060,37.251170465100444,15.843300803673136,17.21143074439078,16.922439134593034,15.505694590889865
3061,36.95214632837877,18.365678063732776,18.920196142721927,18.36732311167244,20.509479430776256
3062,69.09274402473432,23.024223576453014,20.820902160492857,24.826026332747404,24.46557694825043
3063,32.98438326981589,14.00737897989997,13.89120563539284,15.018299223671617,18.11948659596729
3064,44.09817287241686,17.83417619166194,19.288953665563483,19.466708167729962,19.23436136046657
3065,72.57407905325027,21.30338878940926,22.823000641281645,23.10057441018404,22.488456401556356
3066,43.520001285721435,16.756311862407994,16.46067910085246,17.892161623139977,14.667540137517564
3067,22.51450040937108,13.182268033872838,11.262324055536068,14.482537507639915,12.845782111619961
3068,47.97958241922595,20.30793246355364,20.77157857127832,23.798717753388985,19.678576349297934
3069,72.49583117068457,24.132295636500405,25.234262075311808,21.47844073657772,26.44794633153849
3070,54.126368915848936,20.38729671209451,16.422507331056888,17.460085581285774,13.549865126521755
3071,31.99583429015263,15.581872026584536,16.004500735080924,17.24534631426884,20.483922042411656
3072,50.29524898930078,17.834137392287857,17.72145812264606,21.594641151854656,19.84522300670607
3073,62.44861454368365,20.864597732862407,23.444420493972853,21.119732129903802,20.905245998919217
3074,56.676612006412505,19.394304513721462,23.741163118215578,21.899075973410135,21.672902817286477
3075,33.85218051133068,16.358197537699542,19.823169644276334,19.589900105594506,18.5989701412654
3076,39.79301529941853,17.71290089643541,18.05387590120644,14.733888675434347,18.05965675214338
3077,45.54778223388719,22.76019777176282,18.711828085208047,17.73592919615428,16.636114557812746
3078,69.04165988519793,22.129524966161128,24.711360044553743,22.40423267372903,21.260660847946788
3079,34.86866967946127,15.949070592246269,12.560573248329515,16.08671278506544,15.555955931773287
3080,49.641548744044044,19.387086154934856,17.456561564729697,18.746331036378212,16.935324071503427
3081,63.52024158612535,20.843382417553887,21.491309389668043,24.046279651134693,21.845050193359132
3082,52.5477310345835,21.518501455142225,18.965516615904402,20.500743956999933,21.482678916633944
3083,65.2519827681627,19.94184876967117,20.743397018081065,21.532378693783144,18.638983293375198
3084,62.36160920677567,20.924218483905648,22.96244732934208,20.009212039288492,22.4180315083292
3085,42.18053164442344,16.988311254978388,19.7980177586971,21.401731232237267,17.4978523840454
3086,59.57102266558994,22.090047817533595,22.12085244269155,21.73792509234312,23.032384840512666
3087,48.85478631217578,22.11981661852434,22.541285889352512,18.27094131554246,21.21665569934737
3088,16.56123035843496,12.45611254920428,12.038282855208765,17.37175652927376,13.842857941274204
3089,72.89466028588144,20.98262513752348,23.078273492843092,22.166495805959805,23.76965948741702
3090,48.017979151503596,16.75085366315042,18.249276901984217,20.28272262772936,17.76666137735352
3091,53.5540573807061,16.290737352791375,18.358452037414523,17.810053824672988,21.940698716066795
3092,36.808393317186436,18.66972346744645,18.013319358266344,18.31410760345913,19.47644666725116
3093,21.63417591430676,13.475132343798089,12.683945233217766,13.430984820960669,12.778984993618195
3094,43.93523831449528,16.771210393085088,20.304252485505266,18.636363400102415,15.221714750556957
3095,33.09405306846751,15.498097010892813,17.487514607277014,16.72692110165148,15.995944535080604
3096,58.95547802864679,21.505512612834075,21.97164026095331,18.446533812520276,19.52464288995761
3097,45.80561045753965,15.633510034576648,18.70412870830142,16.986420000551263,17.986728688252942
3098,28.15211687534751,16.367123848672914,15.620261127435235,13.454246150104527,14.905321683529657
3099,44.01751411245447,19.13456923187615,17.100466387585726,16.17016306580355,16.855602757367514
3100,37.46930755491826,17.077632018008796,16.888929660983397,17.039159252396143,14.097715560796301
3101,44.01397458667283,18.418589002118217,18.115752385925795,16.714635699317064,17.097892273158777
3102,38.018420366954466,18.796816380135535,16.87914667182991,16.350602657382748,13.15293590579241
3103,47.289672411762055,15.60939279118846,17.423508032667144,19.354061361522255,14.931158069305221
3104,50.5277999006683,20.17444478007244,21.35429748424595,17.151799860424255,19.379586484562918
3105,51.082685087984956,18.73755594505671,18.22806893213209,19.11026115362063,16.510875854964862
3106,38.787217717763376,17.865486225088667,19.007282135607138,17.492210957872384,19.99496076995056
3107,43.054589932876866,18.571757379282715,16.289501234821106,17.473100750092286,14.658213544151547
3108,60.11403826045976,19.676512963347403,18.692959091080766,20.025348467797635,21.923362461527454
3109,62.400456616784105,20.95354722676371,19.104630900793175,20.176548456683193,23.23173943784121
3110,20.964816323472576,13.621073698208265,12.336275922425436,15.772411291782127,14.375309354703871
3111,44.05918301570234,18.494818775825532,14.036550917009343,17.6695526811959,18.537377706090826
3112,52.97285098113499,17.73571069134782,19.471893829577635,17.70326925885946,19.64241007653934
3113,44.238162125612995,18.192156102476567,18.825418359281993,19.21493866232849,19.864685493685744
3114,39.11192504098878,17.19710932515038,15.035761090258188,17.30532947812845,17.55056518586347
3115,67.02398160276135,24.10045822899938,22.458264532607537,23.168678907252545,19.22508864263346
3116,37.529281757674084,16.600254034164934,17.683366994392472,16.863811748268308,12.61009004767826
3117,54.25513533191661,19.8158572745926,21.578998865971645,19.153185968544168,21.166025411523076
3118,43.19281039294655,20.70521987093649,17.92644078579948,21.438498052565713,18.65267651279543
3119,41.196159205414965,13.73541322132916,16.83538924970822,19.114451045532007,15.969869164949948
3120,64.059031033108,20.6496606743766,21.85448653894547,20.784083996234656,20.701024485559344
3121,36.5461336174208,16.76814395887525,19.447027398563268,18.984884772982365,16.438326851593796
3122,67.70200483345631,21.432908724275656,20.812622648123593,20.0533803044932,22.54352232432148
3123,52.0529785316935,19.695031485106373,16.27173376969292,18.872152323180956,19.912890171259146
3124,20.336546815286958,17.016708933224187,11.388589306232584,15.025944185418723,17.099114415786552
3125,32.83612958348313,17.796871675812383,18.46199273239191,18.242989596748878,16.28801964189206
3126,65.60937704662066,21.456415211827636,21.49406109818188,22.821426202708327,23.736141745286428
3127,62.05646834183363,22.239876096623085,20.937016157311675,21.090512647615796,23.51513655948623
3128,31.380330641584152,14.897262401575443,16.591584079429097,15.985709297359087,15.028149729519484
3129,47.077494771602275,15.736760955741508,20.09728931208649,19.212534240040174,13.834322859923894
3130,36.88699325511161,14.81252959166135,16.199607768981753,14.248518054358778,15.638667880458383
3131,47.453316365844145,18.45195542395313,16.299828867205814,18.71909466286246,16.962949308483644
3132,54.64651665852096,20.347373044594647,20.67115657896015,19.119486260666967,19.686892386455707
3133,26.87810531142337,12.94873778783972,13.492352745604514,14.423971881518614,17.33166933719723
3134,33.36831281833396,16.266573986914644,15.94656734636486,15.311217880069721,14.236405089918321
3135,48.21846113686196,18.812280203160807,18.229326159384357,20.16217488486006,19.447800444038652
3136,34.55392963744996,16.76359435701894,18.577227262126733,16.900683932270926,16.080732799757847
3137,27.71158731828632,15.350611662649225,14.228867208682859,13.783870212091893,10.982136155856391
3138,39.67991763880035,17.043104658742887,20.986111977706887,19.253424503350207,22.901447214916647
3139,40.40488903071047,21.720761378926905,19.216323319294478,20.334829837133032,15.13511685490581
3140,56.45027696546801,18.1623856854733,17.9284471208678,20.36227229633857,19.22725285401966
3141,59.95517107840735,21.505089589773124,19.238470535145517,22.844533799131963,19.90987852432261
3142,51.07464159269479,19.84228618328946,19.678098255238158,19.83153740695644,22.72642312508601
3143,43.43460255075955,17.972367014193598,20.5993199548594,19.01490885224999,13.932055580863015
3144,60.78472563505327,20.747494213277957,21.10630185680402,24.654140787673715,21.397837378814653
3145,62.30871689455507,25.09213142096132,21.321370933274594,18.26594070242715,20.889440515542233
3146,38.4488828026274,17.739072858184564,21.156398891302818,14.612691969860702,14.007462852190862
3147,37.728730511287736,16.818669589593995,15.831798627993017,17.976712250508463,18.60872849180366
3148,41.39918798137977,20.540650605256094,18.457764592672586,17.422189518060794,20.730106156108526
3149,49.3773990938813,21.547792599465843,22.03143764296429,19.113135971559174,17.872092024882036
3150,47.1204640347218,16.39431911473095,17.150062207426316,18.026010910887532,16.505435815964194
3151,78.70551349045247,24.62782682911779,24.849777446026827,24.22147307548003,27.401257009928457
3152,51.02437641095715,18.5532713211084,19.74103034580863,22.496677379634942,20.648571710592798
3153,49.71718510229493,18.664404575802685,17.32523886623398,21.211472723155904,17.040302875241025
3154,46.706963477308264,18.62013522960435,20.268970346696378,17.529361053950467,19.137077604788256
3155,55.21272912845249,19.175218888936453,21.491095266092373,17.593282630455633,17.637433056415677
3156,43.20474282928334,19.27624961786207,18.597275097580578,20.54662662613602,18.51839072716925
3157,60.43297464902474,19.25327134455405,19.59029434258727,20.9840984908334,25.63340108774074
3158,63.39612193076729,23.118413303150238,19.651709512841453,19.240472703849928,20.443735211778474
3159,36.6924174396834,14.231553170132727,15.709594536081314,15.319473253699119,18.264421374651565
3160,45.54588203458425,16.48862546227397,18.699256731024118,20.25577320377413,19.932380550312974
3161,36.568200841938506,18.39886926728247,16.94532448416693,14.812478365259679,15.231891366316988
3162,57.45100471073842,19.312698654711834,19.2239970859736,16.301862157420928,18.149377920293027
3163,27.912073573552348,16.20324442069596,15.29619099286737,16.34990409321152,17.727142348753382
3164,21.44651005132006,14.40482789661398,12.057876818570875,12.622290251854505,16.00149326555062
3165,70.94700020407605,23.55514984115131,22.435401025676242,23.42451918822297,21.88661611098582
3166,38.57761003101531,13.914812149234809,16.344380798432677,18.687350484724835,17.308424405579125
3167,27.31170939741898,12.969507818830733,13.244063671178775,12.83660367290622,13.857909591876192
3168,51.86308755559538,19.959197045411244,20.398642438928785,19.52926693293,15.891377784842636
3169,69.50835796232019,22.259253132725906,21.977059030882927,22.39385726516147,22.449986138105622
3170,35.96244729206456,16.588405070578172,15.60057960153262,18.443640906537382,16.42649819051659
3171,61.65178759542873,21.624296510244776,21.43318366602135,21.93033928043463,22.919661013452906
3172,37.780271487970175,15.07383713894671,16.558386361545722,16.381767162978687,17.428106127550613
3173,58.350321834410934,20.139330948101055,22.04229667239317,19.748405698554635,22.62504100566524
3174,54.23560485489393,19.259268035462846,20.13489969216845,19.603040177795396,19.39149297544317
3175,32.64584871426535,17.249272503989577,16.55278787323174,15.086552624705762,15.983689166477095
3176,42.91840330564799,18.54555507107451,21.216208960741827,18.840071417521525,14.17930536605794
3177,26.572159867251322,13.471618992245379,14.990320091613427,17.503848244858105,15.899188779811126
3178,51.121238322017305,18.780722298362384,20.16091506763868,16.594364655529674,17.954855185599502
3179,29.601796400944995,14.771685508391542,16.508865174561883,17.484709221897045,12.910801051575126
3180,59.12384254058944,19.885957792352194,21.767336334179408,19.692320926244662,20.29512614486176
3181,53.0901312457107,18.033661714417057,19.51489395352059,19.647902171489225,19.771621738713815
3182,44.104245054855504,20.67020102144449,20.988258094470133,23.29648894354697,22.78745224923839
3183,54.82761740832959,18.49415172517157,16.99960780833323,18.83759500255573,18.659113392836865
3184,56.508886004655125,20.08399475098814,18.972753074956938,21.420968021470323,16.66155119528649
3185,28.619419356902366,14.369374591681424,13.571652738912467,19.668204605017348,14.722473021496164
3186,46.06876822229182,17.697493991017126,17.370695807907,17.894868013217824,17.674355584115762
3187,37.88224091688443,17.51994005375787,14.561101404278103,14.436155997665024,18.45700659308589
3188,39.08452595523444,19.275528069031015,17.08513518683507,16.70285249442851,18.032440730142905
3189,50.592626977040766,19.525455918465234,17.548880753555366,17.645313144671086,18.607312010213626
3190,43.76329547296961,17.897568287934316,17.014826759198503,18.720841533682307,16.81061155876644
3191,36.17848688930446,15.84057878894104,17.313960925009987,16.702564476753846,15.37914459084627
3192,42.06148315618321,17.93824045536994,18.576292081291395,17.63906777995048,19.902516501161596
3193,47.5434255208342,19.758874309480454,20.782556065185926,19.54524852708695,17.97704904509786
3194,67.27278355813773,20.373694243807286,22.33539274724759,22.232003023855004,21.109368504120134
3195,49.611218054366226,19.499740746326353,17.736025317184684,18.903382799757566,18.52685037605149
3196,20.946703313661438,13.11386371203588,10.423939184221165,7.845853499371225,9.925970398533948
3197,41.58230292840845,19.674993368924184,16.04124938166581,20.20994696382091,21.464664190715094
3198,41.69842417384946,19.5933290807541,16.845507365759893,17.009877267093234,16.48171989540589
3199,44.536691721087415,17.340145655233453,18.556921366414695,16.23708727431533,14.792747893778872
3200,78.0293678638223,25.553178360369422,19.835652875809245,22.52771151616696,24.548952412058846
3201,58.583228769443494,19.236031672454438,18.973591134974285,19.484826885147715,22.225742411143134
3202,66.52173975502886,19.655889382924684,23.717953397801356,23.562888594781857,19.156333208787608
3203,62.61187216155667,18.827696952840473,21.208073569596053,20.63729730497981,19.67718507834151
3204,46.887575854709155,18.142790152699845,17.248952011705178,17.210581843351594,20.311002782347533
3205,58.838318491955896,19.330179250429346,19.754288964043667,18.326087449863554,19.025951902721914
3206,30.054725234651986,13.432421983800412,16.783429298942973,15.350666849654232,16.98831404649256
3207,23.941574557052288,18.172041003972552,17.381025274706705,13.778374418084496,14.638986635898778
3208,38.26119784651266,16.005316393267275,15.55895759684332,17.30554636890285,16.052011967926504
3209,41.4805591074018,14.228688601769761,18.446344913585783,15.33108290919003,19.720240768430944
3210,31.20420723621934,15.115454920665982,11.339519717870166,15.203625325783044,15.810734768943849
3211,59.2052301812773,21.081084211840107,18.069867029481795,19.95727879038411,20.666091654209197
3212,50.96664679004667,20.828897693608678,19.468157758883738,20.909142352689813,20.58425064387264
3213,40.33828691241127,18.63923498757144,16.630212606531988,16.720716008172182,17.553210460455112
3214,52.099953157521824,17.220149384508286,17.99493601730622,16.71104770901948,17.857417261363654
3215,56.223104158183325,19.494389483973777,20.893068954873414,21.602176421556447,18.8742834219328
3216,27.84427532960492,14.938776594710564,17.602395160074682,14.016223660459808,16.4118251362368
3217,46.43319765311155,15.204684222944412,16.270994410835197,18.543188972125044,17.353952294643786
3218,39.59008997079493,16.568459596981956,16.09593761156092,19.595321215750342,19.20327667077306
3219,44.83404163557373,19.128375937987077,18.17705106818765,15.307153601380419,14.384062199161372
3220,55.76367032301614,21.21918928592099,22.02398732206139,21.021329410794003,22.696647426560837
3221,42.087615765523076,19.00079904064285,17.190390520085582,22.00842102474148,16.407078619636692
3222,17.738628088412874,14.216668636063524,13.448291073880597,13.333020291974323,10.672599129762297
3223,47.73805230286974,17.899425574283214,20.620161380216942,17.50525677057145,19.64255934689911
3224,46.09437668467755,19.753157921815678,17.370468147770872,23.13672296942565,22.592895645958876
3225,54.25733831856861,19.830844865740588,22.28150085981218,20.393743135218305,20.075166328538884
3226,64.0743105433748,20.684385856806205,21.624429973923,21.353091317511325,25.010242752679364
3227,66.4546831720947,21.59184715031107,23.062641100350948,21.09866743630217,17.804851524075982
3228,19.873028781571367,12.064146116158117,11.247289716001566,14.875231648076571,13.80032972740931
3229,34.775224863265045,16.39969809175567,16.56844638987669,14.93709513338187,15.219498892645403
3230,38.20706551803392,17.182989966454553,15.247601850996213,18.231262409371414,19.947424878238643
3231,33.46109028526924,18.955889352604732,16.155524836144906,16.51876325317163,20.734463549572045
3232,49.83045025653318,18.089703391676785,19.841077541273197,18.916478698193668,17.240377191391577
3233,36.80963643085883,16.69422968068016,13.928679175837487,16.507242116877816,15.332834480602099
3234,41.48278079517191,16.245002143680285,18.308937789529114,18.15613930920665,16.860134156643156
3235,27.353047632273835,12.784565345792917,16.058115912985386,15.698016484245624,16.23935374890923
3236,53.45049420201189,19.316687320888253,21.384228918969548,21.80492094113986,20.01870703077638
3237,51.2362959922435,19.34346205624444,19.122973220183212,17.33667758214408,20.56131647246362
3238,34.200184464573105,14.129188053652973,16.794604111396303,18.008234510546895,15.803609011320702
3239,48.81338768610625,17.450157430189734,18.020060827163302,23.466271564605233,21.501216137634188
3240,40.03728928269915,18.54380180870412,18.755691159563305,16.517942891832924,18.025809841087376
3241,51.02618766585305,21.260160074891775,18.7920641997861,22.606236394775244,18.753642769197363
3242,39.744816782033624,17.034211064808446,18.743435656236517,17.224653749614372,15.539952774563357
3243,44.211039931096884,17.739414966750257,18.22247682305048,19.1818302251679,17.465141848374746
3244,51.583030085228835,18.779895500784317,15.839953220131665,14.39983183614848,17.527230924476452
3245,60.05245630829867,22.118854191567678,21.36015498246317,26.120989498501828,18.67341959081363
3246,60.402455882245334,23.547256495157598,20.493593281946364,20.990086208140394,19.75529858082949
3247,67.26989897602034,24.247110687282742,24.39050080834145,23.88386382158385,20.421186464737307
3248,35.76222522523961,17.47516607357335,15.481319972702835,16.339461981516337,19.111354450829037
3249,16.2276887281438,11.305089859640965,12.204779060819034,13.99013345465647,10.22110722696355
3250,69.29512962910765,24.284766890002555,24.61503572662044,20.44395312171683,22.072067266519223
3251,55.205706114965544,21.218979227055257,17.15642153615377,19.522442499733476,19.622283410744828
3252,33.274113168775976,17.04451759462713,14.596158293708854,18.375624743664492,17.566315063961728
3253,65.55638499492906,24.084868009259665,21.3904960087689,21.500782628339273,22.160953590445622
3254,55.12587027825925,21.403473478279253,21.099357618494082,22.97091434580739,19.925611763366256
3255,72.29180336303055,25.27194759833371,25.209371837314723,24.72830957591629,23.209739957062265
3256,49.86238304138688,19.45628321794705,19.38690540453016,17.07961555183696,16.12212399368616
3257,66.75302687646487,21.841048140871205,23.12213897715208,21.814411817378982,20.58236711114034
3258,48.34844548324567,20.318607366993316,18.69169745559591,15.68631373088517,18.49779266437291
3259,72.23734856138337,23.206584628300934,25.27396652426137,22.22115230730206,22.49703441116126
3260,38.8400583912378,18.32817600728232,17.771986183293258,19.819565423549527,13.69270445055943
3261,62.31799152411996,23.495390082187285,20.256820017736256,19.08912927615865,17.660126500995517
3262,57.965858853601524,19.8621748510711,18.24498495200157,18.297863307380585,20.9099904326021
3263,50.240010035972546,20.030562726066083,21.08991827172403,15.142338135065396,17.839671906646092
3264,84.70386193013208,28.094760015041132,23.53352982474303,26.02067652194885,26.903700408305603
3265,33.393657160046864,16.563568382909942,19.519563011201235,14.91545972613727,17.628495513593805
3266,57.45361435693792,20.01854884675933,22.371307573863664,19.489872279878984,20.627541097442236
3267,40.876861757132446,13.13941004339397,14.920583375991018,14.289229283428174,14.494448777996487
3268,40.866685404681505,16.436074685358545,17.79452881613038,20.97907782796004,16.119796596548664
3269,33.55805242793506,18.040820127429132,15.036264151140912,16.632632396395373,17.0968210584674
3270,28.94714271271404,12.378526333889958,14.243756641747401,15.253245832217111,14.385067393319076
3271,61.94103339689242,19.65171255547031,21.604394861123183,20.11931731366712,20.68042025183716
3272,66.03966206885839,21.95724809607445,21.046990237986044,22.288464280703824,22.79578114015642
3273,39.58438381235689,16.96735461655058,17.16363544311179,20.623533929778404,20.09124066910718
3274,57.284949562266696,20.09478220530033,22.372544635792394,18.663235070209986,16.638306662170663
3275,64.6461130797532,21.04054401772249,20.50665759830757,21.43364184574974,22.469238052712964
3276,43.84083647694467,19.48460687778216,20.327968042241988,15.758195550757181,13.21045876888028
3277,58.74305313175756,20.30059488038385,19.393570457609293,24.393942295524624,23.254571186378794
3278,25.90107669511675,17.605875697278417,19.852601558605127,16.491004968690092,20.906071258462294
3279,30.171063132386237,14.625517375767162,12.806993004527309,12.922385961035374,12.230247910698013
3280,41.80668785548319,19.34904274779288,17.545620049372076,18.317712619903936,18.73125846805328
3281,28.517567516187302,14.771345106692785,14.363078874228114,13.837441016887034,14.495122255921896
3282,37.5705379315926,14.477925659918432,18.399431123763886,19.902070423229315,18.805497472922955
3283,35.094685383237554,15.831355473441132,16.665429342981376,17.729684772150726,16.42445110408397
3284,55.07398936256005,20.371701325101583,18.86634623678116,17.816843354986034,21.596021025376736
3285,52.38210310197374,20.06792911552222,17.667930722686926,19.648713847803503,18.35856136228335
3286,58.387228692380624,19.76423518034442,23.10107113447936,19.958767070920935,23.822379172253754
3287,50.75069255812797,18.950781089914834,17.974818094949054,16.349848411595207,19.052671847505803
3288,66.76893682385699,24.54466788550465,23.582503692947213,23.23462000099508,22.815967871383446
3289,43.98738099881331,18.32629147368397,14.645054651137585,17.648992394547186,18.970305060002964
3290,55.572131790650815,20.379542326763854,20.80466793685633,20.658586985767617,19.96724239790808
3291,32.24618339942686,16.680555816282407,14.288318730188708,15.407085554624516,16.833132561015038
3292,59.84029819416856,22.836012812171276,21.512110083872646,21.64268770686012,21.69312019383199
3293,23.345420609403003,13.209625474240049,12.026209738541098,14.929499067040782,12.528915088264977
3294,65.21392592987299,23.735602160891357,21.54835549712467,23.94209143724277,18.90887962355602
3295,57.27915943667144,20.498367923793253,16.475785766293317,19.940079470227356,19.779275180325488
3296,65.75694841352565,20.904815637054686,22.208926644935346,24.007239943735843,23.559558615515602
3297,40.233188493565784,17.02664356426933,17.509528524255288,18.414726278620062,17.14632181624842
3298,56.5161633429716,18.78543146835259,20.22177076495573,19.443191511557643,21.17441050079473
3299,44.74527424840126,18.607607337911727,19.436836447191947,18.85681912396782,21.55143837592216
3300,29.41053780731887,16.062109495082304,16.43245442123284,15.799243029219113,14.689450546047867
3301,33.69084228354587,15.195259780473059,15.159869817646245,17.022172532949035,15.828945583219943
3302,21.68224919641752,14.039002543968941,11.127668960883783,11.44679998958637,10.62441268697625
3303,40.045262809546415,18.745850350669087,16.9073926616283,18.068382262407795,15.861928215903205
3304,70.57451253671148,23.603773528393464,21.878611304341742,23.65570430496571,21.37208450795149
3305,35.13573310896579,17.876859278793052,15.78259084382046,16.010925433352284,14.435110673297228
3306,30.09931158658003,16.377725228881463,18.592737640059052,15.912536848762624,17.14610300067462
3307,46.556627913079645,19.262670521174247,15.602452465446886,18.284370109587783,15.746346290065281
3308,57.571042167323164,21.198086097852997,20.555125221346035,20.035774628957995,21.616604395459387
3309,62.906301745725344,25.195377701521583,24.01115031120561,18.399267708772264,15.957117162592649
3310,39.90874159328876,17.85664462484378,19.393467454238493,16.18515799186313,19.27773563645562
3311,45.272368146807096,18.71928840142664,18.469819691171214,16.108810715518633,16.985997177546434
3312,40.055791795643394,16.317850938136928,15.354996116613396,15.637714416382387,17.22153378048605
3313,39.67713554973278,16.82870000192372,20.234622401493226,20.297578430606713,21.50846735933539
3314,49.44549973550312,18.25031685784426,18.514810209455096,16.575897926214108,19.414453578993676
3315,49.11597870949552,18.833064509654566,18.69434884593141,19.962620549744052,19.369185547133117
3316,47.22038658187822,18.46612123571793,17.456257967324333,19.33844057748021,18.120389616475492
3317,59.43838652553956,21.591018237025807,19.62690236149232,20.14195518296224,17.787121410006566
3318,37.70917723375767,17.87455543435061,16.222558030400375,20.144512805012514,21.1114088754935
3319,23.351619285918886,14.501931780766826,12.813448578613825,15.550056089975916,10.45396200532861
3320,17.36865046423138,16.661746556792743,12.788461775201686,12.469918281014703,16.235106744382964
3321,54.579933497105394,19.71085513571789,20.241540961467734,20.399832787011057,16.894389670855332
3322,55.57795182516701,19.057682585799405,17.931499264310187,20.08449738767452,20.238471952352782
3323,28.30316035884961,17.45413923694717,12.325639770333286,14.703177752177215,13.511818134617698
3324,71.55154902409056,22.611053373632956,21.888158516174002,24.071671217688248,21.19712718159201
3325,16.719757373186656,10.835874929710188,14.143885886540126,15.475558124142513,14.170179767164724
3326,50.48594607663364,19.818303787810493,18.731885136136416,16.89831658041733,17.06607081807242
3327,38.95516766329467,16.378884105112753,19.34625316733833,16.29312262435342,18.627904354403583
3328,47.86500251040595,20.980019672341133,19.548173813172788,21.334106464892322,17.677302119934485
3329,13.803679695712995,13.017102390276008,11.682178101218495,13.285185287663356,10.699105217266917
3330,33.513619165677106,16.781136137804133,15.79505778959732,16.35896319116341,14.152337320653075
3331,47.15431279563626,19.999588469666378,17.075807612626324,19.694380060729607,17.39953852791711
3332,37.375706475348196,19.304473851894443,12.68744287999742,15.135869954205697,13.040147353025286
3333,71.66864660318411,22.795760463216038,24.256081606198233,23.56583955540298,24.207750141272957
3334,71.7808943493147,23.492771491499255,24.201018499897124,23.534649657442774,21.562419776552712
3335,38.76945758228527,19.644364954920388,18.914061483787034,17.411668320613607,19.445673752295118
3336,56.771169647471375,16.781014079288738,22.059838659032458,22.798816527141884,21.40392464320979
3337,52.65044682416398,18.25602767170666,18.149077435173083,19.407150293987495,16.33495828055077
3338,26.114206504602933,10.485956784132988,11.762234619086673,16.690911371258125,15.075570206235176
3339,35.59884970562169,16.926518133069848,15.605575323791667,19.13567566295928,14.844669548464935
3340,29.875168780050736,14.57732709752271,12.931405191170871,16.193811531992925,16.636543093406427
3341,72.6136117944731,24.18080183471126,21.82282859321969,21.591531955607344,20.510843752703764
3342,52.222929219305946,21.75557783379415,19.19033779037511,18.668155856657933,19.785997978001088
3343,37.866431149653415,17.066216334924835,16.27220718722258,14.323547315136665,13.554053270158272
3344,55.57051221667659,18.300883344618253,16.22893483711157,21.629877771950778,19.338178378180864
3345,38.48277176098144,16.817657859294382,14.866441819039679,14.404142203408982,13.731184146637803
3346,45.671033665897546,17.671727212711307,17.296716890104413,17.31682199088566,20.076838384576583
3347,33.5380102830735,12.849908188641603,17.089035552918297,16.053143405816083,19.180349952986006
3348,50.08113019931114,19.596718904628094,22.484626008819998,20.094096149522215,22.563327847442245
3349,78.4080167111356,24.875262593318464,23.025165591876807,22.14311890561809,24.146523879977607
3350,16.90506598478092,14.63982487699138,10.892360718413029,14.468695884379526,14.74167919999177
3351,45.89219368220331,18.167363431569928,18.15860280189802,20.483246286901647,19.295148398527488
3352,29.175612057269234,14.614529842998808,16.955037887483194,16.146256055475188,16.885539859355365
3353,66.17831813488054,25.195398022507913,21.873482982676645,21.67279232082552,20.608923925337894
3354,37.8800671805567,15.846759677828052,16.56247108299919,17.298164213894573,19.872527369220634
3355,42.34880972919707,16.61213436687973,18.28838055731197,17.22546737849144,17.20706306782701
3356,63.20868459076752,20.203663852578075,20.16037935016999,23.011494921079873,23.594514073722728
3357,52.87159178535039,18.146669632812714,16.928547707840448,17.301224073943672,18.826198380412514
3358,48.473958789094326,17.72955120038727,21.59727716882109,17.167570993247136,18.267959303616703
3359,61.63315587265578,25.21780096563326,21.884418854854694,18.52380401092649,18.81406284995158
3360,34.22684430475374,15.860656051620147,17.830149553560886,16.252159207515778,15.405823858856722
3361,27.709783548499534,14.42762453624203,14.485118208363145,12.258288696767833,15.321432439047214
3362,76.45629496079296,25.40935499572587,22.50827614257919,24.57144806306381,23.868230029214214
3363,42.26755767575572,20.217441922354283,17.415921207743004,18.388514011576312,15.53779939784173
3364,53.50841673870009,20.41869222667326,17.546402001847593,18.73674058656305,19.297854170547765
3365,46.992995691671055,18.829128675939458,16.494135247486962,21.32885040446605,20.88091051906416
3366,54.516990935004394,19.182529624809746,21.193801650275798,18.7504711653448,20.33057158131354
3367,64.88052951535789,22.232781685135606,22.480975395835454,21.810761998613984,18.90889526348645
3368,50.82696197454348,18.855861106243967,18.073030450512793,18.32194857966767,19.892109492948112
3369,40.560549500741985,16.50647547242146,17.50733530877485,19.01255926973942,16.04167596832004
3370,61.288483602605595,20.21894114330492,22.98627677179403,21.56384988825883,19.721521561034326
3371,31.42857946560451,14.359214971923407,15.602950501844855,16.740265743011644,15.324699164097547
3372,42.58702091265648,16.980989351300778,19.908182629762088,17.73419715531759,12.773663824764071
3373,67.84825506026864,23.072146148821687,20.32734653912492,21.849882108006884,22.839104398512113
3374,66.40561776922763,19.925081983285075,23.932654749332094,20.482794749175046,20.03734308805196
3375,38.38784419831774,14.976595520001442,16.763981226835035,14.87333943530546,12.802102490669766
3376,61.02934753769015,19.410626843765716,22.369656836715148,20.598922392758414,19.75190463952289
3377,54.021325880571716,19.524736219143573,21.80765981216323,20.4375769151016,16.003336685501164
3378,54.89870006189167,20.55572993452393,19.56032134253643,19.98605566437351,20.63238984629729
3379,51.55447162502247,19.365932758142897,19.83552180128045,21.102687752941208,19.19015047676149
3380,26.714143908376876,12.894462397652703,14.32724190739689,17.288991886407462,14.397590140962187
3381,24.900532931195652,18.543927078167904,14.89407302264365,15.644005605709461,16.313865778889507
3382,38.84252493783982,14.226054291920118,14.883571802772149,17.92116290052596,14.909261321537642
3383,42.198955623550425,16.82921716492587,21.8131018047357,17.661389421915445,19.519389640312387
3384,62.149708331204764,20.314374264741698,23.08195808004599,21.648559766744558,20.442467490712406
3385,48.3119553663153,18.12873028003967,19.80148412313123,18.53185453418423,16.874336531643593
3386,68.53786337486086,23.698462852839207,21.08493687393205,22.302061438405424,19.592202268376077
3387,40.91370194635098,17.484408839238927,17.318390447615293,16.556001369422255,15.92485685454395
3388,45.1011875034596,19.20842007522134,18.167041780814678,18.55401384713552,20.27526397976047
3389,36.251261735913445,18.28072679230026,18.17662746580269,19.00864930643418,20.324138643802915
3390,43.966325518148224,17.19949589314227,16.384341324024536,17.589779474589346,18.16936213782519
3391,45.269383559483025,17.989865288044644,19.22312222378092,17.26215546616899,18.97259498097053
3392,63.09407358817428,18.33932384502006,21.25948838967744,23.280946315148007,19.887747121669893
3393,52.70640571202184,19.94552988957333,19.82603396959369,19.733488092113223,17.351508551258593
3394,48.462809423469864,19.969676283106246,17.03736398984967,17.283860622284166,18.65628530320124
3395,74.6315125717748,23.20834962346021,25.649456085331064,26.696798002175598,20.57693557016055
3396,27.45909253495784,12.528634959571459,14.156839517121261,14.745831547144492,18.062318601693818
3397,46.18265359596974,18.33030587121909,18.820063245343547,19.801059122014294,17.58916042441169
3398,44.483203933446866,15.780833529617935,17.203340300909787,15.312213740207588,16.960631459637924
3399,68.75625847953627,22.87511549008307,21.628727241199527,23.69749099790363,24.21498496338565
3400,38.42399875247389,14.606098912610982,17.31253310145801,17.23138543175042,16.8111515222027
3401,78.62718305043138,23.676620900716202,26.00703688770258,25.97151316315076,27.525996091616555
3402,44.24225104898395,18.326611437005138,17.484035230371607,16.548685371314065,15.79465195963795
3403,30.486851084832683,14.042552406339556,15.077924916403639,16.20689140280218,15.793544994025066
3404,48.39706655274546,16.87671501420307,17.58524556102914,19.584519623062764,16.281290349556325
3405,46.44549806926074,18.50153438293948,16.575817438575044,17.824097424349006,20.028268152045076
3406,67.59381712490004,25.34363098867178,20.068027741319675,26.187713066888243,24.571816957652615
3407,33.83639724525723,13.674195817477745,13.321155585010706,17.84259799548652,17.50586814349331
3408,26.574705550141044,13.354187025656811,14.077775427244836,11.293233836827019,14.949460654796718
3409,74.97064751383658,22.52148550533049,23.20703859223072,25.29829653539539,21.420535622991054
3410,42.967269096245445,19.538179653617966,17.12729469074018,19.84883082533915,16.766804871379872
3411,56.353073040044755,21.83738188989073,22.43795153400694,20.09406171282626,21.850016509489148
3412,48.788661792058335,17.336798154588433,18.989546137733413,19.26355222488433,20.061214617142962
3413,46.342610462346634,20.60691475256504,17.460003259304926,18.776877231323933,17.261216314889683
3414,58.687831164887115,20.29554325401352,23.480351477839555,20.72038679594365,18.57751917514296
3415,49.25674774504609,17.169383721557242,19.430886696734646,19.5358045966113,20.551096847945736
3416,72.41829866128934,23.49187715265915,24.910106139431146,25.930113670585065,19.875991220461426
3417,30.272833145265093,16.484315152338592,16.128882361353533,13.64939394147323,13.760730585001996
3418,61.127778693737255,19.659234526194492,22.319329210794894,23.50127794582601,23.545296663300455
3419,53.397082112557214,15.892374961236527,19.126149597015488,19.845736102650434,18.39311241635445
3420,24.307945729723944,16.959663474772565,17.15761045164847,14.811432617882014,15.734832277032103
3421,56.94551396935883,21.540445954416256,21.117060257168923,21.794912290661426,19.77530789300253
3422,45.465340375580446,18.321810434339728,18.20208145312275,20.20720260457244,18.597353784137223
3423,43.583621455498054,17.103332098348208,16.747095372726537,17.899698760543153,19.367131127087855
3424,46.10436199058305,16.465210455714846,15.804554677233815,17.632373429447004,16.083534974744435
3425,42.75939210468339,15.421905001579237,18.613851708990005,18.320137102014623,17.80203862039279
3426,40.05384065562378,15.953898987278047,16.522065372848534,20.179074768078387,21.011975442431137
3427,54.27453863320706,22.615093639348185,20.06579080213484,18.25218329338884,20.890342704044738
3428,42.29195375628127,19.477532920932354,15.493931672622457,15.814411765688035,16.575719554727037
3429,51.37551060750201,20.189513156291238,17.702306418253507,19.096468415410584,16.61720123758595
3430,51.84123379338564,19.810032165882628,17.69407465778775,17.121873619113302,19.49342260046855
3431,60.825118145880985,22.75608300776843,21.97567244816333,26.61613312290403,20.414928807100434
3432,48.895701099829836,15.669422241361527,17.473890504800195,17.256693177000404,18.48065056820061
3433,66.40926037638074,23.191087274964406,24.92761998332894,22.73209359443191,24.76628002510251
3434,51.34261702613326,20.692158640318805,16.887454119933476,21.568744268717882,23.73003509155564
3435,23.613708398902077,15.306043918967584,13.22620472250218,12.68620694036419,15.283759439843612
3436,50.88137655661298,17.88358469285224,14.40010908655685,19.939661899078416,20.095160607468113
3437,71.4977233810468,23.54489242560084,21.862208233785974,22.31547879387134,24.666998727044387
3438,69.17358303923287,25.38704808026273,22.236098877255056,23.049261028711182,25.27475080486962
3439,31.592901697140817,13.274749777886552,17.93045357324912,15.894882516660628,18.565395733643108
3440,22.811326229894267,12.622585534092666,12.147399194721324,13.706755631151442,14.512706883236152
3441,60.50812781432874,21.673399457098263,17.639576478504654,22.0193209794445,19.949806383117327
3442,48.73769211022773,17.616117771433686,18.127110181479104,19.39020093342097,20.224953028978025
3443,52.78465861799777,19.259789576692338,18.275700721749345,19.709456047797314,18.197668572002133
3444,30.242459093351314,12.883909455875829,14.749574451919296,12.906635528818962,17.19995828692871
3445,53.77462149219375,20.532695373583326,20.96841767233747,18.882467251006346,21.712582760494517
3446,53.304758745859324,21.771102191750693,18.184043579438445,19.407887377592044,21.67698075767143
3447,51.63293339796123,18.076808302645713,18.283424758524514,20.672613584479176,18.656093238149886
3448,47.11572788256513,21.012684901315566,20.457984862808335,19.485551181690706,17.16048719360536
3449,61.732776674282455,21.060241655649797,22.78439528784059,23.390145727591545,26.370978674313342
3450,56.286819559261424,19.140189159078428,19.281859487299908,18.274471858955444,20.11910079113346
3451,39.218246986953766,18.04462950692413,12.82877141877668,16.339087943289567,18.09604883628645
3452,38.721487645882654,15.457258342987574,16.17863812785298,19.632293494798645,17.65609290255872
3453,70.62788762400368,23.396410529709538,24.901833516746667,22.414500987263217,23.541766435616797
3454,35.891420952248204,18.03697259583581,17.91637544444421,18.480794155464203,16.26245932085218
3455,20.356088015248833,13.99124746330512,15.156364722304396,14.07866271418734,17.247664575509326
3456,56.47131615183649,18.49356624335921,17.960268033948935,19.04027503622729,18.18400561977957
3457,69.56271537668017,23.450779857919194,21.1191951642371,25.063726548042304,19.90442414616067
3458,69.49871702626054,24.18327882385099,20.502379606099318,22.478843574857528,21.44933338093335
3459,23.486293301818506,14.947043462117783,11.110258372044918,15.979242549057336,13.111311967130181
3460,56.245357093375304,20.475753105287936,18.62453783743657,18.098567656002857,19.825220521646347
3461,55.97964416589974,18.968738132227685,19.464350088242114,18.992024080068152,19.418998898124112
3462,32.18910109140158,11.663067815905936,14.341779218732176,16.221054931669766,15.265677644426221
3463,36.98389990641958,14.289216011806399,17.211924183158295,18.414240910820723,18.75455599280875
3464,56.455169156101825,20.07889942708495,21.486991371516392,21.024651714189027,20.095548616615215
3465,62.05511417090768,18.514469514621958,22.203431864496867,23.090195330731632,25.00671470412405
3466,41.66979746217346,14.982305187232132,17.158875342344537,12.72763025113481,15.61555502142626
3467,54.80985094053688,20.773373586157454,20.211963816208797,20.93881715535247,21.422176854035655
3468,44.072903160888785,16.635394050991586,18.784682489169068,18.970989501302565,18.33107059863391
3469,39.98040610390603,16.917284861852938,15.034842820939318,14.036137207580868,17.822695411354715
3470,60.11198573994355,19.264638880319193,18.955556944551027,20.317916144678463,25.299475234727513
3471,35.16183999518249,15.151981708075201,16.15974432288135,17.581637012486397,15.982398689425688
3472,37.6307256354058,19.099543247216864,17.00596617310449,16.95091174879137,15.497411123110691
3473,61.40518358585189,21.96695532117183,22.682467315445795,20.045984490385855,20.443361930359607
3474,40.787438047379254,17.613629422732885,17.561999767556422,15.867452314859932,19.204563274299186
3475,46.75477819706151,15.941986669847743,19.44888802847786,18.459443180385726,19.18876389049594
3476,46.03177102619409,21.890037366300284,20.394418892519365,16.3953207257693,21.123428224873454
3477,45.83451263907585,18.501327226492254,17.202727023688674,17.71094823577728,20.707134151169868
3478,34.34378107320221,16.351886531207132,16.736519506161695,16.679410683079528,13.379987981646536
3479,37.81400908534761,17.225255519870537,15.568472133134227,14.928543436111735,15.707809803448914
3480,51.36767666063682,19.59165271647933,18.023152360475716,17.591231810590013,21.3661476357626
3481,37.743490567666846,14.873902484935217,15.94641726448378,15.975700719957354,16.273350795513156
3482,57.410195952571264,21.70741642190579,21.17686589558182,20.70084614955721,21.398187458702296
3483,25.319171398455026,13.76735521624919,13.633512235790405,14.69019240083976,16.525355047722726
3484,74.89375735391974,22.526460703590857,23.178163739825607,25.270213490383213,21.392705169682785
3485,68.36261890447221,22.94732571788292,24.950369118619143,22.754194098324668,21.423881374270895
3486,34.276608840127274,14.83501072153296,15.373942100669801,17.612017120851625,18.303710485058964
3487,3.150869461661563,9.563465557480118,10.735259441191335,9.314188594644989,9.176616407281731
3488,53.715411486293995,20.447401508226186,18.149411541648988,19.718415631799033,18.349219684373004
3489,47.28509144062992,16.028627721312194,18.912937438338215,17.3775499208655,19.602795087217874
3490,57.78987482795507,19.074794793213695,20.08943771810426,20.303425123510518,19.462551476717362
3491,40.95323244082599,16.63531626863026,14.964584920746129,16.740759482167867,16.424620255083802
3492,28.879856399490617,17.24392018295332,15.93413205755192,19.42427105970265,17.992864692986416
3493,40.61223505800758,14.60692892073254,17.197674808996407,19.129779080429188,16.345205942437243
3494,35.35232165938467,16.408796029346252,15.860224627862115,17.784330301725205,17.65462545761903
3495,54.88101799504046,19.33772211341457,22.112066352898687,17.95695273514186,16.38410030214854
3496,48.6662846043395,19.706331222475434,19.317516232616583,23.522212927852124,22.687489271220166
3497,46.3344845619406,18.937515774320854,17.298521895403887,15.588091606373814,17.71938289514576
3498,49.738055260369016,19.21784750649188,17.30319230649874,18.60276772544751,17.96821044141593
3499,51.47731915946313,18.00102670934413,20.546244988457214,20.131921627089017,20.80271087561315
3500,23.364604166151867,13.081833836942497,15.195886452715559,16.910812812180367,15.207121188137283
3501,62.75133504784812,21.656207327302536,19.671729588538156,24.450161440717263,24.601614574619937
3502,52.81061985253868,20.64041151066055,18.154580374036602,19.555608212790943,18.79454023065892
3503,54.48576201658171,20.38036709261082,23.51307583271975,20.700382655485576,22.918602459998368
3504,59.18627219957896,19.92380536454665,20.82532854552886,22.757178692951133,20.76148222388227
3505,71.13005932411016,21.464301232645997,21.635298401812094,21.351327974157098,24.061646158350428
3506,28.23047494412174,16.859352586020094,16.35145084064401,15.129614726895788,20.84079288654803
3507,48.57352322328659,16.40154838450439,17.92884275721904,18.56010375380775,17.65772859482114
3508,60.42654831860407,20.199388856365246,19.98775267199169,19.9109087144924,22.719151384954596
3509,51.95682458545065,19.45571428872777,19.276015317045086,19.85107158440979,19.018179141919834
3510,48.03819482483974,17.08772983536437,19.403652818638104,16.675032284322747,20.17807852628514
3511,58.64332568543348,20.848049744324925,19.922974047323073,20.69264690917866,21.708922719932495
3512,60.670290778917845,24.822247280010657,18.832527062940144,19.860927003212566,19.329429731369924
3513,60.3358230434488,19.272892551952573,22.018723375873225,20.544741729799288,25.842461211857273
3514,69.75121702308975,21.202881157861718,21.70308676319053,21.153551122680913,18.801781242494872
3515,24.119463845877107,15.523250398656426,12.40078754521394,15.279505717016757,16.369563678060377
3516,59.27774781330785,20.823009663794874,22.64337219930165,20.310645028170125,20.42184648236984
3517,53.1545386991194,20.463457637272427,15.357057209183509,21.294983453113968,17.648324089107803
3518,24.412764366455537,16.373837251841145,16.18188997443362,16.301055444630226,13.885588341804706
3519,44.247245381453546,18.173804241667945,18.304727287573282,17.391283603504178,14.060257215174637
3520,36.03720917123335,17.33712110394053,16.64508544904468,18.002692894049286,17.286744600607612
3521,44.30680819372235,19.08364722376725,19.07067433250121,19.176223871894095,19.445116881856073
3522,17.058483322583257,12.239267217834673,11.612570287932865,14.475861586454249,16.44864520551463
3523,46.61719584624786,18.758120008416974,17.993877171553734,16.979785849771307,21.3013246008395
3524,52.613259932849,19.55728198867304,19.31256218874777,17.912092847809323,20.2445873921602
3525,70.67470466466604,22.6426337704054,23.832324263264223,24.776782234063326,24.357727906133498
3526,39.30820910740695,16.188431193710958,20.240520123301863,13.38378861165133,18.341103561955777
3527,44.510269827290536,17.398950195136106,18.72620972457607,14.710086894836397,16.98134188977581
3528,44.878257047643594,17.294388173116673,19.802076441530495,20.460478112564733,16.6062859298629
3529,44.807202644557016,22.6530062076776,17.275835601721283,18.549273328110857,16.93397261751799
3530,31.64172424740796,15.508732478688184,13.070611143820434,15.885812162180626,13.155292975486105
3531,55.680161692933275,20.65714329967942,20.056601607732755,19.630441928668198,20.343037077776007
3532,26.89251445180398,17.422150622151186,13.600021257281952,15.850841507710197,16.130088672784336
3533,59.40656672186774,20.1618126496686,20.53375190559476,22.55076833963491,20.05037693382962
3534,71.28320588368798,23.803929046404104,23.264451208577043,23.57781568206765,21.264137881587548
3535,44.86540153020444,15.38182194857188,19.416269232243145,18.33329626404675,23.324836094718748
3536,44.59417503800203,18.675956683383088,21.570813318537127,17.564092628910398,16.62869229216813
3537,47.961451143032086,20.330512412613658,19.301792260272165,20.902385535677265,19.06763278855988
3538,43.29709656896207,15.364188791820057,17.934182884608127,17.485639328149624,21.8545226116495
3539,33.87723963301099,14.491284550038234,17.123742280797895,14.22159138434358,14.214677983503972
3540,60.8381011681145,18.653350054889277,19.771098519838688,22.864126424208866,20.751941818143184
3541,52.42893547359802,17.720323021464903,20.49571591195703,18.922101528358414,19.217416031591522
3542,36.74051206430881,14.934210970351057,15.133232959289398,19.072964827269903,16.175977662630316
3543,16.657541817308314,15.359953436937756,12.514473540974414,14.520773349882122,15.389049354472888
3544,52.49821533586897,19.866430462167738,20.133034724999646,20.551124185293418,20.863552112428593
3545,45.2761618165863,18.227592290615267,16.277718017997643,20.105861882709426,17.860253665021194
3546,38.35227464210692,22.250757693324374,19.566288357330798,13.889856293524186,15.484212996219414
3547,37.75163616418209,17.237441071010505,17.029343477306853,13.697645498687788,14.975118434167094
3548,52.768816516990746,20.28978073402054,20.38416137304678,19.68906349817676,13.581669105142545
3549,51.70321826560236,21.617405678094165,21.709443378603428,19.68912841190725,20.289153236623044
3550,46.649356240070134,20.052310382389273,20.872807560211662,18.453069835189424,19.272575375401615
3551,25.059361047035754,14.638439863323027,12.531831357220558,13.379930416461185,15.40006473459636
3552,56.604844061957884,20.197706038597822,17.220827817566168,17.885597167382564,19.41961504187505
3553,47.65658539258591,19.78828481488966,20.791813132579847,16.294229601061172,17.05523994588806
3554,56.07397575010915,18.690842053541605,19.420080935140255,18.232572100459848,17.30525243190801
3555,40.41775933664344,19.25128368804138,13.981460977248254,18.3543390090821,16.026259926311248
3556,53.328849981393724,18.50130310537137,17.241945966652626,20.19376648426207,22.177777071385215
3557,43.90037526526366,17.533165179156295,16.516336644562607,16.49970875362293,13.81800751863684
3558,46.35738146705969,20.72115194475488,15.592416995723168,14.683558904969257,18.87566331819645
3559,32.95951116934949,16.518632984197655,14.41346815558968,15.151459735762879,15.001781344603089
3560,34.697686557827225,13.95134075785999,15.424228808045674,17.436627758116916,15.77570307070762
3561,79.97691833428742,23.61547031557975,25.643093602424244,21.621688160525242,26.152128201057728
3562,48.04031963396083,17.5959392981602,19.01925489156478,17.662005611722748,18.448166756133325
3563,56.479711055170576,19.911396556999758,21.594688104218502,18.147333254047407,16.809648177807055
3564,42.406368323646156,15.311770797307036,17.16410266718265,14.686476276623932,18.625192232716746
3565,30.83549444885538,14.64926580986175,14.45803637690405,11.909094612772531,15.186577918998792
3566,74.84888653152937,25.586631702340767,23.58344118866611,21.400641587198404,23.20282840187006
3567,37.58828055768044,18.652734455373903,18.249979932718848,18.63592125012039,17.74375432632916
3568,55.72408374761555,21.28425480763481,21.467407551914988,22.412694864736586,19.745471716141914
3569,37.14839873262707,18.099654803136183,18.235081019944936,14.782738779124834,17.56425016216902
3570,32.24586526584671,16.200354538728206,15.677517998210066,17.72383848775527,14.085738779660947
3571,33.60442083594056,14.40714792709796,13.026720801918108,16.450931504522075,13.903932856484342
3572,51.03289685592007,18.393732523731266,20.045936163846996,17.763476538002738,23.40096469046101
3573,39.6800991985739,15.705665367663517,16.0802298266879,17.768036784994862,18.481349904457467
3574,68.70900662762998,23.975278155912868,21.186512536574707,21.294706536416527,17.66761186300963
3575,38.39105257070879,17.472079203838977,16.471637089714243,18.507709655236145,18.722817540258795
3576,38.72403370597311,16.346912911939825,14.340278663213736,18.823521083343607,19.005670346293936
3577,46.43151006550661,17.419189714905833,16.97107980027739,18.315309266969045,17.75466295892954
3578,35.52333449829979,15.751989566466458,15.132839482599762,14.38769310230203,17.418594879511318
3579,44.37132187331857,18.732953626490193,16.637031168223885,15.443542849675243,19.534411281493476
3580,52.353362847822794,16.91407339629952,19.1243478546639,19.363567905642366,19.809939813710976
3581,76.62951243017709,26.124918714717943,23.804894288825043,24.03354317985333,22.57354724363783
3582,54.59863433976045,21.44312721002331,19.70719380315104,19.43970953577769,16.56171138782286
3583,21.975048811465857,16.96775701752134,15.745916059017976,18.41153402570748,18.358785331614225
3584,36.73266736007593,16.059010717091823,17.43470418144027,18.429437072699983,20.461839011012312
3585,37.19171133692322,16.069488886989355,15.038799435283911,15.842441234777874,17.34369138221036
3586,29.322527550792927,13.48197691837331,13.42634145978475,10.88152188730021,15.81808533306998
3587,32.897717072911654,17.90775887689441,17.75505008834618,18.300400604204864,20.789194988961274
3588,47.726177218724544,18.253596920224883,16.620393142750828,20.848429902700627,19.674257930776896
3589,30.27148962422349,15.331941629622657,16.74085857389543,14.844975791435873,13.629593790033224
3590,60.7505984345808,23.34128316187313,23.015109501293576,24.003736037743924,22.345803194718613
3591,39.89080354187282,17.164470446450522,15.429607624334452,18.86746957287568,17.218120332613587
3592,52.68428734582692,20.546258481438453,21.854295242128735,17.70794367978293,21.895295207684985
3593,57.48355175962255,19.839311853640623,18.191435550742177,22.31263918343166,20.351862168077503
3594,42.746531846673676,17.20529091195464,21.223693377577153,16.834884765743915,17.716156495838618
3595,44.9450680996828,17.973857011859927,17.297480575724823,20.16670235423294,18.518561969885855
3596,30.264708177283538,16.57363865504641,13.792232249664032,15.589200573679896,15.627427213506847
3597,43.059837951264726,16.795399051408594,19.2005195667258,20.27280529456026,18.589011405941292
3598,42.75363435815179,19.266570644317387,15.577378343338754,15.29815563246532,13.591731051630813
3599,64.85441491022993,20.79273832672414,21.127103395301642,24.92164583223305,24.791054723073614
3600,43.741070511905384,19.757905965290124,14.784764259407005,18.73313763179978,16.21468275494727
3601,34.18760847813665,17.063789306573018,17.21845595853828,17.182602993445936,16.524454886845938
3602,45.570043081918186,19.456508590728053,18.150352162431666,18.53075329980068,18.4401654472859
3603,34.223737437947854,17.115769029326707,19.79729066785241,17.72886256961962,20.569504952290004
3604,23.072105260328147,13.527162938838616,13.64929857551782,15.943616622176519,14.126953697937703
3605,56.34361546054208,20.832178410147627,21.644234009334152,19.96341715833626,19.94341485712241
3606,46.85100467928705,17.983032035992967,21.222036060459267,18.726793272463198,17.996329333434154
3607,40.78040529190562,17.067680874086605,19.291970022899054,15.60892364420979,16.019683664082745
3608,63.671510963196084,22.57723481261499,23.65002751140724,24.323043557402624,21.332132256426124
3609,41.46134447652653,17.386006129882553,18.46074449947279,18.263431058131037,12.386727437378099
3610,55.27247813332221,20.082407443603206,17.14117840812025,21.614878466747978,19.61160989927579
3611,68.97350914869955,23.713062563797976,22.25052586497371,20.04479352463352,20.86790852672622
3612,49.797709714681744,18.510408917449325,18.445972248388443,18.775001615314583,18.52346927607393
3613,67.26487200428657,23.34943305272351,22.73948414134464,19.628663479508884,24.150783883430957
3614,42.66692686363758,15.866339406468704,15.454250466770342,19.11079973717208,21.229359944985138
3615,47.18054692172512,18.39460017646039,17.522587680503776,17.03398786041135,19.836154464678113
3616,44.20841580821209,16.927530678529394,18.634840689020084,21.55063257693384,17.372605245264165
3617,28.098194704271073,12.925433160413997,14.334862246719357,15.167171199420387,15.144696650886475
3618,33.906946452731134,17.01256808955715,16.90324277775137,13.724494039585272,15.478524316127654
3619,39.596107965905134,20.269922605515553,19.01259183735153,16.884952267501628,19.022433328892745
3620,36.64275927700377,18.556534770385586,18.670977240199836,15.927423257971359,16.03414319501706
3621,39.381532366619695,16.099013808031785,19.37397426069104,22.020077257197578,19.540697902789965
3622,52.82430850142935,20.98061478769352,20.009917594358225,20.294360703910158,19.32488995572539
3623,58.27899464708194,21.452118552358513,24.53535047638245,21.94098402590018,20.215636657391165
3624,29.511743437848807,15.79082222888005,16.466785183646824,18.092696141361248,17.675837531751476
3625,34.06011295826769,13.259371369259869,17.0817497034665,14.899815683810193,16.53381536794542
3626,30.2624564521919,16.449363746531183,14.557186653764623,15.021799585643638,17.1407650466143
3627,50.922441907359975,19.646407645530157,17.875245301458783,18.79796440150382,22.613402488844343
3628,24.819728996106907,14.955855409909693,17.23269683448931,16.632866139659203,15.23988477300225
3629,42.22147025805815,16.48435241247444,19.183126112028656,16.562150511343894,18.41563483039766
3630,51.370341943482636,21.227763056907964,21.28260443590807,19.983248368515692,17.844159329625192
3631,46.110984093689616,18.13216953785096,17.57739712909933,15.490947957902318,14.846441738273878
3632,38.520415114375126,16.525478501858924,18.827976495815836,12.954976460124666,18.476633610972453
3633,23.586180603362493,11.469489028986379,12.605551644811339,12.917651326321065,15.128546149002615
3634,41.141119523563965,18.0134198436208,19.509704884770642,16.55795406354206,18.634798121790514
3635,50.19909791015979,20.05776421098459,17.110264931873314,19.928889058370213,19.294158045881343
3636,65.25651780264654,21.397036154465177,23.395798283315997,23.463546523183332,24.037091117370224
3637,75.93741058912215,22.615751092338176,26.37435679438841,23.25738796388071,22.98801717887807
3638,35.25579583405316,14.289614780562578,13.628657438355297,15.131661230049843,17.792873607705
3639,47.80435207510686,18.86623359132759,25.655170894169213,19.551850436981525,18.6839331234385
3640,49.84498071368706,19.36714416587916,19.122322227049956,19.199610890438617,23.340738021461544
3641,85.88588981144821,27.009557564187553,24.123708867233958,26.308393005182687,24.25130876090269
3642,54.79500382452001,18.56392309294635,21.73930740381894,19.014603164454016,18.0669790412155
3643,73.8265777704192,22.680000435373575,24.020635778280123,25.219384546351787,21.204241824994167
3644,31.87757952653798,16.832661347131612,15.80998457204114,17.75662628604841,14.434719074975435
3645,51.63472396020593,19.4638561097543,20.817755359807975,17.923517099468565,19.352377027174576
3646,54.13396401910446,22.800305131368976,17.998550634680434,25.301309658961593,16.99013223146748
3647,47.99408146624798,16.304392108086496,20.43053253442232,17.59004693063222,15.334833099937887
3648,44.15345897453841,19.366989108040816,16.99058655814742,14.758906762328756,17.27837800932746
3649,78.87164599504791,23.71452471489455,22.99784413244756,25.507439311614288,23.762269669435028
3650,39.327333498733275,18.49393973225061,16.955861750750387,18.118854496285785,16.57852417375328
3651,43.48889172171115,18.026223931653927,17.55888045247018,16.876500532082446,20.150478996411504
3652,60.93390255786827,22.96749448368139,19.63032397752178,17.735679235492096,18.6105683368316
3653,43.12125536543219,20.152202710479813,18.336950455335778,18.927171133907393,17.033448400653636
3654,28.289489738285788,13.730346970596765,13.7260120618284,15.185687389634408,14.736766979639446
3655,22.9501088304762,10.7455311363947,13.753261309500491,12.877726425938166,9.653914029505131
3656,30.785109673138024,14.113267649071368,14.502112011219824,14.020662452946592,17.460656662974426
3657,39.71032345363943,12.792178112613122,14.175734282198054,14.535308637095026,14.109244352602891
3658,26.060975204408976,14.964529533367044,13.655365561020993,13.102126627538718,16.880551650964556
3659,63.39454954664671,19.607571115251204,21.843355819210426,23.220711573047577,19.60981079496372
3660,57.22094364858032,22.084252090057426,21.463354759196477,19.004237317424867,16.600507803405385
3661,51.31895039806527,18.345420920115448,22.417960940851803,17.834579410191044,19.089335844358736
3662,42.18632153244171,19.945643016763665,19.946930295139897,21.254686595660132,21.837369049179735
3663,48.54637268768817,18.017351275635857,18.966129349419965,18.024006224813302,21.821737018944795
3664,40.2326782278281,17.657551482887428,16.838092057491718,16.71143459116514,18.620725804064183
3665,62.76931316232882,24.042155193558855,24.291579474625102,23.479363163679416,23.115151474653764
3666,22.266545278906275,15.123689389264356,14.047028686776507,12.970464340245028,14.403195162333494
3667,41.964394158763966,19.2316041457314,16.33262092022706,18.503463384576786,16.078798786690594
3668,48.92896789975006,20.156462746444316,19.605853009076114,18.25839817501423,21.126228660652732
3669,30.873936330236486,16.390094395718265,15.085156537673829,12.537063236931377,14.422149141208239
3670,43.187481267945074,19.214459002238,18.276117984502626,20.65871418060365,19.130420626634567
3671,47.53703268954714,18.065799358997957,17.351675571523412,17.837058089424396,19.724308823159454
3672,40.44575879235033,16.917007807387485,18.918142185337786,16.247140939426945,16.449710444711872
3673,33.00302696009178,15.726646997175285,16.081477502858757,14.571548157636112,15.016667332537189
3674,46.16272224067918,18.21539227511861,16.789013938617742,13.573368003284829,18.19409797689942
3675,74.32313902764204,23.118638560507335,24.16250827196157,23.870940725685788,21.0811271083877
3676,47.08816836313865,17.96426201644783,15.99242560415981,16.524813205677592,17.112308766810763
3677,24.487761726038755,14.931037930346223,14.482443626158641,13.024360787739806,14.461945046634046
3678,53.014421879239826,19.188889970994378,18.496115028471248,19.89723280252602,16.67150172053022
3679,32.42751479654649,14.983736420721636,16.049566909234787,16.76956042527894,16.382667886711857
3680,25.680060585579795,15.638855879131231,14.585730494460847,13.014313484051977,14.344858056248246
3681,43.31031585576143,18.705504154627384,18.611957585207925,17.912394155159486,18.152719279513875
3682,40.323813656532046,16.73133142689394,20.610729392888516,18.344001712927763,17.19193221104922
3683,52.733295670109385,17.75579859959212,21.10904745990657,21.235260595280558,24.598122011690137
3684,31.29858350242435,15.157653527471055,13.658390639328024,14.920284405506486,12.922403886816705
3685,50.05566514818896,15.36696480583143,16.695486842299303,19.59315052587097,17.308727193368302
3686,61.81451929848096,20.68566120925472,19.67978822683096,21.949178183225293,22.160617306423
3687,58.135092290232315,19.629355514507502,24.894830449853153,22.238735227239523,19.14427139066704
3688,34.7513549238724,16.929098142829062,14.429845646001466,13.14588442723597,15.281793169926834
3689,63.74808333665638,20.774300074547934,22.282187353863947,22.47529365587699,19.515948438789543
3690,62.18231388451825,24.964976428997897,21.98107855783092,24.99592753514061,21.37691057764048
3691,63.980715039780556,22.912322772084803,19.908481264207506,22.22333208908961,19.947677865795747
3692,59.60006224014286,20.970975300853475,19.49709909316888,21.91203787014105,18.70098931518223
3693,90.1403798756083,25.109243748842296,26.510572113345884,28.61286637679951,27.003860229513318
3694,63.331289514198765,21.19891606237796,22.921444478162265,19.809487658406827,17.53046206596062
3695,19.78853198699609,13.865416845719313,12.317149345601438,9.756703177094813,10.826579135041122
3696,30.115531106316872,14.880735006334033,15.67068800298568,16.185272796102325,11.476367281802748
3697,50.01061930789198,20.989269482395517,20.18875693482563,22.645205013269752,20.40213109796187
3698,43.373095835480186,18.115531896111786,20.784775723946527,17.539461926809718,13.105230724092026
3699,58.16740541222084,18.20785776675994,18.26872025245933,20.244141313134634,21.086267460295204
3700,54.48613349654743,18.6762220913444,21.18418380248355,20.642717417928456,19.630150122274674
3701,39.6230731039903,17.61100729464934,17.869987588569145,16.614847252266912,14.577657278144446
3702,51.98383714278013,20.88033845850076,21.453727584165843,19.829695131349563,18.739608566434118
3703,57.919437254284354,22.766095547159146,19.483128605336795,19.21219999059,21.70484007250886
3704,35.96342704832235,16.36174297551418,18.465571495408465,17.43085380264873,15.910528450055475
3705,33.16188935905636,14.649703893679852,16.758018875312118,19.319340680351335,18.7429233470098
3706,46.691432349025085,19.2424963832691,20.02649432770782,22.240652812136187,18.532293015842594
3707,32.342667759156825,17.386194922911237,15.466564661254743,13.41518829606181,18.959153615313767
3708,20.969971126208282,14.6330535990655,12.158995903649469,14.61603234719736,12.584557631489432
3709,42.7305726445122,16.123593235620795,16.978724282250898,16.526844965079803,19.117650453516166
3710,40.21775804067343,17.7764850061416,18.35138612708348,18.464199191811986,16.95798698522079
3711,58.00516418712589,19.761546003452867,20.213509392550336,18.085036876137558,20.215131673800947
3712,45.34997606031095,17.146525887368146,18.416318725528395,17.098938134556576,15.5550638781461
3713,53.18213435689413,21.515201125522033,19.561619482588654,18.883689915579197,20.04017612843809
3714,41.19793596688273,15.973060454817363,18.972040188234374,18.12615388494494,21.795694521095964
3715,56.91566161692246,19.380287937642823,20.9722825962336,23.079334105833738,22.016079494820488
3716,49.795293441289,20.686092983237412,17.665756886086584,17.562301622959552,17.28740260716632
3717,40.06919422427415,16.896564509261882,20.13810827046333,15.988998737469528,13.85601910661747
3718,49.75127950914543,19.71392663405357,16.870146299190946,20.752222671715437,18.83000677166462
3719,51.23280249111127,19.827162249516622,19.243565249150425,19.418607786940598,18.410529535549387
3720,50.12843050363966,19.079110253786652,13.456440793337174,17.54566355276947,19.2939010392696
3721,45.00531161428086,19.986960642731045,18.871951448849252,17.169447508537267,20.08934563682104
3722,49.71668788328722,17.371290533061227,17.699128043208997,18.782865475149816,18.547213137800036
3723,56.19334267844409,17.60252084999289,20.99723270942338,20.450027589956342,18.57338950503347
3724,51.97989466526498,21.157716202959797,20.095230750967872,21.961265677172758,19.2949140370378
3725,29.732312023024082,14.791170917376338,15.341737618860149,17.654698812815276,13.16205723992607
3726,41.648754119485154,17.35365478375332,18.363921968009187,17.280589956860602,17.571207534479296
3727,60.5489841789493,18.75449928945994,20.70687478564118,21.231131410316053,18.402764630974474
3728,45.543040474655086,16.134474388161788,16.023308276547738,17.509224387706013,21.101910908206108
3729,43.72033520773996,17.325530351121145,18.725201971491774,19.810667795378038,18.542597663785234
3730,50.98112771457109,16.898094612310203,17.54068002539838,19.882679186097594,19.667347346620147
3731,32.65701567077854,14.925078017393606,18.012799132866164,17.740642826520713,14.964181329702912
3732,39.96606085187789,17.45837699636352,16.69010151629749,14.805916264731929,18.202471065524023
3733,34.7467922345744,16.10996977217414,14.922215748770343,14.570512474255093,16.96890366931303
3734,58.54150475145027,21.791275697311153,20.534104717951678,20.804635896470472,18.65560821238454
3735,74.83844677313087,25.448672374238342,24.07707467402567,21.890234123963662,21.20288238986133
3736,46.71114647409281,20.126299393176243,17.862157605427665,19.00802455806867,19.804163281822486
3737,37.5839299846773,19.68490559567767,16.419964570394846,16.0554755927926,16.429675863664663
3738,44.68724718295143,17.00833881866193,20.017946782603133,18.74078378077679,18.191475630356422
3739,58.22802374562605,21.061811698522682,19.625941222707485,21.883708458999365,22.28101402897792
3740,50.340867772437946,17.227640144860562,18.232467438408502,19.24072079357106,20.10969431801446
3741,14.172893542550124,8.81226894446545,10.653326378806414,14.375924368234534,14.315433048131215
3742,23.602078352643016,17.231121443856487,15.602499959159283,13.872553446237568,16.44067389120625
3743,29.185806291601867,18.99830024124701,20.699089640715112,19.88142113492949,18.203190306130065
3744,11.24067014202069,11.276653515642478,10.280000489051334,10.501136781693697,9.562718964507177
3745,35.1197445299337,16.85840589320394,13.484451807979815,13.953819538919934,12.127420057600776
3746,43.18675878312325,18.52798862495459,18.5210719258086,18.914219826104702,17.900555868325025
3747,67.34754464497055,24.235709359770546,21.60133267085358,20.05204393518114,21.914395856091126
3748,41.34211415410374,17.390707060196327,16.297101325233758,19.56677880041441,17.45914743744747
3749,67.11552020777421,21.62758224647595,21.99458048287637,24.18963697167457,26.027197935657284
3750,41.844327901472504,19.615318070050094,17.413288500675772,15.955158618643065,15.579225682188465
3751,70.77592335104728,23.732195613566024,22.337928919910915,25.35142472427457,22.851352262296324
3752,55.10554708962957,24.398488827433766,20.527996982131473,22.89954913910723,22.812335445597732
3753,49.88429683608051,19.238703944824007,19.666852270547615,19.350141626167108,17.740967338779807
3754,41.25210960495269,19.792995820391226,16.791290815118405,17.611194000603113,12.675789308545129
3755,36.96684714204414,17.615498850036232,16.582725452870545,17.005877849122918,18.104734440346114
3756,48.611508483872825,18.277699392225426,17.84159021768606,17.384832459264743,15.74328447197041
3757,34.406554118861116,14.09773304819613,15.761863960490556,16.952238185638297,14.982846630060122
3758,51.81711421930903,16.355112527238447,17.939696354790605,18.439801053609585,19.271472025356914
3759,58.012287744743574,18.818653243554138,19.07080074682092,20.922622195970543,19.59417382665864
3760,59.299320762785115,19.888923731479867,24.558056356985983,23.378299159631794,21.37973281434432
3761,29.630156137658137,15.791314096480484,17.32046218724426,14.885872161408342,17.08135024275178
3762,43.75162287166754,15.744665314860978,17.429439091485197,20.68659579114866,20.366907648859108
3763,19.284822607138203,13.0614270444195,14.417345853788664,15.347285626500625,11.651500477350353
3764,47.288633172656596,20.0587084745463,19.14652475642461,17.798376488255798,19.176128646151923
3765,39.33116321754266,18.271111800744038,15.301356758485381,17.35360312200265,16.76668383878399
3766,70.30249984380539,24.963018792211624,24.06199634008905,24.20713840024433,24.03767804394482
3767,35.66031234481884,16.619943431879275,18.51941334763366,15.48630480127746,14.020556246693644
3768,41.269695113599575,15.152740869317718,14.305165966693833,12.386786137068643,20.79999280611056
3769,35.33742905217196,17.2620376669161,15.271813225582992,13.765755140619675,16.843738295353496
3770,46.449449108626794,18.12110785995669,13.062453148996074,18.679956260388142,17.47390530736556
3771,87.1788621755899,26.430804035811743,28.09711578959271,24.241945140668008,23.617060501054635
3772,28.27331830250156,14.736478925383345,15.885063582694844,15.655294724086414,12.088113521280567
3773,42.69250269463139,15.656303870704802,20.17647667887176,21.192220970406314,18.8701553647394
3774,24.941279067225793,17.250026828190283,16.444101649199723,15.774463586559621,14.11800712323458
3775,56.539790955445035,18.983061407950842,17.80285183069746,21.328829996110702,19.071164093649983
3776,30.17693222942332,16.12771970874011,15.228618736043922,15.56676151338026,13.031194709847185
3777,75.34682190927752,22.969574506913514,24.88179807254732,27.768798086145893,22.276558022241268
3778,31.659358868873877,14.896355865045882,14.054410601257448,15.683536650583612,14.91182643688989
3779,30.668341762812762,14.237021129364877,12.421294029836712,15.949838004707741,15.925434667152969
3780,28.672231104491825,15.347346156259906,13.041684304931072,11.391360329045838,14.61279391453847
3781,57.76175000239332,19.226676335048907,20.616583176757764,20.58457155252589,18.971588272763977
3782,57.08283602689861,23.92247002725754,20.180778198265937,18.90843684318821,19.470765588167982
3783,26.4306954571277,13.256709695365155,13.73886302482578,14.969868383877374,10.077212916016501
3784,34.0422338600358,18.471223892998292,13.854478398430901,14.758208494113134,18.990271161380832
3785,64.14173577875768,20.24691381227072,23.041952945400435,20.560927363595052,19.68321740418859
3786,35.629171020616354,19.43583449007724,16.533714781953442,19.098899995554383,20.559622897678082
3787,33.075047873059866,14.084881613077657,16.286425721714217,14.083784445229817,17.858934857540383
3788,23.115599876630135,14.44733509064481,10.760904935264769,14.79843995501526,12.679932773496136
3789,56.09525790248713,19.64192929832026,22.283840635244445,20.980715333973716,23.058510092113835
3790,44.309614952019885,18.186189153662227,22.018377434921792,23.590398210405407,24.4289474397108
3791,41.95974036263962,19.345043421352685,17.668243720829597,17.431508811208364,18.565390860617665
3792,66.03492891824703,22.946116370335197,21.192711223454594,25.08213244572524,23.798563876723463
3793,50.621173117242805,22.712084210523926,17.64037367418176,19.955803259337916,20.616237278519026
3794,49.812275772172946,19.563067108774725,19.83168115363363,18.961235955567012,19.068643082197234
3795,44.44597825139257,16.44567222910454,17.170273336797997,16.830156328973434,17.397610858902457
3796,47.98421310974323,20.382337513679296,19.372216673217707,22.63104082521919,21.200634231762205
3797,42.66306727573077,18.185234832354084,19.221261135021443,19.760921776891863,22.07882727291339
3798,78.15561689152491,26.696376062725495,25.850265528540685,25.2548347273825,23.065705622329514
3799,41.08361131341014,17.309012470837818,18.102246424055657,18.66324803821319,19.53627636822728
3800,49.197843203626526,16.388806237023513,18.43161185552478,20.038143535630613,18.94918818428752
3801,57.27852733636911,21.27970039637964,20.538854554907847,16.989045837637953,17.097157417516534
3802,52.74518135588087,18.453856692747735,22.806788629528427,19.37572826893665,20.07043649320121
3803,55.22486099655654,17.62359591167878,20.341678663607848,20.093664721901966,20.907123079310345
3804,59.02635635992017,20.217322866500517,20.554456875999396,20.54037992819572,20.00902840599307
3805,74.4963171320388,21.51976836662032,23.634303646043506,22.893812922645843,24.088675849620465
3806,49.33094688622746,19.45845868641398,19.375372693156354,18.864838439602362,17.656420893847564
3807,51.048695120309,21.112757920414857,14.22125716316128,18.248841452657725,18.081668889863025
3808,54.19253828097875,22.37550445746509,17.35649339290953,18.88940647532985,19.899527841741627
3809,54.7478325576107,17.21202851765221,21.403103147996752,20.71499410450537,18.224934839789196
3810,60.35925661867352,20.489708837682056,22.697177891331556,20.89668359250585,21.877680762806644
3811,45.60761232503505,17.98979638362826,17.882820122051847,17.76323042219112,22.808693786935144
3812,49.69723751226793,16.379545236151802,21.182327592667896,18.71265016422059,19.293656158834608
3813,26.688116602768137,16.66092186677889,15.535659952673289,14.338008178076223,13.089279466072604
3814,46.95296671056116,17.286880906293487,18.696915281373172,16.997721988569808,19.124096985238207
3815,59.85504006967916,21.397340889651577,22.006161757742195,23.09302019740313,18.81616929188173
3816,48.68937638217275,19.059026997788795,17.49129408027959,18.960594210978527,17.965928850058784
3817,40.57733019435324,19.379713421758744,18.125588120390344,20.774051096401003,16.443274931055818
3818,36.97414775770003,18.368379283329467,15.01231610663519,15.272300422654837,17.144180765905983
3819,38.811862570019514,17.89098140333756,14.799550173251387,18.1176947420252,18.219335130704074
3820,44.332251844593515,20.352041386196362,19.54830585037508,15.965742683117302,14.514444091915054
3821,62.63883029045557,20.457809269962286,25.070086510207602,20.592827818068255,22.247919322614102
3822,52.221945641374745,16.496650027619353,18.661273581385025,21.471788155124585,22.708689654460525
3823,54.43203445406623,21.0190598712238,20.678992801804934,19.077551207308623,21.84907496018071
3824,55.72926315059716,21.445640888691965,18.772222470215002,21.178696510838,20.41211055698943
3825,60.19091696656186,21.135454842364688,17.926816825435385,20.067843513284142,19.439521373176746
3826,66.20890472815512,21.78052385917943,24.47689340355897,24.121247837246468,25.48318937847291
3827,58.95222921094694,21.610181093738337,19.514359589043785,18.52564033197896,21.41812814876208
3828,40.761670413283646,18.203195079001425,16.70543924614376,17.412993359741932,20.110638561197934
3829,27.656739429993138,14.027536292301914,14.290850536447689,16.799914590316487,12.511143809304546
3830,17.78675797418884,13.898508477694326,13.400063430865806,15.294181746063966,14.299620706997848
3831,49.34141636049474,17.725681761758334,18.881657074200493,17.908074943254466,22.644520101165902
3832,30.884036469418824,17.244106962052303,15.772708226505381,15.739533185638578,13.465691819772607
3833,57.35365757190123,23.505065941634783,20.99741969721206,23.036622828330273,23.699603461974874
3834,40.98944390591186,20.0933151690559,16.79505700738131,21.518589526947096,21.71037641168271
3835,23.913168561630354,14.095300824397277,13.70586675920468,16.226523354084442,13.529671299994645
3836,40.50622647144584,15.535879867548733,14.808968105308214,16.084865032370946,12.861343917056363
3837,67.9047788539673,21.950790874783735,20.38037993354487,23.34887183920571,22.099451079742856
3838,32.313379847031854,15.950801554181647,14.903957921496007,17.35127208551441,19.476401115915774
3839,62.4620451957547,20.857250026414057,20.771905076441925,21.374886117980584,18.61334412250903
3840,39.28238338349466,17.35336261215258,16.818233844472143,16.557771531967973,18.198103578033578
3841,56.48867870361737,22.552112546693113,19.92426912648627,21.54869937498573,22.79998830299834
3842,42.04333480480169,18.306474817688272,20.427587203999973,18.242703281220795,17.176234741117426
3843,62.38078744682494,19.04585828436652,21.97242495073781,23.886483755263484,20.972344107201767
3844,24.042816125534376,15.279601193564757,13.458681123610296,15.9545611421257,16.477819977402014
3845,57.08063108046163,20.64062292752393,19.989240653227814,25.042552975002412,21.996134055827262
3846,43.731979393223,18.35538096497158,18.84569157435329,14.851240888140007,13.861408899505962
3847,36.16745163273528,17.24511128255021,17.323194406113167,14.696534727497218,18.075484495629336
3848,65.07777491347261,22.765161070059335,21.96724158883611,20.761398145146043,18.379108753527007
3849,61.46263579478376,19.920685477499177,20.58619515671859,20.352389048308755,21.751912570823293
3850,47.11408353469885,19.786724252533418,18.04096753290345,17.399514057250073,17.63409683930325
3851,48.19670095357325,18.911940721210446,18.351683538825146,17.26663721990513,16.133063743449405
3852,37.96235991599365,16.65542218521889,17.01488795642793,17.5899543913695,16.811004733656862
3853,33.94038140024816,17.908212658737444,18.675115439424314,18.57084475386737,19.431588638524556
3854,29.731592627980934,14.728844701110457,14.600609258382594,14.980798857568384,13.020565987626087
3855,54.466056718348554,19.260939515880924,21.98776389268879,17.247042834425006,19.15712373166264
3856,46.38362541376117,17.93534945811458,17.85951463774215,19.755551692118654,17.450378138333782
3857,45.90186270245803,16.118231409729272,17.95876243356414,16.381753283345613,21.29213846666024
3858,68.26644512412008,22.576864842314194,21.499219304085507,22.98096775004845,20.082200392788117
3859,34.88973214669682,15.633214732975672,14.439413357275168,14.532465624736322,15.304788880581388
3860,52.23513000137079,21.04569503608261,18.378303703194565,16.47714784813818,21.33881587571403
3861,71.16237170730304,23.191425016057554,24.101128749763213,19.283852385858967,20.57015205964503
3862,50.300039782423276,21.056721332097354,22.23410634401139,20.547016212491688,17.371005914612965
3863,53.30161600653302,19.358676399337217,17.43062116563115,18.5081945255845,19.341189009711485
3864,14.836298126340996,13.500559115471182,12.349261159675107,9.813457541648189,10.362129067664846
3865,42.99384943167176,17.52476921452043,18.12964495491343,15.690022855301766,16.376988113368007
3866,59.164712416366235,20.99980203112996,21.630498184530655,20.769322615606445,18.593051591274758
3867,35.8927255666048,15.956558244128203,13.944265546189987,17.03832010050762,12.986168424306163
3868,47.292817999703686,16.491041952417515,16.14925810400933,18.437866312625214,18.648627970533944
3869,51.66017588517076,20.252447933043634,19.569285279241818,19.861334982712563,22.129059452077193
3870,53.41697637175478,24.6563813048105,21.301023505804253,20.21184265595195,21.80136824987199
3871,39.12067412412865,16.980050672922026,16.16695640031412,14.944732709724214,13.621451380130162
3872,52.940815730272504,19.569804854761664,19.49811528393249,16.528799227478498,16.163287758055485
3873,44.67495469044477,17.580749356564592,16.96798331851338,17.405065590892445,18.052256815628315
3874,44.27831900235082,15.277807212396356,19.69431636665506,20.533036745827538,20.56109425094424
3875,54.84531845314516,22.478441341325297,19.287257640327557,20.31853370070221,15.504868871409599
3876,60.49011376227115,20.542418740807616,19.41127495674929,22.40278696144726,19.84130705692629
3877,41.402661824216665,18.115618485647353,19.158466875366276,16.940489663129064,18.30107667939253
3878,43.49770085888823,21.035222267727807,17.694058225888664,17.365233391468283,18.22024814039543
3879,37.77984815957112,17.28379970878439,17.82467538518275,14.655664366246594,15.373139068079716
3880,32.089870810129305,14.875012237908773,14.70442142867518,12.616245661099095,17.04181521672293
3881,61.90559529008538,22.895427168650393,20.5695099837962,18.22249753047882,26.992598408129602
3882,31.429158604638403,14.316399607499694,17.45493080045109,15.689074692447173,15.123068335657319
3883,47.7276250600281,18.981460374675468,17.68836740196078,18.3362083442843,17.85835471500325
3884,68.63194340911589,21.72684883167103,19.741998682560947,21.032831956748165,22.04047457950077
3885,35.63433386375289,18.088505584424844,16.04527164594825,14.588412445497113,20.70174108211397
3886,57.02463285897701,19.99215706526792,22.06503705960266,20.041051779642935,18.61182060818169
3887,29.175382466635785,16.58053284674131,15.194865698724335,14.87713091387354,14.17704473539568
3888,49.856906695697454,15.970131055438555,16.258154183633096,21.472359317144097,21.315721123453876
3889,62.72453238994078,21.82093764310272,21.935848738341598,17.880495454972607,19.74305591690348
3890,60.41845452879973,17.368937444507356,20.873100849562036,19.90989755926096,18.875795129996852
3891,48.30592548955851,18.41642463682368,19.63900700970231,20.342375113931958,20.771905737643987
3892,44.655279825820884,18.916877845890127,18.57873967950514,18.732488078731333,21.914705018177216
3893,70.7379680653759,23.03733337930357,23.523994119373423,21.626485716395987,22.345487764714548
3894,38.515312745909114,20.060771024811796,18.98770548279318,17.55882220476826,19.095638653816682
3895,51.56118017352968,18.29866155555315,17.801693674250973,15.546875640448155,15.832243178201491
3896,52.06917639220627,19.503788933374096,20.556249150242795,20.70086581266988,20.041945077712253
3897,36.17539337451236,17.416692526669447,15.466835516448333,20.14381805949728,21.469642676424574
3898,22.242208680463637,15.913187463564586,13.03903466960815,17.950248979761476,17.23537727256648
3899,31.880307073405667,18.021792549464717,16.350292178030106,16.926174379177837,15.690685871523588
3900,41.9177819478136,16.53789463533696,16.940697727189498,16.65374387716772,18.213384655118865
3901,36.10074773241628,16.016701745835647,14.911514696912965,15.709431501881653,16.98461514452608
3902,44.89515313323958,17.6204269189992,20.78823107600328,14.825509941590134,16.077659923817887
3903,38.75544251808345,15.053380539044669,18.246445060455937,17.19810151269887,15.09098453044605
3904,58.080332628133945,23.93649950594961,24.185225973529967,21.577456999280972,17.982500791263206
3905,41.28241568757732,16.027322852394104,18.373363049523068,20.813122901451163,17.40622403392848
3906,40.30130879720361,13.711267065617962,19.367633864294387,13.385730456387693,17.303358449514736
3907,32.30997510110621,19.576722746449242,15.450751173985484,19.70842950487075,18.107855056339993
3908,53.20557198517021,19.336894629499216,18.603060515542715,20.99036058342218,16.93174326792415
3909,37.64641073149015,16.73552618285828,14.697438489197767,15.57490630189284,14.154574930258292
3910,30.518668574727542,17.418420240256125,18.193669887553384,12.174049899475868,14.441589640553635
3911,57.229721406199694,22.598786713753213,22.974885514850392,21.09795152765571,23.59796570771656
3912,35.44282334110137,16.062302905655436,15.70992348538081,18.44950734620401,14.007947768954633
3913,30.76447806005061,14.762629271054834,15.299292462837897,16.796080520046612,14.620665587531139
3914,67.2884515747596,21.86448742117015,22.161602833257003,19.877525160482836,22.4737713475581
3915,47.52941602273948,17.423657641813257,17.218667970899705,13.149720024939846,17.727402077052652
3916,49.60988150561291,19.408004291488794,19.921210013625835,20.072221819830958,18.143477331076035
3917,29.24753384819644,13.664058342069708,15.275680515800893,12.63412986873675,12.582405840608978
3918,53.35776161665231,18.792272229893623,20.671259279180774,22.181142912050404,18.03228080582652
3919,69.0858211160901,22.84821969254156,24.52364259016311,24.45961311846074,23.28262466682662
3920,47.802403897867784,19.179727382035697,15.040177155477434,17.571431083294627,16.48683794522156
3921,48.086245871851155,21.647180606072173,17.738643330896352,18.22169519056931,18.210122116595354
3922,17.08633399432419,12.775536251983002,11.496150264555673,13.66369734824629,11.220099352688992
3923,58.90155101490569,19.456727501946055,18.673687925894527,21.710959827740922,17.137003447141126
3924,44.80419170167647,19.57086801951392,17.87401964031626,18.5314429022481,19.615337962403206
3925,52.9750924867824,20.931775390287164,19.939467615814813,17.743771114926563,17.86569038620755
3926,41.45086118864762,19.55023664855437,18.151722693034436,17.19608786363187,19.362833599732685
3927,66.08402421843398,22.07641385324049,22.069268522703037,18.02458291606535,18.222627956783697
3928,93.56429607547061,25.20717348205521,27.073312503113115,22.676037574629717,27.860306760777714
3929,71.03144260336205,20.922524423548193,23.710675318773472,23.898934129810762,22.968665682690656
3930,79.97710334239756,25.247242676101706,24.771577752405143,28.376775965790774,30.41450873341172
3931,56.40915513139968,20.018468618799215,20.739002427697596,21.798506870961177,17.300716246946692
3932,78.67163848731894,22.952668556148687,26.37962489410421,23.206026648851445,22.888441077033164
3933,54.777449332678984,20.212781702510245,17.92690758405149,18.668501376201167,20.28047415659555
3934,43.13839630424864,17.910650390685458,18.837276022789556,17.925129534808697,17.29064571674085
3935,39.48350691302566,17.552116960890928,19.89719504509073,14.548201022763378,12.547280503723382
3936,8.650891958791846,11.508115062199082,10.748131113196653,11.171470071962492,13.439961233600952
3937,38.78287696478994,20.17063741478483,17.79217285925138,18.071709301485306,20.26753891493796
3938,64.49479620558894,25.538604544468342,23.068453831273594,23.310336501303485,18.128650222658894
3939,45.03228197099717,17.974221156619425,18.248211624246306,18.124059980192293,20.132814726003968
3940,76.27584831284305,23.373755830289056,25.41721063663601,22.76017983609978,21.62031249445171
3941,58.31998633966956,18.376076420065807,20.09146826379013,22.948229334093927,22.330570118809273
3942,47.14873655752096,20.661587368597917,18.446216884473927,17.16482940652257,16.478710008675954
3943,51.66094702743911,18.989536671348052,19.689277302810755,18.735947676224445,19.00416882521079
3944,52.074328366500886,20.02022226776359,19.371977070370367,18.777067075186327,21.111341757177843
3945,68.55664508271171,22.23698133123302,22.24205169430124,22.410543362789383,21.237335359606686
3946,31.398213740714194,14.343656962118164,13.762321847403502,15.271082837945253,19.62383514308192
3947,43.32900398885904,17.493960553930393,19.304942990292158,13.571663473696841,18.075070601914216
3948,54.142610970546656,19.953471694620465,20.551134250154554,18.395227686529513,21.08154859321938
3949,44.783415151281694,17.79778146457353,15.145630640300693,16.224165979689644,18.9222481721233
3950,38.75735983912775,18.146576832064426,18.16627835505431,16.24865409418057,15.302568053164602
3951,23.235000744536976,14.869531688931419,14.909756079922799,13.416449499528433,16.079440007371126
3952,36.09142050364575,17.927861254871686,17.9806378524161,23.696841464458508,23.056934682790597
3953,39.912913210103426,15.027950719205998,18.565971934208996,18.307673443238325,17.375703279681073
3954,57.01066756211307,18.03106164287811,20.649559961912278,20.679648259773547,21.813632813419204
3955,43.65318334308626,17.487939052427137,19.445059872794292,24.401992289564678,19.171524467030096
3956,45.25891617469123,20.59033710753745,18.913465886495935,20.188537189517945,16.940463656538675
3957,49.77571165023063,22.178837011259663,17.958574447780137,19.96056581224427,18.659304748267754
3958,38.10392686117278,16.16552304731273,17.84397757308607,17.76914017772379,18.262142520450357
3959,31.465217065162165,11.543243512483752,16.545627558373248,12.325023022104537,13.950024052452957
3960,45.13326150011942,17.889323296269353,18.153454794229354,18.29379209507493,19.773768653673077
3961,42.23409225561534,17.35713310912034,17.898126218022558,13.962627703572098,14.433466270503546
3962,47.395270876486826,17.36991650248614,16.2457100530517,17.196081881253743,17.542519021824873
3963,31.922796192472962,15.253173553476254,14.264341020871939,13.570107429338785,13.525689383155843
3964,55.120582278248484,21.004402637173193,18.89327358706658,21.2710565778037,20.194426392096787
3965,27.591236414611746,14.41696528802368,13.951710851070265,15.529758151269544,14.546048893071552
3966,37.60924538527079,15.00869215397527,16.75560757329162,16.136943713499598,19.930946263384477
3967,51.28803749744,17.563997712211815,22.15441364696995,21.554447293083882,20.43513397828763
3968,49.275359996291066,18.522299590983515,17.553707277561944,21.83068551083569,18.782446973292082
3969,24.64559348033252,13.61292316866116,11.982446921336365,16.741246685338336,13.810393159609784
3970,49.20454651907655,17.29570566414896,18.623384674984166,18.90423834353674,18.637797380074684
3971,46.48979746925454,19.130151916199182,16.27021592323968,20.387021756571087,17.152988569977264
3972,24.691350212684636,12.969482270788891,14.013597319617592,11.557422251655671,15.560856148698992
3973,23.373594412028222,14.910099021390838,14.126858465187038,14.855037673248612,15.833285635792874
3974,66.40021693090245,22.494406180522653,22.66207367912337,19.04706932412841,28.489890075896707
3975,43.610675733846534,18.45585044603869,18.81932590569589,17.2431063031117,18.98145273187328
3976,42.94067381214581,16.861310199244606,17.414433694044465,16.022663036419722,18.834908863542942
3977,28.991275191140975,15.136748772866573,17.164596570962242,16.938069802216766,19.925052085659832
3978,43.428671762367685,16.70311250441952,17.679502700982347,19.59036466727149,18.6240823571077
3979,54.211747593215264,18.190615728406684,18.13126120910188,22.87439070687361,18.82925495671224
3980,45.27183614990249,19.95479595024473,17.28019469755159,17.955622829672592,20.019209190888215
3981,48.574822461875,19.517315717212536,17.93609450898482,16.989977906617124,18.468485067978484
3982,40.950425127225614,18.52606492489216,16.820415941564722,15.815203573575824,16.864551371847078
3983,42.95368668350371,16.87237849618952,17.31774461158169,19.408333671003426,20.507089407562102
3984,49.19213793437723,21.772368561343352,15.686746673252216,18.934577341505047,18.007094331839937
3985,62.68289660078037,21.0102738860449,22.621029909064887,21.535972850773987,22.663274699874457
3986,63.68427496195251,20.915201145024024,17.1308277312016,22.51438303874757,15.345319695984614
3987,56.473818947557334,22.359990144372876,24.141653380897104,20.557835388901832,19.446458622396342
3988,45.51415719192203,18.82244893791496,15.255671711275664,19.181431784788604,17.427114422841058
3989,49.68986520634735,19.666820505309,19.497500946182083,20.95899952635067,18.65385205144959
3990,40.07243045450633,20.581648833634485,15.745596459279765,15.519780110210897,14.006160172587066
3991,38.921507214049186,15.288684953043976,17.782235710863862,17.546768841199217,17.246100983539268
3992,36.120215759171316,16.860886946275073,15.081950882233121,16.873944822947436,17.816169115705314
3993,33.3345124270913,15.780544838916938,18.063495829875393,18.537986269522204,14.785280820612233
3994,65.45091666750335,20.02325943573537,23.017056318640375,21.251962272832174,20.563854341931474
3995,46.54518676836493,17.46251677157452,19.45556044375374,15.69154351236547,21.01434609161674
3996,47.54180903247179,19.825120741417372,19.777692167317582,21.057023467580255,22.480826254126683
3997,46.38895647528965,17.12571277077039,21.277589040541603,18.001002884754108,14.18383816409192
3998,54.51454957687969,19.13622275957562,20.54261607407997,19.807593817700166,19.66129097133961
3999,45.46278159696547,19.2264125713175,18.53321829345983,17.49962950760576,17.430731523661795
4000,34.49968074817819,14.902970858251921,16.802877273899,17.33983469650434,14.640078832053137
4001,39.2777037259763,18.242210688747917,15.982812011370441,19.04426060781429,17.13953537778515
4002,46.21937428742284,16.437458224982407,18.747148248760183,18.477310103028323,13.969842654153268
4003,44.7223149705235,15.104688628965274,20.14188040196681,21.094655570997297,20.63111039230292
4004,51.34027558265009,17.621400296003173,20.13555143797914,18.68954535043838,18.901149016838033
4005,43.115844905417575,20.132622482261528,18.150941061747258,17.58970568226697,17.226601788087578
4006,49.238189380002204,16.967432550723846,18.03757833173384,21.66853433960045,18.27173520015799
4007,68.5231749494885,19.925235833114396,20.35759684547834,21.978635422239094,21.594362895911885
4008,71.51941738260905,23.978300720116618,22.72276563612753,23.380948220132137,25.21207372099321
4009,52.52119237560776,20.10619029240312,19.924425515737205,19.045616605305604,20.761968569928353
4010,42.46301167998978,16.962597253327647,15.51773367242377,12.778293979416219,16.69232227544064
4011,51.293628840623285,19.796153490490497,20.89474620101232,19.485827814124598,19.845699997367447
4012,44.972978412120085,20.011938628667405,17.97106641517399,18.05042403426373,17.94468022814605
4013,62.33139227481741,20.09017611990094,19.120837336438214,21.18157156994152,17.107086013761773
4014,43.42891532291878,16.548350404318906,21.30998091803335,13.910480744425572,17.2977689779466
4015,59.776830215302866,18.852329792400333,18.591762593966113,20.916456069295222,19.705417997238808
4016,42.73410042771894,17.627903125382403,17.683012082114022,18.569255804365227,18.81424915567896
4017,63.80236618728499,22.65044813752676,19.873949829390195,20.474019247115873,24.70176751881076
4018,39.64314189320255,13.052265897977211,16.174617561835145,14.945061160914898,14.860922133731872
4019,29.08555678349865,14.659031176079734,16.31904085388523,13.167568121531179,15.894789451844776
4020,54.159657589868594,18.37445793572514,19.37705351211932,18.13898388756144,16.14710147379313
4021,40.55069885100888,20.632518788169314,19.63470811748442,16.568640272626002,17.403780816364115
4022,50.057748382005784,19.834893390333143,20.43129365618352,20.024559960011857,18.839752938196057
4023,82.86595285812254,24.11151255221119,25.89635487602087,25.856486205358728,25.69471345097958
4024,53.89007037141934,21.317855702705018,21.558165063940994,21.606752557112312,18.569287933574174
4025,48.15379102455491,20.33397456468119,19.643539909625698,20.850655690385356,20.723736703950042
4026,43.07707102490452,17.462379430551746,16.679157155482596,18.5180357415008,19.106779159102206
4027,27.75569173782784,13.43727137770162,15.277037584136952,13.793885587350065,10.0674771132954
4028,34.54733211755697,15.197305789123474,21.0493086620213,20.53390860043628,15.937383825567624
4029,37.00739382350532,16.98839852859845,16.04952833751022,17.30590743707896,16.95974294535296
4030,67.53805949976157,23.125644512251448,22.845123983990334,23.53602007981501,22.98105628846821
4031,62.003329691962506,21.249546202749283,20.901596469243728,19.41701790831778,18.71773967779877
4032,49.30524645014267,18.070684112304882,20.556499253429013,17.969352051455843,17.02238317026046
4033,54.33575655752079,19.70626837300921,21.240909598186782,22.625911047095606,20.251099759118862
4034,66.05730613219963,24.220655744326443,22.142994996480983,19.606050030953302,20.25793938736714
4035,24.717798163614198,11.123064390087677,15.420470065010615,14.792237167069521,14.780656116864208
4036,45.59330481218209,14.373736558911,17.56396180683721,21.09585754925513,18.752981958738356
4037,29.303107549470557,14.531266411862955,16.77918934554823,14.142371722894076,18.28810764818185
4038,50.956852323113274,17.494400139356912,19.955885495693416,17.59173378909568,19.13164183105482
4039,48.57270145034045,17.196027278325698,17.730478100922106,20.041741850077287,16.223965594248778
4040,52.52900930550588,17.270200777789395,15.012036048454341,18.32854270067842,17.504815136861428
4041,66.5717698141855,22.651134723406166,22.885111936592878,21.261336235482975,22.307674733230275
4042,47.69063207322419,17.95954118268407,19.033984739014542,17.24857255651502,14.948175607633045
4043,36.820176016849906,15.1983465530447,16.45736760332579,15.655457346403821,13.583503360815401
4044,53.387348988575646,18.907321665777925,21.04128223429688,23.592610904185303,22.518034932435295
4045,48.401467608679816,19.628851857660173,18.640613712576847,18.412203637127387,20.65169994682061
4046,26.17541407382664,12.204154205534266,14.758350471554067,19.12162397953191,16.588618732923504
4047,64.13364388607013,23.361837295204044,20.69611820492216,22.733574503469832,24.198143919634873
4048,60.90020084881693,21.289845750228867,23.196842945528555,22.12843283806148,14.819538172962021
4049,31.88088773073864,16.27904870658918,15.86280954362146,16.904928363683204,18.0945561787875
4050,10.801887376425288,12.697155369437581,14.08770441202154,12.418590943162366,12.773729331242311
4051,45.7265845055639,17.470780149466737,18.61405449515126,17.155133082226797,17.54045250878733
4052,47.09308216147575,18.693829682370293,18.165900338184002,18.643739359321476,17.578253401544842
4053,10.81999740193785,10.291266844981083,9.36614478310973,11.328079940673334,13.97751161533507
4054,32.845075697548374,14.156806744202202,15.032108908467901,13.156526793315775,16.43618563790888
4055,35.6204096083508,15.02939529979021,15.698307321888173,15.923957671746154,20.732690227092725
4056,64.0962987321739,20.521934562660313,19.381170827521604,20.435387364253664,21.797947340369028
4057,52.04028694548778,18.579401418267302,18.49383796776362,19.71880403402046,20.92455928066909
4058,71.45939834867892,24.514431061616758,24.899201000099755,25.903179885731127,22.158287828229334
4059,44.27709198037063,14.580488056090106,18.752437000171764,16.81856937538266,20.356109529147915
4060,23.107535986000453,14.541366219491616,13.59830315708831,13.146774194780894,18.30959996624364
4061,55.605561054852906,19.830332921372108,20.397867907669045,19.02740424395691,22.285681082243755
4062,39.37761289146254,18.866946441541426,20.864330016363546,17.62700373796437,15.953228872165985
4063,22.7648490535912,16.501371516269227,11.916767824641672,15.514287097716837,16.779413992429866
4064,59.71315767522668,21.41569280721823,18.750743996051842,20.95700714185226,21.259943909059146
4065,54.29915185377777,22.33809742917779,18.972039517778796,19.85900726775252,19.61740285986701
4066,70.91741778211126,22.41835535510037,20.25985290661412,23.614738629351184,24.593741357565392
4067,56.18907296009505,20.546899472271065,20.629427134934524,23.96595241174078,19.74469719666455
4068,64.8011249138944,19.907342339972434,23.457095641052543,20.876839081857252,21.512851567762784
4069,40.03463065975046,18.549966833555146,16.909241536460385,19.301769941092655,17.322035564327308
4070,58.68587971413191,20.209282638659115,19.152751851300845,19.529866595180366,15.685192439475404
4071,62.707577901372304,23.131427137173212,22.0413058340233,21.531601608963374,18.91495729828663
4072,40.49631894161851,16.143110445803202,18.787492479028597,16.141839693372773,14.730434724650674
4073,54.35147326524966,21.89408022053693,18.775953548468053,21.315199888295826,19.179839591946784
4074,37.714919260590875,16.40638151060524,19.432614201017202,15.98132864636514,17.67626821610397
4075,44.79245117606205,15.079543642636876,18.511156299162188,14.07040782026023,18.085189370466928
4076,35.19110296864623,15.95347044470367,15.538708469206629,16.092636245794793,15.382067016945783
4077,45.42910610299727,17.869262846899232,15.827805843299691,17.63619141292621,19.77736009090565
4078,81.51391068600051,24.616762829650543,25.085618343022798,27.101886473146234,24.517598613986394
4079,34.62154773685954,16.691015794539492,14.969095165909902,14.92148191032837,18.20326301649893
4080,27.450046849750347,13.298125997767952,12.537832837614815,15.841597104273543,16.03072474494344
4081,68.96045290412958,21.985094170661245,23.793308651920878,25.349321895752016,20.722645941907142
4082,45.39508325925348,17.3695647624466,19.222520233687288,18.064476695723858,17.533546663533393
4083,52.98370519628026,23.57442118038923,20.44170259159509,24.18466874895572,19.452996738799627
4084,45.71781721764215,20.534093135948496,21.29423135227011,16.46844849926716,15.935243956295153
4085,57.94442210259698,22.46387913470558,23.834128463102267,20.335654363719915,20.246276380630633
4086,52.5499017873498,18.300683052710532,20.17603282897717,20.815338598747545,22.820242039210328
4087,56.51190288056445,20.028145560443736,21.846035936378435,19.30983837054344,19.864511300154017
4088,73.58132321264831,21.5143536481181,25.887902729851795,24.62248844634625,23.29669966337944
4089,51.77279745115897,21.51526555997002,23.000296864461724,20.65841292044482,19.420882199215093
4090,46.68226412853015,20.361687453903084,17.39778030595431,19.018509143525137,20.79451517940214
4091,44.77635900461402,16.46663746799558,18.612637040962735,16.894997590123513,15.522904714008986
4092,33.33023820090183,16.52369276410868,13.722926537166977,13.058957855665762,11.031585357451814
4093,64.95895084829792,21.250699066792052,21.888751638897666,18.443431730680054,14.321610034119868
4094,39.237384242883216,15.540634248112209,12.583234000034086,14.170767173814749,18.68193724750656
4095,40.05367180355478,15.682630334916848,17.57813158893669,15.189557125426006,12.851915385848729
4096,51.97944705807755,18.447650466384122,16.643645633602073,19.044826245298005,17.076174974263846
4097,53.886380114613445,19.679363923321798,20.324093841085556,22.49512366638876,24.33740246084575
4098,56.961213996260916,22.488717874125214,22.208779625635717,23.2594902200518,20.782547099255464
4099,37.29877026374576,14.619721391565982,15.208546401508169,16.465362547622462,17.71155710751498
4100,42.162495737770826,17.633946995318624,19.488613270951163,16.05164771712153,17.717488252764014
4101,55.78305688451588,19.303689295692234,20.247967960342784,20.65412406050652,23.235884787018282
4102,30.525917987895053,13.981603799737286,14.223770260413051,12.277171593701794,15.60696954576816
4103,50.69124416609257,20.05813507210356,17.156474341486096,20.9082402062846,18.608202394386723
4104,60.42057029153922,21.22984056167915,22.94915658852507,21.808822215294853,25.186075954323677
4105,45.21700574914625,20.550985969168163,18.562646591825896,17.373438549052697,18.09332402127885
4106,39.38948001727988,15.45226340539328,16.362051968827487,15.837025467432051,13.329212121531205
4107,28.712266478103622,15.110628898614758,13.71625702313262,15.225982255126466,16.094504923822296
4108,53.28165029262048,18.401551552095672,22.19366054918814,20.111651499553993,19.214861524348013
4109,48.54097957094117,19.45831628660153,19.07642778358963,17.317764603729433,19.839395882775648
4110,46.75736984549911,16.781826856023176,17.33899784745419,21.330421442263912,21.62470148748698
4111,49.581990878392254,20.51723524622532,20.8599720869793,18.560774348533158,17.652596826247454
4112,14.916120997403064,8.52036548080845,11.067380223561427,11.772124552327844,12.717118387457424
4113,33.52472157660958,15.764552044274648,18.176718011505347,15.618777228149726,16.7640486674082
4114,25.07730827137258,15.207025656905735,14.34300594598674,14.380058726398039,13.143516855757111
4115,62.54510548166634,23.61588852826686,22.05750164934165,21.315413074601903,22.47164792514495
4116,44.37616910168095,22.026924244869587,19.20591036187735,20.539587775692652,21.92301861680976
4117,29.976816148649014,14.31140163513793,16.429194705185896,16.007655226628266,15.990287677883845
4118,71.27066839110242,24.087523014321764,19.370676257213407,23.068246274688654,21.051227317881466
4119,16.1156050307547,12.895674892849204,12.252785911634657,14.188894652381096,12.652968602820586
4120,72.54426315269512,24.743593612539208,22.63587002400652,25.465781714395344,24.30542612375254
4121,51.03458651288091,21.806114773494112,20.56431913224865,18.392807040855338,17.565314514741356
4122,65.20116004675421,20.010964956400457,22.592140903260287,23.53796246596662,23.365802889757077
4123,43.64005402656204,19.078614451771898,17.802528152664525,15.550102296899793,17.195173982855522
4124,47.60822548484649,17.664205044450846,15.467159624812007,18.304396768802388,20.5771023684422
4125,67.55157631778253,24.621799861316298,22.89487905245786,21.572890639949925,19.3609424040187
4126,46.39595784932049,19.715226434146103,17.939775800197047,19.22269852379406,17.198483713068097
4127,28.98367047375891,15.713897681796652,16.204588721781583,13.15206973724802,14.868701024674671
4128,61.808587267804974,21.945767207857457,20.055544725717862,21.545353739191924,22.99869393623845
4129,32.162301935174106,13.994892205426437,15.058908367495798,11.468016558356357,16.6890477408731
4130,49.71572890950065,17.681063980604442,18.42731945130072,13.34989464965905,21.610597138608387
4131,50.20610765825945,18.528050712520738,18.164262539911494,19.111338424894253,18.52238577327009
4132,70.81733537825531,22.71782624899988,22.232443889231984,22.5120442833205,21.275031640894397
4133,33.010019312708394,11.921912824234855,15.104204283079211,17.45888800189419,22.675939112615506
4134,35.51017511760629,17.69943105259821,14.120232112139153,16.30036577054388,16.99714771535386
4135,35.833381891760595,13.898603604980497,15.77902265663683,15.096571264238706,16.621556605126074
4136,46.14764193058078,19.047316913322447,16.39321741929188,17.893586132588794,15.262391008029121
4137,53.40346902106414,17.671791763783997,19.259134734138218,19.357790557513134,23.96835175805718
4138,28.66300290947305,15.163416072692772,16.386447816652566,16.445621460759902,14.2667170661993
4139,50.61372991716283,16.784890375815273,20.04945754299492,19.196402577211813,15.296604048137139
4140,23.60986555176395,12.699506552282635,15.855598862012744,13.061929001872675,12.267027236583319
4141,38.34151967321425,17.231938477418787,15.315382619211235,15.54252283824242,12.144129745620456
4142,59.96446830570194,22.06689774487212,20.271550964041104,22.360292842472358,21.858625120300623
4143,40.137997042272985,15.10214194573505,17.537577806010088,17.401243260946472,20.12743668330365
4144,60.00875661212136,22.148587275334542,19.807068246583068,25.3886741645653,19.956647887693343
4145,59.782340542787296,21.612293184185823,21.718612822257136,17.53604450137221,21.527002961510817
4146,32.81283398337755,19.194264817037872,16.71530720932917,16.703805918605642,13.872629125955893
4147,42.027259174862266,17.692549021255154,19.424594040459173,19.802066932197757,16.5122691403575
4148,59.80743325053761,19.163283980238926,22.187212938001096,20.324492927491633,19.289252820382945
4149,55.76204567255322,16.24068145850254,18.559176173284637,16.61487908156544,20.449034275146722
4150,37.568157655246196,15.367482884438518,16.480328332752187,17.013446675877514,16.416118791516126
4151,61.26806776135085,20.612136818187444,18.761591321608268,20.119539364091676,19.81626694527785
4152,58.319903685817685,23.11883126592947,22.270703635647884,21.29764932794133,19.77299164248506
4153,66.09144870220086,22.65325109563232,20.95667596346509,26.15077517063794,20.944361399836712
4154,81.87140412588758,25.414804085766146,25.56700221336836,23.890513376434523,22.492580747301673
4155,37.65016589850767,15.149063653397626,17.59208335075738,18.421414927066067,22.943794256512017
4156,61.08026434084171,21.952468812497262,20.661324061883885,22.532377921395288,19.400111051655564
4157,48.879877762070585,18.82778571195961,21.711711882222797,21.77370543480273,19.256548363228816
4158,49.67825123266168,17.243770277827636,16.999690617225053,21.875303535228483,19.398022341721113
4159,71.17691455159498,21.41677138448965,22.405304802612772,20.88271574144118,22.658580167134676
4160,44.15014611446358,18.22036060311125,18.0589248180021,16.67832442293685,15.919810717965484
4161,45.098773763446445,17.69416889850327,16.146042579450004,18.42612200126006,16.684206697105857
4162,50.98541188959956,20.271406240015885,20.264251492065235,19.55774600860503,20.788596042973918
4163,59.61504439113025,21.866798969702444,22.119686304164738,21.30129022422767,20.868265971832347
4164,52.37194612086227,18.784333132323955,19.009762827014278,19.46089637013716,20.238993410239495
4165,27.488945428790196,11.570550969878596,11.826942848561684,12.870881085753258,12.834165986739471
4166,72.96012421518174,22.796399600543957,24.997463633853496,20.33828141188502,20.23161656294621
4167,71.3477337667178,23.462640590501064,21.61853415335009,23.328092223103692,22.445445229978883
4168,65.70303393671108,20.14419217378306,23.155839722196504,22.735485886822026,19.058069432731102
4169,29.016713985535738,13.089770264372824,16.669122896901953,16.243879490139925,15.321397705673085
4170,56.734349346504295,20.9003120913032,21.6221527147479,20.76489629468224,21.992808107416835
4171,48.05064249331723,18.141143023241256,19.790965510823746,16.56168876319219,17.781317325860435
4172,61.71411255042667,19.38158358028127,20.638195117030303,22.11889853237301,26.248199419644457
4173,53.61663558555183,17.934720378203036,18.84419425493865,17.06481899224155,21.550910770080698
4174,56.45100530059809,20.750793899895864,19.494258526877335,20.593754983790447,21.748422664319822
4175,37.95234681110482,14.507148515382044,21.347896251800496,16.874134986610702,19.430876717406527
4176,23.876182346849745,14.588011154560876,14.359243867031417,15.144763878600525,16.4620118291373
4177,54.77900198361979,19.740288593065486,19.96776760944274,20.209375228316436,17.915656048158382
4178,38.69159435209507,18.323096512817607,17.508221373190196,18.691606582628612,21.52090390135389
4179,36.71863482565812,17.09505100580653,18.593816566386636,16.852466374416,14.475147734354318
4180,36.518904303744456,15.78003887044653,14.779611300322648,16.463042723847924,16.735071151373425
4181,43.51769992917844,21.244085683359742,21.758414905763914,17.230542417417624,17.14608717350195
4182,45.11064771231914,18.835285103009312,18.33770452739245,18.129211581697525,18.718031146108704
4183,43.17631854529098,15.155655894447357,19.61385641604027,16.133671149104217,17.276033375828213
4184,47.72201911405848,18.429221099980186,19.558344284337743,18.872230297339506,17.350806856191387
4185,62.40865022434156,24.999976085003176,22.31883227947839,21.908542508801986,21.06421664752365
4186,65.47614462928874,21.266165769250854,21.04452263252208,22.79793763882721,20.250728949825408
4187,33.85512744228307,17.28164247328767,15.855423314250837,17.58387359314663,15.058730131731979
4188,31.845292522112278,17.826652436424936,16.63920492256642,15.904466668759062,18.21306078888857
4189,50.147986783573096,18.694244402902573,17.55063301556136,18.00071150576207,22.09181042782941
4190,25.43246254848064,14.74301866885571,13.046926853749433,10.946412798569044,11.911178430499518
4191,38.299345908328064,17.003223560566095,18.851109145113956,17.135066026831044,17.421843262819582
4192,20.556180904260778,12.4382143066509,13.97210914863179,15.527325099173623,13.598308617479443
4193,44.369842542665445,17.7103797284553,16.028085763141274,17.021877877611214,19.031717569301552
4194,22.44295620676166,15.938868763091666,13.599922223944013,14.064203413325254,18.19262717887692
4195,33.44564758893172,13.479954516343135,16.55267007960323,16.163795484903076,16.50160125387341
4196,56.46472241783766,21.833844227408377,21.028530202113508,20.074871409289802,20.197816367154118
4197,59.59284027891979,22.888942035058246,22.395276294398546,20.87664522084752,20.46610462837711
4198,42.38775671860371,15.526734918100015,17.12101072939367,16.606818435076843,14.955701683573169
4199,49.75685617795293,19.744936845088926,18.75361965115169,19.71816219618675,19.044197583762525
4200,27.119076648143096,14.867442092915482,14.378798333876714,17.366059260085066,20.17485736411778
4201,65.4918450374959,20.998125330635165,21.12593721409398,22.999894069019035,21.13346911740924
4202,73.65394117302375,25.038693599073728,24.146098656378687,21.609135614295894,19.346543284739766
4203,28.011175181070442,13.890415795700804,14.572268916158105,15.539997482381189,15.12839570792459
4204,53.2956505943367,22.57365460866489,20.41762223316391,20.89854714098632,22.669790227454342
4205,44.35509538494625,17.22853466316712,20.240522025864824,18.01524558904263,17.051957646289264
4206,44.52145529197562,18.78759583019064,14.184960907518454,16.904513831222125,17.247305095161618
4207,28.320806173087693,14.978889453918155,14.82399992679545,15.846269809526373,18.125460386502226
4208,40.02668169384867,15.445683445997346,15.279361405377493,16.960748948206582,16.934966839660337
4209,55.62378959649783,19.83973201555827,18.547200375064428,18.525031858473074,21.994661639860887
4210,43.207222753552976,13.665613871827361,17.894687246359943,16.84917023713845,19.281918483596385
4211,39.07786121610904,17.42762116110668,22.460918247263553,16.64487235119477,17.66030690810156
4212,59.45632006068323,21.592784720169732,23.676728049829713,21.589645859975274,18.445746731024904
4213,49.46875550083804,20.03555876335382,16.057606026183254,19.169433956568273,19.405614207534544
4214,37.195454974634714,15.643909910916488,16.01933994437341,18.53986468603513,17.451154647852643
4215,48.19769318461967,19.88273804529885,18.744532781150596,20.427816555307466,18.868703485237337
4216,46.2376583697169,16.022369331015547,18.926058351005732,21.02250305440073,20.546799944827693
4217,34.71330009998151,14.885955031754094,16.25934546014384,18.765091450103277,15.509375881627218
4218,52.87661278301757,17.81336187552946,16.16387469593042,18.50711980134819,18.19934373018029
4219,36.08065576746361,16.78995716264694,15.268648274574604,14.643757104185237,15.857870876699021
4220,41.67613506889617,16.822455656414988,17.467007197253672,17.82647168534132,19.249668293649805
4221,45.439600679091775,19.674049807698776,19.34416745843253,13.482965699536054,18.086308426437824
4222,32.13185461698669,12.298784231463056,13.313508526054331,15.84496510769843,14.924049173984121
4223,35.003458225623696,16.06809311705145,15.062036244191976,16.382857141081516,18.742429614777695
4224,59.2641572664211,20.393639979330352,21.035238302110024,20.472095216762572,17.738350307254954
4225,50.35678075893307,19.835528838148097,19.565910389447662,19.549904103958358,16.968548628937818
4226,42.46524334987035,15.171710243489503,19.42210843611379,16.62854792885815,15.931870907289225
4227,36.840327427620004,17.93806102297404,16.98730909244282,17.643481427172134,18.17612098680585
4228,39.32208900616704,18.383157951581854,16.15776092141231,17.002238493646097,17.91443861331394
4229,57.6332600400444,22.292488354526785,21.095634316377872,18.932833092484838,16.876057964913507
4230,27.150832962699965,14.629803650481499,15.326768704161601,14.308424772636709,16.28960119170118
4231,51.680736609476774,19.857921102552528,17.72439766511044,18.113761139746398,18.432621987585055
4232,38.693007338931025,18.631181234361403,17.268445220700016,14.100930203122468,18.07120780904277
4233,51.5125370525428,21.99355482814566,22.93170894065377,20.793582100134792,19.218034847597018
4234,40.171037487581096,18.056774309832747,18.734736469084623,17.17896118468825,19.84989622700078
4235,68.21687155428512,18.011437001151513,21.1160959664561,19.232079604265785,22.42779643679635
4236,38.362558680726,15.467241112856973,16.019953900796544,18.62051992225071,15.445770875423555
4237,47.09316476126651,20.686661425887618,16.618747668335594,21.48855715269068,20.22964730400363
4238,21.717992372134525,12.384551970750044,12.940564588814388,14.748711551838383,12.50824994860335
4239,56.28709163750077,18.38394909995572,22.880207913654004,20.924519508079612,18.487294791174094
4240,40.62565610103107,15.809626045351292,16.757598452760153,19.09721379213325,16.481933115737323
4241,50.246123279554745,21.455185233035287,17.63994055730364,18.327600410763072,20.510683333903252
4242,42.80167856330839,18.982188527227713,14.839484236369763,16.400180049955093,16.997995356277098
4243,51.82891967907541,19.365880265588782,20.881475884795545,21.832718080337322,18.522671894088216
4244,52.09020145808192,20.66549071613686,18.19678421530559,20.546619069788292,20.2863655309389
4245,67.553522536027,22.087798229142997,23.11265882059649,21.44834555498432,23.00693356634059
4246,60.803813130562126,18.322701297141744,22.509952313961872,22.76601304014215,20.793548438860622
4247,29.677503354066044,14.123550767060339,15.381140499952389,18.081104232127107,19.326405714819472
4248,58.855625642969436,20.22163205012922,19.609639440379567,17.1134454845804,20.210462122027742
4249,63.47503033404429,20.412567970484346,20.93021405274432,22.39784292587947,23.438211510461407
4250,48.37458041686556,19.69781784404008,18.24258515675906,16.39032202056379,16.610385152050448
4251,53.05418951027576,19.62017664296932,20.118510334743778,17.67298431081568,18.11033097711731
4252,78.79963460873375,24.146040219517122,24.436876179588314,23.88382533407987,19.271142055452877
4253,22.357722425091445,17.155976439600348,15.250348975295221,13.991828485850602,14.691516832669764
4254,48.38290437553556,17.204492921282988,21.045815759640416,18.650177602286085,19.15393624430271
4255,59.266116871126265,23.155631996164853,21.806519613102328,22.250362534143964,18.716289396978677
4256,39.073855260568266,15.537875376623381,15.678336225962878,15.392759108391203,13.298557392981182
4257,67.2749286122607,24.5488964507937,25.50622961689455,22.35892760186024,20.859431738699943
4258,52.61852346325483,19.198437544954583,20.926515487084824,17.789550948614764,21.358333993504957
4259,41.14112552679224,16.96863414650316,17.378873809711333,20.172463762266393,18.514955999019016
4260,68.35518074634382,22.052219906346618,19.527707788849064,22.812427274535604,20.269361981762078
4261,46.88381603989708,15.949824388269366,17.018447140455855,16.566179515664214,20.076021029821586
4262,46.98341817775285,20.153116202379543,18.383507232487872,20.724196045937166,20.138523450874395
4263,39.77927583023623,17.78044088310822,16.365072959387795,18.145321259744218,18.044517114538227
4264,45.6487358196352,18.626778768817275,17.989123913374566,19.073697120347862,17.422093830273866
4265,45.67072864865633,19.322652765831872,18.93392272063592,15.203067958955904,20.43483049921976
4266,57.092894310279284,18.13492355928891,21.862833707563418,20.49765464483628,18.173213918668647
4267,60.89744732427431,21.215586234390006,20.579019572311143,22.098792427440497,18.9306544235213
4268,34.15352933016255,12.520531632445463,15.745833794464868,17.630393226866904,15.424198757485666
4269,35.304067190703954,18.558235536618266,16.205739292890026,14.163474913780775,14.706122744200595
4270,47.23199331043518,17.370969094239992,18.328285252482274,20.66556023839751,14.512348883306615
4271,40.65170621152323,16.77013589872816,16.57515889383157,14.916358108565928,16.884510632700387
4272,50.501076264500234,20.27785100338547,19.622893081737374,15.761313284492179,18.416373104981574
4273,40.95031889897772,17.461350410745403,15.628139535309554,14.641019206529442,13.96552994651362
4274,47.66199951498296,15.966554381954003,16.52866812798772,15.976799304996478,20.26331986798218
4275,39.243946179358936,14.816628837974026,17.977688320370586,16.454156708303735,17.880696898671015
4276,63.391061794112716,22.45218992520327,23.068715756843766,22.911427353024695,22.26230549806035
4277,32.593108273382526,13.764530644079183,15.800476937053606,18.10787263995755,16.181193375371564
4278,50.54370008024003,21.502066548474996,22.275700857167333,20.394562790723395,22.138351392409042
4279,42.18384377583902,16.29749264709249,15.779343820446973,17.047605113669178,18.290744516872095
4280,45.296003150352014,17.660331364562154,15.623250004674697,18.66703539114362,17.10665100834313
4281,52.806871898007614,20.198335546892867,19.76117944267619,20.507200855846694,19.338631621608748
4282,43.9967438627389,20.78907457088977,20.793027361330147,18.426092698893356,19.905298989290944
4283,46.731942079476006,17.752813206575677,19.765603693978747,19.350564700187235,17.10881861028336
4284,46.54454150589532,17.193158074004675,19.648292740547546,18.87358921115865,18.347055862052724
4285,63.92691423253447,21.90174752351483,23.764642464014166,19.409983425823704,19.599870788293753
4286,30.308848338842896,16.53128696791158,13.700047109056289,15.428904958433286,14.188305586431278
4287,57.75695026402311,23.371343178992912,20.502067823036626,19.606934165815662,22.159624607060344
4288,47.55944546649752,18.338872312728732,17.551509836299893,18.17808839550798,19.5985729012848
4289,44.333541847934086,22.870648032166887,18.37720836412906,18.31772492428078,20.512449810280984
4290,52.91409372897222,19.583404493839332,18.74858805531397,18.521177103260616,16.935385160581305
4291,48.057549135126195,17.43032400118705,18.839610653729032,19.192668173590974,20.511306743591582
4292,56.397147316265475,19.480932886789756,19.98759721632989,23.153554353421463,20.900313830140814
4293,32.44598732324642,17.952862681337322,14.12126731248881,13.939151056852792,15.111952034225727
4294,50.59047441572206,17.81521255787829,18.44428413549734,18.54809085374436,18.93358370333825
4295,49.16455420623503,18.41133594617906,17.410208296498652,19.971378013191707,20.313543569421
4296,47.992891488923554,20.19530489898471,20.879733664192923,17.9100441285132,18.262580429523187
4297,47.27574244036322,19.154404600643606,16.83966473608614,19.430591184646104,17.704925861353132
4298,56.31561038875871,23.49869400194245,19.404531589371576,19.06706395790674,22.02217432544165
4299,29.18398209297546,18.099466133632852,15.055944913879154,18.112321085007565,17.276249442824916
4300,45.49254673946639,17.97214561646917,19.14316352951883,20.86318405437456,16.695854853803386
4301,37.584809300480686,17.31106612822918,17.029579379115155,14.811127543453312,18.409809882729654
4302,41.79978274329013,15.50186872937909,19.050345901280856,17.596602191968383,17.650021061613245
4303,52.59227542585806,19.59474864446785,18.655502419980795,16.90889497756543,18.778474911199172
4304,25.31670863120576,12.973134410743086,14.603417965596519,12.487578552908552,12.705308664500068
4305,33.580713529093174,16.425862359121687,16.145010689335017,17.74118688253357,15.868993194655175
4306,33.57001874636271,16.989224997434494,16.048757901900345,15.576266831138915,14.951382388646891
4307,35.12657601371429,16.92055057005104,15.543767515452071,14.00306517497312,16.474689175694447
4308,47.72172991142713,17.965412588160337,17.198395676138965,18.27231017116035,16.61906504118343
4309,48.27126558252663,17.921112440828914,15.72814211935232,20.30645172938885,17.080372237333577
4310,75.06614910390029,22.556953833407274,22.707294194621987,21.84063163804191,21.75253528286792
4311,70.78879634249996,24.933507408388504,22.63280138083998,23.310920243288546,19.531205689719247
4312,54.73462952618886,20.992443984379562,20.813917392693273,21.39316802069259,22.99230690919798
4313,45.082119681094866,17.569114796195215,17.337108918603928,17.178484645972887,16.233251290248216
4314,58.39182363721921,18.443803297416412,21.492967606603898,16.533739190865024,17.35962263109794
4315,48.70574658234838,19.977297624998087,19.927718151167724,18.796059441593297,18.526883027184468
4316,31.514184726884416,13.568865198958283,15.928675360834102,18.10915231144858,17.482927274995923
4317,64.45072966482833,21.994041097854616,22.242832928543177,20.491500783287663,19.74513437089129
4318,56.80119706317656,19.090734797603403,19.272366691804987,19.99537535792287,20.704285469791742
4319,55.506026568888366,19.677296722319035,19.921205455688582,20.077261407219535,22.71872005022146
4320,25.572651800586783,15.46736578378293,13.850695075214881,13.228859212448272,14.440040608786063
4321,55.52369436883573,18.626450246324644,19.740033701102593,19.213744885251764,19.376661704622077
4322,28.6577137646643,14.814455819554539,13.35169087680883,10.988264963192979,15.085949453752491
4323,51.247355081796954,20.705422178032908,19.5597901691673,19.70685750563196,20.698893907087292
4324,64.52086709092333,22.086493211308397,19.43887728061133,23.031155976458958,26.519414383218226
4325,52.249246020617655,19.813447492417545,17.385188922151453,21.940146796438174,22.27007884399504
4326,46.15717569088964,18.65520986261697,20.818142793041975,17.747222968133542,18.86975554610234
4327,42.817254420782106,17.420219213180143,18.810427829755348,20.2068999483921,19.647646442008135
4328,63.94595008171482,23.32056150978806,21.498035983341527,22.330434407045267,21.622833143449576
4329,42.810706672103805,17.165447195487722,14.83299232482543,14.862583058127804,16.646586857745763
4330,35.00145731778008,15.551192671194407,17.308032148788897,17.599930828368482,18.497541239607013
4331,30.115195835049146,14.231546452331203,16.17489733094084,9.676161030633464,12.661051790899089
4332,58.2492591599299,19.019512031959124,22.384607182387274,18.494494403855523,22.07877062361119
4333,66.92149229967926,22.528944341022168,23.135535221848873,21.06145883539717,19.531863991741673
4334,47.4419023940455,16.47455491712513,17.55626082275781,15.22743601496419,17.703025697426003
4335,43.694620282196546,17.33977981639299,16.989756683552766,15.193235681107884,15.432887517374098
4336,46.202305056087745,18.356904400193166,17.87487493931392,19.302662251530258,20.777144999156132
4337,47.093630296560015,17.299101291333855,18.281788953612093,17.28227518361254,15.750255576389625
4338,72.99668160914165,24.77412565213654,22.44805915717651,22.07958571691712,20.44696473782513
4339,65.63334845286343,21.540981974522055,21.08942681052307,21.47224659832782,22.181729073868212
4340,33.48827428374681,16.170931364980213,15.35095325163373,13.183128988277467,15.328744548803908
4341,34.24597722920073,18.958887247694783,19.644477730861695,16.19428946346796,17.98617837294495
4342,46.63684308807479,17.34902605618159,20.696069205685344,16.498863750720048,16.5211918104494
4343,53.8316231632968,19.3374302118478,19.757185963886606,20.588333066804488,19.398773726810436
4344,100.0,29.18560170519641,28.237891632065793,30.255566063136236,28.134245269829513
4345,41.84744744854233,15.234595300952503,16.434755620290563,16.999756538360085,19.036367632390238
4346,35.14237078043016,18.348797392236847,19.467122363164762,18.212273219503704,19.70601311076019
4347,52.12550608733617,20.682820787785513,22.92755380684424,23.63636549060476,20.049218086400835
4348,58.98637666278332,21.32806452112583,18.421387391169223,18.96894571889682,18.387417724327083
4349,60.01927258622256,22.718011322597558,20.707774181863652,21.02036566040725,17.33289577502393
4350,43.13210193907939,15.815174758757173,19.758063819385484,19.298919379441237,19.831006140694274
4351,48.83716856724934,20.103132156714526,19.11383025960948,18.345373332744416,15.319059538923224
4352,46.954958647264576,18.468227121174195,20.005567077398684,18.378622361358776,19.91200475197435
4353,53.14895885791847,20.533439194061987,20.487072345860952,19.124399108370376,16.777697338308474
4354,51.8345927633,19.769054138521266,19.632527517237527,17.085770170505597,21.750647221122232
4355,52.66738477749949,17.667852242533865,19.790734121726036,17.794887500758396,21.931614742362363
4356,63.5757628665103,23.551959023724706,20.369174178714143,25.162712467813364,23.69451625514573
4357,12.682635186203454,15.231619410980556,13.110276793945374,13.490172282993658,11.444635585755073
4358,68.31586668534901,23.560496091189115,21.549137495309772,22.799199657257574,22.66786141143166
4359,37.65577739559702,15.660285819032291,17.489609661360973,17.433543769210498,19.281182633924587
4360,48.461659604237866,20.621809576576062,18.418619330439242,20.397179342384646,19.55270586542354
4361,25.90093102079083,12.519407164111835,14.882346462240612,15.554427946674119,14.630232972842052
4362,35.394371327126386,14.322128872187676,14.757791409999214,15.368037681682734,13.344369586325247
4363,47.309580103079654,18.50139210511371,15.396474092344707,19.582075015498553,21.96205599941047
4364,41.245848474117686,19.21135883715724,16.26825057909222,17.755972032785674,16.87691285795614
4365,30.273830513866073,13.670470060472564,15.482339600974484,14.049884689326348,12.42024553058038
4366,34.73998469350202,18.59462571280839,18.485663644254586,17.287263417110637,14.412278492781239
4367,58.853361140448094,20.753974272321884,19.401203538583175,20.914733778020636,19.646869705217135
4368,46.235172664776755,16.81175209760645,14.579543462250927,19.1824880426759,21.847688111706464
4369,55.12879639852793,23.29450495906555,20.744717813853782,19.86576013548961,20.366930206318177
4370,64.67313739436234,21.16933320260879,21.64296631100868,23.24783994784613,18.183007180466547
4371,28.413130819790055,12.757949911330725,15.199032429676802,10.139471125919178,12.96709953572116
4372,48.60875678558951,19.267390685489296,20.230626950762638,17.024506439570565,19.1323787470869
4373,73.28233132665535,23.068492574381125,23.82044632989242,20.582593784166193,23.42523579635375
4374,21.607528765724705,13.519735967621127,14.856368421640939,11.557106011851433,15.456622973970529
4375,53.91230518732727,21.10783096362222,21.957189951411515,20.869570841386526,17.276423542747075
4376,33.20397003023762,15.021392824473098,15.211023336570285,12.570852796685738,17.361933188371626
4377,48.77093648945684,16.05518695522623,17.424155602802138,20.0816243690209,19.065974632189388
4378,46.78020207343025,15.814703898037003,18.56550141766199,22.792926402170828,18.8447256700844
4379,61.93715532929039,20.6913443377383,20.650610711002443,20.114673953498556,18.829419474009214
4380,70.50100512212515,20.984458844530607,23.98884301047604,22.38996911960775,23.511155183829107
4381,64.60491979015698,21.818894590772373,20.081325216351207,21.924202427543936,19.456647447098884
4382,50.358688733432125,20.279162729814022,18.000884039555245,17.82106626498691,22.03800406106486
4383,53.18493258330553,17.968331548819933,20.63419535497426,21.203993978317772,21.748035999907895
4384,16.531233759339454,13.368576763013586,11.965172886624913,12.375940310016722,15.144283983227897
4385,56.2506811428497,19.687595318898275,21.83191578688779,22.60477289352313,22.582273798083445
4386,56.22331679349292,19.80625187818173,20.87553212317585,20.33045441979392,19.21094894746036
4387,48.51298782723579,16.255826232120462,19.940065522671375,16.070260008854167,18.54070937957001
4388,41.13639215193682,16.850469797630904,17.45645185493137,20.054619091940037,16.785784192256163
4389,61.35958897581375,22.15004877252779,19.44104182094097,18.89804690757115,19.963510782817544
4390,40.77245698389628,15.2981342335515,18.74533086834079,17.803106125400763,17.638143564510514
4391,50.54501601067568,19.364698986856553,17.408231881881242,20.597976293128344,17.92450246046783
4392,34.51877015085508,17.160662788664023,19.611510507287193,16.36446299855661,19.749687728439593
4393,31.544642018364655,15.956404955770223,15.599053088474369,14.285676053530874,12.38001397244782
4394,41.92329995778391,17.19282412132255,20.028998117584838,18.07947676427669,17.282300267419327
4395,40.47899164883738,16.48610395525912,18.406920040067792,17.239626974400007,18.53577076907046
4396,60.93541320868579,24.600103284984428,21.83274536996632,22.80066671936502,21.64517733449082
4397,49.0889567557502,19.49416935771972,17.293274569388412,19.35045488969527,18.739154968386607
4398,53.137706047821254,20.70161733328038,17.563615095275164,21.136193384106623,18.86683159385685
4399,25.53175194704611,14.021172490897744,11.917488669803001,17.067016299715497,14.504096924843566
4400,35.05821337724118,13.52155002071802,17.246302971935158,14.205046208165163,13.965585968141612
4401,21.025040518336148,14.39313339762893,13.217399904611158,15.114902300340736,11.775533509869438
4402,89.13261409065802,26.480401859344497,26.931680575394417,26.7545017359956,25.313153898335568
4403,46.07527886682139,18.8240224979572,18.77503125463437,19.04018535721003,14.719462440227323
4404,42.728044717871924,15.945778919351593,16.713427013271176,15.366406206069264,14.940067057121283
4405,47.09256747143765,19.420218221468904,18.871972219050868,18.17939622706527,20.42291476181132
4406,62.57475156258236,20.234862748621566,20.199731029468083,23.68628998394649,21.624704552226365
4407,62.38773331478854,20.39800928147724,21.551518151649727,18.946678421930347,25.25561052868173
4408,44.97023432606072,19.835943282738576,16.658990174487833,16.159769600553,16.82971819119533
4409,31.143504167323787,15.736659130534914,15.480477419957115,21.506293604534854,18.92115850882774
4410,57.275798229276354,22.0276357509805,20.78601612245717,19.952329045679377,22.23598631201988
4411,58.5124932475113,21.514382469920726,22.275569979271022,18.815153545060312,19.096033423332457
4412,23.431162582817738,12.544135714607815,13.609807301664661,14.743700537783482,14.61983598873712
4413,47.4411207825208,18.513850362865288,20.739824088085996,17.754727339184612,20.540022123250107
4414,54.36530152583816,19.592165579965414,17.70210349124656,20.062822960317497,20.388547205526546
4415,40.33911965132724,16.26385554661363,18.090464585831032,15.215785893973221,16.849705338829985
4416,54.88493191681355,21.761138534309634,18.44396249127725,17.65839012504481,18.46942454319872
4417,73.637248105734,23.03199358577649,23.80095099251772,23.02565749520932,21.472920871309118
4418,53.30122498132616,19.379951477079782,21.990892493962534,20.58939528593486,20.062170220953337
4419,56.64491551224583,19.563966411520113,21.035880494061836,19.673933319239566,16.941851638056804
4420,59.51534495554044,21.172340209227453,19.557394572123535,20.7940988512535,20.811708509500843
4421,39.05034717393504,15.829874207713688,16.703895159292294,14.514298757291774,14.36999235450482
4422,67.65446717157077,20.353255456394898,22.84831189737273,25.05813787627739,20.249441639292385
4423,29.714082238404604,15.22354602949838,13.397136529578056,13.683193368364876,15.31130941684652
4424,58.86135968484838,20.22231033252367,21.875559577941445,21.23524439454844,18.856282719238493
4425,52.15044860179757,20.7312934807909,20.094972749946756,18.783293736364108,21.44151513831779
4426,56.75026668309745,20.122410897948942,18.753205605534255,18.363459954843986,22.10411811135882
4427,56.408943679572644,22.259187734384053,18.567037856010533,18.135621105241608,23.299842076871876
4428,36.17368344670371,15.830676605239793,16.092838644620237,13.60841807730929,17.296395825791706
4429,63.68128918456348,20.85644253903987,24.08488491717913,22.29443744140502,20.529909748306732
4430,47.44782896827079,15.948261961523341,19.51849986691195,16.75805634615303,16.30765845847641
4431,78.47913324476997,20.95981063601033,26.58273674326064,22.28151125598569,22.75262899613929
4432,18.653783649224255,11.710394441153328,15.219280052854499,13.85629861244539,12.273635751247351
4433,21.523108038289887,13.038884240836722,14.339615084266581,13.12827934413542,12.061558532186279
4434,31.481604882083282,15.881036609808845,15.133629617622576,16.511168763210147,12.42805466895792
4435,46.672105238203734,17.296508996416406,17.267042396170098,18.17076024197332,21.323685494276628
4436,19.72307478979536,10.509006852485147,11.952821205607195,15.537246481748905,14.917952168823106
4437,40.766796698969856,15.697192059359356,19.279022504129653,16.485187062105354,17.388648914569696
4438,37.405022713474715,15.627873392250121,15.401399770402056,18.122498879432374,18.917942576056696
4439,41.45842605465652,20.014704737840912,18.772250114866978,19.479850156890603,18.00396513639645
4440,41.180748735397124,16.14651569793409,14.026821964656083,18.50643904952464,16.74945052983504
4441,25.939305897722765,14.984702456033341,13.09128232956747,13.44334029483889,14.663728411620314
4442,55.09246462700516,21.6628674635676,17.309047592332046,19.329460165813966,21.04117928135637
4443,50.48273453035602,19.745087778439213,17.372391370653336,20.106647064021928,18.340134796195954
4444,53.080693514523304,21.452971086908555,19.83326966599634,16.402733486452743,19.46969789151473
4445,40.67303065913943,16.14143934768976,15.987839499054626,18.258368467512756,15.10099379233387
4446,54.717276582112696,19.182790344509186,17.90175295478937,20.98271574961038,20.227952533490775
4447,29.406263504789514,19.067037944242866,16.774001036690876,15.847040750048102,14.25826708709535
4448,18.729194422096096,15.939823686103264,13.75610163242547,14.589426749919514,13.79642526388031
4449,36.5112257044951,16.885663993903563,13.015350843583676,17.021488155496904,12.928079753107369
4450,73.88047270503759,24.35049031686649,24.28663095700923,21.237297547055014,27.495319277851927
4451,52.80311995261181,18.680448215979652,20.414098969420703,18.285915448533796,19.19747357066813
4452,27.748875698936903,14.771229888736062,15.095117922955792,16.907799755886504,17.156984438072385
4453,51.47047088893781,18.567266176726232,18.676804509876387,21.722399645849915,17.756472432444905
4454,45.603016517049184,20.29789093185018,16.032320289150483,16.876184548245686,21.633541251909172
4455,45.04892558238601,16.153283129750466,17.427259637497507,16.759295708664062,13.867376725911317
4456,65.05560034221952,20.397393503942663,23.31070680379664,19.687105789540503,19.950561042475673
4457,50.89383745767941,19.255238310383238,22.869596701567506,19.076892151895528,18.45740936789691
4458,60.90724460858921,21.618598149509847,19.958309445131587,17.792013404713177,17.654948705925637
4459,60.56161721170354,20.75170838837282,23.18048464141605,21.359233611517524,21.976226277825187
4460,26.366174565643803,15.624747268783702,17.634683021652005,15.789510448544698,16.907137066846328
4461,60.32641523143562,22.316105576563114,20.30883095503515,17.916414059896557,21.65222044299482
4462,63.36430004622133,20.54464204503803,20.389910261334762,22.39577824758591,22.052948693934304
4463,75.21843107422006,23.0077822778746,24.426142237824386,20.678657566774476,19.032864626206113
4464,47.6450031741224,18.844606325758637,17.599011328305885,20.07704735130393,17.248886822792365
4465,37.28807183815579,14.6629869418368,16.348893312491146,15.418130741450831,14.71071717122702
4466,32.63065241400243,16.34565022646605,16.779087633686167,18.981059157084466,17.758179831844497
4467,67.26691096644231,21.200927269461246,24.478382022925373,21.035080577716258,22.480566648346077
4468,39.507467211779534,16.625517041832246,18.577056080402585,13.085474583268523,16.001312462293818
4469,25.098608891904806,13.950354253550996,12.644092790567916,15.305952442235519,16.936583190290488
4470,69.16457391482925,18.415021845051285,19.603195095934204,25.15207712952673,25.325143708807595
4471,36.8697445455714,15.34808030076545,17.300558994833295,13.915527606879458,17.939473969481178
4472,36.34279070686315,17.753450716965002,18.83943262530827,21.73401314706122,16.72764807335198
4473,42.66263785370186,16.55981614862345,18.72319643025695,19.468082032808447,17.924097695245074
4474,69.8775932268568,23.85399030930475,23.08442935629356,21.688342810329694,20.656574169639967
4475,43.960002883691665,19.782041280509862,19.1606593321936,18.47911284392391,19.395847431227512
4476,33.56790574997344,16.53513648029758,16.90975043625758,18.582250416565163,15.611230637482908
4477,32.846831294394754,12.904671856685733,14.764673155449435,14.12905949581867,11.26520550739701
4478,36.78904069996838,18.464728928162952,17.126863449963622,18.720175064744268,16.491546786996633
4479,40.68966686647241,15.361117055604405,17.338773294437654,17.016245336499576,19.233481930833342
4480,52.92689695297338,18.709320273437598,16.866319319631817,17.735959451795,19.13829481625128
4481,52.08674602082889,18.55315524075337,20.04815670009817,17.599614396917897,22.103402568136396
4482,59.98504092085176,21.82734826258088,20.278249655331052,23.158478391895446,21.36973927272424
4483,59.70634833602815,19.85567966001225,19.85506175647445,21.20070858848354,22.35653693038846
4484,39.85180679105526,18.91033763953041,18.30660808980441,13.81203118770659,18.074506704534645
4485,39.53546683708635,15.317424153827135,19.566188573890326,19.284438217015655,15.517218068268233
4486,41.261615392942105,15.492132136589,18.37248509835615,17.59836169704422,18.91296649120781
4487,53.00157610559686,20.72821878161667,16.54475951541051,22.126514403257907,19.324789597504125
4488,48.12752099528535,17.4384455276373,20.28311216429456,17.698291604724446,16.365912916204874
4489,29.865799090913942,13.980845721619763,14.484579332059633,13.201864293844345,12.231004134114421
4490,46.5221892378108,18.7590208017771,18.86341160739163,15.082337961418828,18.61908453397749
4491,56.298810766228044,20.400300473437994,17.877923790124154,19.420557206132838,21.142640827782923
4492,30.33423089927114,13.978557994937864,16.427799620998844,14.195668998322024,17.703595964764634
4493,21.21600457350287,12.649548938107227,15.799228018435668,15.532152033845659,11.733952217626744
4494,44.87414614463002,16.644321621348887,18.961766664932984,18.803796124356754,20.673346638493946
4495,40.06821305104317,16.888362783439188,14.159732633262363,18.880537612910604,16.641767500504592
4496,58.34499272852261,20.268579912452555,20.955295854264303,19.783505619550645,20.4429398464697
4497,45.90712830587725,16.3389196889382,18.79037557433608,19.19319180710514,18.706351469538244
4498,22.67276685010175,15.58506354662083,13.627661672130367,14.55035732622015,9.980822249691883
4499,36.287146799254764,17.49508251341264,15.109359492150315,16.43456058430368,17.775961065750458
4500,43.91526272496157,18.620801192683356,15.397869734756835,16.991575377182556,13.549540710385843
4501,57.90999840039112,22.53008125287426,18.199788914737233,21.40965237397702,25.21193920255011
4502,32.56223767009791,17.712097296763524,15.353237587908833,17.123598622754432,14.465649768298311
4503,57.85430663744169,21.643758586522654,21.953884975273283,21.36245504832524,19.087397894578288
4504,53.64355858103398,19.237313721270294,19.19369883559429,17.411244495264246,16.05629511143702
4505,33.77617914311391,15.83934204648577,13.622831260353637,14.402913784746518,14.34949727165552
4506,44.05985055064109,18.2653655824252,20.428676705880083,20.86430179463452,21.363152033546022
4507,35.646176836919956,17.22879017776111,15.913679402975523,16.899234635625085,13.906992641655142
4508,28.33404851190367,14.941974889288057,15.230818774354091,10.021508418448335,12.5168269514327
4509,60.55194179359913,20.286599330437713,20.00250467520148,24.398258167640893,18.68472139089388
4510,50.64616534612576,21.825728211198097,19.880710810014453,18.73063578925935,22.540164552084413
4511,56.59727415367877,21.01152945934678,19.396014289664933,17.378399619402494,21.835615227207803
4512,63.483064060498116,20.82069619571368,23.354978300249346,20.178269818334854,20.607455668073655
4513,56.70757634520911,18.941229118508435,19.151950243524016,18.59258092653617,18.362032514719054
4514,45.54340021876739,17.38072193233267,19.861714658880828,19.251275491150484,20.8616403458285
4515,56.93202505165483,23.484026909324598,20.490571264828912,23.417931655348855,18.976358777629194
4516,37.61868931829163,14.225134189500512,19.586682745757944,18.643330920859857,16.768932678812774
4517,50.49459443613502,17.662851434554653,18.970559041338078,19.222684377459043,18.53148641989466
4518,26.67572102237837,14.711294599512765,15.402064596707959,14.42059571875355,15.777522296612327
4519,52.506933405063684,16.992232128361344,20.56961922991616,18.052157058988534,18.70810137801305
4520,45.44094816189742,17.943360299703365,16.87719616519933,14.547978356549551,18.307128852491683
4521,35.30767733365468,13.384059679175156,17.82600092650302,14.82431432484895,15.996121767592932
4522,47.46805990405518,17.89851915145205,20.851576442358574,20.26036770769598,19.78380509082327
4523,77.85603535164208,21.129700036158038,23.268081735499155,24.07158330694775,23.69588602180546
4524,57.75223272679223,20.15644474014325,18.09419041175336,20.29028021357847,18.89217858150932
4525,52.95478387347876,19.1554047289568,17.887730390395376,18.68977710169675,21.489927466337267
4526,35.02400587309078,18.95225788366927,20.561003876648194,14.848121561366785,14.424197964245916
4527,55.915941538796375,19.794560102892863,19.95427612367089,20.18646808926906,20.16066380070204
4528,39.33031576241,16.4938585780628,14.993522786797882,16.221362350880568,18.37103568333803
4529,32.47725422489648,15.730672956482644,16.536387785765374,17.28434400424281,15.718536232327711
4530,44.70415295052405,18.422695289370516,19.267235436806153,15.91519489727067,18.851348539681986
4531,14.150502884469725,10.100544975661776,9.516541288083122,9.774997219958447,13.685150830690192
4532,48.19729361530563,19.174995248263034,19.781558941366313,14.44473424560032,17.756248453349805
4533,40.260800923167835,19.42336204649699,18.28376571480009,19.284169353296214,18.219591188458566
4534,48.95491074715806,18.526390859577706,21.096431729326873,16.371803911205884,19.83495636039953
4535,41.67641067584471,19.634204524624785,17.176299561949605,15.728439639852196,16.734778292554086
4536,16.737792323993993,13.635586042059035,12.727494595701785,12.509585393695096,9.78439974171823
4537,71.81301341595679,19.994991249456707,20.228556440767566,20.4028307028699,23.891130920112165
4538,23.806995553863413,12.34782134382613,15.377209024321072,15.31272656437321,10.662321073406375
4539,40.94513873188793,17.604865224058802,14.636640629842615,16.34213962481906,13.337993133405526
4540,39.78804263706878,18.00602244786286,17.384453555761905,12.74668522196655,18.690283604367796
4541,28.764594960314188,14.791394697713969,17.708499572876708,17.6599543662852,19.685428524557416
4542,48.03431549025424,19.450610066113573,19.774810414106174,19.66468833210239,19.93054683100735
4543,52.97794084760676,18.609281302089634,19.123897205668005,20.871090536648357,20.750352183382116
4544,66.11330830690079,21.966204493087798,23.604604948803978,22.548326609050985,22.086551933745632
4545,36.19998055351329,13.053373948774249,14.291790578302864,14.809580554115115,17.148753236074764
4546,27.73842316405194,13.651436227690068,14.839801860299623,12.240419983207032,13.155162198164902
4547,45.64280107986036,14.821507181145877,16.3597661315667,20.573894970616845,16.884246404842155
4548,46.1609711879465,20.080843889303004,18.222656944559674,16.67947768699061,16.830074642241783
4549,9.469496943418337,11.401532015395947,14.34300891139371,13.233507114040048,10.935692139429218
4550,20.90402106825324,12.669624327386986,14.070932466202567,15.541978654340067,17.345194741198355
4551,60.802462034920545,18.838565354283187,23.726313994273056,19.944185103786943,18.917621761358802
4552,56.26781035713617,18.894096647989784,18.62669693341423,21.542355135065144,20.28558599868581
4553,55.22356849810435,21.08028437555027,19.891526356132033,17.657205127659,18.988561214061313
4554,37.54895323341994,15.46855425819537,14.91891448473712,11.897076038085055,13.430446530531139
4555,69.32053942697456,22.80742661642317,21.636309185618362,24.067520280618634,22.682044094412806
4556,64.1293694387709,22.38413043723925,21.168619287765015,21.620697749777836,22.345432998791992
4557,35.03185566530498,14.93815002350519,16.9799122974967,19.313916977074317,13.676280085592285
4558,23.87210517180564,14.756046927468459,12.582534433025193,15.55584408259351,16.402665711262998
4559,75.01014173503046,26.725240821778538,24.32102138689844,24.60225293037047,21.70242704028889
4560,48.37729229490621,20.16970744054169,19.260882136864407,24.183436078162696,18.419159623560937
4561,44.765775177524795,19.221709156479957,16.933349507608902,16.713262376615955,16.013289942594042
4562,65.3948048167586,25.649932877777832,22.007103733928034,22.76844254399696,23.351573893264547
4563,54.34645237328566,18.779328037352006,18.13771245576538,17.285528979383216,21.089696041007027
4564,57.661770738908714,22.93015153555503,20.956964543297865,21.184571943014355,21.371177543325672
4565,51.908052410490434,17.531470467133794,20.61231133911076,17.886971607251123,20.050284100358382
4566,64.5602171870218,22.829291718442292,19.20891756938961,21.41957461845438,18.785264864441814
4567,38.12557340640102,15.070742448637564,15.671581099003458,17.387276801089083,14.368607656683531
4568,40.7102273151222,16.048899876071612,15.004905332575202,15.876942782548248,15.178587191449328
4569,41.50157180731837,18.118317837541547,17.82430576467257,18.055494792898894,12.286416171939068
4570,55.30041482571887,20.792270198063882,20.321893198521906,21.166706366234862,18.898544200268816
4571,43.45425608436546,17.99852402381894,18.038750970126678,18.976020519182512,20.405823346131935
4572,45.73696008672166,18.073205130915493,16.369972201120852,16.23108930174073,16.536718277816416
4573,48.8821063173313,17.445928208173843,20.52967875650585,19.401642745418815,16.010928265055377
4574,22.01080025181503,14.649159902284852,13.631623064917875,12.825904048119133,17.496742464086157
4575,68.67999387749518,23.453324914502844,22.756550775277635,23.792530821222204,21.706287164518287
4576,48.20325803142864,19.716743512171746,20.043793734910643,18.480316570533184,20.595565712124227
4577,46.56716226610444,19.496179620831935,14.972564926355522,18.096068293554996,16.060933717823257
4578,36.60759173789842,17.732929459622074,14.234089009680101,12.843229105776503,18.224299097066798
4579,20.26266722127224,13.36735432756754,13.274512533922444,17.97746114686189,15.800019708028506
4580,67.95464403594438,22.532441071646893,22.349649855022587,25.416580709934937,19.452371290129463
4581,65.40087739698215,22.715327365141288,20.444407229775834,18.828144075179917,23.920243683042543
4582,28.885265657226768,14.532357658805818,18.51371656611303,18.169632084530313,17.508031658084924
4583,50.75143886322152,20.142073062429525,17.711803535979108,15.780234908199445,18.892919112193233
4584,37.45486547311005,17.609415119651427,15.60198278806331,16.740788943649374,16.474348941069497
4585,66.74693402063694,20.962491339292086,21.714756797945803,21.124289885796642,20.358431242014177
4586,37.85974870519206,16.268294850154746,15.121406558046264,14.370263039247218,15.645500694778475
4587,60.17117611820502,23.975440212988406,19.664727732299383,22.323243160053703,18.967929270592542
4588,65.08581293899165,20.96428953507526,18.558590149887415,17.902148123125237,20.555759173280023
4589,41.86793809815892,15.36299392196674,17.581085180746502,16.11625373713768,17.651806836553988
4590,38.00727253303995,16.102953897237235,17.59869281988769,18.647440744735363,16.254251846150634
4591,23.95243702824046,11.193327505675683,13.516205957109433,11.71862785362993,12.081025463754758
4592,44.14845255022077,18.548850990826296,18.71685252734448,18.873456485027233,17.57484763575946
4593,50.01202174143102,18.521403912622723,19.098437772250804,19.734108775597047,17.55794955783668
4594,53.3132269818047,18.206142906545573,20.70497434753511,19.30928678526281,18.430428991344836
4595,61.632492950486814,21.041850918116324,20.214033062660285,20.077074146548007,19.82673044320206
4596,79.34890287340876,25.294618976052178,26.671957327270988,27.95327532396143,26.824263680699655
4597,61.17732760618251,21.06935490409439,21.763972503491313,19.49539213395005,20.11204100458497
4598,70.94819249458344,23.60554203186046,25.945521583390857,18.718088840346343,23.02576133452342
4599,25.347874016653176,14.014787209039714,13.087807580505636,16.77830161159122,14.29686811119612
4600,47.65916623786477,19.13992679748808,18.336521174652077,19.555701822797253,14.467102637890736
4601,49.67395801255129,19.518825903678827,21.187227244697223,20.03778953701374,19.491616993223378
4602,34.79861488230679,17.212591065476623,21.135398490177376,17.803122356610782,18.401367407429053
4603,34.92239507394987,16.09320346432864,13.651359382606417,13.677399141299485,16.99500768765266
4604,68.2752335767018,21.91467466631295,24.667514419566643,22.202189281023585,22.341826512965806
4605,62.17896918150703,20.111341224129678,23.40334159379693,21.678949771339152,20.941990458722753
4606,63.20857846304949,20.917852295651947,24.368356213658796,23.04393679829562,20.802044362040224
4607,30.379611681222702,15.179957793373084,11.843074975010902,15.286096717690302,16.014966453748713
4608,42.75287018858194,14.668887325016252,18.388408979065265,19.00165925249689,15.091818734424134
4609,40.578604964282036,17.088202581549673,17.395279899981087,18.93547955499672,17.704025888730893
4610,66.29197955326583,24.364710950904644,24.311344590466305,22.10999408416485,20.5865659239269
4611,61.677183733656406,19.63944644392429,20.731336516102555,20.417295627647707,22.34219653139611
4612,72.68911929694939,24.48957337717286,22.352593834303672,24.06400435819492,22.210295057817298
4613,53.6912464880427,20.57148806910888,21.45851377117999,18.520229554621018,25.670712440311995
4614,62.058761622832826,22.739025851623758,20.19650154572565,19.223473285746174,23.65752518145565
4615,57.73422724645706,21.10136863687725,23.766422430833543,20.299853303647065,17.304037686437177
4616,52.997759824449986,19.87981469880532,22.633787193114564,20.13979366436642,19.103108217352474
4617,54.84688179224605,20.419879298978525,20.942359400103,17.637474290026766,19.90832130872668
4618,43.37705562222667,18.52593190562656,16.380009607261357,15.742616199188518,18.692028384478377
4619,26.424951741738166,14.687344136359544,14.779672357249085,15.012770334418972,16.591921859799584
4620,57.51024629276197,20.46250552655942,18.627993418641047,18.172312130831898,21.58374485949307
4621,41.21382355024433,16.709473453115095,20.0419229556674,15.184040733003398,18.55013762765023
4622,21.730499690073135,14.264710007877802,13.185685020473423,14.069695459438249,13.887785149301166
4623,40.107535407091106,16.209671647493067,15.94862240724572,15.443610609393291,17.953815509951603
4624,51.088754647310864,20.136534119684566,17.20005171757204,15.912784490849944,19.574725009870342
4625,58.77015293871612,22.668346362578788,18.033567744476446,22.911647639766635,17.798817539185418
4626,36.5829847478106,15.539831477820158,14.511486471994896,15.845079918292218,16.748609012187718
4627,28.99412092136971,16.482480379065642,15.292261481585555,16.59790329062512,14.987360720332894
4628,39.063179388096515,17.862117969680952,14.101626860106256,15.050266264827087,18.136597640325196
4629,31.286535366864875,16.59520069130131,13.997507804412903,14.929258809242834,12.193802306653243
4630,53.644412077812056,21.423248984156196,18.405362976159335,19.48346773573341,21.770723630655958
4631,38.23641149544515,18.700808777470602,15.43778216202626,17.56664797915957,16.287495861897902
4632,32.34727662649324,14.801721994183483,15.599829634526078,14.83551914749546,14.835964377396552
4633,36.7130434123922,16.809617213513285,16.186601040104456,15.994413536057774,17.758226013993603
4634,47.288534833878586,17.791911698191374,17.434914595601356,20.380365952393603,17.779079665532183
4635,53.37930317646169,17.498915603037464,19.787487576215664,17.62683772174191,19.587944091115464
4636,60.147199298427026,21.025395533592498,18.27297481470734,19.73153503593809,16.72240728515362
4637,50.49589750684146,16.868089457433868,20.633872074884085,18.895263320035447,18.16442121888748
4638,47.860021935116556,22.07797609740018,18.203983879149973,16.143956456779428,18.716766717689662
4639,31.63509172087997,16.026295148603985,15.576367948394976,21.155911659237304,17.899723139854196
4640,50.45014174602655,16.72748580769285,19.020824051620952,18.57805242396832,20.741905938303532
4641,53.561570302915854,23.573193706455882,20.705583307001756,19.598944406555205,17.213070287875283
4642,76.90301047541509,23.33096111365185,23.7125102082174,22.1790382887456,24.146527284776173
4643,51.436084994476985,18.29566693298024,19.031821494713267,21.095921337195975,15.132315241842518
4644,54.683960315799126,17.619104721115892,20.140278318728864,20.930414975234473,19.42096000466105
4645,44.99468486403233,21.111510184403254,19.93188297650708,17.40415462260745,17.017192452634102
4646,43.77578914550485,17.66768782283205,17.793401920382987,15.206538469858987,14.493689995044376
4647,54.4916070569191,17.64718320872162,19.447319777014176,18.1103436585208,17.55606521336414
4648,64.25104393139127,21.36355451719724,20.299175483875477,22.59727294970314,22.673206327590222
4649,33.89750244038888,17.499895168231333,16.43883611239754,17.24916683324223,13.223659503714359
4650,70.30764812801065,25.39784235815275,24.764879214259928,22.473253813547394,23.93663006030583
4651,64.25613907416995,20.75962507551722,21.23475571909462,23.09724091732717,18.885306897523424
4652,33.53063625122425,15.489099642161152,16.567077287309424,17.642960601226505,16.602378375055093
4653,34.08092570745326,16.4584706754337,17.53423170859451,14.238416913737183,15.07630943808962
4654,58.69528657120995,20.062280052849598,20.16254314960088,20.330362584874536,22.288251952768963
4655,39.97745204239366,16.17421454081658,16.652232167114633,15.903017316337856,13.828293493894222
4656,32.0051380516931,18.07401042368323,19.214403414125037,19.745719935144614,18.928776938302722
4657,34.976574044648935,15.740219794963147,15.919680086683378,16.899834436591153,17.73058755648564
4658,66.15769005260968,19.629172512598405,23.88443521491194,22.755815220419258,24.76762460264455
4659,45.36932161017761,18.8938702848464,16.413349034074976,16.627633655219793,20.806971072123233
4660,39.44215692503443,16.341999506015785,14.085235243518005,15.986434526317177,15.683912514292349
4661,54.191858843856124,18.34313055809175,18.697734158162664,16.449951434533308,18.5442076124787
4662,48.657245941879715,21.583236105029275,22.537256787579345,21.61645588686886,20.39647561561975
4663,50.54073121817785,21.83193058333751,19.362006985547144,18.420220808250658,17.157543755447566
4664,22.852768484830406,13.58757211927303,14.192445610400766,14.297894657883257,12.776177330060449
4665,54.04043180368633,19.244653078029206,20.31588372812227,20.109018779590766,21.439511905512326
4666,46.029149776045095,17.307976932366614,20.771556305951297,19.85471952669464,19.11096443060877
4667,43.223758755169484,16.76590838019351,16.63772000597747,22.40225721018491,18.515010820350906
4668,16.183676992097457,12.588795955953728,16.748351267960388,14.954186459604347,14.122804004496519
4669,69.83923787143512,23.224122922582545,24.347264871078554,22.51027720100488,23.11577015645593
4670,23.67878424608109,10.40691433717789,14.302543661548116,15.333420291056928,18.46039569186468
4671,48.52400876615867,19.230768219293093,20.31217987951487,21.789146591475646,19.91240348601915
4672,26.76731611843107,13.161206599170333,17.18885804587776,16.24364742314505,13.522794970130505
4673,43.59710274076319,18.59931637870217,14.968655361026189,15.318298867418038,18.894782346619294
4674,41.10631194831234,14.659544107320185,17.579012141357108,14.653874924577837,16.143562286596637
4675,20.061708418067536,11.314948424605866,11.73781719421154,11.12375789209174,13.176101730843511
4676,33.10056267108059,17.079770252022506,15.838256447171933,16.693826413506507,12.990782091505787
4677,63.65370874308027,25.80384046378155,23.248403414906406,20.115819421157745,21.523803662160507
4678,28.52895384783042,14.899542437073002,16.860956091766024,14.08771681610433,14.883038679599036
4679,64.6407037608511,21.331493208475763,20.909655645798622,20.720364992998288,23.927558102030947
4680,67.52370650903907,22.595050061608003,20.398445086569065,22.218602772317986,22.181559766226073
4681,12.469327559215442,10.646608424898751,11.248248617181204,13.19347940603458,12.620220940050505
4682,52.9282264618422,19.442172588004947,20.464339060618816,17.535004606307243,16.502132879949407
4683,40.2916193177429,17.31253537393544,17.322954498343414,18.11730656611111,19.33361606080589
4684,27.15505527949646,15.44370070737114,16.40863652437848,14.84569270031755,15.51653340544482
4685,64.37438334408834,20.488191865627005,23.324416606009624,17.924955388339104,19.740381696372904
4686,40.651510851896774,18.227431539218617,18.175539116483062,17.742358676893808,15.181776521701488
4687,64.97069780858469,20.77211487243691,25.8024721272753,22.299313855846698,21.153377597551597
4688,39.04721811182178,15.81701103988706,13.728650777038538,18.867666915190558,20.541470224756207
4689,47.33593245512404,17.378026175903003,17.884104713011908,17.43610052236316,17.1741330168655
4690,44.72527592824868,18.102888882736057,18.707783477948816,16.810906756753692,21.552792555804704
4691,35.953545079209114,17.05091970288515,16.082831353684412,16.04356525253133,17.569995260092625
4692,60.11880044279568,19.208284090749572,23.27424142989861,20.667351047994718,22.33756221311517
4693,56.19274864803307,19.865718139264796,22.578962421212715,22.314702472214087,20.308709134534197
4694,68.33147703565507,23.654583850231703,25.260829508073645,25.685959788687384,21.86521215802843
4695,50.30917767032156,14.644006170523646,18.885725570110942,17.546556283917273,21.04462373157863
4696,42.2303272951922,17.22301874501028,15.327267857617567,18.494435492774475,14.506917283592102
4697,46.538887873114184,17.406211367985406,15.691565522896141,17.879654036167352,15.747107281278822
4698,47.968045777597304,17.02831663916867,16.110848256755876,20.414973460258004,17.814082795227243
4699,63.45467196737893,21.028184400049735,22.053725300417188,19.61315385537109,19.4381697483774
4700,38.50043197742875,15.835821921797931,13.311674223590181,17.47827932608934,15.72507704475856
4701,54.531421899870345,17.242417491479795,16.969247547769978,20.389865080029907,19.141660309233632
4702,50.50623102839079,20.002090668029258,18.349420606078894,19.338075627817375,16.178545073196183
4703,37.584572715507925,15.498584239292658,13.31943660193139,15.043962201268487,15.748430817706959
4704,41.0993514113638,19.827564497957596,16.552513129934667,16.889744264615686,15.813267650125082
4705,32.22128440859858,14.969295602556233,17.163113728286042,16.440558806553152,14.995772911435253
4706,48.231160813089694,17.454912723110468,20.430795222941075,18.529415761755324,21.07413402641104
4707,61.29292688363881,22.509634507680698,17.021260131468008,19.28506895389487,20.018083309510093
4708,23.585896592407728,16.259675494253855,14.709487462633142,14.58939057564436,16.180842224259212
4709,51.571935041998366,20.172059074910035,20.991721849517734,17.755027549849196,17.485640762110894
4710,76.48670946662205,25.175458472345518,24.675325997987407,23.201145585956752,23.95103008654344
4711,47.96324575024318,15.76044933783594,19.433087463928178,15.601574746187415,22.538871031119285
4712,19.03682297400185,13.480969651930279,12.044647496373507,14.307481200858016,12.445013776141279
4713,38.65842699298583,15.72694363577042,18.38331657043808,19.868674881866664,20.877585635881022
4714,45.40337927931118,20.246534324468612,18.12882024158463,21.108626531823234,16.96117232514283
4715,51.46192210534657,17.907808061018876,20.65801436440602,19.648077416223323,24.752830603061273
4716,33.76153572317478,16.80838756776842,17.054399038515605,19.95921430714152,15.795636185992008
4717,47.362356778376565,19.312951331506156,22.59752630621243,18.398571549743192,21.320792485094245
4718,65.56895628280321,19.16161756855734,20.775549186911384,22.055766257538913,24.156669478065204
4719,38.154205222025055,18.08111600424782,20.179590454776648,19.59360395985167,16.761435859728234
4720,62.73206244960164,19.12204528092592,19.719922693326307,20.412339898040134,18.440775472485246
4721,61.81840082091694,21.42660588706591,21.53873602328327,19.53951818632533,19.26568853361985
4722,36.97926528027184,19.061888653844825,16.066034468857634,18.20636276379803,18.180554450798045
4723,47.785716000908714,18.911593231592477,19.187947584136406,18.73840375457622,17.236798771516195
4724,51.1908416033088,18.300243403538907,19.332639767664414,21.949322450608907,20.360102731981417
4725,40.216660143092824,15.00958386478931,18.417105452395404,17.796899354966403,18.837459904051492
4726,62.54124747878731,22.26243374791019,19.110109149848572,19.90478162888155,21.399745680450973
4727,42.43876761519731,18.014817999166826,17.888291276908316,16.840606005716488,18.044479142892975
4728,59.1546012905402,20.67747058349136,19.39868206204893,21.595899586191344,21.35870335745935
4729,34.20770226489199,14.414880443821977,18.29459328160162,13.182030444928426,17.24951396186387
4730,33.028503241457976,16.65487228325213,17.124943281089244,16.375552482289358,13.062119997722865
4731,43.25131887215742,14.182169112269786,16.31905626036864,19.738661048599663,22.77245999485028
4732,59.35242385968951,20.11760072162416,22.14833081835086,18.74951782705315,20.58092683699603
4733,31.77355890259979,17.94541488966728,16.274245690838566,16.165733817096488,14.21356717450681
4734,51.60614870750994,20.294123164103073,20.34493620749442,21.13101996443899,19.375982256507605
4735,29.633891387971694,17.109032969660714,18.045897664680464,16.849210598501312,15.276763122150452
4736,42.612284365836814,18.127221701664414,16.10550303391388,14.137496903691549,13.20335513072766
4737,36.09177739290333,15.851674614423576,18.616508736512767,16.80200872602897,16.48992253341895
4738,37.31069260364915,16.793908424249963,17.026941102460455,16.21195490506981,17.35681720166794
4739,36.15150228095448,15.796439070994548,19.852649542317664,16.32645099816959,17.533810084051705
4740,48.696255482080105,17.4309942156384,20.030795591546365,23.174175126135495,24.410862389498895
4741,37.10903801807876,15.05204071565886,15.599094539571121,16.122525543665247,15.43723915653799
4742,56.216159458461675,21.3837647464809,16.229946138269852,20.963738231406708,17.299841350178244
4743,47.52948360938878,17.199176209090332,19.883808981383808,19.070135822003607,16.360453604130317
4744,53.822836393489915,21.445875224658675,17.3865205793095,17.86534378084165,17.504986303961175
4745,31.94675975020659,15.01571228245473,15.859168765784869,15.589099244079568,15.56617812711854
4746,47.244328222861576,15.960897546817446,17.93203182914371,17.96086505814811,20.88582312261841
4747,45.56058518353459,18.223683383657196,19.388145747475313,21.32848199337761,22.430494146430096
4748,52.564680835833066,20.051694552991943,19.58593548257589,22.10988461858324,22.210097016610344
4749,44.18830832333222,19.856464119198467,18.999351997019495,17.456311471834297,21.906029915604037
4750,35.15617184724231,15.196384512360645,17.026400544443735,15.198528921072501,16.6480772286462
4751,41.724247289089746,15.046464424548926,14.724591284865305,18.015841340193127,18.02903571565028
4752,65.18105403209867,20.04276178186276,20.592351621401892,21.77587713566057,16.278168605955642
4753,60.572433127291816,20.422893552871713,20.493406917408887,22.231662270164765,20.303383947820578
4754,66.7360473804088,23.105854039712433,20.063317875004945,22.653007698511747,22.606064071163246
4755,35.53280273353622,15.838390051673814,17.611067950837786,18.008938570775435,15.445929187063713
4756,48.65675445213415,21.138401528153995,20.533338399371463,15.825620498218516,20.495994744201084
4757,40.50979768856043,16.540420681325447,18.431226432559697,13.935560316888205,15.47714641805666
4758,40.04319048810757,15.981545837618212,15.16732013910625,16.732397369202676,20.237094145978165
4759,68.3915622149353,21.947666894326293,20.773418441384926,24.617240655602565,24.334864025790644
4760,43.196461196357674,17.56863752877937,18.855006620540248,18.97842172554021,16.732962166899327
4761,28.970357843453424,14.078208133908044,13.694323051175166,14.123487176653839,15.05799445013322
4762,74.04004648234095,23.63577245267623,22.49510561513575,22.301984556981793,19.55768798148604
4763,47.31751112518224,17.938395192532017,19.308891072288926,18.519227197861753,17.546170806443584
4764,23.728064902731546,13.537673403927323,12.097600935143962,13.072715261087108,14.650858713332632
4765,37.94094090470333,16.739704353041866,16.257797692311026,17.354100495880733,16.411962143328765
4766,52.82951819610236,21.780286895634664,18.448512575725402,18.17905816816331,15.409750743457103
4767,41.15266176863738,16.898947941308005,19.4354683227808,17.403085491473192,12.940255397620334
4768,48.98253010066965,18.423769593135297,19.348899377896807,15.940666153320224,15.517675373092555
4769,36.221402580250185,17.297369457135115,21.1777788890509,20.38534320561382,18.070811183475765
4770,55.96692482712875,16.166603763520037,19.544086151208532,19.867123046010327,21.945944427928193
4771,25.23249323942065,14.8134783071467,15.81632368963892,15.303314613763686,16.109016876592484
4772,39.71568030578146,13.408409225537966,14.955856265284488,14.452440021426579,17.8960481326937
4773,25.579194363002994,17.79438741410822,11.20309354728892,13.078137103252772,16.515969646896213
4774,50.666941603138525,21.485788456585333,20.350097297481334,22.776882480367693,18.363027306569297
4775,68.37991872828886,23.580476615367303,20.346379996250782,23.94464699068805,22.925638135367073
4776,14.05571518399694,14.027091944652538,14.728349632495982,14.418491927546729,15.770915611092292
4777,65.20406029830562,19.61072951442968,21.574317119114898,24.830148518813406,25.283287609629824
4778,53.33441557127776,21.796160417432517,17.301744750395564,21.910400014434003,20.08939905633657
4779,33.41522281473553,17.294727090739958,15.16116706901153,15.751099343421176,14.88964666691639
4780,52.980295118924744,15.764873481916734,21.28874180154124,17.55881092623855,15.477398773450531
4781,62.50454348661832,24.80986128853128,24.372516773708803,25.277394769683028,23.047597144443948
4782,50.884770359940404,20.61848131351178,18.74088967768156,19.60889915024472,24.811441999572292
4783,44.246689753012944,18.16797812093091,19.368360289694362,19.545392384606945,15.740302000817175
4784,44.01146859987891,19.692800274145224,16.043958790645938,14.900695296790799,18.016609139315673
4785,37.723733868032554,17.649609813591358,15.232486846720125,18.294027847454448,18.771497163645023
4786,25.115559793732057,14.914503954008707,13.695041681550276,11.65488099002659,14.144326915375867
4787,58.1318379293562,19.715245439982752,21.22812560265253,19.117243875627658,18.434544091972416
4788,30.702152891423466,13.529019784691105,16.61579166672936,13.180651304940374,14.929684484306339
4789,47.80645397287545,16.265385066617306,17.926558344631243,17.81734196350963,18.52552843787206
4790,43.917261393683,19.346473212284046,21.753446043236178,19.736885133323803,17.48763648489715
4791,42.86232895992173,14.852352307507386,18.0423737930648,23.24711407141059,19.85380573165311
4792,36.20106588160792,16.758441692223293,18.446627319531572,15.326105989403779,16.840127101235996
4793,16.875772560460103,14.961736407333136,12.407528068456148,13.951554899470661,13.607292135020474
4794,53.287396661331,17.003444912022292,19.35956857401325,20.30453953646031,21.229770192038522
4795,66.71239801158131,21.756676097505995,19.862748320018362,22.908792396302832,23.779970361020386
4796,53.646115155715805,19.078523126590554,19.006601537430978,20.987596199095044,17.36957001950623
4797,25.442838149480796,18.28008631318532,16.02153419125176,14.95916430577945,15.706838368231216
4798,85.63452381646792,26.72297698421394,26.40036335131411,23.7593943119464,24.734451576784203
4799,59.51010155938705,21.36288171702256,21.829093002964434,20.360871116867603,19.727087320007612
4800,33.00312520513653,17.87054282057928,18.127106902277458,17.180303149680228,18.444787315454228
4801,43.65039478016823,20.173384091757114,16.811404670828068,19.529095467843778,17.99928485650012
4802,58.04822565944106,18.322904366883026,20.37640931869585,20.2862566261511,23.040266265333127
4803,54.89244238255125,19.814582670918604,22.055002442833416,18.162695235997948,16.461117659292547
4804,47.09948783354726,17.752463335867212,21.663127565190408,21.382890297858907,20.47073445515595
4805,44.53402735200599,19.04359048082744,16.909479461786,19.553045977075982,20.35445478073776
4806,41.47976205210892,17.843058049006697,18.573255458123423,15.933940874408272,16.894592066008983
4807,24.145997399522056,13.47113671765209,13.080203462613058,15.544067214473314,14.151362766957918
4808,46.13136020105093,18.640637012843403,18.68475739910961,18.687177196975156,23.213183502903853
4809,28.992437593337318,15.181439121607546,15.15563647917838,14.362511845637629,15.941123075613081
4810,57.12477334175495,19.826963093125833,21.938507747427998,18.675901310399926,17.882304744448998
4811,47.00673741270378,19.03338052229488,17.488593600933648,16.9525027122383,16.93711512988213
4812,46.93551240260192,21.053970066301165,18.21265829228178,20.746727698404612,18.945436992617797
4813,27.28962006624166,14.435397575224586,12.672266394741492,14.875049208375641,10.831159437617893
4814,29.276192190659557,11.941664627669615,14.491589080218674,13.711436189459631,13.441292145043342
4815,51.28491246042901,16.491245738799616,16.48471150277329,18.43582621489401,21.09792606603196
4816,64.35214191558269,22.03733699597501,21.337821571216306,20.75014161620081,21.6330898709222
4817,58.90454977802588,22.665471275538167,21.62053922889009,20.255984815395564,16.367210655296176
4818,24.257091071103844,13.492572463639517,13.212916463808861,15.889315614495581,14.869899170880863
4819,41.88081681241604,15.202315087234382,18.003554448623245,19.565251758750307,17.935116408039235
4820,70.07149223511654,21.986650863605217,22.807567231439,22.73345695681978,23.78823524588302
4821,34.00797815382485,12.916839257807652,19.157991251247466,19.91457937474122,18.418677874597336
4822,30.92637023911481,14.03136919844428,16.657690505058703,17.63011248095712,13.399352153118505
4823,41.77777739920916,17.86820355434355,17.005161355190964,18.19958196603203,14.71641633423208
4824,45.895372512900714,15.702736827214343,17.010021839448704,13.650961871734268,15.790757811500251
4825,54.055095473901225,19.590197630506236,19.242533299034665,21.49269381226102,19.62295672390007
4826,60.81037847506495,21.255505119551344,16.81537984167446,19.52902144829999,18.99831990607095
4827,46.81504323290695,18.338064857370824,16.735608922945858,20.1822164382469,18.814767262543445
4828,44.35993212587423,15.314847700279797,16.610137011797676,16.354662268531754,18.332450218865464
4829,41.57925350364539,13.823339310191939,19.8561424945134,15.39480231420517,18.571178289053663
4830,16.289665796269414,10.61531607908741,11.956542038297425,15.161681865441208,10.85479492456907
4831,82.73865558952603,24.46611753534367,23.88457637595952,23.556211809921404,23.106768325589297
4832,38.45718740047893,17.6808481345699,16.89994165669151,15.769062487141804,14.459774519793772
4833,67.67820039145161,25.83568348059288,22.40972367311649,21.416463744048407,23.89090813109098
4834,41.30424834217576,18.901399691475092,18.40897390736314,17.83916478880147,17.292403142541534
4835,69.59355067515352,21.22695055485687,20.07367541003584,22.865557036303482,22.15997235866669
4836,41.15507700029928,17.02534064695528,17.965590060279556,15.891459682687245,17.604096408150195
4837,60.10960744623972,22.789954733841473,17.268033348564472,21.487650639357916,21.5523599124468
4838,41.39099830721608,20.55650507065198,17.497345813586495,19.36372809447152,16.01336485360768
4839,31.43826319996182,14.508747620769997,17.739952262515825,16.585015536124647,16.922818334762106
4840,24.261854879303563,16.334323564192665,15.374678264462043,16.516755635277814,16.419272496575484
4841,53.67932705227339,18.592490543263096,19.063521443150364,18.818972270480785,19.996096194765116
4842,25.95664738687567,19.317227646696548,12.253682306932049,14.011670027716884,13.497058209075906
4843,48.240374542086414,17.89078424638975,20.198258795482452,17.629966042313264,19.73479050230344
4844,45.73510881823041,17.598283996217752,18.465318676507238,17.89555297070786,21.232207223285634
4845,52.71386740371427,20.31055250220748,16.648268951951877,19.849018165570318,16.045424537090177
4846,44.812346599051786,18.81142243011592,16.056705575879032,14.9638828098286,17.12390253701942
4847,74.88693510176905,22.617696478049275,24.340356828034874,25.383591698362984,23.361045658624136
4848,44.78345444514383,18.542261169263824,19.50940123842982,19.380025789236655,14.916498189805566
4849,42.39838674519713,15.645055623069155,17.361573411340373,16.074307520957884,15.590579020610736
4850,53.98229712526928,21.262755687155796,20.80001455941246,17.640371114042892,18.969636031717968
4851,53.42465599393786,20.440263129045412,21.43714376886578,16.076675253399305,18.224754601001948
4852,46.96397405098424,19.803045462337124,15.644797809497485,19.14923088190829,17.837885969631646
4853,52.26735275585791,21.336329543108796,20.88363570968515,18.578320150530708,17.56179971007106
4854,49.88197056240471,20.21444906151748,19.18248741153282,17.392245541143524,19.706782412850036
4855,67.23348959281508,21.698936122036613,22.635627121109028,22.88257314405706,24.492304116820907
4856,49.388512793210246,19.62654625934798,15.928713342411745,20.882894762831274,20.216874343335345
4857,38.5623898019998,15.192849342630076,15.556704041118468,15.861488656912178,14.980785814674087
4858,40.256305006904064,15.953449212811872,15.092014846338436,15.2291448594093,18.099740854083436
4859,50.991320715922214,18.7990412146748,17.85038260109585,19.44691902357557,19.208183541545075
4860,71.17882192098422,22.613621522207026,27.23817239353151,23.917393318566052,19.49005504524112
4861,23.645134480049617,13.881275832575719,13.725220189769116,13.031866837297068,13.861511215191609
4862,44.052804196059405,18.78700143086774,18.767662878930047,19.35410383177109,22.804749678938332
4863,14.080482396583141,13.003741828686435,7.760210732673945,12.137088845988984,15.83943599019414
4864,62.12595949379395,18.717402981686703,24.152294722305623,19.40860979850777,16.980247937405775
4865,59.356546790892885,21.554331089646535,21.633442168055,18.944656181269774,18.67078968530708
4866,60.130526538309105,21.98147635567104,21.805510362974054,21.817171635591027,19.288139632114184
4867,51.908400305334354,19.805177070692018,22.22552806635495,20.262333335520676,18.351890373321208
4868,57.624011439868696,19.013256491857533,21.834070116264396,22.306459370009815,25.20582426290951
4869,30.430127251032335,14.01755148129814,15.699556194911409,14.75227066147837,15.79925158273827
4870,51.82956911726704,19.546808739429167,17.57802663176724,21.466324347613874,17.863536654104056
4871,51.1741009822429,18.355648405204686,19.152794901615206,19.997917902770613,18.501462686616723
4872,56.38462171296834,20.4608674449086,20.138417167936204,19.906137621817443,17.29056574348207
4873,14.836626489162411,12.665121088071828,13.11352586227308,13.745272653027476,13.541010715706065
4874,31.808838604341794,16.820881233269734,15.502725598441879,18.30709007414259,16.909831894496776
4875,48.51076926132007,20.83180836487845,20.95183891185327,19.88356258269167,18.752252778706495
4876,34.28586543617872,15.224171236412753,14.423705861553541,14.19732563549839,17.86247674032376
4877,65.48659780368416,21.689216330973455,23.51615561558515,24.130938155712112,21.224824515063528
4878,37.71773129287213,16.151251897448976,15.038889867130214,14.821478233902031,15.276227890436793
4879,50.91127211576645,23.384167235984574,21.526140958833384,21.56027432842255,21.5575736361962
4880,63.337665967456736,23.686160431894482,24.641561089229423,23.611148604001293,22.56035033266706
4881,48.82283733959474,16.59249324194562,18.84539874916184,16.85101397046118,18.019126267207554
4882,24.59483080060536,15.517476724568072,16.998248505909036,13.722429125455664,18.61969894017561
4883,49.129183818841256,16.264024086671967,22.25060028321426,16.80418013012649,19.148165360556046
4884,29.12813655896705,13.595876291162348,14.66681607901977,17.02207683798455,12.602287747657815
4885,31.33336558524118,17.47028713588582,18.08933330182503,15.66319869711147,17.057554372994264
4886,60.554936336907595,20.502739714841027,20.48075796473256,18.40037324306228,19.892072969135523
4887,40.626569014011906,19.25713484808327,15.901045574489045,14.91407356980752,17.72969479201334
4888,13.85311298083094,13.316589920048512,12.313629167912497,12.423710970482286,9.957661116886383
4889,46.18870246662304,16.954176290370093,15.793631440786418,16.524347975504707,17.23070618876398
4890,39.61027343917119,17.05893288998355,14.506496666033938,19.964804539388485,16.774322707186755
4891,28.425029662706947,15.959366640971771,17.685553364633517,18.311594109337815,16.978496320053942
4892,39.95718802187923,16.695876882587235,21.226634366736786,18.77474496149363,18.270610454725762
4893,44.54367669644842,16.433827285111114,19.805853631386075,20.404517750162128,15.529840299199815
4894,21.382065221916452,12.496949879719013,14.222551847413945,15.318986272239844,13.768215337638752
4895,68.36769052295281,21.1761314129319,19.146271064467324,20.6789731190761,21.93917437921701
4896,46.63026496703093,14.971722524429785,19.550033813796272,20.502701172979165,18.345655772697352
4897,62.190399256266105,19.05898715325196,19.307612344564834,19.800460075027964,21.44349046425387
4898,67.61044204837104,20.69684452453077,24.64437568309316,22.574799352074464,23.102930966020555
4899,51.30473833131875,19.173051378536595,20.848876282494558,17.89080016083048,18.867479513727115
4900,62.69102300851673,19.34266941735008,21.198232003327835,21.56659196441274,20.037564118632798
4901,46.21996075960525,20.01958120322767,15.905860424502523,17.24003563416177,18.27801378883225
4902,44.118044478740835,16.68521412996714,15.165362893626149,13.600135708529102,17.346678693253814
4903,45.871758616360005,17.267141584667538,15.50562577304823,16.618643744785526,18.491479324705168
4904,45.25203804502592,17.108559058784156,17.71067988707346,16.5680592056861,14.28752186298569
4905,34.13404451239359,15.575114096548218,15.303654395700356,18.91720628616122,16.770547158258914
4906,39.64273038877964,17.194679700585088,17.109582607445926,17.371140191913298,17.42332485006012
4907,52.68881294578828,19.80899019452338,18.310752542942698,20.308756591156328,22.574813747728573
4908,43.23174573938739,20.12116474252801,18.39844773585174,20.031472273631522,16.337243734863613
4909,38.287083940038954,17.79522869826185,14.455483980632268,17.79465664648565,18.13452626685817
4910,45.33357183366424,18.3850027186149,18.480265244255705,17.68513890317904,19.732020481353118
4911,42.8997462461748,18.429537182914654,18.387331620285213,20.41659111374227,21.97870772837803
4912,34.4342054423867,14.63598667518033,13.559550054316526,11.698797461757074,12.509537614113825
4913,39.993462343341186,14.005915622748812,13.424811678671805,15.41906645801242,14.677632345869343
4914,50.19613238831947,19.977373681914678,20.3975981501564,19.72791514891885,21.837404287643963
4915,34.178761793190624,14.533775667193254,16.05209679714614,17.101809047223647,17.52211126814929
4916,35.588498797568775,13.81935229594558,17.804458401066814,14.112745513747369,15.045865200955951
4917,50.491902710994694,19.875703197134474,21.662671161400407,20.075191160343095,19.510031991515035
4918,43.22294853068891,19.100147897679253,17.533548299561964,14.330233856378282,14.704985798864215
4919,65.46438121251819,22.11894235017795,20.171431751772325,22.558961638327744,18.975354590463823
4920,38.55710719572906,18.15943773015435,17.242401352852667,17.97787602455319,10.524513858390986
4921,51.16269715185968,20.623172066887683,18.97162688196971,19.390095005269472,19.70014966068497
4922,47.82773989760174,18.79426362531125,18.764058673619104,17.494224832370552,16.744811060255707
4923,46.73464150328569,18.53741413940836,18.06497546866399,15.612893168169247,17.666813114247386
4924,60.25703112851774,22.253551602590285,20.058145755875678,18.521181453024017,18.059321265098152
4925,50.269392568380326,18.150145720339083,19.580293045532475,20.59384748844708,19.353792127965672
4926,69.18888120213087,22.025611477310164,24.39288624993106,22.017567677750083,26.202286620180793
4927,72.63882816466332,21.370565135414974,22.80054598904931,25.065217556448896,21.850919497007624
4928,43.39079821823582,16.297366289510933,16.31295500111191,18.129198156752047,16.863928061724863
4929,49.65952715688739,20.301953246413284,17.122580384168586,18.848510664701674,18.02507480450033
4930,41.225598679040516,17.82108567357648,17.56894128971233,17.90308626396461,13.294007474198532
4931,46.764832752425896,18.536280471605295,19.743201400650328,18.978087816520798,16.536494684597272
4932,52.93781441351937,19.21074409985595,18.37859304250828,19.830918699785123,16.16629906960785
4933,34.94814889971059,12.916075338277476,13.312146553075753,16.096912991135156,13.898031663948679
4934,31.057699893226903,15.89687636757777,14.304457001134113,16.2999467961951,15.050156047623434
4935,31.494895996542894,17.21677213216607,13.853398228677229,17.194560161487622,14.313205128362128
4936,62.94686803405638,21.53700766077141,19.070268657723336,21.80912463090414,19.88738272076198
4937,57.589857313437186,17.251703948400216,19.287466970840473,22.819399169924868,19.00924339070165
4938,39.16329018347023,16.955190211797213,18.394344106933453,12.366074077141047,15.391313432251037
4939,49.300944851915,19.134247586327835,16.73288717323507,19.095362028109783,19.3470461514718
4940,43.94201965682843,20.06900521193318,19.101742555896557,16.221822862385338,17.1610937205159
4941,34.77800933678692,17.868061659376043,18.934269551071413,14.697293014397406,16.052108497155654
4942,38.344246034820294,17.637627107523727,14.875358951924635,17.052013386695133,17.402200099352612
4943,37.25965083790369,15.331021334224388,18.415243535848084,16.62666017467244,18.700047951088756
4944,47.13862560314605,19.870195261295052,16.677429314001422,15.982628086381705,13.424484179462597
4945,67.18199949189125,25.2106430330606,22.800435882936217,21.35748234395779,21.260881319627234
4946,59.84738827703401,18.32820662933306,22.695750316329217,22.741412936047578,22.38936085909982
4947,71.60059255691982,20.804685010794632,22.319695330496614,20.958138476794126,22.104688474585952
4948,41.96252345345954,17.634900446375607,18.202268356210347,17.900015809474592,16.200365289585438
4949,32.42824483347114,17.22381521177702,13.955554933097476,14.367088642650076,14.548194875205429
4950,64.22037261079964,20.510626328881095,22.06640239140625,21.40385283839265,22.00903505969523
4951,38.44076964007375,15.964369626092704,16.197301812360752,17.658816631979175,17.993375529492038
4952,55.66301153938592,21.500048128473484,22.009319415770072,18.37250234015548,18.789892054187966
4953,34.56865923765215,19.168656553421144,17.406402561600945,18.282603059017376,16.98935506700169
4954,50.14913897560517,17.885935532113074,17.89857869959731,22.11667064378893,16.462363790834928
4955,42.13937515458073,18.47204660145706,17.868147415993093,17.368671748957887,18.546653305623497
4956,41.52022472318865,20.040575925715274,17.060361889284707,16.649460589377405,14.564109113510776
4957,40.575013824975656,18.20187634798562,18.705102839314083,17.5616076383673,16.97910014254957
4958,45.362815275986144,18.94943649632713,16.701040185861068,20.758426658558705,19.91811579199656
4959,17.62341331498475,14.120675864283868,15.238112933825812,13.210530851176253,15.97997589015579
4960,31.19098538911808,14.2627362627262,14.171700845454174,17.582746525082644,16.278062388344917
4961,56.36652486058703,21.27464155868153,20.811580162239743,22.478037721342048,23.923343978958044
4962,47.605559001475115,18.174772145342878,18.509377704875345,19.21232997515902,15.420234908544018
4963,65.48338818735712,21.176592200360965,20.330769270786288,22.801702484330796,19.892716937900754
4964,24.595477138818133,15.322972126659554,12.747803527425088,14.58568495186554,13.091028414405969
4965,55.64512453771439,17.22596166421192,17.86464201790634,20.38972514754712,24.336566223581517
4966,58.295180225653375,20.517364540916223,18.876981270121952,21.50316384740814,19.654014570644208
4967,42.86738568856734,15.298980914048835,16.987787895219075,21.169112537919524,15.698840127150962
4968,57.75367783605644,22.562979016280085,22.265211339088598,19.781414056129236,19.61547228547989
4969,30.056885910397956,15.877639024427573,13.645731849130064,12.513319332125127,12.677796738262337
4970,11.95764394087556,11.595044983622877,12.675488132079929,12.467657886607928,16.44571188518694
4971,60.20958933377039,20.856841802254074,18.103682539307705,19.747381266301304,20.190226678895645
4972,55.456781457501926,20.68248909214417,20.270326739747148,16.82111755227034,21.27852991381425
4973,45.15291899631427,19.55927587819528,19.694282435281863,17.835803695707323,23.434692662276493
4974,42.72848758722848,19.04128537107919,18.077006356052525,19.444719295946182,21.552950924492404
4975,31.537729641086877,18.45007800324466,15.50469885867908,10.804330593222403,17.381929758250198
4976,43.39472045415237,15.216216566246352,15.578477361895036,15.940183925382719,19.113268403399577
4977,66.07248865610043,21.03420016530611,21.998562107180504,22.611208668035154,23.330323123448228
4978,62.86875810086309,19.504882678364652,20.76691933780397,20.41045653374731,20.32074755034844
4979,39.38407698269488,16.728453353198958,17.552104663467638,17.892674445179452,17.222635775534958
4980,58.91487551949158,21.498053313492875,21.960752097894495,21.997307839744174,18.103958341223912
4981,30.443986867369084,17.403400701468424,14.807745589148421,16.025009032147366,17.338989655264083
4982,33.41998614075122,18.950735905232357,13.858095912197456,15.807621603988943,18.229974223278656
4983,62.69709492145806,19.852083448416682,20.693428951864785,22.493571114086308,21.964696942832
4984,48.818651665952615,19.37167161363598,18.221127851995476,22.93388153607775,19.333029979630243
4985,30.291588443983645,16.119080666009268,14.720630458098812,15.616136429349252,16.83430168913614
4986,34.121731104562116,15.353550421225084,16.098518495842363,19.957227706403966,18.95992992568909
4987,32.70219644713607,13.753013205728424,16.94298135425593,12.678794300660824,19.31990068891986
4988,88.06621086337387,27.3797888906833,25.894689853636244,26.696051395648112,27.154592526311678
4989,34.54240855320603,17.969415509199973,14.387013579497024,17.016252539269566,16.143458379378423
4990,60.37133916843032,20.78605452480341,19.198565846912597,18.53210073506122,18.020383254574842
4991,48.918518988092515,16.634839658240896,18.222524950352117,21.76070280536074,21.425125122344568
4992,43.92153469686907,18.800281455810982,17.208544103030587,19.722969763551593,18.54330039426259
4993,60.95725169340235,20.402606194446747,18.117221831878112,21.401999182706486,19.433585417376744
4994,45.49761562911148,15.631275832556952,17.189498355904995,18.32244696370106,18.126875743010824
4995,51.69346377389677,21.57167320760557,17.438312166511718,16.874284073604585,20.010449417365457
4996,19.227319995770664,10.289302297434686,11.018591345978216,9.825948140707975,15.529094751157103
4997,54.03361109995121,20.790447442713,19.896074822757516,19.030086917257126,18.767635341846297
4998,48.44249045208661,20.029531487090654,20.952453116089114,21.81270594606162,19.951875202532076
4999,51.71209766972945,19.912210914727126,20.90719899058819,20.778539613146553,17.766081297953512
5000,42.89015450302387,18.292584419939054,16.664220938901288,15.566393491681785,16.19751706785263
