StudentID,TotalLogins,ForumPosts,AssignmentViews,QuizAttempts,ResourceAccessCount,NAssessments
1,35,7,18,5,31,16
2,37,5,14,9,24,16
3,57,7,20,4,24,16
4,45,4,14,5,14,16
5,39,15,21,4,32,16
6,38,9,24,4,21,16
7,39,8,20,7,32,16
8,35,4,15,9,19,16
9,37,7,23,5,23,16
10,45,11,24,10,17,16
11,46,9,17,4,26,16
12,23,6,23,5,20,16
13,38,5,22,9,17,16
14,46,2,13,7,22,16
15,44,11,16,5,20,16
16,41,5,24,11,21,16
17,51,6,24,7,29,16
18,39,7,16,7,22,16
19,37,9,23,7,26,16
20,39,9,26,3,21,16
21,40,10,16,4,27,16
22,38,7,15,8,24,16
23,39,6,18,5,18,16
24,39,9,19,8,33,16
25,40,6,19,6,32,16
26,34,7,14,6,28,16
27,41,15,19,2,19,16
28,34,4,22,7,32,16
29,33,11,15,7,21,16
30,30,5,17,8,30,16
31,39,8,13,5,26,16
32,46,11,21,5,27,16
33,33,8,19,8,29,16
34,34,9,17,3,21,16
35,46,8,14,9,23,16
36,31,8,12,4,24,16
37,44,7,24,7,22,16
38,46,4,12,4,24,16
39,39,8,17,11,24,16
40,31,6,16,4,31,16
41,39,4,16,7,10,16
42,43,9,16,8,38,16
43,39,15,21,9,18,16
44,44,3,14,8,23,16
45,44,4,23,11,22,16
46,45,3,23,2,29,16
47,33,7,20,4,21,16
48,43,4,13,2,30,16
49,35,10,24,5,25,16
50,50,7,22,8,29,16
51,46,5,15,6,20,16
52,34,18,15,6,20,16
53,53,9,12,5,25,16
54,35,8,20,6,27,16
55,40,9,15,5,18,16
56,41,7,23,5,24,16
57,35,5,19,7,16,16
58,27,14,12,6,22,16
59,38,6,15,5,27,16
60,41,6,17,4,32,16
61,49,7,12,7,18,16
62,46,5,14,3,24,16
63,35,8,14,9,33,16
64,40,14,10,5,26,16
65,38,4,15,9,27,16
66,38,7,17,5,24,16
67,44,5,17,3,26,16
68,39,7,13,1,31,16
69,29,12,10,6,23,16
70,39,11,20,1,19,16
71,51,6,27,7,25,16
72,34,4,16,3,24,16
73,39,8,21,9,19,16
74,44,9,18,7,17,16
75,45,6,9,2,23,16
76,42,10,17,4,26,16
77,39,8,20,10,16,16
78,36,8,22,6,23,16
79,39,5,22,6,19,16
80,40,9,15,3,26,16
81,35,7,27,5,15,16
82,32,8,17,6,15,16
83,38,11,18,8,16,16
84,44,7,14,8,18,16
85,35,7,20,5,25,16
86,38,14,31,4,20,16
87,35,7,19,7,13,16
88,35,6,13,5,19,16
89,37,5,14,6,22,16
90,49,9,19,3,30,16
91,39,5,15,6,23,16
92,41,8,23,4,27,16
93,48,5,20,5,24,16
94,40,7,23,7,26,16
95,32,11,21,7,17,16
96,36,9,22,5,22,16
97,39,10,19,8,21,16
98,43,8,21,3,24,16
99,43,8,21,9,17,16
100,31,14,10,3,20,16
101,35,4,16,7,33,16
102,37,8,23,2,28,16
103,40,12,25,2,27,16
104,41,6,14,6,31,16
105,46,11,11,4,29,16
106,43,2,29,6,18,16
107,61,5,17,8,24,16
108,50,4,18,7,29,16
109,50,9,18,10,29,16
110,36,4,14,5,27,16
111,50,10,17,6,20,16
112,43,11,11,4,19,16
113,45,10,13,6,20,16
114,48,11,17,1,26,16
115,42,14,24,6,21,16
116,34,2,15,8,25,16
117,46,8,20,5,23,16
118,47,3,14,5,23,16
119,40,9,14,2,29,16
120,39,6,16,4,27,16
121,38,11,17,6,25,16
122,50,8,14,4,25,16
123,43,8,20,4,25,16
124,35,14,23,4,26,16
125,38,10,24,6,33,16
126,53,4,20,7,24,16
127,44,11,16,6,22,16
128,43,10,16,2,25,16
129,38,5,16,5,28,16
130,35,5,14,6,25,16
131,53,10,12,8,22,16
132,40,9,19,5,24,16
133,39,6,11,3,19,16
134,44,12,19,3,27,16
135,34,12,19,2,22,16
136,45,0,19,3,25,16
137,40,5,19,6,16,16
138,42,9,13,8,27,16
139,43,5,12,8,35,16
140,38,4,24,2,27,16
141,36,13,17,3,22,16
142,33,7,16,2,24,16
143,40,10,20,3,26,16
144,53,6,20,12,29,16
145,43,6,16,11,21,16
146,36,9,13,7,27,16
147,37,6,17,8,23,16
148,38,5,16,7,26,16
149,40,7,11,9,34,16
150,35,11,19,11,21,16
151,50,7,21,9,26,16
152,38,3,24,9,21,16
153,41,5,22,7,24,16
154,42,6,17,5,34,16
155,44,8,18,5,24,16
156,48,6,18,2,27,16
157,43,12,19,4,29,16
158,35,11,13,3,25,16
159,43,13,23,5,21,16
160,40,7,19,8,21,16
161,41,13,14,10,20,16
162,36,7,16,6,23,16
163,37,5,18,4,21,16
164,32,8,24,5,32,16
165,37,14,18,6,21,16
166,33,9,23,6,16,16
167,33,6,23,3,28,16
168,46,9,15,3,15,16
169,38,5,23,5,31,16
170,46,14,17,5,24,16
171,39,9,21,3,27,16
172,44,8,18,4,31,16
173,39,7,23,6,18,16
174,40,9,20,5,28,16
175,40,7,17,4,38,16
176,55,9,22,4,29,16
177,44,6,20,4,24,16
178,40,10,14,7,31,16
179,40,7,18,6,23,16
180,31,10,16,7,28,16
181,37,7,11,6,32,16
182,44,9,13,6,30,16
183,49,12,18,9,25,16
184,42,9,18,2,28,16
185,37,6,11,3,28,16
186,32,9,18,3,15,16
187,21,6,14,9,24,16
188,43,5,14,6,29,16
189,44,9,14,7,27,16
190,54,6,16,5,28,16
191,34,5,13,11,21,16
192,27,7,16,8,25,16
193,44,3,13,1,31,16
194,41,1,20,4,35,16
195,38,9,17,6,25,16
196,31,8,15,13,28,16
197,49,9,16,4,22,16
198,44,5,17,8,20,16
199,26,5,20,3,22,16
200,38,7,13,5,27,16
201,41,4,18,10,12,16
202,48,12,19,7,23,16
203,33,11,19,6,25,16
204,35,7,10,6,32,16
205,33,7,10,5,20,16
206,36,12,16,7,16,16
207,39,6,11,4,30,16
208,38,7,24,5,19,16
209,41,10,20,4,26,16
210,39,9,22,11,24,16
211,39,11,15,7,28,16
212,34,6,30,6,23,16
213,40,10,19,9,26,16
214,44,9,16,6,35,16
215,33,6,15,7,22,16
216,44,6,16,6,21,16
217,37,6,21,6,33,16
218,31,10,20,6,26,16
219,47,6,23,7,21,16
220,36,9,14,3,21,16
221,30,10,15,7,22,16
222,34,7,20,8,27,16
223,37,11,11,10,24,16
224,40,9,24,5,17,16
225,40,9,14,6,20,16
226,33,6,12,2,23,16
227,38,4,19,4,23,16
228,39,14,10,8,27,16
229,50,10,16,10,25,16
230,41,9,18,9,30,16
231,38,7,19,4,25,16
232,43,6,9,10,20,16
233,48,12,16,4,31,16
234,35,9,20,3,31,16
235,54,5,10,7,17,16
236,44,3,16,7,18,16
237,42,5,27,6,25,16
238,38,12,24,2,30,16
239,46,11,20,5,28,16
240,49,5,17,4,27,16
241,41,5,20,5,23,16
242,38,9,16,3,33,16
243,56,10,20,5,34,16
244,40,7,17,6,24,16
245,49,12,8,6,21,16
246,44,5,23,3,33,16
247,46,3,23,3,29,16
248,46,7,9,5,31,16
249,33,4,24,6,26,16
250,40,6,18,5,29,16
251,33,9,15,4,20,16
252,45,7,11,4,30,16
253,51,7,15,8,33,16
254,29,5,20,3,19,16
255,58,4,18,12,24,16
256,37,11,29,7,30,16
257,37,7,18,3,29,16
258,45,12,18,5,23,16
259,45,7,17,6,22,16
260,39,10,17,4,28,16
261,40,3,23,7,18,16
262,39,12,21,4,26,16
263,36,10,14,7,19,16
264,41,10,14,10,21,16
265,43,12,11,7,24,16
266,52,7,18,3,25,16
267,36,9,27,5,25,16
268,38,6,18,1,23,16
269,39,11,18,10,26,16
270,40,10,20,5,25,16
271,50,7,23,11,34,16
272,41,8,19,7,22,16
273,41,8,19,5,13,16
274,37,7,26,6,26,16
275,51,6,25,7,19,16
276,33,8,17,8,23,16
277,36,9,24,3,28,16
278,41,9,17,7,17,16
279,39,9,26,5,26,16
280,39,7,22,4,32,16
281,27,10,15,5,25,16
282,49,12,26,5,29,16
283,45,9,16,6,17,16
284,39,12,19,9,34,16
285,37,6,16,3,24,16
286,28,8,12,5,25,16
287,32,5,11,5,26,16
288,41,11,16,10,27,16
289,53,9,22,8,16,16
290,36,8,26,4,23,16
291,39,8,14,7,30,16
292,45,11,17,2,19,16
293,54,6,21,9,17,16
294,41,6,19,5,36,16
295,40,9,16,6,27,16
296,37,3,18,2,29,16
297,36,6,15,5,20,16
298,43,9,12,1,22,16
299,43,7,14,7,20,16
300,45,5,12,5,23,16
301,40,5,14,7,23,16
302,45,4,13,8,35,16
303,45,4,13,7,26,16
304,41,9,20,3,22,16
305,51,8,17,5,34,16
306,36,4,20,6,28,16
307,38,7,14,13,23,16
308,45,9,22,2,17,16
309,39,9,15,6,35,16
310,44,5,8,6,26,16
311,47,6,14,6,19,16
312,40,7,16,5,26,16
313,44,6,20,8,25,16
314,40,7,15,7,36,16
315,49,14,16,8,24,16
316,42,7,13,5,18,16
317,51,10,25,9,17,16
318,31,7,24,7,23,16
319,50,2,19,6,21,16
320,45,8,12,11,23,16
321,37,10,21,2,34,16
322,41,14,23,4,25,16
323,43,17,13,5,25,16
324,38,13,12,1,20,16
325,44,10,13,5,23,16
326,44,7,25,16,34,16
327,30,10,15,6,24,16
328,36,7,26,3,26,16
329,38,6,13,7,14,16
330,47,7,20,4,25,16
331,53,10,15,5,15,16
332,47,8,23,6,25,16
333,33,13,13,9,33,16
334,46,9,14,8,31,16
335,38,6,21,7,31,16
336,40,8,14,6,33,16
337,35,8,15,8,35,16
338,36,7,23,9,22,16
339,47,8,19,7,19,16
340,37,2,14,5,26,16
341,30,6,16,6,30,16
342,39,13,12,8,26,16
343,36,10,13,8,25,16
344,43,13,18,2,22,16
345,41,12,16,5,21,16
346,49,6,8,3,20,16
347,35,9,30,9,25,16
348,35,11,26,6,21,16
349,32,9,18,6,23,16
350,34,4,12,8,25,16
351,43,8,15,3,26,16
352,46,6,29,3,18,16
353,34,7,10,8,22,16
354,31,9,18,7,27,16
355,35,7,26,9,34,16
356,42,5,22,3,31,16
357,33,8,19,5,22,16
358,55,9,21,9,25,16
359,33,6,21,5,24,16
360,52,5,8,11,29,16
361,38,4,21,4,22,16
362,29,4,16,4,28,16
363,37,9,16,5,22,16
364,41,5,26,6,24,16
365,51,14,19,9,22,16
366,32,3,18,7,28,16
367,34,6,18,6,18,16
368,29,10,14,7,19,16
369,50,12,20,5,26,16
370,44,6,30,2,26,16
371,42,8,16,5,33,16
372,26,7,17,10,21,16
373,44,4,9,2,25,16
374,37,12,24,7,29,16
375,37,7,14,4,17,16
376,50,11,21,5,33,16
377,37,9,23,6,28,16
378,41,13,12,6,18,16
379,47,4,16,4,27,16
380,46,14,19,2,28,16
381,40,5,25,5,22,16
382,38,7,22,4,21,16
383,41,10,11,4,35,16
384,54,2,9,7,17,16
385,31,8,16,6,27,16
386,35,7,9,2,22,16
387,33,9,15,6,27,16
388,42,8,27,4,22,16
389,41,6,20,11,26,16
390,39,6,17,5,21,16
391,36,10,16,6,25,16
392,41,10,21,7,24,16
393,37,7,22,5,24,16
394,42,9,17,6,25,16
395,35,7,14,9,29,16
396,45,15,20,7,23,16
397,44,5,16,4,26,16
398,40,9,15,9,21,16
399,34,2,21,2,24,16
400,44,7,21,8,20,16
401,37,12,21,8,23,16
402,38,7,15,10,24,16
403,40,7,20,8,29,16
404,27,3,17,7,19,16
405,20,6,17,1,24,16
406,44,8,22,4,26,16
407,36,6,12,3,22,16
408,47,12,16,7,23,16
409,41,9,25,7,37,16
410,41,6,18,7,26,16
411,26,8,19,5,22,16
412,50,3,13,9,22,16
413,47,8,13,5,23,16
414,44,9,17,10,22,16
415,25,5,18,4,27,16
416,44,9,20,9,31,16
417,46,4,20,4,15,16
418,47,5,25,6,20,16
419,50,6,22,5,32,16
420,46,9,11,11,25,16
421,37,6,15,12,23,16
422,41,8,23,3,16,16
423,32,7,13,7,23,16
424,30,8,17,4,20,16
425,35,6,21,3,24,16
426,32,4,17,6,23,16
427,48,5,19,7,27,16
428,46,15,20,4,26,16
429,45,9,17,6,16,16
430,29,6,18,5,26,16
431,58,14,23,8,30,16
432,31,7,12,8,27,16
433,38,8,17,5,25,16
434,37,7,15,5,21,16
435,38,5,18,8,27,16
436,34,12,23,9,31,16
437,43,8,26,7,24,16
438,39,7,17,4,16,16
439,44,5,11,9,23,16
440,38,14,17,6,26,16
441,41,12,20,7,29,16
442,37,2,21,4,27,16
443,33,8,22,5,35,16
444,32,10,19,7,33,16
445,37,9,21,8,22,16
446,39,7,17,7,37,16
447,35,11,11,5,24,16
448,52,5,19,8,25,16
449,38,11,14,11,23,16
450,44,13,19,7,18,16
451,39,6,20,6,14,16
452,42,6,25,5,32,16
453,28,7,17,6,29,16
454,47,11,29,3,21,16
455,49,8,24,7,22,16
456,40,14,19,6,22,16
457,54,5,21,6,25,16
458,32,7,18,8,36,16
459,46,13,19,3,34,16
460,31,9,18,6,32,16
461,42,11,19,5,22,16
462,41,6,14,10,27,16
463,30,11,14,8,21,16
464,38,7,15,6,22,16
465,46,5,18,6,23,16
466,39,7,16,4,30,16
467,46,14,24,9,19,16
468,38,6,17,5,36,16
469,36,9,17,8,22,16
470,35,10,19,3,26,16
471,36,12,16,4,24,16
472,42,8,25,5,32,16
473,44,12,18,6,28,16
474,38,8,13,5,33,16
475,36,5,13,8,20,16
476,36,11,11,5,15,16
477,35,7,14,5,21,16
478,46,12,15,7,24,16
479,44,6,13,6,26,16
480,38,9,20,2,27,16
481,32,3,23,4,24,16
482,43,11,21,6,24,16
483,50,11,20,12,16,16
484,30,6,21,9,29,16
485,41,6,19,7,21,16
486,44,3,18,11,25,16
487,39,5,21,5,24,16
488,32,5,23,3,17,16
489,43,3,19,7,19,16
490,39,10,13,7,26,16
491,24,11,20,6,20,16
492,37,5,19,3,28,16
493,32,9,22,8,26,16
494,39,5,11,4,29,16
495,44,4,22,2,27,16
496,39,5,19,5,24,16
497,25,9,18,4,16,16
498,57,9,19,6,30,16
499,32,17,22,8,19,16
500,40,6,14,4,19,16
501,49,9,20,8,24,16
502,40,7,18,5,18,16
503,44,7,17,7,22,16
504,48,12,18,7,20,16
505,40,14,25,4,24,16
506,38,11,21,5,18,16
507,50,7,10,8,20,16
508,40,5,13,5,26,16
509,46,6,19,4,28,16
510,39,11,21,4,41,16
511,42,2,18,9,18,16
512,42,5,19,6,26,16
513,43,10,24,6,31,16
514,36,11,16,3,21,16
515,35,6,18,7,22,16
516,33,10,16,8,35,16
517,50,13,18,9,31,16
518,50,4,17,4,32,16
519,30,6,17,8,34,16
520,35,5,20,10,24,16
521,31,3,11,5,32,16
522,30,5,14,6,24,16
523,39,9,20,7,24,16
524,44,5,18,6,32,16
525,40,12,15,6,21,16
526,42,7,17,8,23,16
527,43,11,13,3,21,16
528,36,8,10,13,25,16
529,39,8,8,6,28,16
530,46,7,19,4,21,16
531,32,8,15,9,29,16
532,33,8,19,4,16,16
533,38,6,19,7,34,16
534,36,6,17,10,27,16
535,35,10,18,5,25,16
536,29,10,8,6,29,16
537,31,11,17,6,29,16
538,38,7,20,9,19,16
539,51,9,16,4,32,16
540,36,12,20,10,23,16
541,36,9,19,6,26,16
542,27,7,17,3,29,16
543,40,6,14,9,14,16
544,44,11,19,4,26,16
545,36,5,19,11,27,16
546,34,6,17,2,24,16
547,40,8,16,3,23,16
548,43,5,17,7,38,16
549,40,14,29,8,25,16
550,34,10,22,8,24,16
551,44,5,22,6,21,16
552,26,8,15,11,26,16
553,28,6,19,4,26,16
554,42,4,25,8,33,16
555,46,8,22,6,20,16
556,31,5,10,5,20,16
557,39,7,17,3,32,16
558,40,3,8,4,30,16
559,42,11,16,6,21,16
560,31,10,17,6,18,16
561,44,11,21,7,22,16
562,42,7,20,7,22,16
563,38,16,20,5,24,16
564,44,7,18,5,29,16
565,38,11,14,8,18,16
566,33,8,19,5,22,16
567,37,6,13,8,35,16
568,34,7,21,5,21,16
569,47,11,20,2,27,16
570,38,11,11,7,34,16
571,46,7,25,9,23,16
572,37,10,15,6,31,16
573,29,9,16,2,23,16
574,42,8,16,6,37,16
575,48,14,17,9,28,16
576,44,11,16,7,25,16
577,35,9,17,6,24,16
578,54,7,17,3,29,16
579,45,10,12,7,31,16
580,40,15,20,6,19,16
581,35,6,15,2,20,16
582,58,5,15,4,29,16
583,52,14,15,6,28,16
584,43,9,17,5,26,16
585,43,4,16,5,24,16
586,27,4,23,6,25,16
587,28,10,19,5,18,16
588,46,5,14,8,24,16
589,47,10,10,7,25,16
590,35,10,9,2,27,16
591,37,11,17,4,38,16
592,41,4,21,9,28,16
593,43,6,18,4,26,16
594,36,6,21,4,26,16
595,31,8,16,8,23,16
596,38,2,23,3,26,16
597,34,11,21,10,25,16
598,40,9,25,11,23,16
599,34,9,13,5,27,16
600,46,6,16,6,27,16
601,38,12,13,4,34,16
602,37,8,22,5,28,16
603,43,12,11,6,18,16
604,39,11,18,8,32,16
605,48,4,21,6,23,16
606,37,5,25,3,29,16
607,41,5,20,9,31,16
608,40,8,22,4,25,16
609,34,6,19,5,25,16
610,43,11,12,3,22,16
611,35,9,24,4,27,16
612,50,8,22,8,27,16
613,33,7,18,5,26,16
614,36,6,20,8,26,16
615,31,6,19,9,27,16
616,39,9,17,7,21,16
617,37,7,11,7,28,16
618,31,6,16,5,25,16
619,56,16,16,6,24,16
620,46,6,18,7,21,16
621,33,9,15,5,25,16
622,25,12,13,9,26,16
623,33,8,15,4,32,16
624,60,6,21,4,22,16
625,29,2,17,6,23,16
626,37,8,26,11,20,16
627,30,9,13,10,24,16
628,34,5,13,6,26,16
629,44,6,18,7,30,16
630,40,12,23,7,15,16
631,52,11,16,5,24,16
632,56,12,11,10,18,16
633,40,11,21,5,37,16
634,43,5,18,10,34,16
635,39,3,15,7,24,16
636,37,13,14,5,17,16
637,36,15,20,3,19,16
638,45,7,16,5,30,16
639,39,10,17,5,25,16
640,37,7,19,11,30,16
641,44,9,15,12,21,16
642,43,8,11,3,35,16
643,41,10,18,3,17,16
644,44,11,25,5,22,16
645,41,8,14,4,24,16
646,36,3,23,6,22,16
647,45,8,24,7,24,16
648,42,6,19,5,16,16
649,43,7,15,3,39,16
650,46,5,16,7,38,16
651,48,3,17,3,22,16
652,40,8,18,7,21,16
653,35,9,14,9,18,16
654,48,8,16,6,15,16
655,41,9,16,9,26,16
656,44,7,23,3,26,16
657,37,6,27,4,16,16
658,38,13,18,4,19,16
659,32,3,21,3,30,16
660,42,10,24,11,20,16
661,49,4,19,8,23,16
662,42,10,17,5,33,16
663,36,5,15,8,29,16
664,35,12,21,2,29,16
665,33,7,10,5,22,16
666,33,6,15,7,31,16
667,43,5,18,4,20,16
668,44,3,19,7,22,16
669,39,10,21,3,22,16
670,44,5,23,5,25,16
671,29,7,20,8,18,16
672,36,11,17,3,29,16
673,34,10,11,9,30,16
674,34,13,18,6,23,16
675,46,10,19,5,29,16
676,37,10,20,3,29,16
677,30,12,16,7,25,16
678,38,8,21,8,40,16
679,47,8,20,10,28,16
680,46,8,18,9,26,16
681,34,7,14,7,35,16
682,46,11,22,8,31,16
683,37,8,9,9,29,16
684,25,8,17,4,20,16
685,41,8,15,1,21,16
686,39,3,11,3,30,16
687,47,7,15,5,26,16
688,37,7,15,5,25,16
689,32,11,18,1,28,16
690,39,17,15,8,30,16
691,47,11,18,11,26,16
692,41,7,10,4,27,16
693,48,10,15,4,18,16
694,43,7,21,6,23,16
695,33,11,18,2,18,16
696,27,10,24,7,33,16
697,30,4,21,4,21,16
698,38,13,24,8,29,16
699,48,12,24,8,18,16
700,33,13,12,4,26,16
701,29,7,20,5,26,16
702,46,10,16,6,30,16
703,41,9,17,3,16,16
704,35,11,15,11,17,16
705,40,2,20,5,24,16
706,44,10,28,7,25,16
707,39,5,13,7,21,16
708,52,7,11,3,22,16
709,31,6,15,1,23,16
710,44,10,19,4,30,16
711,44,6,14,7,25,16
712,36,7,15,3,17,16
713,44,5,20,5,22,16
714,31,11,14,6,25,16
715,46,10,20,3,23,16
716,42,8,18,5,27,16
717,52,5,18,2,31,16
718,37,7,16,5,25,16
719,42,9,15,5,16,16
720,37,11,24,4,28,16
721,32,12,21,8,24,16
722,41,9,16,6,18,16
723,31,10,16,4,26,16
724,42,6,13,7,32,16
725,54,8,11,8,37,16
726,29,10,21,4,30,16
727,35,10,17,6,24,16
728,50,14,16,7,28,16
729,47,17,25,3,28,16
730,42,6,19,2,24,16
731,36,5,20,2,25,16
732,37,3,20,3,29,16
733,34,11,22,8,24,16
734,43,8,14,11,25,16
735,47,9,20,9,24,16
736,41,6,18,3,26,16
737,33,6,20,9,16,16
738,40,4,21,3,25,16
739,36,7,20,5,22,16
740,45,7,18,10,31,16
741,43,6,11,9,19,16
742,30,7,18,7,18,16
743,42,10,16,3,19,16
744,37,4,14,7,31,16
745,49,5,22,11,22,16
746,31,8,15,9,27,16
747,55,11,20,8,27,16
748,40,5,13,7,26,16
749,35,7,17,7,29,16
750,27,11,18,9,16,16
751,34,8,13,5,26,16
752,41,4,23,4,27,16
753,32,13,17,7,30,16
754,30,11,14,13,20,16
755,46,6,28,4,20,16
756,36,7,25,3,31,16
757,29,10,14,15,26,16
758,45,7,19,9,22,16
759,31,7,21,8,20,16
760,47,6,22,8,27,16
761,29,13,18,4,25,16
762,47,10,16,8,26,16
763,49,8,18,1,29,16
764,32,6,23,9,31,16
765,44,5,17,6,33,16
766,46,6,14,4,34,16
767,48,7,13,5,19,16
768,41,3,20,7,25,16
769,40,12,25,6,24,16
770,28,8,25,9,24,16
771,37,5,20,5,24,16
772,53,7,31,5,17,16
773,36,1,16,3,28,16
774,37,4,20,6,25,16
775,37,5,11,5,32,16
776,32,4,20,13,25,16
777,38,8,12,6,23,16
778,36,10,19,3,32,16
779,38,13,13,5,28,16
780,39,12,26,6,23,16
781,38,10,10,5,18,16
782,36,5,19,8,15,16
783,42,7,14,7,23,16
784,49,9,20,6,20,16
785,37,9,16,13,32,16
786,44,7,16,4,28,16
787,41,6,16,11,22,16
788,36,4,17,7,26,16
789,40,9,21,4,21,16
790,27,6,22,6,24,16
791,47,5,24,6,21,16
792,57,7,11,4,21,16
793,49,7,17,2,21,16
794,39,11,20,2,22,16
795,45,6,17,4,24,16
796,37,10,17,2,28,16
797,41,10,18,9,32,16
798,37,10,17,4,20,16
799,38,8,15,11,32,16
800,35,9,15,5,22,16
801,33,6,20,4,29,16
802,25,8,13,7,29,16
803,29,4,24,2,35,16
804,39,13,24,5,23,16
805,26,9,20,1,29,16
806,43,16,17,3,25,16
807,46,3,14,5,19,16
808,41,12,24,6,21,16
809,41,4,18,7,19,16
810,31,8,16,7,21,16
811,46,6,18,5,26,16
812,46,6,14,3,23,16
813,42,6,21,6,27,16
814,34,10,16,6,26,16
815,35,2,15,4,29,16
816,45,11,27,10,11,16
817,30,5,17,3,30,16
818,42,10,15,6,29,16
819,51,6,13,6,24,16
820,45,8,17,2,31,16
821,41,4,13,3,20,16
822,37,9,12,5,34,16
823,46,6,22,6,25,16
824,41,8,14,2,27,16
825,45,4,16,5,26,16
826,38,8,27,9,19,16
827,35,6,11,10,27,16
828,34,9,19,3,31,16
829,37,13,25,11,20,16
830,35,7,15,2,28,16
831,32,6,19,3,28,16
832,30,4,10,5,25,16
833,43,8,14,8,25,16
834,42,8,15,8,28,16
835,39,8,20,9,16,16
836,45,9,13,8,19,16
837,44,8,17,5,27,16
838,34,7,17,5,29,16
839,51,10,14,4,20,16
840,47,13,20,6,23,16
841,45,9,20,9,30,16
842,30,10,8,8,19,16
843,46,5,18,4,29,16
844,33,7,16,9,23,16
845,42,3,14,10,24,16
846,36,8,21,5,35,16
847,32,7,26,4,25,16
848,38,5,17,10,24,16
849,30,8,20,4,19,16
850,42,6,18,10,15,16
851,39,4,24,7,34,16
852,36,3,14,4,24,16
853,30,8,22,9,16,16
854,42,10,22,7,15,16
855,31,7,20,2,25,16
856,33,7,23,8,34,16
857,51,10,22,5,29,16
858,31,2,19,5,21,16
859,47,4,16,6,28,16
860,49,5,18,4,32,16
861,41,2,13,9,25,16
862,49,13,18,5,24,16
863,46,8,16,8,25,16
864,48,7,21,4,25,16
865,42,9,18,7,21,16
866,49,3,19,10,31,16
867,48,9,13,4,25,16
868,28,4,18,5,20,16
869,49,6,19,6,21,16
870,36,7,22,8,26,16
871,31,8,20,5,27,16
872,37,9,16,4,23,16
873,35,8,16,7,28,16
874,52,9,10,9,27,16
875,37,7,14,8,24,16
876,47,10,24,5,29,16
877,46,8,17,4,27,16
878,40,11,27,10,22,16
879,36,9,25,7,17,16
880,36,11,19,1,21,16
881,36,9,18,3,32,16
882,36,6,21,12,23,16
883,29,5,23,4,26,16
884,46,3,11,3,32,16
885,36,6,12,8,27,16
886,36,7,18,7,26,16
887,36,8,17,8,22,16
888,36,10,8,4,35,16
889,31,8,19,6,19,16
890,42,9,19,4,37,16
891,36,6,19,11,30,16
892,34,6,22,5,28,16
893,38,6,18,8,20,16
894,44,3,25,7,27,16
895,54,7,18,11,20,16
896,42,9,28,7,27,16
897,39,8,16,2,27,16
898,47,6,20,10,24,16
899,39,11,13,7,26,16
900,33,7,20,4,21,16
901,56,10,16,7,27,16
902,31,6,21,8,29,16
903,39,7,11,8,22,16
904,38,3,21,7,18,16
905,59,6,18,4,20,16
906,34,5,20,9,27,16
907,49,4,9,6,29,16
908,38,10,13,5,26,16
909,44,9,21,6,27,16
910,38,7,22,5,29,16
911,39,5,21,7,26,16
912,44,11,17,5,27,16
913,46,1,17,8,27,16
914,50,7,13,7,24,16
915,44,9,21,3,20,16
916,46,4,20,4,26,16
917,42,6,15,1,31,16
918,39,8,23,3,26,16
919,34,11,19,7,16,16
920,54,7,19,2,16,16
921,40,11,20,6,20,16
922,40,8,13,11,22,16
923,36,5,16,12,24,16
924,36,7,19,3,22,16
925,38,10,19,5,22,16
926,34,5,14,4,28,16
927,46,8,28,7,33,16
928,40,10,21,5,30,16
929,41,11,15,5,30,16
930,40,6,25,3,19,16
931,39,14,17,7,29,16
932,45,4,16,6,26,16
933,43,10,9,6,19,16
934,42,10,19,8,37,16
935,47,9,25,5,18,16
936,32,12,17,5,25,16
937,36,9,16,8,38,16
938,36,7,15,2,26,16
939,32,7,12,6,25,16
940,35,10,18,8,28,16
941,42,7,12,12,21,16
942,48,5,24,8,21,16
943,33,10,19,1,29,16
944,40,6,21,4,21,16
945,40,8,23,7,26,16
946,35,11,16,3,21,16
947,37,9,19,5,16,16
948,44,3,12,8,30,16
949,39,9,23,3,25,16
950,33,7,31,7,25,16
951,30,12,24,7,20,16
952,34,9,23,6,17,16
953,31,8,19,3,13,16
954,28,11,27,9,25,16
955,53,11,13,3,27,16
956,34,3,16,6,35,16
957,35,5,16,6,21,16
958,45,6,14,8,25,16
959,34,11,18,8,29,16
960,39,6,8,4,24,16
961,49,2,19,9,22,16
962,28,5,23,10,30,16
963,47,7,18,2,23,16
964,38,7,19,6,20,16
965,35,6,14,2,22,16
966,52,4,14,5,19,16
967,49,4,19,3,22,16
968,36,9,15,5,18,16
969,32,11,21,8,12,16
970,44,10,24,3,32,16
971,52,6,17,6,20,16
972,36,3,16,8,27,16
973,39,10,20,7,26,16
974,44,7,17,7,37,16
975,39,8,19,2,29,16
976,35,7,20,7,26,16
977,39,4,16,4,30,16
978,34,10,24,8,30,16
979,52,10,16,8,18,16
980,41,9,17,3,26,16
981,39,7,21,7,22,16
982,53,12,13,4,23,16
983,39,3,17,9,22,16
984,44,7,21,5,18,16
985,48,10,23,4,23,16
986,38,12,16,6,18,16
987,40,7,13,3,24,16
988,38,8,19,4,22,16
989,31,8,19,9,21,16
990,44,10,16,4,31,16
991,43,7,9,4,26,16
992,48,11,16,6,25,16
993,45,6,17,8,27,16
994,39,8,18,4,24,16
995,51,9,18,9,32,16
996,37,5,19,3,26,16
997,39,12,23,5,19,16
998,38,9,19,8,21,16
999,33,12,17,4,27,16
1000,38,6,19,7,26,16
1001,44,4,16,8,25,16
1002,45,13,21,2,28,16
1003,37,4,24,6,18,16
1004,42,12,18,11,22,16
1005,33,5,19,6,22,16
1006,39,6,14,5,32,16
1007,39,7,16,10,29,16
1008,40,15,17,3,24,16
1009,61,10,23,7,28,16
1010,37,7,14,5,29,16
1011,41,5,15,6,25,16
1012,37,6,12,11,19,16
1013,37,13,13,3,27,16
1014,34,8,23,7,30,16
1015,33,6,23,5,36,16
1016,47,9,22,5,29,16
1017,46,9,13,6,22,16
1018,43,3,15,3,23,16
1019,31,8,20,11,27,16
1020,33,8,16,10,26,16
1021,26,6,22,3,19,16
1022,35,6,19,6,21,16
1023,38,5,21,6,28,16
1024,39,7,19,4,27,16
1025,33,5,24,2,24,16
1026,36,7,14,7,22,16
1027,43,10,18,5,26,16
1028,48,12,14,8,24,16
1029,36,8,20,4,32,16
1030,38,12,11,5,22,16
1031,46,14,18,5,24,16
1032,34,7,17,3,32,16
1033,27,5,21,5,30,16
1034,31,7,18,4,21,16
1035,38,11,23,5,27,16
1036,33,11,18,5,28,16
1037,41,6,23,6,21,16
1038,34,11,23,2,24,16
1039,29,5,10,6,27,16
1040,40,4,24,9,15,16
1041,52,10,16,7,32,16
1042,28,7,15,10,29,16
1043,39,13,14,4,31,16
1044,53,6,17,7,23,16
1045,40,9,16,2,25,16
1046,33,2,21,8,36,16
1047,47,3,20,2,26,16
1048,36,7,15,7,22,16
1049,46,3,18,8,29,16
1050,37,11,19,8,13,16
1051,40,7,15,5,21,16
1052,39,8,21,5,28,16
1053,51,10,13,5,22,16
1054,36,13,15,7,27,16
1055,31,11,21,6,24,16
1056,30,7,13,10,15,16
1057,41,8,18,10,32,16
1058,50,8,18,7,26,16
1059,31,7,15,10,21,16
1060,42,5,17,8,22,16
1061,40,6,22,5,19,16
1062,39,10,19,11,18,16
1063,43,10,18,5,26,16
1064,46,3,19,7,30,16
1065,33,6,16,3,34,16
1066,48,8,16,5,25,16
1067,38,8,16,6,24,16
1068,43,8,13,3,32,16
1069,37,6,16,10,39,16
1070,33,15,22,6,28,16
1071,31,8,18,6,29,16
1072,39,6,15,3,28,16
1073,47,9,25,7,28,16
1074,29,8,20,5,19,16
1075,35,4,14,6,26,16
1076,37,4,13,7,23,16
1077,24,7,18,8,28,16
1078,46,5,18,4,23,16
1079,43,9,21,7,22,16
1080,37,2,20,3,25,16
1081,42,7,21,5,26,16
1082,42,7,7,8,24,16
1083,38,11,19,6,24,16
1084,39,13,14,2,19,16
1085,38,12,16,6,40,16
1086,47,9,21,4,30,16
1087,37,8,14,9,27,16
1088,39,9,26,7,32,16
1089,43,7,17,4,29,16
1090,48,6,19,3,27,16
1091,39,6,22,5,22,16
1092,39,8,20,6,29,16
1093,32,8,17,4,20,16
1094,45,9,22,8,25,16
1095,31,10,19,4,22,16
1096,47,8,19,6,21,16
1097,42,6,18,10,24,16
1098,41,8,23,5,21,16
1099,33,5,25,5,25,16
1100,46,16,24,5,28,16
1101,33,7,27,7,27,16
1102,46,5,14,5,26,16
1103,43,4,24,7,25,16
1104,39,3,21,8,32,16
1105,35,7,14,9,26,16
1106,41,9,22,5,22,16
1107,42,4,21,11,21,16
1108,37,11,21,6,18,16
1109,44,7,15,5,21,16
1110,47,2,19,6,16,16
1111,37,10,27,6,22,16
1112,39,9,12,3,23,16
1113,35,4,14,5,20,16
1114,34,5,16,6,21,16
1115,44,10,12,9,32,16
1116,40,8,17,7,16,16
1117,37,11,18,8,23,16
1118,33,4,12,12,30,16
1119,46,5,22,10,26,16
1120,38,7,9,4,28,16
1121,41,11,22,2,26,16
1122,44,6,20,4,35,16
1123,42,7,18,9,24,16
1124,42,6,24,3,18,16
1125,55,11,14,5,26,16
1126,47,9,19,6,26,16
1127,35,11,20,5,25,16
1128,31,7,15,6,35,16
1129,32,6,17,8,27,16
1130,38,8,19,5,24,16
1131,45,9,11,6,24,16
1132,35,0,23,4,22,16
1133,44,12,25,5,28,16
1134,46,9,14,4,26,16
1135,33,7,21,7,24,16
1136,28,10,16,11,20,16
1137,41,5,14,7,26,16
1138,36,11,13,4,27,16
1139,43,10,20,11,24,16
1140,38,10,20,4,28,16
1141,45,6,12,6,25,16
1142,39,4,16,5,22,16
1143,36,7,16,6,17,16
1144,35,7,24,7,24,16
1145,46,8,12,9,22,16
1146,39,12,19,6,25,16
1147,51,12,18,2,26,16
1148,48,11,16,6,19,16
1149,34,16,17,4,21,16
1150,33,5,12,9,33,16
1151,40,5,17,7,24,16
1152,24,9,26,3,20,16
1153,37,4,19,7,24,16
1154,37,18,20,2,34,16
1155,45,9,17,4,22,16
1156,40,7,16,8,19,16
1157,42,7,17,5,18,16
1158,47,11,21,8,27,16
1159,36,8,12,6,30,16
1160,37,6,13,6,28,16
1161,36,10,15,5,21,16
1162,24,13,15,3,22,16
1163,35,8,15,10,26,16
1164,34,7,22,8,25,16
1165,48,3,16,7,28,16
1166,41,12,8,3,29,16
1167,38,6,15,7,30,16
1168,33,7,22,7,24,16
1169,40,7,17,7,26,16
1170,37,9,23,4,23,16
1171,33,8,17,5,24,16
1172,52,9,9,4,25,16
1173,36,9,19,7,21,16
1174,37,6,21,4,21,16
1175,54,5,19,8,21,16
1176,36,5,16,4,20,16
1177,44,11,17,2,19,16
1178,39,7,19,9,23,16
1179,31,4,25,4,28,16
1180,41,7,21,7,22,16
1181,40,10,14,6,28,16
1182,42,9,18,11,29,16
1183,40,7,15,5,21,16
1184,36,9,22,8,29,16
1185,44,17,18,6,32,16
1186,47,7,23,3,32,16
1187,40,8,21,9,24,16
1188,39,7,23,7,28,16
1189,39,4,21,4,24,16
1190,35,10,18,6,21,16
1191,33,10,22,2,31,16
1192,41,8,15,7,28,16
1193,35,14,15,7,30,16
1194,38,15,13,11,16,16
1195,35,6,15,8,19,16
1196,35,5,19,4,17,16
1197,45,7,15,6,25,16
1198,43,8,18,8,34,16
1199,41,8,19,7,27,16
1200,37,7,19,6,23,16
1201,41,7,21,5,23,16
1202,40,10,10,6,31,16
1203,29,8,12,5,28,16
1204,31,10,20,6,32,16
1205,43,9,15,7,24,16
1206,42,8,11,6,23,16
1207,42,8,16,7,23,16
1208,47,5,23,9,33,16
1209,45,15,20,2,30,16
1210,39,1,16,10,22,16
1211,40,8,18,4,22,16
1212,40,8,14,4,23,16
1213,39,8,15,4,20,16
1214,41,8,23,4,26,16
1215,43,4,12,2,21,16
1216,41,13,19,3,20,16
1217,37,9,16,5,27,16
1218,32,10,13,7,18,16
1219,38,9,18,2,29,16
1220,41,7,18,9,27,16
1221,31,4,22,5,21,16
1222,37,5,15,9,25,16
1223,41,6,20,8,29,16
1224,48,6,25,5,23,16
1225,42,6,23,5,28,16
1226,46,9,20,2,25,16
1227,32,9,19,5,36,16
1228,43,8,14,2,37,16
1229,41,7,11,4,27,16
1230,35,12,21,5,24,16
1231,38,6,15,7,30,16
1232,31,10,16,7,34,16
1233,29,9,13,4,24,16
1234,43,3,23,8,27,16
1235,41,7,27,4,31,16
1236,45,9,20,5,29,16
1237,44,9,25,5,18,16
1238,50,11,21,8,32,16
1239,36,6,12,6,31,16
1240,47,5,14,6,29,16
1241,46,9,17,4,17,16
1242,36,11,22,6,13,16
1243,35,12,19,7,24,16
1244,39,7,17,6,25,16
1245,46,11,21,3,24,16
1246,31,9,19,10,27,16
1247,47,4,26,9,30,16
1248,34,12,22,4,22,16
1249,37,9,25,4,26,16
1250,44,8,22,4,22,16
1251,39,10,16,3,30,16
1252,33,9,21,5,17,16
1253,43,5,17,8,25,16
1254,49,9,22,7,21,16
1255,50,7,18,4,14,16
1256,38,10,20,5,23,16
1257,51,7,14,10,37,16
1258,40,10,20,6,28,16
1259,54,8,23,2,20,16
1260,35,8,12,6,27,16
1261,33,9,21,12,37,16
1262,36,9,11,9,30,16
1263,34,7,17,5,29,16
1264,34,11,22,12,32,16
1265,52,14,24,6,27,16
1266,40,6,14,9,35,16
1267,50,5,17,7,19,16
1268,40,5,24,5,32,16
1269,45,10,14,4,20,16
1270,37,7,11,7,43,16
1271,37,2,13,10,22,16
1272,41,10,22,9,26,16
1273,30,11,9,7,30,16
1274,45,10,23,9,25,16
1275,48,16,14,8,27,16
1276,40,9,15,4,28,16
1277,32,4,13,4,21,16
1278,35,9,18,5,31,16
1279,35,4,16,4,22,16
1280,37,8,12,6,20,16
1281,45,6,14,6,24,16
1282,33,10,22,2,18,16
1283,32,12,23,5,20,16
1284,40,6,13,8,24,16
1285,27,6,22,7,31,16
1286,33,7,22,10,30,16
1287,42,4,16,3,20,16
1288,37,8,22,4,26,16
1289,34,4,11,10,25,16
1290,54,7,15,6,28,16
1291,39,7,20,5,20,16
1292,33,7,24,10,20,16
1293,34,7,10,12,21,16
1294,47,7,13,4,27,16
1295,40,3,14,4,35,16
1296,49,10,22,8,28,16
1297,35,6,9,6,17,16
1298,37,4,18,2,31,16
1299,43,3,23,7,25,16
1300,44,10,7,6,19,16
1301,29,3,20,2,25,16
1302,40,11,16,7,27,16
1303,37,7,17,8,19,16
1304,49,9,16,9,20,16
1305,36,9,19,6,34,16
1306,36,11,11,9,26,16
1307,23,5,15,4,21,16
1308,38,7,15,5,36,16
1309,40,5,21,5,27,16
1310,43,10,20,8,22,16
1311,44,4,13,5,21,16
1312,34,12,14,4,24,16
1313,40,9,20,6,24,16
1314,52,10,17,7,22,16
1315,47,8,17,3,21,16
1316,28,7,23,3,21,16
1317,34,9,19,2,23,16
1318,40,12,12,5,39,16
1319,42,8,24,3,16,16
1320,33,8,20,6,26,16
1321,44,5,20,2,21,16
1322,36,5,18,7,18,16
1323,28,8,26,6,22,16
1324,41,5,18,9,28,16
1325,39,10,19,8,36,16
1326,40,7,18,5,24,16
1327,36,5,14,5,30,16
1328,36,7,25,8,30,16
1329,39,9,24,7,28,16
1330,39,10,13,2,30,16
1331,30,11,18,6,24,16
1332,41,7,12,7,24,16
1333,41,7,14,7,23,16
1334,38,10,13,8,18,16
1335,47,9,27,5,23,16
1336,39,6,15,8,25,16
1337,38,10,13,6,29,16
1338,42,6,12,5,23,16
1339,34,10,16,5,20,16
1340,34,7,17,11,22,16
1341,38,5,19,5,27,16
1342,47,9,12,7,43,16
1343,33,8,23,7,17,16
1344,45,9,14,7,29,16
1345,54,8,18,7,33,16
1346,40,10,19,1,28,16
1347,39,8,17,5,21,16
1348,49,12,16,6,26,16
1349,40,6,17,9,20,16
1350,39,6,15,11,29,16
1351,41,10,24,4,27,16
1352,47,8,15,6,17,16
1353,46,12,18,2,20,16
1354,35,6,13,6,22,16
1355,42,3,17,3,26,16
1356,41,8,19,4,19,16
1357,29,6,28,7,29,16
1358,36,8,20,3,27,16
1359,50,10,16,9,32,16
1360,38,4,21,6,30,16
1361,49,5,25,4,26,16
1362,31,6,16,5,18,16
1363,40,6,11,8,23,16
1364,41,10,21,8,23,16
1365,40,8,16,7,23,16
1366,43,6,10,5,26,16
1367,46,10,16,3,26,16
1368,38,8,22,7,17,16
1369,26,11,17,8,21,16
1370,30,5,15,6,30,16
1371,33,12,16,4,15,16
1372,47,7,25,8,25,16
1373,43,10,18,7,21,16
1374,43,6,24,5,27,16
1375,37,6,17,6,22,16
1376,37,17,14,7,21,16
1377,36,8,14,5,35,16
1378,45,10,16,7,23,16
1379,40,7,27,6,19,16
1380,46,5,27,8,29,16
1381,35,8,21,7,31,16
1382,39,7,18,7,19,16
1383,38,7,18,6,27,16
1384,39,9,21,5,20,16
1385,38,11,21,8,27,16
1386,33,11,17,4,21,16
1387,35,6,12,4,24,16
1388,36,14,11,5,23,16
1389,39,10,19,5,29,16
1390,36,7,14,10,27,16
1391,40,6,19,5,22,16
1392,44,11,21,6,26,16
1393,34,6,20,8,18,16
1394,38,8,25,4,20,16
1395,42,5,23,3,22,16
1396,32,9,23,10,27,16
1397,44,6,16,9,24,16
1398,36,6,18,5,30,16
1399,43,6,18,6,19,16
1400,40,7,22,9,21,16
1401,42,5,19,5,23,16
1402,55,4,11,6,28,16
1403,37,6,16,4,29,16
1404,35,10,22,8,26,16
1405,56,14,16,5,26,16
1406,45,9,16,6,22,16
1407,35,10,22,3,26,16
1408,31,9,18,11,27,16
1409,47,7,18,9,28,16
1410,48,5,22,9,22,16
1411,46,12,18,6,30,16
1412,35,8,22,7,26,16
1413,41,10,21,5,23,16
1414,40,8,13,3,24,16
1415,34,3,21,13,31,16
1416,39,7,19,5,26,16
1417,36,9,9,14,25,16
1418,49,9,20,6,32,16
1419,36,8,10,6,21,16
1420,36,6,24,10,26,16
1421,38,17,18,6,25,16
1422,34,7,17,7,29,16
1423,34,7,21,7,13,16
1424,35,11,18,4,21,16
1425,35,4,19,5,25,16
1426,42,6,15,6,27,16
1427,36,6,26,4,24,16
1428,38,6,20,6,21,16
1429,44,11,17,6,24,16
1430,39,7,24,7,19,16
1431,45,7,9,6,22,16
1432,48,12,20,5,18,16
1433,37,10,16,6,25,16
1434,42,9,23,4,21,16
1435,41,6,21,7,22,16
1436,42,2,25,12,20,16
1437,43,9,16,3,22,16
1438,44,9,9,4,20,16
1439,30,5,22,8,20,16
1440,30,9,22,8,27,16
1441,42,8,11,6,26,16
1442,47,9,14,6,30,16
1443,37,3,12,7,22,16
1444,38,9,17,5,24,16
1445,37,5,16,5,20,16
1446,33,10,14,10,22,16
1447,39,7,16,3,29,16
1448,45,8,20,4,19,16
1449,45,9,22,4,19,16
1450,41,8,20,4,21,16
1451,42,8,17,4,34,16
1452,42,10,19,3,24,16
1453,40,6,19,6,31,16
1454,38,9,20,4,21,16
1455,37,8,16,6,32,16
1456,38,9,18,6,35,16
1457,30,8,19,6,17,16
1458,38,9,18,2,27,16
1459,38,10,22,9,22,16
1460,42,12,19,4,30,16
1461,45,9,22,10,22,16
1462,37,12,18,4,32,16
1463,32,12,10,9,29,16
1464,47,13,16,7,22,16
1465,37,9,9,10,26,16
1466,41,10,9,4,19,16
1467,39,9,23,5,20,16
1468,38,9,22,10,21,16
1469,33,6,14,2,32,16
1470,46,11,16,4,24,16
1471,38,12,18,5,27,16
1472,41,5,19,7,33,16
1473,40,9,17,7,20,16
1474,41,6,24,2,22,16
1475,35,5,22,2,35,16
1476,35,6,18,4,30,16
1477,34,5,20,10,25,16
1478,30,9,16,5,29,16
1479,48,13,17,1,29,16
1480,45,6,22,3,21,16
1481,33,4,18,6,31,16
1482,43,7,18,11,26,16
1483,46,6,13,9,26,16
1484,42,6,20,10,32,16
1485,48,5,26,8,28,16
1486,30,8,22,7,29,16
1487,30,7,21,7,30,16
1488,45,10,12,7,30,16
1489,43,10,23,7,22,16
1490,42,7,17,4,23,16
1491,36,8,21,2,22,16
1492,50,10,22,6,22,16
1493,42,7,19,7,22,16
1494,44,8,17,6,17,16
1495,34,11,15,7,32,16
1496,42,11,17,8,20,16
1497,43,5,17,5,24,16
1498,43,7,20,11,21,16
1499,42,8,20,6,19,16
1500,30,10,17,3,26,16
1501,42,8,24,1,18,16
1502,41,12,15,5,33,16
1503,36,4,17,2,24,16
1504,41,13,15,5,22,16
1505,39,1,17,5,30,16
1506,45,8,18,2,28,16
1507,27,7,16,6,24,16
1508,43,9,21,8,21,16
1509,34,9,18,5,26,16
1510,35,9,25,6,33,16
1511,35,9,20,6,24,16
1512,42,8,19,7,26,16
1513,38,13,20,8,26,16
1514,40,8,21,6,30,16
1515,42,7,19,6,25,16
1516,30,7,22,7,19,16
1517,49,7,24,5,29,16
1518,38,4,23,3,21,16
1519,37,8,13,6,19,16
1520,46,8,20,9,27,16
1521,43,6,21,6,34,16
1522,46,9,12,6,28,16
1523,40,10,16,4,19,16
1524,40,9,12,11,28,16
1525,41,3,21,1,21,16
1526,50,11,27,8,24,16
1527,50,3,23,9,27,16
1528,30,5,21,5,23,16
1529,40,11,19,7,18,16
1530,47,3,17,5,28,16
1531,35,12,22,3,21,16
1532,45,7,12,3,22,16
1533,52,13,15,6,28,16
1534,36,12,29,8,20,16
1535,33,4,23,6,28,16
1536,50,9,13,4,29,16
1537,34,9,16,4,28,16
1538,46,8,16,6,32,16
1539,39,10,16,2,23,16
1540,46,4,20,6,21,16
1541,39,10,18,4,25,16
1542,38,5,22,7,22,16
1543,52,7,22,6,30,16
1544,48,8,18,6,11,16
1545,35,7,27,6,19,16
1546,35,5,19,8,15,16
1547,49,7,22,2,25,16
1548,39,8,24,5,21,16
1549,38,10,21,9,22,16
1550,50,3,15,5,24,16
1551,40,14,10,7,24,16
1552,34,9,20,10,31,16
1553,42,9,25,3,17,16
1554,40,6,20,6,29,16
1555,43,13,18,3,21,16
1556,35,14,21,9,30,16
1557,30,9,16,7,25,16
1558,44,5,20,3,20,16
1559,40,8,23,4,27,16
1560,33,10,18,6,24,16
1561,41,11,23,5,18,16
1562,40,10,18,5,23,16
1563,43,10,27,6,27,16
1564,31,9,17,11,26,16
1565,29,9,12,4,21,16
1566,49,7,14,8,32,16
1567,27,8,30,9,23,16
1568,31,8,27,2,27,16
1569,48,10,15,7,29,16
1570,39,4,25,13,30,16
1571,49,12,13,11,27,16
1572,36,7,17,7,28,16
1573,38,8,17,7,30,16
1574,43,11,24,5,18,16
1575,40,3,19,3,27,16
1576,44,11,24,5,20,16
1577,48,6,15,8,30,16
1578,37,5,24,8,34,16
1579,45,10,21,10,28,16
1580,40,4,13,8,40,16
1581,59,7,19,7,28,16
1582,32,8,18,10,31,16
1583,36,7,14,6,21,16
1584,47,11,18,9,21,16
1585,45,6,18,2,32,16
1586,43,11,21,6,22,16
1587,30,5,17,4,24,16
1588,53,5,20,7,25,16
1589,46,5,17,3,13,16
1590,41,5,11,9,19,16
1591,28,12,14,9,30,16
1592,46,12,24,4,22,16
1593,34,7,18,5,27,16
1594,45,7,12,3,25,16
1595,42,6,18,6,28,16
1596,45,10,32,6,25,16
1597,44,5,18,5,23,16
1598,38,11,14,4,27,16
1599,35,12,21,7,30,16
1600,21,5,15,9,16,16
1601,51,5,18,7,26,16
1602,26,12,16,6,22,16
1603,31,8,12,6,23,16
1604,39,11,26,9,24,16
1605,41,10,17,7,25,16
1606,36,9,24,4,25,16
1607,40,11,20,5,23,16
1608,45,4,26,3,22,16
1609,33,7,17,8,22,16
1610,51,7,17,10,27,16
1611,37,13,13,2,21,16
1612,55,10,14,6,21,16
1613,36,5,18,7,30,16
1614,44,10,16,7,24,16
1615,52,6,19,3,21,16
1616,39,9,15,4,16,16
1617,37,8,14,2,23,16
1618,32,8,11,5,20,16
1619,25,9,19,4,25,16
1620,46,9,19,5,22,16
1621,33,2,10,6,28,16
1622,41,4,16,8,22,16
1623,45,12,14,3,22,16
1624,38,11,19,6,21,16
1625,45,9,18,5,27,16
1626,40,7,16,8,17,16
1627,37,9,16,1,22,16
1628,46,12,16,7,17,16
1629,38,10,22,6,25,16
1630,38,11,13,4,33,16
1631,47,15,14,5,20,16
1632,41,10,19,3,11,16
1633,36,9,11,5,26,16
1634,43,3,17,9,31,16
1635,40,9,24,6,19,16
1636,35,3,15,5,18,16
1637,33,10,16,5,29,16
1638,30,8,12,9,28,16
1639,30,5,16,5,33,16
1640,42,12,24,8,25,16
1641,30,9,17,9,23,16
1642,39,7,21,2,24,16
1643,36,7,22,2,19,16
1644,27,5,15,2,20,16
1645,35,13,23,5,30,16
1646,33,6,22,5,23,16
1647,30,8,20,3,23,16
1648,34,6,24,7,34,16
1649,34,5,15,6,24,16
1650,45,11,26,5,25,16
1651,42,9,11,2,34,16
1652,29,10,15,9,26,16
1653,52,12,11,7,25,16
1654,25,5,30,5,22,16
1655,39,6,13,7,22,16
1656,39,9,18,4,27,16
1657,48,11,12,7,17,16
1658,41,13,20,5,23,16
1659,52,13,14,7,27,16
1660,44,11,20,5,24,16
1661,43,7,13,18,37,16
1662,45,7,23,7,23,16
1663,39,7,18,7,28,16
1664,34,7,13,7,21,16
1665,42,5,25,4,29,16
1666,44,15,17,5,21,16
1667,48,8,16,8,28,16
1668,44,6,16,4,15,16
1669,43,7,18,7,28,16
1670,50,13,24,9,21,16
1671,50,12,17,4,26,16
1672,44,2,22,3,25,16
1673,38,9,28,2,24,16
1674,49,8,19,5,18,16
1675,35,4,21,5,19,16
1676,30,9,19,6,25,16
1677,34,2,22,11,42,16
1678,42,14,24,5,16,16
1679,36,8,12,5,28,16
1680,38,5,23,8,22,16
1681,34,6,10,5,37,16
1682,44,12,21,3,32,16
1683,34,4,18,6,19,16
1684,34,13,11,6,24,16
1685,40,11,12,5,32,16
1686,45,10,23,8,22,16
1687,30,9,16,4,28,16
1688,50,4,17,4,27,16
1689,33,7,13,4,26,16
1690,45,13,22,4,38,16
1691,37,7,11,6,24,16
1692,41,6,22,7,29,16
1693,34,9,18,8,23,16
1694,36,11,16,8,26,16
1695,42,5,15,3,34,16
1696,33,9,13,6,28,16
1697,34,6,15,8,23,16
1698,35,7,20,4,20,16
1699,50,4,14,8,22,16
1700,39,5,18,7,32,16
1701,45,8,20,8,25,16
1702,44,12,18,3,22,16
1703,41,18,18,7,34,16
1704,41,13,21,7,26,16
1705,35,7,24,7,15,16
1706,40,10,27,5,21,16
1707,43,5,16,1,33,16
1708,40,9,16,7,27,16
1709,34,7,21,7,19,16
1710,40,12,20,5,21,16
1711,47,6,18,10,25,16
1712,38,11,22,8,24,16
1713,45,18,13,7,26,16
1714,42,7,21,5,24,16
1715,49,7,17,3,28,16
1716,45,7,11,3,19,16
1717,36,7,23,7,21,16
1718,38,9,20,5,22,16
1719,47,9,22,7,31,16
1720,38,9,23,12,28,16
1721,41,6,28,10,23,16
1722,47,10,18,4,25,16
1723,48,8,21,7,21,16
1724,50,11,21,5,22,16
1725,37,8,23,8,28,16
1726,39,8,20,10,21,16
1727,42,7,17,1,31,16
1728,36,10,16,3,25,16
1729,31,10,20,1,20,16
1730,34,6,22,5,27,16
1731,49,11,14,10,25,16
1732,35,13,18,6,27,16
1733,47,6,23,5,22,16
1734,43,5,17,11,16,16
1735,35,5,17,4,27,16
1736,36,11,27,7,28,16
1737,55,6,21,5,23,16
1738,42,6,9,11,25,16
1739,39,9,19,11,17,16
1740,32,6,20,6,20,16
1741,40,11,16,2,27,16
1742,38,7,13,9,27,16
1743,38,5,18,8,18,16
1744,35,14,18,5,27,16
1745,35,4,20,8,25,16
1746,32,5,13,7,28,16
1747,44,6,10,7,24,16
1748,44,4,14,10,25,16
1749,32,12,15,6,24,16
1750,46,8,20,8,35,16
1751,38,4,14,8,25,16
1752,42,8,17,5,26,16
1753,29,3,12,3,16,16
1754,42,10,21,5,20,16
1755,42,2,16,6,30,16
1756,33,10,20,8,17,16
1757,42,11,18,7,33,16
1758,39,10,9,8,22,16
1759,42,11,17,5,27,16
1760,37,8,28,2,28,16
1761,28,15,15,5,26,16
1762,38,8,12,8,20,16
1763,33,12,19,9,29,16
1764,47,8,19,14,22,16
1765,32,6,19,4,25,16
1766,47,7,13,3,27,16
1767,37,10,22,3,20,16
1768,40,6,19,7,32,16
1769,39,7,19,7,31,16
1770,54,9,16,4,29,16
1771,25,3,16,15,35,16
1772,44,9,25,5,23,16
1773,49,5,17,6,25,16
1774,42,7,22,7,25,16
1775,42,4,16,6,21,16
1776,33,7,19,10,27,16
1777,39,5,9,9,21,16
1778,48,8,14,8,25,16
1779,39,14,19,2,24,16
1780,41,6,16,7,28,16
1781,49,6,15,8,29,16
1782,39,9,30,6,32,16
1783,49,5,24,5,26,16
1784,39,4,14,6,22,16
1785,32,12,20,4,33,16
1786,41,7,14,5,21,16
1787,46,11,18,3,13,16
1788,31,9,24,11,27,16
1789,51,12,19,3,28,16
1790,36,5,22,2,23,16
1791,40,6,12,6,26,16
1792,43,8,16,10,33,16
1793,38,5,19,5,26,16
1794,44,10,16,3,21,16
1795,47,12,21,5,21,16
1796,38,10,22,3,25,16
1797,43,6,18,2,29,16
1798,47,12,16,8,27,16
1799,31,6,14,11,26,16
1800,35,12,19,5,26,16
1801,41,8,20,9,29,16
1802,46,8,15,5,32,16
1803,45,7,20,5,34,16
1804,36,6,13,6,17,16
1805,48,16,18,4,29,16
1806,47,5,13,2,25,16
1807,41,9,20,5,28,16
1808,36,9,25,6,28,16
1809,30,9,17,6,22,16
1810,29,6,17,4,22,16
1811,43,8,14,5,17,16
1812,34,6,23,8,20,16
1813,29,12,16,5,25,16
1814,41,9,15,6,26,16
1815,34,7,13,6,32,16
1816,32,4,18,7,20,16
1817,35,6,17,6,17,16
1818,38,6,26,8,30,16
1819,40,6,22,5,33,16
1820,36,9,16,4,20,16
1821,37,8,29,8,27,16
1822,42,8,18,9,25,16
1823,43,10,22,3,27,16
1824,45,7,12,8,20,16
1825,31,9,20,12,19,16
1826,38,7,14,3,32,16
1827,37,14,20,4,19,16
1828,40,7,19,10,18,16
1829,51,7,22,3,31,16
1830,47,8,12,7,27,16
1831,48,7,28,7,25,16
1832,36,11,26,4,25,16
1833,47,6,15,4,27,16
1834,41,9,20,8,21,16
1835,39,3,26,5,24,16
1836,50,5,14,7,24,16
1837,36,12,16,6,24,16
1838,43,13,16,8,31,16
1839,29,3,8,3,31,16
1840,29,8,18,2,16,16
1841,40,9,18,8,29,16
1842,33,9,30,8,25,16
1843,52,6,16,9,18,16
1844,48,7,18,6,29,16
1845,41,9,15,9,28,16
1846,42,8,18,8,28,16
1847,49,6,25,2,22,16
1848,41,6,19,6,24,16
1849,32,5,12,5,33,16
1850,39,8,21,3,31,16
1851,35,8,16,8,18,16
1852,36,7,23,5,31,16
1853,40,7,14,6,25,16
1854,37,10,15,3,26,16
1855,47,7,24,2,28,16
1856,44,10,15,11,23,16
1857,45,5,24,2,27,16
1858,55,6,13,6,33,16
1859,45,2,18,6,22,16
1860,31,5,17,7,20,16
1861,42,7,20,3,27,16
1862,37,4,15,9,26,16
1863,41,7,18,5,21,16
1864,36,6,21,4,21,16
1865,41,8,13,6,20,16
1866,37,6,20,8,26,16
1867,50,10,17,10,23,16
1868,38,10,20,8,23,16
1869,34,8,24,7,33,16
1870,34,7,19,3,35,16
1871,32,6,18,9,24,16
1872,38,4,16,4,21,16
1873,36,10,23,8,36,16
1874,33,9,17,4,15,16
1875,32,9,17,2,24,16
1876,39,13,10,1,20,16
1877,40,4,15,8,27,16
1878,52,4,12,10,24,16
1879,37,5,23,5,17,16
1880,36,9,20,2,23,16
1881,32,4,21,3,26,16
1882,53,4,16,7,21,16
1883,45,11,12,7,32,16
1884,45,8,12,7,15,16
1885,33,7,21,6,19,16
1886,41,11,22,6,36,16
1887,36,9,17,8,29,16
1888,39,3,26,12,22,16
1889,38,7,17,4,31,16
1890,39,5,21,7,23,16
1891,38,7,27,5,24,16
1892,36,4,14,5,23,16
1893,45,6,16,5,30,16
1894,37,9,15,2,28,16
1895,49,10,21,6,24,16
1896,42,7,18,2,34,16
1897,49,15,13,1,30,16
1898,40,5,20,9,24,16
1899,43,4,22,2,25,16
1900,44,8,16,4,20,16
1901,37,6,18,7,26,16
1902,39,7,23,5,22,16
1903,34,11,21,5,26,16
1904,39,11,18,6,33,16
1905,31,11,21,7,27,16
1906,41,13,12,6,24,16
1907,31,6,11,6,26,16
1908,37,3,14,4,29,16
1909,48,8,17,6,24,16
1910,38,6,10,5,26,16
1911,36,6,19,2,31,16
1912,48,4,18,9,20,16
1913,41,5,22,5,28,16
1914,34,6,25,4,22,16
1915,43,9,16,8,17,16
1916,53,15,17,6,21,16
1917,35,7,14,7,30,16
1918,40,9,22,6,26,16
1919,26,12,19,5,28,16
1920,31,7,22,11,25,16
1921,56,6,17,3,25,16
1922,41,10,20,13,22,16
1923,31,5,20,8,27,16
1924,43,5,19,3,22,16
1925,25,9,19,6,22,16
1926,50,8,18,7,18,16
1927,38,5,17,3,44,16
1928,35,6,17,9,24,16
1929,47,6,17,9,34,16
1930,52,5,14,11,23,16
1931,43,4,17,11,23,16
1932,43,7,17,8,25,16
1933,53,5,16,9,22,16
1934,41,8,17,7,20,16
1935,42,5,16,8,29,16
1936,39,6,18,6,21,16
1937,31,13,20,5,26,16
1938,47,5,23,6,29,16
1939,31,8,12,5,22,16
1940,47,7,20,5,22,16
1941,38,9,13,3,19,16
1942,41,12,12,6,28,16
1943,32,10,23,6,22,16
1944,47,8,19,11,26,16
1945,45,11,13,6,18,16
1946,46,13,16,8,21,16
1947,43,9,16,11,19,16
1948,49,5,24,6,20,16
1949,51,5,19,4,38,16
1950,49,6,17,9,29,16
1951,38,8,23,2,28,16
1952,33,12,9,9,31,16
1953,47,9,21,9,29,16
1954,44,14,7,8,27,16
1955,37,5,13,4,24,16
1956,44,6,19,8,30,16
1957,36,5,18,7,26,16
1958,46,12,23,9,25,16
1959,43,9,16,9,18,16
1960,36,9,11,7,29,16
1961,48,7,28,4,19,16
1962,35,4,16,7,18,16
1963,29,4,20,11,22,16
1964,42,9,11,9,25,16
1965,30,3,18,7,14,16
1966,33,8,23,6,27,16
1967,36,9,12,3,34,16
1968,31,6,15,5,28,16
1969,37,5,13,6,30,16
1970,37,8,19,3,21,16
1971,46,7,18,6,33,16
1972,45,9,22,6,27,16
1973,40,6,16,4,19,16
1974,36,7,15,7,16,16
1975,44,13,19,10,25,16
1976,45,8,22,5,23,16
1977,38,6,19,5,20,16
1978,38,4,18,6,19,16
1979,47,6,14,4,21,16
1980,53,13,13,6,20,16
1981,34,10,14,7,28,16
1982,45,7,13,5,24,16
1983,47,2,22,8,25,16
1984,48,9,12,3,21,16
1985,37,4,18,3,26,16
1986,52,7,15,8,21,16
1987,43,11,25,6,22,16
1988,31,8,21,7,20,16
1989,44,6,16,4,25,16
1990,41,4,17,6,18,16
1991,37,9,22,7,17,16
1992,37,5,13,4,20,16
1993,35,3,22,4,18,16
1994,43,7,27,5,27,16
1995,51,5,19,4,26,16
1996,35,12,20,4,20,16
1997,34,11,21,8,20,16
1998,28,10,27,7,21,16
1999,39,7,31,2,23,16
2000,45,10,17,5,15,16
2001,42,6,22,9,18,16
2002,37,13,21,6,19,16
2003,44,6,16,7,20,16
2004,36,5,20,6,29,16
2005,44,16,21,9,26,16
2006,50,10,18,10,20,16
2007,43,10,15,2,37,16
2008,37,10,23,3,26,16
2009,39,8,22,9,30,16
2010,38,5,18,3,21,16
2011,53,8,18,8,27,16
2012,49,9,18,4,28,16
2013,43,4,18,5,27,16
2014,50,9,16,7,27,16
2015,38,6,24,3,20,16
2016,36,7,18,8,28,16
2017,54,8,16,2,24,16
2018,40,4,19,5,26,16
2019,42,8,28,2,32,16
2020,45,11,11,4,24,16
2021,42,8,18,6,22,16
2022,46,9,19,7,33,16
2023,39,6,15,9,23,16
2024,36,8,13,4,22,16
2025,33,7,16,3,28,16
2026,49,7,19,6,30,16
2027,43,11,10,6,24,16
2028,49,5,20,11,22,16
2029,30,11,14,8,19,16
2030,35,5,22,7,20,16
2031,35,7,18,10,20,16
2032,40,6,19,6,19,16
2033,35,9,22,11,22,16
2034,44,8,23,12,30,16
2035,29,5,11,6,26,16
2036,47,10,15,6,27,16
2037,34,6,15,7,25,16
2038,37,5,24,5,20,16
2039,36,9,27,7,28,16
2040,37,6,16,5,28,16
2041,36,9,16,6,21,16
2042,39,9,15,6,29,16
2043,46,12,15,5,18,16
2044,39,5,15,13,20,16
2045,48,12,16,7,25,16
2046,49,3,18,9,22,16
2047,47,6,14,6,20,16
2048,42,6,21,4,29,16
2049,38,10,20,4,21,16
2050,49,8,23,8,32,16
2051,33,7,16,5,23,16
2052,37,11,18,13,27,16
2053,37,7,10,7,26,16
2054,47,8,20,7,26,16
2055,38,4,18,9,22,16
2056,36,15,15,10,21,16
2057,60,7,20,7,21,16
2058,43,7,12,7,28,16
2059,45,15,20,5,25,16
2060,40,4,16,8,28,16
2061,43,5,26,9,27,16
2062,39,10,17,7,26,16
2063,37,11,19,8,22,16
2064,40,11,14,6,28,16
2065,29,11,16,5,25,16
2066,47,6,23,6,23,16
2067,43,5,14,6,29,16
2068,35,13,17,4,32,16
2069,41,7,17,7,27,16
2070,39,5,19,5,20,16
2071,51,3,30,7,29,16
2072,35,6,26,10,22,16
2073,33,7,16,2,29,16
2074,48,5,18,3,22,16
2075,39,8,19,4,31,16
2076,24,5,19,8,31,16
2077,35,8,13,6,22,16
2078,36,10,23,6,26,16
2079,45,2,20,10,25,16
2080,45,14,18,4,20,16
2081,41,11,15,6,20,16
2082,32,7,13,6,15,16
2083,45,15,11,5,22,16
2084,43,6,16,4,27,16
2085,40,5,15,7,21,16
2086,44,10,17,9,25,16
2087,57,10,15,6,29,16
2088,38,7,16,3,28,16
2089,49,10,16,10,19,16
2090,41,9,17,6,25,16
2091,41,8,19,6,20,16
2092,42,9,16,5,16,16
2093,46,6,13,8,18,16
2094,45,9,14,10,17,16
2095,38,9,22,4,26,16
2096,41,9,19,2,29,16
2097,43,10,12,4,30,16
2098,42,6,16,7,23,16
2099,40,14,18,7,26,16
2100,56,16,17,6,28,16
2101,49,10,17,8,31,16
2102,34,15,17,9,21,16
2103,45,7,17,8,23,16
2104,47,10,21,7,22,16
2105,33,11,14,7,19,16
2106,42,10,13,5,22,16
2107,41,11,25,11,24,16
2108,44,10,17,2,32,16
2109,41,9,13,6,24,16
2110,38,6,17,3,27,16
2111,51,12,15,6,14,16
2112,49,10,11,6,25,16
2113,34,10,19,7,28,16
2114,39,10,27,12,27,16
2115,44,7,14,6,29,16
2116,41,14,18,8,23,16
2117,45,9,15,10,23,16
2118,46,9,15,3,21,16
2119,45,14,21,3,24,16
2120,43,11,14,6,15,16
2121,37,9,21,4,25,16
2122,26,10,17,10,23,16
2123,37,10,22,2,28,16
2124,42,3,17,5,25,16
2125,34,10,15,6,23,16
2126,35,8,13,10,27,16
2127,37,5,18,5,24,16
2128,43,1,12,3,31,16
2129,51,7,20,4,26,16
2130,39,3,14,9,22,16
2131,42,8,14,5,31,16
2132,38,8,14,7,20,16
2133,34,3,24,6,21,16
2134,45,6,20,7,17,16
2135,39,4,16,4,30,16
2136,48,8,15,4,21,16
2137,45,3,18,8,20,16
2138,32,5,14,5,20,16
2139,53,7,22,7,30,16
2140,44,7,18,6,18,16
2141,35,6,17,5,24,16
2142,47,7,15,3,23,16
2143,36,9,21,7,28,16
2144,46,7,26,8,20,16
2145,44,14,23,8,21,16
2146,35,12,23,4,21,16
2147,36,8,17,5,29,16
2148,43,8,19,7,24,16
2149,48,12,17,7,30,16
2150,34,9,18,5,32,16
2151,44,8,22,4,21,16
2152,32,8,26,7,22,16
2153,33,7,22,13,25,16
2154,38,8,18,11,19,16
2155,43,8,17,9,31,16
2156,43,8,29,4,30,16
2157,35,11,24,5,22,16
2158,39,12,16,5,23,16
2159,36,10,14,6,19,16
2160,51,5,21,12,22,16
2161,37,14,24,7,18,16
2162,34,12,21,7,20,16
2163,36,5,19,2,31,16
2164,37,8,20,3,28,16
2165,37,10,21,4,23,16
2166,37,12,19,4,26,16
2167,41,9,26,6,28,16
2168,40,11,18,2,28,16
2169,36,4,12,5,29,16
2170,39,8,18,6,26,16
2171,36,12,21,4,16,16
2172,32,3,12,5,23,16
2173,47,10,16,2,20,16
2174,38,7,18,5,23,16
2175,46,5,20,7,22,16
2176,40,9,22,4,23,16
2177,44,8,16,8,22,16
2178,41,8,14,2,27,16
2179,38,6,22,3,25,16
2180,43,11,20,3,21,16
2181,38,4,24,7,25,16
2182,29,7,18,6,21,16
2183,28,4,20,7,20,16
2184,46,4,23,7,22,16
2185,42,5,16,8,28,16
2186,32,8,24,7,24,16
2187,28,8,21,10,27,16
2188,35,8,15,4,24,16
2189,45,12,18,4,18,16
2190,42,8,14,2,34,16
2191,33,6,16,2,17,16
2192,54,9,19,4,22,16
2193,42,8,19,7,20,16
2194,39,12,13,6,26,16
2195,40,7,20,9,15,16
2196,39,9,20,3,20,16
2197,30,7,12,9,29,16
2198,32,11,22,7,26,16
2199,43,7,17,4,27,16
2200,49,2,21,10,24,16
2201,46,7,7,6,26,16
2202,33,4,21,9,22,16
2203,45,11,18,10,25,16
2204,36,5,17,8,31,16
2205,39,9,23,6,36,16
2206,34,10,14,6,34,16
2207,37,4,20,7,20,16
2208,38,6,17,6,25,16
2209,45,5,14,10,24,16
2210,34,9,18,7,25,16
2211,36,8,11,9,30,16
2212,40,11,24,10,26,16
2213,38,6,25,4,21,16
2214,39,6,19,5,27,16
2215,43,6,15,3,22,16
2216,41,9,28,6,31,16
2217,37,9,18,5,24,16
2218,51,4,18,7,20,16
2219,30,6,19,9,23,16
2220,39,5,17,5,18,16
2221,45,3,18,5,29,16
2222,48,8,15,8,33,16
2223,39,12,14,10,19,16
2224,42,6,18,2,31,16
2225,46,11,21,5,33,16
2226,47,10,15,6,20,16
2227,40,7,13,3,25,16
2228,40,6,14,6,28,16
2229,41,13,16,6,29,16
2230,51,10,17,8,23,16
2231,38,8,16,6,22,16
2232,30,10,18,8,12,16
2233,42,5,18,7,25,16
2234,30,5,18,4,23,16
2235,42,9,16,8,27,16
2236,39,5,16,7,24,16
2237,38,8,15,8,24,16
2238,35,7,19,4,14,16
2239,41,6,16,7,27,16
2240,42,4,17,8,27,16
2241,38,3,16,4,23,16
2242,38,6,23,9,18,16
2243,26,10,16,8,21,16
2244,40,7,28,5,27,16
2245,43,5,17,9,24,16
2246,45,9,16,5,23,16
2247,40,8,20,5,26,16
2248,25,9,16,8,28,16
2249,34,8,16,8,24,16
2250,38,10,23,6,28,16
2251,38,10,12,6,20,16
2252,45,7,17,5,27,16
2253,44,6,19,9,30,16
2254,29,7,16,12,24,16
2255,42,6,19,4,24,16
2256,44,10,17,6,18,16
2257,31,5,16,5,19,16
2258,31,7,16,7,35,16
2259,28,9,13,1,24,16
2260,29,5,17,3,19,16
2261,37,4,18,7,24,16
2262,38,13,16,5,27,16
2263,45,11,18,3,30,16
2264,36,11,24,2,21,16
2265,43,7,19,7,30,16
2266,33,13,15,9,30,16
2267,41,6,20,3,18,16
2268,41,6,26,5,26,16
2269,33,5,23,9,21,16
2270,42,11,20,4,34,16
2271,36,11,20,7,24,16
2272,45,7,18,3,22,16
2273,39,10,15,5,27,16
2274,46,5,23,5,22,16
2275,28,9,18,3,21,16
2276,36,8,16,4,20,16
2277,48,11,17,5,25,16
2278,41,5,16,4,23,16
2279,48,11,19,12,22,16
2280,38,8,14,10,30,16
2281,43,12,20,1,28,16
2282,41,6,20,5,33,16
2283,38,11,14,5,22,16
2284,35,8,13,7,31,16
2285,39,8,18,5,16,16
2286,38,4,13,4,24,16
2287,58,10,17,5,22,16
2288,37,9,15,2,20,16
2289,56,14,31,4,26,16
2290,52,10,16,9,27,16
2291,33,12,17,6,25,16
2292,43,8,17,6,32,16
2293,39,14,29,2,21,16
2294,32,10,22,9,25,16
2295,47,8,23,6,28,16
2296,32,5,21,4,33,16
2297,33,7,21,7,19,16
2298,37,5,14,8,27,16
2299,35,10,15,3,27,16
2300,41,13,13,7,20,16
2301,33,5,17,3,20,16
2302,46,7,15,8,25,16
2303,36,11,19,2,26,16
2304,39,7,16,4,32,16
2305,40,8,13,11,21,16
2306,38,7,12,5,23,16
2307,52,8,12,9,30,16
2308,36,12,19,7,26,16
2309,34,7,17,5,17,16
2310,44,6,20,9,41,16
2311,49,8,14,7,26,16
2312,36,6,20,6,25,16
2313,42,8,22,5,25,16
2314,46,5,17,6,23,16
2315,37,13,22,9,29,16
2316,37,6,21,6,21,16
2317,35,13,14,11,20,16
2318,33,5,21,3,25,16
2319,37,7,14,5,19,16
2320,42,7,14,1,24,16
2321,40,4,19,10,28,16
2322,41,5,17,4,23,16
2323,40,11,17,3,21,16
2324,40,9,22,4,24,16
2325,41,5,19,5,34,16
2326,42,9,14,8,24,16
2327,38,8,16,8,24,16
2328,33,8,20,4,28,16
2329,44,8,16,7,22,16
2330,37,9,11,7,25,16
2331,41,10,19,7,15,16
2332,50,8,20,5,25,16
2333,35,6,15,6,19,16
2334,25,4,17,4,22,16
2335,44,4,19,4,22,16
2336,37,12,12,6,30,16
2337,40,5,16,9,30,16
2338,45,4,22,2,18,16
2339,40,7,17,6,19,16
2340,44,3,21,9,23,16
2341,46,5,15,5,27,16
2342,40,9,18,8,28,16
2343,34,6,11,12,29,16
2344,38,7,19,4,27,16
2345,35,8,19,2,25,16
2346,35,10,7,7,27,16
2347,34,6,14,7,21,16
2348,45,8,16,8,24,16
2349,45,7,14,4,26,16
2350,38,7,17,6,25,16
2351,41,9,18,7,23,16
2352,41,6,29,8,18,16
2353,46,10,17,3,23,16
2354,46,5,20,9,22,16
2355,39,6,25,10,28,16
2356,33,9,26,4,22,16
2357,45,10,19,5,24,16
2358,37,13,22,5,30,16
2359,40,5,16,4,20,16
2360,49,11,17,5,16,16
2361,38,9,21,7,22,16
2362,38,6,22,4,23,16
2363,38,14,23,8,24,16
2364,45,14,19,9,20,16
2365,33,12,13,9,36,16
2366,38,9,14,12,27,16
2367,39,5,18,10,21,16
2368,37,5,13,5,26,16
2369,39,11,17,6,27,16
2370,46,5,20,1,23,16
2371,44,4,25,6,25,16
2372,38,7,13,2,24,16
2373,45,11,20,5,33,16
2374,30,10,17,3,23,16
2375,32,8,19,1,21,16
2376,39,8,21,5,26,16
2377,37,5,16,3,20,16
2378,50,9,21,9,39,16
2379,34,16,18,8,27,16
2380,40,7,28,6,22,16
2381,38,8,15,4,26,16
2382,45,7,21,4,33,16
2383,35,12,23,5,23,16
2384,40,11,20,6,37,16
2385,40,6,21,4,37,16
2386,34,9,12,10,24,16
2387,40,11,20,4,31,16
2388,29,10,19,7,31,16
2389,43,3,21,6,28,16
2390,40,7,17,4,30,16
2391,38,2,17,4,24,16
2392,42,8,17,3,18,16
2393,38,4,21,1,16,16
2394,34,11,20,5,28,16
2395,46,9,18,7,25,16
2396,41,6,19,5,21,16
2397,36,7,19,6,28,16
2398,40,8,16,4,30,16
2399,32,12,18,8,22,16
2400,45,7,12,5,24,16
2401,28,8,18,5,24,16
2402,31,7,17,11,28,16
2403,41,11,17,6,20,16
2404,47,8,19,3,21,16
2405,45,7,16,4,34,16
2406,44,10,22,1,21,16
2407,46,8,18,5,25,16
2408,52,8,13,3,31,16
2409,34,16,20,5,34,16
2410,37,5,10,5,21,16
2411,40,11,15,10,19,16
2412,39,6,19,9,22,16
2413,33,4,19,7,23,16
2414,37,10,18,5,22,16
2415,41,10,15,3,27,16
2416,38,11,16,3,26,16
2417,40,8,16,10,25,16
2418,58,9,14,6,24,16
2419,35,13,22,5,27,16
2420,36,6,13,8,29,16
2421,29,10,24,4,26,16
2422,38,4,11,6,22,16
2423,40,7,20,5,23,16
2424,45,6,21,5,29,16
2425,42,5,20,5,31,16
2426,47,13,17,10,21,16
2427,33,9,15,5,26,16
2428,34,4,20,4,26,16
2429,43,12,17,6,26,16
2430,47,6,19,4,19,16
2431,34,6,20,8,32,16
2432,41,4,17,5,27,16
2433,44,11,21,3,27,16
2434,33,8,19,4,25,16
2435,36,10,16,9,20,16
2436,40,4,21,9,22,16
2437,47,8,19,7,27,16
2438,36,6,14,12,30,16
2439,46,10,27,5,20,16
2440,39,17,17,2,19,16
2441,38,11,14,8,28,16
2442,38,6,18,5,22,16
2443,56,12,19,6,27,16
2444,30,10,14,7,20,16
2445,45,13,15,7,32,16
2446,30,6,19,6,23,16
2447,41,5,16,6,21,16
2448,50,3,14,4,22,16
2449,38,7,10,4,21,16
2450,43,9,17,3,20,16
2451,45,14,17,4,34,16
2452,40,4,19,7,23,16
2453,39,12,19,5,22,16
2454,38,7,24,6,28,16
2455,42,5,19,6,36,16
2456,43,17,23,7,35,16
2457,43,10,27,7,22,16
2458,46,8,15,8,15,16
2459,44,6,18,6,22,16
2460,37,7,17,4,25,16
2461,41,10,20,9,29,16
2462,41,9,15,6,31,16
2463,42,16,18,7,16,16
2464,46,4,16,4,18,16
2465,47,4,19,6,28,16
2466,36,8,21,6,24,16
2467,34,9,14,4,32,16
2468,42,5,15,6,20,16
2469,46,11,16,5,18,16
2470,34,4,26,8,32,16
2471,42,11,18,5,36,16
2472,40,6,18,4,31,16
2473,39,7,21,9,26,16
2474,35,6,21,6,27,16
2475,40,9,19,5,34,16
2476,31,8,26,5,22,16
2477,47,9,7,7,39,16
2478,26,10,18,9,25,16
2479,31,6,15,8,16,16
2480,39,4,16,4,34,16
2481,48,12,21,5,22,16
2482,28,7,16,7,25,16
2483,45,6,19,2,20,16
2484,30,9,25,1,22,16
2485,50,9,11,9,33,16
2486,35,1,15,6,33,16
2487,43,11,16,8,33,16
2488,38,7,20,8,27,16
2489,36,6,23,5,24,16
2490,33,13,20,10,29,16
2491,40,11,15,10,14,16
2492,42,10,20,10,31,16
2493,36,9,16,4,33,16
2494,33,5,16,6,23,16
2495,41,6,22,1,25,16
2496,39,12,19,9,30,16
2497,46,11,21,3,27,16
2498,35,6,18,8,30,16
2499,40,11,18,5,19,16
2500,51,9,25,5,26,16
2501,32,4,21,9,23,16
2502,32,8,24,8,24,16
2503,42,11,18,4,35,16
2504,41,9,13,6,16,16
2505,38,10,19,5,17,16
2506,33,5,14,7,21,16
2507,50,3,23,9,29,16
2508,34,7,22,2,24,16
2509,37,9,26,6,30,16
2510,40,11,11,4,26,16
2511,35,7,18,7,24,16
2512,48,15,15,5,23,16
2513,39,8,15,6,30,16
2514,43,13,22,5,22,16
2515,42,10,15,3,25,16
2516,49,11,11,8,26,16
2517,39,9,19,6,25,16
2518,37,13,18,3,36,16
2519,42,6,20,3,29,16
2520,35,13,20,7,28,16
2521,42,11,17,10,26,16
2522,47,14,13,2,25,16
2523,37,9,19,5,28,16
2524,41,4,22,6,25,16
2525,38,6,17,6,24,16
2526,44,9,23,4,25,16
2527,28,7,18,9,28,16
2528,40,11,21,3,24,16
2529,34,3,27,4,27,16
2530,40,8,23,4,26,16
2531,44,5,21,5,23,16
2532,45,13,22,4,27,16
2533,45,7,14,7,20,16
2534,36,7,14,5,27,16
2535,40,9,16,5,24,16
2536,38,3,16,4,28,16
2537,46,8,16,1,30,16
2538,37,8,20,3,31,16
2539,32,10,20,2,26,16
2540,45,6,22,7,16,16
2541,44,3,12,8,28,16
2542,41,6,18,6,27,16
2543,39,8,21,8,22,16
2544,39,12,21,7,34,16
2545,42,5,16,7,26,16
2546,48,7,17,8,32,16
2547,37,5,22,5,26,16
2548,31,3,22,6,24,16
2549,49,4,22,9,34,16
2550,37,4,17,3,22,16
2551,31,6,15,5,26,16
2552,48,11,18,8,23,16
2553,35,10,19,6,28,16
2554,41,4,26,5,23,16
2555,42,5,25,7,29,16
2556,46,10,23,5,30,16
2557,51,6,17,9,29,16
2558,45,4,12,2,16,16
2559,38,9,12,7,32,16
2560,32,4,16,4,27,16
2561,39,6,16,3,15,16
2562,41,6,20,8,34,16
2563,33,9,32,10,29,16
2564,39,7,16,8,26,16
2565,38,10,19,4,26,16
2566,41,14,14,5,39,16
2567,37,14,16,3,33,16
2568,50,11,15,7,23,16
2569,42,2,15,8,22,16
2570,42,6,20,3,21,16
2571,27,7,13,6,21,16
2572,48,7,20,7,23,16
2573,37,7,18,4,20,16
2574,43,3,23,4,23,16
2575,30,7,9,8,22,16
2576,35,9,13,3,18,16
2577,42,10,16,6,32,16
2578,46,11,18,5,22,16
2579,34,8,23,5,28,16
2580,37,14,17,3,27,16
2581,32,7,10,6,28,16
2582,23,7,21,8,26,16
2583,39,11,20,8,24,16
2584,44,10,9,10,24,16
2585,37,13,15,5,27,16
2586,40,13,19,5,23,16
2587,39,10,20,7,30,16
2588,45,6,18,7,19,16
2589,29,6,13,5,28,16
2590,39,13,15,10,25,16
2591,44,8,12,1,28,16
2592,43,8,13,3,21,16
2593,48,4,14,7,25,16
2594,46,13,16,3,19,16
2595,34,9,22,1,28,16
2596,43,11,29,7,20,16
2597,37,8,18,9,17,16
2598,40,4,12,6,26,16
2599,34,7,18,8,31,16
2600,48,8,12,9,23,16
2601,25,8,10,9,29,16
2602,37,7,21,8,23,16
2603,43,15,13,7,20,16
2604,35,9,26,7,20,16
2605,36,3,16,3,17,16
2606,42,7,23,11,20,16
2607,51,9,27,4,26,16
2608,37,6,13,5,19,16
2609,37,8,19,6,18,16
2610,30,6,18,2,24,16
2611,38,5,30,4,27,16
2612,37,7,17,8,24,16
2613,34,8,15,7,28,16
2614,31,10,21,5,25,16
2615,47,3,24,6,20,16
2616,41,2,14,4,21,16
2617,40,10,14,5,18,16
2618,46,12,19,7,34,16
2619,40,8,24,4,19,16
2620,37,9,13,3,30,16
2621,45,6,20,8,13,16
2622,35,9,23,13,30,16
2623,43,7,24,4,24,16
2624,55,9,17,5,25,16
2625,53,6,19,5,28,16
2626,43,8,18,8,29,16
2627,40,7,20,7,30,16
2628,51,3,15,9,15,16
2629,43,14,21,3,31,16
2630,44,7,11,2,21,16
2631,47,2,13,6,32,16
2632,36,7,25,5,29,16
2633,47,6,18,4,27,16
2634,42,5,25,3,25,16
2635,40,9,23,7,32,16
2636,29,7,20,5,26,16
2637,43,9,27,4,24,16
2638,40,4,10,6,21,16
2639,44,11,13,9,23,16
2640,49,5,14,8,30,16
2641,37,10,9,4,26,16
2642,30,4,21,2,25,16
2643,43,4,14,4,20,16
2644,32,7,20,4,31,16
2645,42,5,24,2,27,16
2646,36,6,13,6,30,16
2647,50,5,16,9,21,16
2648,39,4,25,8,27,16
2649,55,10,17,3,29,16
2650,51,5,14,4,25,16
2651,44,8,15,8,23,16
2652,37,6,18,4,18,16
2653,49,5,20,6,28,16
2654,41,6,18,2,28,16
2655,40,7,23,10,28,16
2656,33,8,15,2,26,16
2657,36,6,20,4,23,16
2658,43,3,17,10,20,16
2659,70,8,13,4,23,16
2660,47,8,22,3,26,16
2661,40,11,16,4,21,16
2662,30,8,17,8,24,16
2663,36,7,22,7,24,16
2664,35,7,9,6,23,16
2665,32,5,18,10,25,16
2666,46,12,18,5,22,16
2667,33,6,18,8,30,16
2668,37,6,24,3,29,16
2669,46,4,24,3,21,16
2670,46,8,21,8,22,16
2671,31,8,21,7,27,16
2672,45,10,15,7,23,16
2673,44,9,21,6,21,16
2674,43,9,21,7,26,16
2675,30,10,24,2,29,16
2676,43,11,14,5,20,16
2677,42,7,21,9,25,16
2678,42,5,22,5,28,16
2679,49,5,22,5,23,16
2680,52,8,17,8,25,16
2681,43,6,18,2,24,16
2682,36,9,15,7,24,16
2683,34,10,17,8,21,16
2684,38,4,16,5,26,16
2685,42,9,23,7,18,16
2686,29,10,18,7,26,16
2687,35,10,21,6,24,16
2688,38,8,26,10,28,16
2689,37,5,22,7,24,16
2690,43,4,21,6,27,16
2691,49,7,27,8,26,16
2692,36,10,27,6,34,16
2693,37,8,25,6,29,16
2694,49,9,20,7,16,16
2695,40,11,24,3,24,16
2696,43,9,18,6,26,16
2697,37,12,22,4,21,16
2698,45,8,21,5,28,16
2699,42,4,21,10,17,16
2700,50,6,22,7,21,16
2701,32,14,16,6,27,16
2702,31,11,23,15,27,16
2703,23,11,26,9,32,16
2704,47,9,12,4,33,16
2705,43,7,15,3,25,16
2706,48,9,17,7,20,16
2707,42,10,18,11,17,16
2708,31,11,23,7,24,16
2709,26,5,20,4,14,16
2710,32,6,22,4,20,16
2711,37,4,22,8,21,16
2712,46,11,16,7,19,16
2713,36,5,23,6,25,16
2714,48,3,19,7,20,16
2715,38,8,25,4,18,16
2716,48,6,18,6,22,16
2717,27,2,17,3,24,16
2718,35,10,13,4,20,16
2719,40,8,23,2,21,16
2720,42,8,19,9,31,16
2721,40,2,20,12,24,16
2722,35,11,12,6,25,16
2723,51,4,16,8,24,16
2724,43,5,26,2,27,16
2725,35,8,16,11,26,16
2726,28,8,12,7,23,16
2727,39,13,18,5,24,16
2728,33,11,16,5,21,16
2729,56,4,21,8,28,16
2730,43,10,15,5,21,16
2731,27,9,18,10,23,16
2732,41,9,27,6,26,16
2733,38,6,20,5,28,16
2734,43,4,19,4,22,16
2735,39,6,26,6,29,16
2736,44,7,16,6,31,16
2737,38,8,15,10,20,16
2738,46,10,14,7,18,16
2739,41,7,11,5,18,16
2740,42,9,17,9,21,16
2741,53,6,20,6,13,16
2742,39,8,26,2,28,16
2743,34,10,18,6,23,16
2744,32,6,15,5,23,16
2745,45,8,12,3,21,16
2746,40,6,17,3,19,16
2747,42,9,17,7,25,16
2748,28,10,20,2,12,16
2749,33,10,22,9,30,16
2750,30,6,15,7,18,16
2751,48,14,28,4,31,16
2752,38,6,20,3,22,16
2753,43,12,20,7,25,16
2754,41,8,11,8,31,16
2755,47,6,28,6,19,16
2756,49,5,14,5,29,16
2757,49,3,16,5,17,16
2758,35,4,22,5,23,16
2759,48,13,15,5,34,16
2760,40,7,25,9,22,16
2761,39,10,18,3,30,16
2762,33,5,14,3,29,16
2763,47,10,14,11,27,16
2764,42,3,16,5,18,16
2765,44,11,16,7,20,16
2766,45,11,18,6,39,16
2767,47,8,16,4,27,16
2768,39,10,18,5,19,16
2769,36,8,8,5,24,16
2770,37,8,20,7,23,16
2771,40,6,20,11,31,16
2772,43,7,19,6,22,16
2773,27,10,18,6,22,16
2774,33,10,14,8,29,16
2775,36,6,14,4,33,16
2776,33,7,15,6,26,16
2777,45,10,22,5,27,16
2778,45,5,23,9,26,16
2779,46,6,23,12,21,16
2780,36,3,18,8,19,16
2781,42,12,21,3,33,16
2782,43,11,21,7,25,16
2783,24,9,22,10,25,16
2784,34,7,28,4,26,16
2785,50,8,21,4,28,16
2786,51,4,11,8,25,16
2787,39,9,23,11,25,16
2788,38,7,16,3,21,16
2789,31,5,26,5,23,16
2790,63,7,24,4,27,16
2791,36,11,14,5,18,16
2792,31,5,19,8,24,16
2793,37,8,17,8,21,16
2794,47,9,19,3,26,16
2795,50,8,20,8,20,16
2796,27,5,15,9,29,16
2797,35,10,20,5,21,16
2798,36,8,14,9,27,16
2799,43,6,20,8,34,16
2800,46,10,26,4,27,16
2801,48,15,16,9,24,16
2802,43,3,22,6,24,16
2803,43,5,18,4,28,16
2804,35,4,23,6,24,16
2805,37,7,22,4,34,16
2806,48,9,20,6,25,16
2807,36,4,26,9,27,16
2808,36,6,13,4,26,16
2809,39,11,14,3,27,16
2810,46,7,22,8,23,16
2811,35,5,14,1,29,16
2812,41,8,18,4,27,16
2813,43,4,5,9,24,16
2814,43,9,15,11,24,16
2815,39,12,14,8,23,16
2816,20,7,15,8,30,16
2817,38,5,19,3,32,16
2818,41,3,20,5,30,16
2819,41,9,14,1,28,16
2820,41,12,26,2,26,16
2821,41,6,18,6,32,16
2822,36,11,14,6,28,16
2823,30,6,19,4,30,16
2824,36,9,20,4,24,16
2825,43,6,11,4,26,16
2826,35,4,9,3,35,16
2827,39,12,24,4,24,16
2828,45,6,10,5,18,16
2829,44,11,17,8,24,16
2830,48,8,12,7,32,16
2831,35,10,18,6,30,16
2832,47,4,27,5,27,16
2833,53,6,26,7,27,16
2834,39,6,14,6,25,16
2835,37,9,22,9,26,16
2836,55,12,19,8,32,16
2837,25,13,19,5,19,16
2838,29,8,22,5,26,16
2839,56,1,14,9,31,16
2840,34,6,15,7,29,16
2841,53,6,17,5,18,16
2842,43,4,15,1,32,16
2843,29,7,12,8,24,16
2844,46,10,21,4,32,16
2845,53,10,17,7,27,16
2846,42,4,11,8,20,16
2847,25,12,18,8,23,16
2848,40,4,20,7,24,16
2849,41,5,15,3,24,16
2850,42,3,24,4,18,16
2851,34,10,19,7,37,16
2852,47,5,23,3,28,16
2853,37,12,13,9,22,16
2854,56,12,17,5,26,16
2855,34,9,20,7,26,16
2856,39,6,31,6,20,16
2857,52,12,21,8,25,16
2858,38,5,20,3,18,16
2859,41,10,18,8,33,16
2860,45,13,20,1,31,16
2861,37,10,14,6,25,16
2862,32,10,14,5,22,16
2863,37,8,23,6,24,16
2864,45,12,13,6,22,16
2865,45,8,26,7,23,16
2866,35,3,18,6,26,16
2867,46,5,17,2,24,16
2868,33,12,23,5,28,16
2869,50,13,15,4,17,16
2870,40,7,17,1,18,16
2871,37,3,18,5,24,16
2872,38,10,19,9,28,16
2873,29,11,14,2,26,16
2874,41,2,18,5,30,16
2875,46,10,14,7,22,16
2876,38,9,15,6,26,16
2877,40,4,16,8,25,16
2878,42,9,21,8,25,16
2879,45,6,21,6,22,16
2880,40,8,16,6,22,16
2881,44,5,14,6,33,16
2882,47,9,23,3,19,16
2883,32,7,22,5,13,16
2884,37,7,15,3,24,16
2885,41,9,14,3,30,16
2886,35,8,17,8,19,16
2887,38,10,19,6,25,16
2888,41,2,14,7,17,16
2889,49,9,26,7,34,16
2890,43,8,10,5,18,16
2891,40,8,16,6,20,16
2892,28,10,20,10,24,16
2893,51,8,19,5,23,16
2894,43,11,23,6,29,16
2895,45,9,20,5,25,16
2896,34,4,20,8,35,16
2897,30,8,14,8,25,16
2898,36,12,8,4,24,16
2899,25,11,13,2,28,16
2900,47,10,17,6,22,16
2901,46,7,13,7,19,16
2902,39,9,11,8,24,16
2903,31,7,20,2,20,16
2904,38,11,14,6,21,16
2905,38,10,18,4,29,16
2906,51,5,14,8,14,16
2907,37,9,16,6,18,16
2908,48,8,18,6,30,16
2909,38,9,18,5,20,16
2910,29,8,23,4,22,16
2911,41,8,21,9,27,16
2912,26,6,16,1,24,16
2913,26,8,18,4,35,16
2914,35,7,19,4,26,16
2915,45,5,16,10,23,16
2916,36,9,20,10,19,16
2917,35,8,19,5,21,16
2918,41,5,16,6,24,16
2919,53,8,16,7,25,16
2920,41,7,24,10,38,16
2921,38,12,13,6,27,16
2922,44,6,10,8,19,16
2923,43,5,22,7,25,16
2924,39,12,22,6,17,16
2925,38,12,23,10,20,16
2926,42,9,19,9,20,16
2927,36,8,16,7,21,16
2928,43,6,15,5,29,16
2929,35,8,18,12,27,16
2930,45,4,13,7,22,16
2931,45,11,27,6,24,16
2932,43,8,26,5,21,16
2933,43,5,21,3,28,16
2934,36,6,20,4,22,16
2935,31,13,20,4,28,16
2936,44,8,22,7,22,16
2937,29,5,20,4,23,16
2938,36,9,25,4,20,16
2939,46,8,16,3,24,16
2940,40,7,13,2,15,16
2941,43,8,13,5,28,16
2942,30,9,31,7,17,16
2943,34,4,11,3,27,16
2944,33,5,21,4,28,16
2945,43,10,17,8,26,16
2946,44,9,13,11,18,16
2947,35,14,15,9,17,16
2948,47,7,16,10,32,16
2949,39,10,23,5,27,16
2950,37,4,18,10,22,16
2951,31,10,18,6,31,16
2952,32,10,15,10,23,16
2953,53,7,12,7,24,16
2954,39,7,16,5,26,16
2955,41,11,18,6,21,16
2956,40,5,16,2,21,16
2957,36,4,17,7,23,16
2958,39,8,30,5,35,16
2959,42,2,22,5,30,16
2960,37,1,21,5,31,16
2961,37,6,15,9,27,16
2962,49,11,16,5,16,16
2963,41,8,17,5,19,16
2964,41,7,18,4,23,16
2965,49,4,18,7,23,16
2966,39,11,13,5,28,16
2967,33,9,14,9,20,16
2968,44,13,9,5,24,16
2969,31,5,21,8,26,16
2970,48,6,21,7,25,16
2971,39,10,21,8,31,16
2972,42,10,23,4,25,16
2973,42,7,19,4,28,16
2974,42,8,22,5,30,16
2975,46,6,15,3,26,16
2976,41,9,21,10,38,16
2977,33,9,16,2,24,16
2978,37,9,17,7,25,16
2979,30,10,22,6,23,16
2980,44,9,24,4,20,16
2981,29,11,22,2,21,16
2982,46,5,21,4,15,16
2983,36,7,16,4,19,16
2984,37,12,10,5,25,16
2985,33,11,17,4,33,16
2986,43,13,18,4,26,16
2987,34,10,17,1,23,16
2988,44,9,19,8,22,16
2989,41,5,22,5,25,16
2990,36,12,18,6,26,16
2991,42,10,13,6,20,16
2992,38,10,13,8,25,16
2993,47,10,22,7,31,16
2994,39,7,20,7,21,16
2995,33,9,16,2,33,16
2996,37,8,21,6,29,16
2997,45,6,18,10,25,16
2998,28,12,23,9,21,16
2999,42,12,14,3,33,16
3000,34,7,22,4,25,16
3001,37,9,23,6,31,16
3002,34,6,10,6,23,16
3003,38,8,17,6,16,16
3004,39,9,21,7,25,16
3005,29,9,12,10,28,16
3006,59,10,17,6,22,16
3007,54,12,17,6,34,16
3008,40,5,18,2,23,16
3009,51,9,19,9,22,16
3010,35,11,19,4,23,16
3011,27,11,23,4,25,16
3012,31,13,12,5,30,16
3013,50,11,14,4,21,16
3014,47,7,23,15,29,16
3015,49,8,15,13,32,16
3016,42,5,22,6,27,16
3017,46,9,19,3,21,16
3018,36,3,20,6,27,16
3019,38,6,22,6,28,16
3020,41,13,23,5,23,16
3021,41,8,13,5,22,16
3022,33,10,16,5,29,16
3023,49,5,15,10,18,16
3024,33,7,14,3,30,16
3025,35,5,22,8,18,16
3026,38,5,19,4,20,16
3027,55,8,13,15,34,16
3028,43,6,17,10,31,16
3029,38,6,16,8,22,16
3030,41,11,14,6,24,16
3031,29,13,16,5,24,16
3032,36,8,16,4,21,16
3033,43,6,13,6,21,16
3034,36,7,18,6,14,16
3035,34,5,11,9,30,16
3036,34,6,18,11,24,16
3037,36,13,17,9,20,16
3038,47,12,26,3,16,16
3039,42,9,14,7,22,16
3040,43,8,19,5,33,16
3041,34,11,8,4,23,16
3042,40,3,16,3,29,16
3043,29,5,16,9,22,16
3044,45,7,16,5,34,16
3045,34,9,23,3,20,16
3046,27,5,21,3,27,16
3047,34,8,20,5,33,16
3048,42,5,14,10,31,16
3049,39,12,20,4,32,16
3050,39,10,9,2,24,16
3051,53,7,12,4,21,16
3052,34,13,22,6,23,16
3053,33,10,27,8,25,16
3054,36,6,19,9,18,16
3055,40,4,15,6,21,16
3056,42,10,11,6,17,16
3057,43,5,24,1,22,16
3058,44,11,15,10,26,16
3059,28,9,16,11,36,16
3060,32,5,22,10,26,16
3061,37,2,16,6,29,16
3062,41,6,12,3,29,16
3063,44,6,23,6,24,16
3064,33,9,25,7,29,16
3065,40,5,22,4,21,16
3066,44,11,21,6,26,16
3067,36,9,15,10,32,16
3068,44,10,13,1,25,16
3069,40,7,14,7,29,16
3070,52,5,17,12,26,16
3071,32,8,19,3,27,16
3072,46,10,15,10,30,16
3073,34,6,14,6,28,16
3074,38,9,19,5,31,16
3075,30,7,23,8,27,16
3076,39,11,19,6,22,16
3077,38,8,23,5,30,16
3078,42,9,16,8,27,16
3079,42,10,11,4,24,16
3080,40,7,13,7,35,16
3081,40,1,19,1,20,16
3082,39,9,22,5,20,16
3083,44,9,14,3,24,16
3084,45,12,20,3,27,16
3085,49,9,23,7,27,16
3086,38,6,12,3,20,16
3087,33,9,12,7,20,16
3088,36,8,20,5,26,16
3089,51,7,20,8,19,16
3090,39,3,24,7,25,16
3091,41,6,12,6,20,16
3092,30,3,21,7,23,16
3093,36,5,15,7,28,16
3094,41,13,11,9,18,16
3095,33,11,22,6,23,16
3096,36,10,15,7,29,16
3097,43,5,17,7,28,16
3098,33,7,21,7,22,16
3099,40,8,22,2,28,16
3100,31,10,18,5,26,16
3101,38,7,27,8,19,16
3102,39,9,12,2,28,16
3103,45,11,16,8,19,16
3104,32,5,27,6,21,16
3105,48,8,13,2,27,16
3106,40,5,15,8,20,16
3107,38,3,23,6,23,16
3108,43,9,22,7,30,16
3109,45,6,16,4,29,16
3110,38,4,19,8,23,16
3111,36,9,18,7,23,16
3112,45,7,20,11,22,16
3113,43,9,11,5,22,16
3114,39,3,17,3,16,16
3115,39,9,20,8,15,16
3116,33,14,14,6,23,16
3117,39,11,18,6,23,16
3118,32,11,14,7,22,16
3119,39,5,23,4,25,16
3120,49,6,19,4,33,16
3121,40,9,20,2,20,16
3122,46,5,11,4,34,16
3123,43,9,20,6,24,16
3124,35,12,25,6,26,16
3125,48,3,16,2,30,16
3126,47,7,17,8,31,16
3127,37,7,14,6,22,16
3128,47,3,27,4,22,16
3129,48,6,20,7,21,16
3130,48,7,13,6,15,16
3131,37,12,22,7,18,16
3132,38,6,20,5,23,16
3133,38,7,17,2,18,16
3134,41,5,17,6,26,16
3135,40,13,14,5,23,16
3136,38,8,19,4,25,16
3137,45,4,24,5,24,16
3138,26,9,16,3,27,16
3139,26,7,21,6,27,16
3140,46,7,18,9,17,16
3141,47,8,18,5,28,16
3142,44,11,19,2,32,16
3143,41,6,17,4,24,16
3144,35,6,17,7,24,16
3145,46,8,17,6,27,16
3146,43,6,22,6,20,16
3147,47,7,19,6,25,16
3148,37,13,19,4,29,16
3149,36,5,21,3,17,16
3150,48,4,18,7,25,16
3151,51,9,24,5,34,16
3152,41,5,28,5,20,16
3153,38,12,13,6,37,16
3154,37,9,12,7,27,16
3155,42,8,12,4,21,16
3156,32,8,17,4,33,16
3157,40,9,21,4,17,16
3158,44,3,16,5,28,16
3159,45,11,13,5,21,16
3160,30,7,16,4,33,16
3161,42,9,18,8,30,16
3162,50,9,15,1,16,16
3163,34,13,22,5,26,16
3164,41,5,19,5,26,16
3165,40,12,13,7,18,16
3166,38,7,19,8,26,16
3167,43,7,18,8,25,16
3168,34,8,16,3,30,16
3169,34,7,18,4,25,16
3170,37,11,20,4,31,16
3171,31,4,16,6,26,16
3172,41,9,18,4,30,16
3173,42,4,18,8,19,16
3174,32,8,12,4,22,16
3175,37,5,14,8,25,16
3176,36,13,16,8,32,16
3177,37,5,20,2,27,16
3178,40,10,20,9,26,16
3179,39,8,23,7,28,16
3180,34,5,16,5,27,16
3181,50,9,20,5,18,16
3182,25,10,14,5,29,16
3183,43,9,19,5,21,16
3184,43,11,13,7,27,16
3185,35,7,24,10,23,16
3186,44,9,30,6,32,16
3187,46,8,6,7,21,16
3188,31,7,23,5,24,16
3189,41,6,20,7,25,16
3190,29,7,26,6,27,16
3191,35,6,16,5,17,16
3192,38,5,20,3,26,16
3193,36,7,22,4,23,16
3194,47,4,15,6,22,16
3195,41,12,12,4,34,16
3196,53,7,12,2,32,16
3197,51,3,19,9,28,16
3198,38,11,17,8,17,16
3199,51,11,23,9,28,16
3200,54,6,27,3,28,16
3201,46,7,8,6,24,16
3202,39,5,22,4,26,16
3203,46,5,19,3,19,16
3204,37,6,26,5,19,16
3205,46,10,19,2,24,16
3206,42,4,15,7,27,16
3207,27,8,19,2,24,16
3208,42,10,16,7,21,16
3209,45,9,19,8,26,16
3210,47,10,18,7,24,16
3211,45,14,20,7,25,16
3212,37,6,16,9,29,16
3213,28,11,17,5,26,16
3214,49,14,13,4,23,16
3215,35,11,17,8,23,16
3216,38,5,19,7,29,16
3217,46,14,21,14,25,16
3218,37,7,19,9,18,16
3219,34,6,30,5,23,16
3220,30,6,20,7,15,16
3221,45,5,19,2,24,16
3222,36,11,14,12,24,16
3223,45,2,15,1,21,16
3224,34,7,17,4,33,16
3225,36,9,16,3,24,16
3226,37,5,21,14,27,16
3227,46,5,11,7,20,16
3228,47,6,22,3,27,16
3229,36,4,23,5,32,16
3230,41,12,25,5,23,16
3231,34,3,22,3,28,16
3232,37,9,13,4,21,16
3233,49,10,25,7,34,16
3234,42,15,22,5,17,16
3235,36,7,22,7,29,16
3236,36,9,18,4,31,16
3237,41,9,15,4,20,16
3238,40,9,14,6,29,16
3239,42,13,19,5,24,16
3240,36,7,13,9,32,16
3241,32,12,13,6,25,16
3242,33,7,23,4,28,16
3243,45,8,10,6,29,16
3244,49,7,17,7,22,16
3245,34,6,17,5,29,16
3246,41,2,18,6,23,16
3247,30,12,15,3,17,16
3248,39,8,20,4,32,16
3249,41,8,23,4,23,16
3250,38,11,17,2,23,16
3251,36,7,16,5,19,16
3252,26,9,14,7,31,16
3253,33,16,14,5,23,16
3254,36,11,15,7,25,16
3255,34,11,15,6,30,16
3256,44,8,19,12,27,16
3257,50,4,17,5,15,16
3258,34,8,17,6,23,16
3259,42,6,16,3,27,16
3260,42,6,26,5,20,16
3261,38,5,27,3,22,16
3262,44,12,20,6,29,16
3263,44,11,16,5,28,16
3264,33,3,16,5,33,16
3265,40,13,19,7,30,16
3266,38,5,17,11,28,16
3267,63,6,13,9,21,16
3268,37,9,21,8,27,16
3269,36,8,16,7,19,16
3270,40,8,17,7,27,16
3271,50,4,20,8,30,16
3272,40,7,20,5,34,16
3273,39,11,19,4,21,16
3274,45,7,13,5,28,16
3275,39,5,22,6,36,16
3276,35,13,15,5,26,16
3277,40,7,18,3,28,16
3278,41,8,19,6,23,16
3279,57,13,21,7,22,16
3280,36,9,23,2,18,16
3281,48,7,16,6,19,16
3282,38,6,12,9,20,16
3283,31,10,19,8,29,16
3284,44,7,18,5,21,16
3285,44,7,18,6,17,16
3286,43,11,25,6,20,16
3287,44,14,18,5,30,16
3288,33,6,17,5,26,16
3289,44,5,18,8,22,16
3290,51,6,21,6,31,16
3291,33,8,17,5,24,16
3292,45,3,30,4,16,16
3293,35,7,15,6,24,16
3294,48,9,15,4,27,16
3295,44,10,20,5,23,16
3296,45,9,23,9,34,16
3297,28,7,20,8,23,16
3298,46,8,24,8,39,16
3299,34,5,13,3,21,16
3300,35,9,22,2,27,16
3301,42,6,21,11,24,16
3302,41,9,14,4,20,16
3303,46,6,19,10,28,16
3304,46,5,22,1,16,16
3305,43,7,23,6,27,16
3306,35,8,23,7,33,16
3307,42,4,18,4,26,16
3308,37,5,18,5,24,16
3309,41,9,14,3,23,16
3310,45,15,24,2,31,16
3311,40,11,21,6,29,16
3312,37,7,18,4,24,16
3313,39,10,22,4,26,16
3314,51,10,17,9,32,16
3315,41,7,23,11,21,16
3316,40,7,18,7,26,16
3317,38,7,25,4,29,16
3318,29,13,16,9,28,16
3319,35,9,25,2,36,16
3320,27,10,23,8,22,16
3321,43,10,21,2,26,16
3322,50,11,21,4,28,16
3323,34,7,19,10,29,16
3324,46,8,15,6,25,16
3325,39,8,18,8,27,16
3326,45,5,15,3,18,16
3327,34,2,13,5,20,16
3328,33,11,12,5,19,16
3329,37,9,20,2,27,16
3330,43,13,21,4,19,16
3331,36,11,19,7,18,16
3332,36,7,17,4,22,16
3333,40,11,16,7,31,16
3334,47,2,19,6,20,16
3335,35,6,12,2,14,16
3336,41,13,24,6,28,16
3337,48,4,18,6,31,16
3338,49,9,18,8,20,16
3339,41,10,27,4,28,16
3340,43,11,18,4,23,16
3341,39,8,22,8,24,16
3342,38,11,21,4,32,16
3343,35,13,15,4,12,16
3344,46,7,16,8,21,16
3345,46,11,20,4,30,16
3346,41,8,18,3,27,16
3347,41,8,19,5,30,16
3348,39,13,18,7,24,16
3349,49,9,16,6,28,16
3350,47,12,27,4,29,16
3351,42,12,20,7,30,16
3352,39,5,18,4,23,16
3353,36,5,12,5,20,16
3354,33,12,14,4,28,16
3355,49,7,15,8,29,16
3356,45,8,25,6,32,16
3357,58,10,19,6,30,16
3358,47,1,20,9,20,16
3359,30,9,10,5,24,16
3360,45,4,19,5,35,16
3361,34,10,25,5,29,16
3362,35,9,24,5,25,16
3363,44,8,23,6,27,16
3364,56,11,22,6,27,16
3365,48,2,14,5,27,16
3366,30,8,23,5,23,16
3367,39,6,16,6,32,16
3368,44,10,27,5,19,16
3369,46,7,15,6,24,16
3370,31,10,21,11,25,16
3371,35,17,18,7,26,16
3372,34,12,19,8,28,16
3373,43,11,10,5,29,16
3374,47,14,19,4,20,16
3375,52,5,17,7,23,16
3376,42,11,18,3,32,16
3377,34,7,16,7,25,16
3378,43,4,15,7,28,16
3379,34,10,18,12,22,16
3380,39,3,16,6,28,16
3381,34,10,17,7,18,16
3382,52,13,13,9,22,16
3383,23,5,15,3,27,16
3384,41,7,21,7,26,16
3385,45,4,15,4,24,16
3386,44,2,16,2,20,16
3387,34,13,26,8,31,16
3388,29,11,17,9,31,16
3389,47,6,21,7,19,16
3390,44,9,23,5,22,16
3391,40,8,19,6,23,16
3392,58,9,19,7,21,16
3393,40,17,19,6,28,16
3394,37,12,13,5,30,16
3395,30,11,15,5,31,16
3396,37,7,15,6,22,16
3397,39,10,16,6,27,16
3398,44,15,21,10,22,16
3399,41,6,24,4,28,16
3400,41,8,19,9,35,16
3401,42,6,26,8,28,16
3402,48,7,16,9,23,16
3403,36,4,20,8,16,16
3404,35,14,13,11,26,16
3405,36,11,16,3,28,16
3406,39,11,16,6,16,16
3407,39,9,17,4,23,16
3408,44,9,15,6,21,16
3409,47,8,17,2,22,16
3410,34,7,14,7,27,16
3411,36,5,21,5,14,16
3412,40,8,13,9,18,16
3413,38,12,16,6,31,16
3414,32,9,17,9,16,16
3415,39,4,26,1,26,16
3416,39,2,14,6,22,16
3417,42,14,8,6,23,16
3418,50,5,19,5,36,16
3419,41,9,18,6,24,16
3420,34,7,18,5,25,16
3421,37,7,20,8,23,16
3422,27,9,7,5,20,16
3423,35,6,16,8,27,16
3424,46,6,19,10,24,16
3425,45,8,22,9,22,16
3426,40,12,19,6,22,16
3427,46,9,24,3,23,16
3428,36,5,12,1,25,16
3429,40,6,19,1,32,16
3430,42,6,19,3,20,16
3431,38,6,16,8,34,16
3432,52,6,12,6,26,16
3433,31,10,16,9,26,16
3434,45,8,16,9,21,16
3435,35,4,20,5,23,16
3436,55,13,15,7,24,16
3437,46,13,11,3,27,16
3438,36,6,12,4,27,16
3439,29,10,19,4,31,16
3440,40,4,20,7,22,16
3441,39,9,28,9,35,16
3442,41,9,15,5,19,16
3443,36,7,27,9,33,16
3444,40,6,15,4,21,16
3445,37,6,21,8,18,16
3446,34,11,15,4,27,16
3447,35,10,18,3,21,16
3448,33,12,20,6,27,16
3449,41,8,18,12,18,16
3450,36,8,22,4,23,16
3451,44,13,13,9,27,16
3452,46,10,16,12,28,16
3453,42,11,16,3,24,16
3454,30,5,17,10,30,16
3455,41,7,17,7,27,16
3456,49,8,11,9,30,16
3457,41,8,19,4,27,16
3458,43,9,19,5,26,16
3459,39,9,26,6,19,16
3460,44,5,16,5,25,16
3461,40,8,20,6,21,16
3462,51,8,18,3,29,16
3463,34,10,15,5,22,16
3464,46,9,21,3,35,16
3465,40,5,19,4,28,16
3466,43,13,23,4,23,16
3467,32,10,15,9,32,16
3468,31,7,17,6,29,16
3469,38,11,19,3,25,16
3470,48,7,23,2,24,16
3471,41,6,16,5,28,16
3472,37,6,24,6,27,16
3473,28,9,19,5,22,16
3474,34,11,19,5,32,16
3475,37,11,14,7,21,16
3476,38,10,18,4,28,16
3477,32,5,29,5,32,16
3478,39,13,11,4,27,16
3479,37,7,24,7,35,16
3480,37,6,12,12,34,16
3481,41,14,23,13,23,16
3482,37,7,20,6,31,16
3483,32,9,21,3,22,16
3484,52,9,27,5,24,16
3485,46,5,17,3,31,16
3486,34,7,9,11,32,16
3487,44,7,26,7,22,16
3488,39,7,16,6,18,16
3489,56,13,17,6,31,16
3490,44,6,26,2,25,16
3491,48,13,19,10,33,16
3492,34,7,16,3,26,16
3493,43,5,21,3,28,16
3494,40,11,27,6,13,16
3495,40,7,22,5,18,16
3496,28,9,13,3,27,16
3497,45,14,26,6,32,16
3498,40,4,14,8,17,16
3499,46,14,19,5,29,16
3500,33,14,34,4,21,16
3501,31,5,21,3,24,16
3502,41,9,19,1,33,16
3503,36,7,15,8,20,16
3504,40,12,15,2,24,16
3505,46,7,14,6,27,16
3506,32,10,19,10,29,16
3507,41,9,16,3,21,16
3508,47,8,16,7,27,16
3509,34,7,22,4,30,16
3510,43,6,17,7,27,16
3511,31,7,25,5,25,16
3512,50,10,21,9,22,16
3513,43,5,12,7,21,16
3514,57,12,16,9,26,16
3515,36,4,10,2,19,16
3516,37,7,21,6,24,16
3517,59,6,22,10,24,16
3518,34,6,18,10,23,16
3519,42,9,27,6,23,16
3520,41,5,18,8,19,16
3521,45,4,17,8,23,16
3522,41,8,25,9,32,16
3523,46,8,27,3,32,16
3524,32,7,16,3,29,16
3525,42,9,16,3,31,16
3526,39,10,12,5,19,16
3527,45,9,19,3,26,16
3528,37,5,18,11,19,16
3529,34,7,24,12,26,16
3530,39,6,21,6,24,16
3531,49,12,17,5,23,16
3532,31,7,18,2,20,16
3533,37,2,13,2,19,16
3534,43,10,14,3,23,16
3535,44,3,14,3,28,16
3536,37,4,19,5,24,16
3537,30,8,13,6,21,16
3538,39,9,19,2,20,16
3539,47,8,17,4,27,16
3540,41,13,19,8,22,16
3541,39,10,26,4,26,16
3542,40,9,21,7,23,16
3543,28,6,17,5,25,16
3544,42,7,14,3,22,16
3545,44,5,22,3,18,16
3546,36,8,18,6,31,16
3547,41,11,12,4,32,16
3548,38,7,10,6,22,16
3549,47,9,15,5,19,16
3550,38,10,16,11,18,16
3551,36,11,21,3,25,16
3552,46,4,15,8,27,16
3553,34,10,18,8,21,16
3554,46,13,14,6,19,16
3555,38,4,17,6,26,16
3556,41,9,20,11,34,16
3557,41,9,11,4,26,16
3558,39,6,11,3,22,16
3559,33,6,22,8,32,16
3560,57,11,21,5,16,16
3561,47,11,18,8,28,16
3562,38,4,18,3,31,16
3563,42,7,20,6,36,16
3564,45,4,26,8,23,16
3565,46,8,22,6,27,16
3566,40,11,21,10,23,16
3567,33,5,25,5,21,16
3568,38,7,13,3,18,16
3569,37,17,18,2,23,16
3570,25,8,17,4,16,16
3571,40,11,13,9,22,16
3572,31,6,15,5,21,16
3573,35,15,18,9,16,16
3574,53,8,15,7,28,16
3575,38,6,18,4,19,16
3576,38,4,18,9,19,16
3577,41,10,21,7,24,16
3578,37,6,15,8,20,16
3579,41,3,19,4,24,16
3580,44,11,17,7,26,16
3581,37,4,18,4,24,16
3582,41,10,14,9,22,16
3583,27,8,14,7,34,16
3584,29,5,15,4,16,16
3585,42,8,9,4,21,16
3586,41,12,14,3,32,16
3587,43,12,29,4,25,16
3588,44,11,16,5,23,16
3589,47,11,18,11,29,16
3590,40,6,16,7,38,16
3591,37,8,11,4,26,16
3592,44,16,15,8,36,16
3593,36,6,15,3,26,16
3594,44,3,26,8,25,16
3595,40,9,25,7,31,16
3596,32,9,16,10,27,16
3597,29,7,15,6,26,16
3598,38,9,12,7,32,16
3599,38,10,17,5,24,16
3600,40,10,21,10,20,16
3601,44,7,15,6,22,16
3602,42,7,18,8,20,16
3603,34,10,15,5,25,16
3604,39,8,18,4,27,16
3605,35,6,18,4,29,16
3606,36,8,18,7,22,16
3607,31,9,14,4,21,16
3608,48,6,24,6,28,16
3609,44,9,16,8,22,16
3610,31,11,18,4,25,16
3611,39,10,18,8,15,16
3612,43,14,16,5,27,16
3613,46,7,21,6,17,16
3614,51,7,18,7,21,16
3615,37,7,11,4,30,16
3616,47,11,15,7,26,16
3617,30,7,21,6,32,16
3618,38,7,20,6,27,16
3619,41,9,19,11,29,16
3620,38,9,26,5,40,16
3621,33,10,24,7,20,16
3622,52,11,13,4,21,16
3623,34,7,20,6,24,16
3624,27,10,16,11,18,16
3625,42,9,21,14,19,16
3626,39,3,19,6,25,16
3627,42,7,13,4,34,16
3628,29,11,17,4,21,16
3629,41,10,13,7,19,16
3630,32,12,21,6,21,16
3631,41,11,13,6,26,16
3632,41,4,16,7,39,16
3633,40,8,10,9,25,16
3634,37,12,16,5,26,16
3635,29,11,20,5,27,16
3636,34,6,12,3,24,16
3637,46,6,25,3,30,16
3638,39,5,21,6,28,16
3639,24,9,16,5,22,16
3640,30,6,14,8,28,16
3641,41,8,15,5,29,16
3642,44,11,15,6,28,16
3643,37,11,17,5,20,16
3644,31,4,14,4,24,16
3645,42,9,17,8,20,16
3646,33,6,17,6,24,16
3647,38,9,23,1,23,16
3648,37,6,17,5,23,16
3649,43,9,17,8,24,16
3650,34,2,17,5,26,16
3651,35,7,19,4,26,16
3652,45,3,23,3,22,16
3653,30,8,11,8,34,16
3654,40,8,9,8,18,16
3655,46,8,12,9,14,16
3656,45,10,13,6,26,16
3657,64,8,19,5,18,16
3658,37,12,17,2,22,16
3659,38,7,17,8,24,16
3660,35,6,19,8,23,16
3661,31,6,14,6,23,16
3662,37,6,18,8,26,16
3663,37,8,24,6,28,16
3664,39,10,21,11,31,16
3665,38,6,27,3,27,16
3666,36,2,22,8,27,16
3667,39,6,22,10,26,16
3668,29,9,23,7,29,16
3669,38,9,15,5,37,16
3670,32,8,18,5,31,16
3671,38,8,24,5,21,16
3672,30,7,8,7,36,16
3673,32,5,23,6,21,16
3674,42,8,16,9,19,16
3675,49,8,11,3,22,16
3676,43,5,16,3,23,16
3677,40,12,16,5,35,16
3678,43,9,18,6,24,16
3679,42,15,21,10,21,16
3680,40,7,13,4,21,16
3681,35,8,17,8,26,16
3682,40,7,19,3,26,16
3683,30,9,21,10,20,16
3684,40,5,13,5,25,16
3685,55,10,15,9,39,16
3686,41,5,22,2,27,16
3687,30,5,22,9,25,16
3688,39,8,16,5,28,16
3689,45,8,17,9,32,16
3690,30,10,20,8,22,16
3691,50,3,15,6,31,16
3692,41,5,10,4,32,16
3693,46,7,20,8,26,16
3694,44,4,26,8,29,16
3695,42,7,19,7,31,16
3696,32,14,21,5,30,16
3697,44,8,22,7,11,16
3698,39,8,17,12,24,16
3699,41,9,19,6,23,16
3700,34,7,20,5,35,16
3701,36,5,21,5,32,16
3702,38,4,15,3,21,16
3703,42,9,20,6,32,16
3704,32,9,14,4,25,16
3705,34,2,12,4,24,16
3706,37,8,18,6,30,16
3707,38,7,17,14,20,16
3708,40,7,22,6,28,16
3709,39,10,20,5,19,16
3710,43,6,16,7,17,16
3711,45,11,25,7,22,16
3712,46,8,22,6,27,16
3713,44,13,14,9,34,16
3714,43,9,19,5,18,16
3715,39,6,19,10,21,16
3716,47,12,17,5,24,16
3717,35,8,16,10,35,16
3718,44,7,19,12,26,16
3719,43,10,24,4,24,16
3720,48,8,8,6,22,16
3721,27,7,15,9,32,16
3722,44,4,20,8,32,16
3723,44,7,13,6,21,16
3724,41,9,30,6,25,16
3725,42,9,11,6,19,16
3726,44,6,12,5,33,16
3727,44,8,11,3,29,16
3728,38,9,15,5,27,16
3729,36,7,16,5,21,16
3730,45,7,18,7,24,16
3731,32,5,19,6,32,16
3732,44,8,22,6,29,16
3733,35,10,17,5,26,16
3734,40,11,21,7,19,16
3735,46,4,20,6,22,16
3736,55,8,12,9,35,16
3737,37,13,16,3,27,16
3738,38,6,14,11,23,16
3739,37,14,22,7,30,16
3740,46,9,18,4,26,16
3741,43,8,21,8,25,16
3742,32,7,27,6,29,16
3743,38,10,25,8,28,16
3744,34,10,21,7,24,16
3745,51,4,17,2,26,16
3746,39,6,20,6,20,16
3747,49,11,17,4,18,16
3748,40,10,26,8,24,16
3749,42,8,24,6,25,16
3750,40,11,20,7,22,16
3751,39,11,21,9,31,16
3752,33,9,17,5,23,16
3753,42,12,13,3,31,16
3754,46,6,16,3,29,16
3755,38,2,16,6,25,16
3756,50,6,15,9,32,16
3757,42,10,29,9,25,16
3758,56,8,18,6,26,16
3759,42,11,19,8,25,16
3760,37,6,25,6,17,16
3761,37,10,17,6,30,16
3762,36,12,23,7,27,16
3763,35,8,14,8,23,16
3764,36,7,23,4,27,16
3765,36,5,18,4,17,16
3766,39,11,20,4,18,16
3767,37,14,13,5,25,16
3768,48,12,19,5,20,16
3769,33,9,10,6,23,16
3770,50,13,15,4,29,16
3771,44,14,11,4,26,16
3772,43,7,18,5,17,16
3773,37,14,14,6,29,16
3774,32,11,12,5,24,16
3775,52,7,22,6,18,16
3776,28,8,12,10,28,16
3777,40,7,14,5,11,16
3778,41,13,19,7,34,16
3779,39,7,23,4,31,16
3780,40,9,22,7,24,16
3781,37,8,12,3,26,16
3782,33,9,15,5,22,16
3783,40,11,19,8,33,16
3784,40,11,18,9,30,16
3785,44,7,14,5,22,16
3786,31,9,11,5,22,16
3787,44,5,16,8,25,16
3788,44,8,19,7,27,16
3789,40,3,18,7,39,16
3790,33,13,20,5,28,16
3791,28,7,21,4,20,16
3792,39,11,24,5,36,16
3793,37,5,12,3,23,16
3794,44,4,12,2,23,16
3795,43,8,19,8,18,16
3796,43,7,18,7,25,16
3797,34,9,17,6,20,16
3798,49,10,24,7,30,16
3799,38,8,13,10,28,16
3800,41,5,10,6,22,16
3801,44,8,15,2,18,16
3802,33,6,15,3,32,16
3803,46,5,18,6,30,16
3804,40,6,16,6,21,16
3805,39,11,17,4,19,16
3806,42,11,11,6,20,16
3807,46,15,12,10,29,16
3808,40,6,13,3,18,16
3809,51,6,15,4,36,16
3810,42,9,15,6,25,16
3811,38,7,22,8,20,16
3812,51,11,22,5,19,16
3813,45,4,21,3,23,16
3814,38,10,18,8,21,16
3815,40,8,12,4,38,16
3816,47,5,17,5,25,16
3817,40,8,16,6,29,16
3818,40,12,18,8,26,16
3819,34,4,17,3,19,16
3820,38,10,25,5,31,16
3821,35,12,9,8,26,16
3822,33,9,24,6,20,16
3823,37,7,24,7,26,16
3824,37,6,12,6,21,16
3825,49,6,21,11,26,16
3826,38,6,19,4,27,16
3827,45,8,25,3,20,16
3828,45,11,14,3,20,16
3829,31,16,20,5,25,16
3830,28,10,13,6,25,16
3831,34,7,17,5,19,16
3832,38,9,15,6,26,16
3833,38,3,10,3,22,16
3834,33,9,23,13,21,16
3835,39,4,12,9,18,16
3836,43,4,22,7,17,16
3837,55,5,17,4,33,16
3838,31,6,20,8,26,16
3839,45,7,19,5,24,16
3840,44,6,18,10,24,16
3841,32,9,19,5,25,16
3842,34,6,17,8,28,16
3843,39,4,12,6,23,16
3844,27,6,22,5,23,16
3845,39,9,12,10,26,16
3846,39,14,19,6,27,16
3847,40,9,23,6,24,16
3848,42,10,21,3,25,16
3849,49,7,17,4,25,16
3850,33,6,16,4,31,16
3851,35,8,14,4,25,16
3852,43,13,14,6,23,16
3853,34,5,21,8,23,16
3854,45,4,18,5,15,16
3855,37,8,19,14,22,16
3856,34,11,21,9,27,16
3857,45,4,12,10,37,16
3858,49,6,13,7,24,16
3859,51,7,17,6,32,16
3860,45,7,19,4,29,16
3861,47,6,15,8,33,16
3862,32,11,30,7,25,16
3863,45,7,18,4,33,16
3864,33,8,26,7,20,16
3865,37,4,15,7,24,16
3866,41,7,6,8,27,16
3867,42,3,21,7,34,16
3868,47,7,20,10,22,16
3869,30,10,18,5,21,16
3870,38,9,18,7,31,16
3871,42,6,18,3,30,16
3872,46,4,11,5,24,16
3873,38,5,18,8,24,16
3874,32,4,21,5,32,16
3875,39,7,12,4,28,16
3876,37,7,20,10,33,16
3877,23,16,20,7,26,16
3878,36,6,16,9,21,16
3879,41,4,13,6,27,16
3880,38,11,19,6,27,16
3881,36,6,22,9,26,16
3882,37,12,21,4,19,16
3883,41,11,19,12,28,16
3884,49,11,22,5,31,16
3885,41,9,26,5,28,16
3886,45,16,26,8,28,16
3887,39,12,14,8,28,16
3888,34,13,11,8,31,16
3889,44,7,21,4,25,16
3890,45,8,22,3,21,16
3891,35,6,21,4,15,16
3892,30,9,11,6,21,16
3893,36,10,24,5,32,16
3894,33,7,12,4,26,16
3895,45,11,18,4,22,16
3896,37,5,22,6,20,16
3897,34,5,14,8,33,16
3898,37,11,17,3,21,16
3899,40,5,16,3,25,16
3900,37,7,19,8,19,16
3901,41,8,25,4,24,16
3902,45,10,8,5,24,16
3903,40,13,15,6,29,16
3904,35,8,17,7,18,16
3905,36,3,12,3,34,16
3906,54,3,19,5,26,16
3907,29,11,22,4,27,16
3908,40,9,25,8,34,16
3909,37,8,18,5,32,16
3910,35,5,17,8,29,16
3911,29,12,14,1,25,16
3912,41,8,9,2,25,16
3913,34,6,8,8,30,16
3914,40,13,30,6,23,16
3915,58,11,19,5,29,16
3916,38,7,12,8,22,16
3917,46,7,20,11,26,16
3918,42,2,19,6,28,16
3919,48,5,19,11,22,16
3920,37,9,22,9,18,16
3921,32,5,17,6,16,16
3922,44,7,9,4,31,16
3923,55,6,17,3,28,16
3924,39,6,19,3,25,16
3925,45,4,13,3,22,16
3926,29,7,18,6,33,16
3927,52,5,11,5,21,16
3928,52,7,20,6,30,16
3929,43,9,23,6,21,16
3930,29,5,20,9,25,16
3931,41,7,23,9,28,16
3932,41,8,24,4,30,16
3933,42,5,17,9,26,16
3934,33,8,25,4,25,16
3935,37,9,21,8,24,16
3936,34,9,15,9,35,16
3937,39,16,25,10,34,16
3938,43,4,14,4,25,16
3939,54,8,19,8,29,16
3940,50,4,20,8,22,16
3941,33,11,8,7,29,16
3942,41,5,23,4,25,16
3943,41,10,16,7,31,16
3944,31,6,16,5,32,16
3945,33,9,24,6,23,16
3946,42,9,13,7,24,16
3947,36,7,15,9,30,16
3948,38,12,15,6,35,16
3949,49,10,12,6,34,16
3950,41,5,23,5,24,16
3951,38,9,19,8,21,16
3952,25,3,17,8,27,16
3953,41,6,16,4,27,16
3954,40,4,12,6,21,16
3955,28,11,17,7,18,16
3956,44,7,17,8,23,16
3957,44,8,15,3,22,16
3958,30,6,21,7,16,16
3959,43,7,11,7,15,16
3960,40,7,17,8,25,16
3961,43,14,13,6,34,16
3962,43,4,17,4,15,16
3963,46,11,15,7,27,16
3964,37,1,13,2,30,16
3965,35,8,19,7,31,16
3966,32,4,15,2,19,16
3967,25,12,15,10,24,16
3968,48,9,13,5,29,16
3969,41,6,16,9,19,16
3970,50,9,20,9,25,16
3971,39,9,14,7,35,16
3972,45,8,24,1,23,16
3973,38,9,17,7,31,16
3974,32,6,17,3,22,16
3975,36,12,23,5,26,16
3976,42,6,16,10,30,16
3977,35,12,18,7,23,16
3978,36,12,21,5,25,16
3979,51,8,20,12,26,16
3980,36,7,15,6,29,16
3981,37,6,21,5,20,16
3982,47,11,25,7,23,16
3983,38,7,16,6,23,16
3984,49,7,19,8,18,16
3985,43,10,18,2,33,16
3986,51,5,17,7,31,16
3987,27,4,24,2,25,16
3988,48,3,14,5,23,16
3989,41,8,16,6,27,16
3990,51,10,23,5,16,16
3991,47,6,22,6,25,16
3992,44,9,15,11,29,16
3993,34,6,17,9,23,16
3994,60,9,24,3,18,16
3995,44,7,15,7,16,16
3996,44,6,20,12,25,16
3997,45,7,16,8,21,16
3998,41,4,17,2,26,16
3999,45,9,14,5,22,16
4000,41,8,13,5,32,16
4001,40,5,13,5,29,16
4002,39,8,15,8,22,16
4003,41,13,11,8,22,16
4004,44,7,21,6,17,16
4005,28,10,18,3,22,16
4006,38,11,20,5,31,16
4007,47,8,13,3,23,16
4008,39,6,15,3,16,16
4009,45,6,18,4,30,16
4010,41,13,12,7,26,16
4011,31,9,21,6,19,16
4012,36,6,23,8,14,16
4013,55,6,19,4,27,16
4014,39,9,19,6,32,16
4015,52,8,21,7,22,16
4016,33,6,11,8,30,16
4017,32,8,17,8,28,16
4018,50,11,20,7,23,16
4019,33,9,21,6,27,16
4020,45,5,12,6,28,16
4021,28,9,22,6,22,16
4022,35,11,23,2,23,16
4023,38,8,19,12,26,16
4024,37,3,18,6,25,16
4025,32,3,23,5,23,16
4026,32,4,29,8,26,16
4027,40,10,26,9,32,16
4028,34,7,22,7,29,16
4029,43,12,23,11,16,16
4030,41,5,19,5,23,16
4031,46,8,21,10,21,16
4032,41,10,14,1,23,16
4033,35,5,13,6,29,16
4034,38,6,9,6,24,16
4035,47,2,11,6,15,16
4036,51,10,21,4,31,16
4037,32,5,7,2,26,16
4038,46,7,18,9,32,16
4039,43,9,16,6,27,16
4040,56,7,17,12,21,16
4041,41,7,22,13,25,16
4042,42,6,19,6,20,16
4043,41,9,16,5,20,16
4044,31,14,16,4,22,16
4045,38,12,19,8,20,16
4046,37,5,18,4,25,16
4047,39,15,13,8,17,16
4048,37,8,14,4,17,16
4049,39,12,16,3,24,16
4050,33,9,23,10,19,16
4051,37,5,16,5,26,16
4052,39,6,19,4,24,16
4053,36,10,15,11,25,16
4054,46,7,11,2,22,16
4055,40,9,15,9,16,16
4056,46,12,18,7,27,16
4057,37,7,13,8,33,16
4058,40,10,12,10,17,16
4059,40,7,10,5,36,16
4060,45,8,19,3,42,16
4061,39,7,19,4,28,16
4062,33,5,16,7,20,16
4063,35,5,17,5,29,16
4064,45,9,14,6,31,16
4065,39,4,14,7,19,16
4066,46,5,23,7,16,16
4067,36,7,18,9,18,16
4068,42,5,23,4,20,16
4069,47,15,25,6,31,16
4070,42,9,27,8,20,16
4071,38,11,19,2,20,16
4072,46,8,16,3,26,16
4073,34,9,14,8,17,16
4074,38,9,19,5,15,16
4075,39,12,21,6,29,16
4076,39,7,22,9,32,16
4077,44,7,23,4,14,16
4078,40,7,18,3,34,16
4079,45,9,17,2,30,16
4080,40,4,24,4,20,16
4081,45,7,14,7,19,16
4082,33,5,28,6,23,16
4083,29,7,25,6,24,16
4084,32,2,25,7,26,16
4085,25,9,22,2,26,16
4086,39,12,25,4,22,16
4087,34,11,19,4,29,16
4088,43,5,13,5,19,16
4089,43,12,15,5,31,16
4090,44,8,21,4,31,16
4091,37,8,17,6,22,16
4092,41,10,15,5,29,16
4093,53,7,13,3,24,16
4094,42,8,12,2,16,16
4095,50,9,16,7,26,16
4096,45,9,17,5,21,16
4097,36,6,22,8,20,16
4098,36,6,20,9,24,16
4099,35,8,22,7,20,16
4100,33,8,15,8,26,16
4101,47,13,17,6,26,16
4102,42,7,16,6,30,16
4103,44,6,22,3,27,16
4104,37,2,19,8,21,16
4105,49,9,18,8,24,16
4106,41,7,18,9,38,16
4107,29,8,20,12,19,16
4108,36,8,14,5,20,16
4109,41,6,21,6,29,16
4110,41,8,13,3,26,16
4111,30,9,16,4,18,16
4112,37,4,17,5,28,16
4113,32,16,14,5,21,16
4114,35,11,19,4,27,16
4115,41,7,23,6,22,16
4116,43,5,18,4,23,16
4117,45,10,23,10,29,16
4118,40,9,20,8,23,16
4119,41,5,23,9,32,16
4120,31,6,22,4,22,16
4121,40,8,11,8,18,16
4122,37,8,17,5,23,16
4123,43,10,20,4,33,16
4124,38,6,15,10,30,16
4125,45,12,19,6,20,16
4126,49,7,18,5,26,16
4127,41,2,20,6,29,16
4128,40,9,19,4,35,16
4129,38,6,12,3,26,16
4130,52,11,20,4,25,16
4131,44,11,22,3,23,16
4132,41,6,15,5,26,16
4133,46,8,29,7,25,16
4134,45,4,15,5,18,16
4135,32,5,13,5,20,16
4136,41,7,16,6,26,16
4137,37,6,17,3,22,16
4138,31,10,20,5,20,16
4139,50,5,22,9,22,16
4140,40,7,26,4,27,16
4141,38,7,22,5,18,16
4142,35,6,12,4,29,16
4143,42,8,25,6,25,16
4144,33,11,14,6,15,16
4145,47,10,17,4,19,16
4146,35,10,19,3,29,16
4147,37,9,11,5,30,16
4148,57,12,17,3,30,16
4149,60,9,19,9,26,16
4150,45,5,16,6,27,16
4151,45,7,19,4,22,16
4152,27,8,24,8,17,16
4153,43,6,25,3,30,16
4154,46,6,13,4,21,16
4155,30,8,14,6,24,16
4156,50,8,22,5,25,16
4157,38,9,10,5,16,16
4158,39,6,15,8,22,16
4159,52,7,16,1,32,16
4160,41,9,23,4,33,16
4161,41,9,17,7,23,16
4162,39,9,28,11,39,16
4163,38,9,15,7,22,16
4164,47,4,14,4,19,16
4165,59,14,16,6,21,16
4166,53,6,18,7,21,16
4167,33,2,20,5,16,16
4168,44,8,18,7,33,16
4169,32,10,21,6,17,16
4170,36,10,21,6,27,16
4171,47,7,20,7,28,16
4172,41,9,9,8,23,16
4173,36,9,16,5,28,16
4174,38,10,16,7,33,16
4175,30,6,20,9,27,16
4176,43,9,22,8,25,16
4177,38,8,17,6,28,16
4178,38,11,23,13,25,16
4179,34,10,13,5,25,16
4180,42,14,23,4,27,16
4181,30,1,23,7,23,16
4182,33,9,22,3,26,16
4183,44,12,22,6,16,16
4184,42,9,12,5,26,16
4185,41,8,17,10,22,16
4186,49,11,16,3,18,16
4187,38,11,29,5,17,16
4188,33,4,9,5,32,16
4189,42,7,17,3,25,16
4190,45,7,18,4,21,16
4191,32,9,19,5,23,16
4192,33,13,24,4,27,16
4193,39,10,14,6,30,16
4194,42,6,25,10,22,16
4195,44,12,17,9,29,16
4196,48,10,17,6,31,16
4197,35,11,19,3,23,16
4198,46,8,13,5,28,16
4199,35,6,17,7,32,16
4200,29,8,18,3,25,16
4201,43,5,20,9,16,16
4202,38,7,20,3,34,16
4203,45,9,13,4,28,16
4204,25,7,20,7,24,16
4205,39,10,17,6,29,16
4206,44,8,14,4,27,16
4207,36,12,21,5,19,16
4208,43,9,16,3,21,16
4209,46,4,17,4,20,16
4210,40,9,12,6,29,16
4211,42,10,24,5,22,16
4212,37,5,13,5,30,16
4213,42,9,23,5,24,16
4214,45,10,23,5,16,16
4215,40,8,17,7,17,16
4216,35,12,20,3,23,16
4217,34,3,20,6,21,16
4218,55,8,15,3,17,16
4219,31,7,25,6,29,16
4220,30,9,25,4,21,16
4221,48,7,13,6,21,16
4222,53,10,16,7,17,16
4223,39,5,14,5,23,16
4224,37,7,23,6,15,16
4225,32,7,15,4,29,16
4226,44,7,18,10,18,16
4227,44,4,19,4,24,16
4228,32,10,18,5,19,16
4229,41,7,18,6,27,16
4230,34,7,15,6,28,16
4231,46,13,26,7,32,16
4232,42,11,12,1,29,16
4233,36,10,15,3,21,16
4234,34,2,13,8,23,16
4235,60,7,12,5,22,16
4236,31,4,19,4,22,16
4237,37,11,13,6,27,16
4238,32,2,18,9,22,16
4239,40,9,14,5,25,16
4240,40,5,21,8,22,16
4241,39,8,17,5,24,16
4242,44,2,22,10,25,16
4243,36,7,16,3,26,16
4244,40,12,15,5,23,16
4245,38,10,21,9,25,16
4246,44,3,15,8,21,16
4247,44,8,20,5,27,16
4248,49,12,23,7,26,16
4249,39,8,19,8,28,16
4250,44,12,21,4,24,16
4251,49,7,16,8,25,16
4252,47,4,29,10,22,16
4253,38,9,18,3,18,16
4254,36,5,16,8,25,16
4255,35,6,20,4,23,16
4256,38,10,19,6,21,16
4257,38,7,15,5,23,16
4258,42,7,16,4,19,16
4259,35,11,18,7,23,16
4260,47,9,22,11,24,16
4261,42,3,12,5,35,16
4262,30,9,14,4,19,16
4263,37,4,18,5,35,16
4264,46,11,18,5,24,16
4265,34,7,15,5,29,16
4266,57,3,18,2,30,16
4267,34,6,22,3,22,16
4268,45,8,21,3,26,16
4269,43,10,17,8,20,16
4270,49,10,18,8,20,16
4271,40,10,14,9,31,16
4272,36,6,11,9,36,16
4273,51,7,22,5,30,16
4274,46,9,15,11,20,16
4275,45,6,18,1,27,16
4276,41,12,21,4,23,16
4277,35,10,22,5,21,16
4278,29,3,18,3,20,16
4279,41,9,19,9,19,16
4280,37,6,27,4,25,16
4281,50,9,22,6,20,16
4282,29,9,19,6,17,16
4283,31,9,20,7,22,16
4284,42,14,19,2,19,16
4285,33,4,26,8,31,16
4286,35,9,15,5,25,16
4287,45,10,14,5,21,16
4288,36,5,13,5,15,16
4289,29,6,24,8,25,16
4290,43,9,16,9,34,16
4291,33,10,23,4,27,16
4292,37,5,19,6,18,16
4293,45,11,17,7,27,16
4294,47,8,18,9,19,16
4295,30,6,16,4,25,16
4296,33,20,25,7,20,16
4297,40,8,22,5,25,16
4298,46,11,16,4,33,16
4299,43,7,19,7,28,16
4300,37,10,15,5,25,16
4301,43,8,20,1,22,16
4302,38,13,18,7,27,16
4303,48,11,17,5,21,16
4304,37,5,23,7,36,16
4305,28,11,20,4,28,16
4306,47,7,18,10,23,16
4307,43,7,17,5,19,16
4308,33,7,13,6,26,16
4309,44,6,27,6,27,16
4310,45,8,17,6,21,16
4311,43,8,16,4,23,16
4312,31,6,13,8,29,16
4313,36,7,16,11,33,16
4314,44,13,25,5,34,16
4315,41,3,21,7,33,16
4316,31,7,22,5,29,16
4317,41,5,21,3,18,16
4318,43,9,27,9,20,16
4319,43,6,15,8,25,16
4320,42,11,18,10,19,16
4321,44,5,13,5,22,16
4322,36,9,19,8,25,16
4323,35,10,17,1,19,16
4324,39,3,15,12,28,16
4325,35,6,19,9,33,16
4326,39,9,14,7,23,16
4327,31,9,18,9,27,16
4328,36,5,24,3,21,16
4329,39,10,20,9,21,16
4330,22,8,19,14,29,16
4331,39,7,25,5,20,16
4332,38,8,17,6,39,16
4333,46,5,19,8,19,16
4334,46,8,23,8,28,16
4335,50,7,19,8,26,16
4336,33,12,14,7,23,16
4337,49,9,16,4,27,16
4338,50,10,17,7,26,16
4339,43,3,22,9,25,16
4340,56,10,10,7,29,16
4341,35,1,21,3,26,16
4342,46,8,20,6,24,16
4343,40,4,12,5,24,16
4344,43,9,17,5,18,16
4345,41,9,21,7,27,16
4346,33,5,19,4,44,16
4347,40,11,18,4,27,16
4348,43,8,25,7,18,16
4349,41,14,11,7,24,16
4350,36,9,19,5,13,16
4351,34,10,26,8,27,16
4352,41,8,24,7,27,16
4353,44,7,22,9,30,16
4354,43,11,17,2,29,16
4355,45,4,18,2,19,16
4356,34,8,21,4,32,16
4357,31,5,15,4,28,16
4358,37,7,14,4,20,16
4359,41,5,17,2,24,16
4360,43,10,15,7,33,16
4361,35,14,27,5,26,16
4362,42,6,13,4,27,16
4363,35,8,16,6,20,16
4364,38,7,19,5,27,16
4365,30,9,28,7,19,16
4366,39,8,18,12,25,16
4367,46,5,20,1,28,16
4368,42,6,16,6,13,16
4369,41,5,16,1,30,16
4370,43,7,11,4,26,16
4371,47,4,14,6,22,16
4372,35,6,26,4,29,16
4373,46,6,13,10,28,16
4374,44,7,20,5,30,16
4375,40,7,18,5,18,16
4376,43,12,13,7,28,16
4377,54,9,17,5,19,16
4378,47,6,17,5,25,16
4379,47,13,14,8,28,16
4380,43,7,20,8,23,16
4381,41,8,14,3,27,16
4382,36,12,10,5,25,16
4383,31,8,18,7,29,16
4384,36,6,19,7,24,16
4385,34,7,14,5,34,16
4386,46,4,12,3,29,16
4387,49,10,21,5,17,16
4388,28,7,19,3,26,16
4389,40,8,19,3,16,16
4390,42,9,11,5,19,16
4391,37,5,11,6,28,16
4392,39,12,23,5,23,16
4393,44,6,18,7,40,16
4394,39,3,20,2,19,16
4395,38,8,14,3,20,16
4396,33,11,23,8,24,16
4397,45,7,16,7,23,16
4398,40,4,22,5,23,16
4399,35,7,17,6,30,16
4400,38,5,21,7,22,16
4401,33,8,20,2,22,16
4402,44,3,22,7,27,16
4403,43,9,18,3,23,16
4404,44,12,22,3,22,16
4405,36,11,18,5,25,16
4406,45,7,17,6,16,16
4407,44,8,13,5,30,16
4408,31,13,16,3,31,16
4409,35,15,17,8,24,16
4410,42,11,15,6,34,16
4411,34,11,14,6,30,16
4412,40,7,18,6,27,16
4413,40,8,21,10,24,16
4414,46,9,23,4,29,16
4415,51,11,19,5,26,16
4416,40,6,15,9,28,16
4417,40,11,18,8,32,16
4418,36,7,19,3,30,16
4419,42,8,19,4,22,16
4420,44,4,18,5,28,16
4421,39,10,17,6,25,16
4422,42,7,14,7,27,16
4423,36,6,16,7,22,16
4424,36,11,14,6,36,16
4425,41,3,16,10,27,16
4426,37,10,9,4,29,16
4427,38,9,28,3,28,16
4428,37,5,19,5,23,16
4429,43,5,19,6,21,16
4430,46,7,27,6,18,16
4431,49,6,11,6,26,16
4432,33,11,16,9,27,16
4433,44,8,18,8,22,16
4434,41,9,16,3,26,16
4435,46,8,13,4,23,16
4436,37,5,15,6,29,16
4437,37,9,13,5,31,16
4438,36,5,22,7,30,16
4439,33,8,16,2,26,16
4440,44,10,14,5,24,16
4441,46,2,21,5,25,16
4442,47,6,20,2,23,16
4443,46,8,17,6,18,16
4444,39,16,26,4,32,16
4445,40,6,25,5,31,16
4446,41,10,16,9,25,16
4447,39,8,19,5,26,16
4448,34,10,23,6,26,16
4449,43,7,25,9,28,16
4450,44,12,9,2,30,16
4451,38,8,23,9,31,16
4452,34,8,23,1,21,16
4453,36,4,19,5,20,16
4454,34,7,10,8,31,16
4455,50,7,25,6,31,16
4456,46,9,21,4,30,16
4457,34,9,20,1,27,16
4458,50,8,18,3,27,16
4459,34,10,30,5,27,16
4460,38,16,17,5,27,16
4461,34,8,14,3,23,16
4462,37,9,13,4,26,16
4463,45,6,21,9,28,16
4464,39,8,20,5,21,16
4465,43,10,19,4,21,16
4466,29,4,13,6,29,16
4467,33,11,19,3,23,16
4468,47,11,21,5,26,16
4469,37,6,11,3,32,16
4470,59,10,22,5,30,16
4471,45,13,27,3,21,16
4472,32,15,25,8,27,16
4473,38,7,16,5,25,16
4474,45,5,11,6,17,16
4475,33,13,21,8,22,16
4476,34,8,19,6,29,16
4477,47,6,13,7,22,16
4478,32,9,11,2,17,16
4479,35,10,9,6,27,16
4480,45,7,17,6,19,16
4481,55,10,17,5,25,16
4482,30,11,20,7,25,16
4483,35,3,24,5,31,16
4484,41,8,20,5,32,16
4485,42,13,13,3,28,16
4486,42,7,22,6,16,16
4487,40,4,19,3,25,16
4488,38,6,19,8,17,16
4489,43,7,12,8,24,16
4490,46,4,18,2,24,16
4491,47,11,19,7,26,16
4492,48,8,14,6,27,16
4493,46,6,22,3,25,16
4494,34,5,22,2,23,16
4495,38,10,27,5,34,16
4496,33,10,20,1,26,16
4497,45,6,17,5,27,16
4498,40,10,23,6,26,16
4499,43,10,17,2,23,16
4500,35,12,22,6,25,16
4501,42,11,17,8,23,16
4502,32,11,17,3,19,16
4503,28,7,17,8,27,16
4504,43,5,13,1,30,16
4505,37,6,18,6,27,16
4506,32,7,21,11,25,16
4507,40,8,15,7,22,16
4508,50,8,15,3,24,16
4509,39,10,16,7,18,16
4510,38,6,19,7,25,16
4511,49,8,11,10,22,16
4512,49,9,15,10,15,16
4513,50,4,21,6,17,16
4514,44,8,22,5,22,16
4515,30,11,12,3,28,16
4516,41,5,22,9,27,16
4517,45,8,18,3,20,16
4518,38,8,15,6,30,16
4519,49,10,16,8,25,16
4520,44,4,13,4,24,16
4521,43,5,15,5,25,16
4522,43,8,20,3,25,16
4523,47,10,18,7,24,16
4524,47,4,15,8,32,16
4525,45,2,19,8,29,16
4526,37,7,18,5,27,16
4527,42,5,22,7,23,16
4528,38,8,18,4,27,16
4529,38,12,13,3,14,16
4530,35,3,17,11,24,16
4531,47,11,25,4,22,16
4532,43,6,20,6,26,16
4533,39,14,15,7,30,16
4534,41,6,18,9,24,16
4535,39,5,20,6,26,16
4536,36,6,20,6,16,16
4537,54,10,18,10,21,16
4538,31,7,21,6,26,16
4539,41,14,21,6,33,16
4540,43,10,19,3,23,16
4541,43,11,27,3,21,16
4542,43,6,21,7,27,16
4543,45,8,21,5,24,16
4544,38,14,17,12,24,16
4545,55,7,16,1,24,16
4546,44,10,10,7,17,16
4547,42,9,24,4,22,16
4548,32,9,12,6,37,16
4549,35,5,13,7,27,16
4550,37,10,11,5,29,16
4551,42,8,21,9,23,16
4552,47,11,14,8,21,16
4553,48,4,18,3,28,16
4554,54,10,18,4,28,16
4555,44,2,17,9,27,16
4556,46,5,20,2,17,16
4557,34,6,18,13,22,16
4558,32,7,16,5,15,16
4559,45,9,13,12,27,16
4560,26,4,15,6,26,16
4561,32,13,23,6,24,16
4562,36,9,16,7,18,16
4563,37,6,20,7,28,16
4564,48,7,17,3,27,16
4565,34,13,13,7,19,16
4566,42,4,24,8,36,16
4567,37,9,11,4,24,16
4568,48,11,18,2,28,16
4569,44,8,18,7,22,16
4570,46,6,16,10,25,16
4571,39,12,18,4,25,16
4572,45,4,16,5,23,16
4573,36,8,17,5,23,16
4574,29,5,17,4,29,16
4575,44,10,20,13,28,16
4576,38,9,21,8,24,16
4577,38,6,18,3,23,16
4578,37,9,16,6,28,16
4579,28,6,17,4,20,16
4580,52,8,13,6,30,16
4581,48,6,18,8,23,16
4582,44,6,17,9,25,16
4583,42,6,20,6,19,16
4584,35,7,21,5,19,16
4585,39,9,16,7,27,16
4586,43,11,16,8,23,16
4587,35,6,17,7,19,16
4588,56,2,31,13,31,16
4589,31,6,20,9,27,16
4590,52,9,24,2,24,16
4591,41,4,22,11,23,16
4592,36,9,23,5,21,16
4593,31,10,12,9,29,16
4594,34,6,21,6,22,16
4595,45,10,15,5,24,16
4596,38,8,20,10,19,16
4597,40,7,9,8,19,16
4598,47,11,18,7,30,16
4599,32,5,12,7,27,16
4600,46,9,16,5,24,16
4601,37,10,8,6,18,16
4602,34,5,26,4,36,16
4603,41,12,17,7,24,16
4604,40,10,19,10,25,16
4605,40,5,20,6,25,16
4606,34,8,16,8,20,16
4607,38,18,23,3,21,16
4608,46,11,22,4,14,16
4609,37,8,23,5,21,16
4610,56,8,19,7,27,16
4611,39,5,20,6,17,16
4612,39,6,15,5,27,16
4613,45,5,19,13,27,16
4614,51,11,17,4,26,16
4615,39,6,14,9,15,16
4616,29,13,15,7,30,16
4617,40,11,19,5,24,16
4618,36,4,20,7,27,16
4619,42,9,17,4,24,16
4620,34,12,21,6,20,16
4621,38,8,20,8,21,16
4622,39,5,21,5,29,16
4623,40,5,16,5,21,16
4624,33,3,16,4,30,16
4625,42,11,21,9,24,16
4626,45,5,14,7,27,16
4627,34,11,24,6,36,16
4628,43,8,24,7,23,16
4629,35,7,17,6,27,16
4630,35,14,22,4,22,16
4631,37,2,17,5,29,16
4632,45,7,15,6,24,16
4633,39,8,16,6,24,16
4634,46,11,19,2,21,16
4635,46,9,23,11,28,16
4636,53,5,20,5,19,16
4637,44,7,11,4,31,16
4638,42,11,19,2,29,16
4639,27,8,25,2,30,16
4640,41,5,14,4,22,16
4641,37,7,14,5,32,16
4642,54,5,10,5,22,16
4643,41,7,20,3,32,16
4644,41,7,10,1,22,16
4645,34,4,25,6,26,16
4646,43,6,22,9,19,16
4647,41,10,16,7,19,16
4648,45,9,10,5,34,16
4649,39,11,20,6,30,16
4650,39,7,16,12,25,16
4651,44,9,10,8,28,16
4652,34,3,29,3,30,16
4653,38,7,22,3,17,16
4654,43,9,29,8,27,16
4655,38,4,21,6,35,16
4656,21,7,19,9,18,16
4657,28,8,18,6,24,16
4658,36,7,17,8,27,16
4659,44,7,23,6,27,16
4660,46,11,16,8,28,16
4661,57,12,17,5,24,16
4662,29,10,29,2,21,16
4663,43,10,24,7,19,16
4664,52,4,13,5,27,16
4665,37,7,19,6,27,16
4666,34,10,20,8,27,16
4667,33,12,19,7,21,16
4668,35,13,20,2,21,16
4669,43,9,19,6,24,16
4670,29,10,9,5,32,16
4671,44,16,15,7,23,16
4672,38,7,14,1,30,16
4673,46,15,15,7,16,16
4674,47,10,15,9,18,16
4675,47,7,18,10,26,16
4676,42,8,23,7,26,16
4677,26,14,16,7,27,16
4678,44,7,17,8,24,16
4679,41,5,26,8,23,16
4680,54,9,17,4,33,16
4681,31,5,25,5,22,16
4682,41,3,17,8,26,16
4683,30,6,13,6,23,16
4684,38,11,19,2,22,16
4685,48,5,11,6,23,16
4686,42,5,18,1,17,16
4687,30,6,15,8,32,16
4688,30,5,20,4,38,16
4689,43,8,19,7,20,16
4690,42,10,14,8,39,16
4691,37,5,27,2,20,16
4692,34,3,26,3,21,16
4693,40,7,11,3,36,16
4694,36,7,17,11,24,16
4695,50,9,26,5,15,16
4696,42,8,17,3,26,16
4697,44,5,17,6,21,16
4698,44,7,20,7,20,16
4699,35,6,16,5,20,16
4700,50,7,20,5,26,16
4701,48,6,19,5,33,16
4702,42,11,13,5,24,16
4703,54,7,14,6,27,16
4704,38,5,19,6,18,16
4705,41,7,26,5,20,16
4706,34,8,11,4,35,16
4707,55,9,17,3,31,16
4708,27,4,23,7,26,16
4709,42,6,21,3,26,16
4710,42,11,12,5,18,16
4711,46,5,17,5,27,16
4712,41,10,20,3,20,16
4713,33,6,21,6,16,16
4714,36,6,19,10,26,16
4715,36,7,18,2,25,16
4716,30,7,13,2,24,16
4717,39,4,14,4,26,16
4718,48,6,21,3,20,16
4719,35,10,16,6,30,16
4720,52,6,19,4,28,16
4721,47,6,16,4,31,16
4722,27,3,19,8,26,16
4723,37,8,13,3,25,16
4724,40,6,21,5,16,16
4725,36,7,25,10,24,16
4726,44,9,15,4,20,16
4727,45,10,23,5,26,16
4728,48,6,27,7,23,16
4729,37,3,16,5,20,16
4730,30,9,17,4,22,16
4731,37,6,18,6,28,16
4732,39,11,29,5,21,16
4733,34,8,17,6,23,16
4734,44,13,22,11,29,16
4735,39,5,25,4,14,16
4736,38,10,20,9,23,16
4737,44,7,10,6,40,16
4738,33,11,19,2,37,16
4739,40,6,23,2,22,16
4740,42,9,21,5,26,16
4741,51,11,17,7,25,16
4742,46,10,29,2,19,16
4743,31,3,11,4,32,16
4744,43,4,20,6,27,16
4745,40,8,14,2,26,16
4746,41,7,15,7,25,16
4747,26,10,21,5,21,16
4748,38,9,20,2,29,16
4749,37,9,20,1,32,16
4750,37,13,16,6,24,16
4751,46,8,25,6,24,16
4752,52,8,14,6,23,16
4753,49,9,13,5,28,16
4754,40,6,18,2,21,16
4755,40,6,24,9,31,16
4756,38,9,25,11,32,16
4757,44,9,21,13,28,16
4758,42,11,25,4,9,16
4759,44,7,18,10,22,16
4760,43,6,12,5,25,16
4761,42,13,16,5,30,16
4762,52,6,16,8,26,16
4763,39,7,17,8,23,16
4764,40,6,14,5,25,16
4765,31,4,20,6,28,16
4766,39,4,16,12,32,16
4767,43,9,26,13,26,16
4768,49,10,12,8,25,16
4769,27,12,19,5,21,16
4770,44,9,20,8,27,16
4771,41,4,19,6,31,16
4772,44,7,16,3,19,16
4773,39,9,18,7,24,16
4774,41,8,18,5,18,16
4775,48,8,19,11,19,16
4776,20,8,19,4,29,16
4777,46,8,21,5,26,16
4778,29,4,13,8,23,16
4779,33,9,20,8,27,16
4780,43,13,16,6,30,16
4781,31,10,15,6,26,16
4782,41,7,14,7,22,16
4783,37,11,18,6,22,16
4784,37,3,20,8,23,16
4785,35,3,18,7,18,16
4786,42,7,16,3,23,16
4787,48,9,22,4,23,16
4788,36,8,24,6,28,16
4789,45,6,16,3,24,16
4790,32,6,17,10,26,16
4791,46,5,20,5,24,16
4792,39,8,11,7,36,16
4793,34,8,23,12,29,16
4794,41,9,9,5,26,16
4795,38,7,20,6,29,16
4796,35,13,19,5,24,16
4797,35,1,12,9,32,16
4798,39,7,27,10,31,16
4799,39,11,11,4,29,16
4800,28,8,13,9,26,16
4801,33,8,26,6,25,16
4802,36,5,11,8,27,16
4803,38,11,26,6,21,16
4804,37,4,13,3,22,16
4805,40,7,19,9,33,16
4806,40,12,13,6,33,16
4807,34,5,17,3,33,16
4808,47,8,19,5,32,16
4809,37,9,13,9,25,16
4810,55,5,15,3,23,16
4811,39,12,15,6,20,16
4812,34,7,10,6,13,16
4813,40,16,21,4,24,16
4814,46,11,24,7,17,16
4815,46,9,16,8,34,16
4816,40,14,26,5,15,16
4817,49,11,22,10,21,16
4818,37,7,12,9,24,16
4819,43,3,11,7,22,16
4820,41,10,18,8,35,16
4821,44,2,15,12,32,16
4822,38,5,22,6,21,16
4823,44,7,23,4,27,16
4824,48,4,13,7,27,16
4825,39,10,21,12,20,16
4826,45,12,22,6,29,16
4827,39,7,21,7,26,16
4828,43,4,18,6,34,16
4829,59,11,21,4,23,16
4830,41,11,19,8,33,16
4831,46,10,17,7,28,16
4832,38,14,20,11,34,16
4833,36,12,19,6,23,16
4834,27,7,22,4,29,16
4835,53,6,20,9,29,16
4836,48,7,25,7,28,16
4837,39,5,26,4,23,16
4838,43,10,25,5,34,16
4839,26,11,22,3,26,16
4840,32,5,21,5,31,16
4841,47,9,23,3,22,16
4842,34,10,20,5,30,16
4843,32,9,17,6,19,16
4844,50,12,23,6,36,16
4845,40,12,16,7,21,16
4846,33,9,20,1,12,16
4847,50,7,16,7,19,16
4848,38,7,15,8,18,16
4849,45,3,17,4,23,16
4850,42,9,19,6,19,16
4851,36,11,13,6,23,16
4852,51,11,19,8,26,16
4853,38,6,19,3,25,16
4854,41,7,19,8,19,16
4855,35,7,18,4,24,16
4856,39,7,21,3,27,16
4857,40,9,25,3,25,16
4858,49,11,17,5,20,16
4859,49,6,14,9,23,16
4860,37,12,27,7,27,16
4861,40,10,20,6,14,16
4862,36,8,15,1,15,16
4863,34,10,22,6,19,16
4864,43,7,16,3,18,16
4865,38,7,22,8,32,16
4866,41,10,12,8,25,16
4867,34,8,22,5,37,16
4868,41,10,9,5,33,16
4869,37,13,16,4,37,16
4870,37,11,16,7,22,16
4871,42,8,17,6,20,16
4872,40,18,15,4,26,16
4873,41,7,21,4,26,16
4874,37,7,21,6,26,16
4875,32,11,18,8,31,16
4876,43,4,26,2,20,16
4877,41,9,19,8,23,16
4878,48,9,19,5,17,16
4879,34,7,19,7,31,16
4880,35,10,19,7,30,16
4881,41,10,14,8,30,16
4882,38,5,23,5,26,16
4883,41,5,22,8,24,16
4884,39,12,14,7,26,16
4885,26,12,13,7,28,16
4886,47,5,24,3,24,16
4887,42,5,22,8,24,16
4888,47,8,20,5,19,16
4889,45,9,13,5,19,16
4890,43,10,15,11,25,16
4891,41,7,18,7,28,16
4892,30,7,15,9,34,16
4893,36,8,16,9,28,16
4894,34,12,20,9,28,16
4895,48,4,16,7,21,16
4896,37,8,16,2,25,16
4897,49,5,18,7,16,16
4898,31,6,24,7,30,16
4899,38,10,18,4,31,16
4900,42,11,14,4,22,16
4901,36,7,22,3,27,16
4902,54,13,17,12,21,16
4903,42,7,14,8,21,16
4904,46,6,16,10,15,16
4905,31,5,16,4,37,16
4906,39,9,27,4,33,16
4907,41,15,15,7,17,16
4908,34,9,30,2,37,16
4909,35,11,23,8,22,16
4910,34,8,21,4,16,16
4911,35,11,32,5,33,16
4912,46,8,23,8,23,16
4913,55,8,17,8,31,16
4914,46,11,20,7,24,16
4915,35,10,16,11,25,16
4916,40,8,18,6,32,16
4917,36,7,15,8,19,16
4918,39,13,13,6,30,16
4919,46,9,21,2,23,16
4920,42,2,16,8,19,16
4921,44,8,17,5,28,16
4922,42,7,17,5,30,16
4923,50,9,19,5,20,16
4924,39,8,15,5,26,16
4925,37,10,22,5,36,16
4926,47,7,23,5,14,16
4927,42,6,14,3,24,16
4928,37,6,11,6,18,16
4929,46,9,15,4,25,16
4930,39,7,22,5,26,16
4931,35,9,20,6,16,16
4932,39,12,14,5,28,16
4933,48,5,17,4,27,16
4934,44,8,16,9,27,16
4935,36,11,20,6,29,16
4936,46,9,16,6,23,16
4937,53,9,15,11,24,16
4938,48,7,12,7,15,16
4939,43,4,20,8,28,16
4940,35,4,9,5,23,16
4941,33,8,20,9,31,16
4942,42,7,20,9,22,16
4943,31,12,21,6,25,16
4944,41,12,24,5,33,16
4945,35,10,21,4,26,16
4946,34,8,17,5,28,16
4947,51,5,20,7,22,16
4948,40,7,13,6,27,16
4949,38,9,22,6,27,16
4950,46,5,30,6,38,16
4951,37,6,25,6,16,16
4952,40,8,23,5,17,16
4953,34,8,9,3,27,16
4954,44,16,19,4,27,16
4955,41,9,14,6,31,16
4956,39,7,15,6,14,16
4957,38,9,14,4,26,16
4958,36,9,21,5,20,16
4959,23,11,25,8,26,16
4960,36,8,21,9,24,16
4961,40,7,14,6,34,16
4962,43,5,18,7,23,16
4963,42,8,19,6,27,16
4964,38,6,19,11,27,16
4965,50,7,19,4,29,16
4966,46,6,21,8,29,16
4967,43,8,11,4,18,16
4968,41,10,18,9,26,16
4969,40,6,13,8,23,16
4970,38,5,19,4,15,16
4971,39,12,20,6,41,16
4972,37,11,18,5,22,16
4973,30,6,26,4,24,16
4974,31,12,17,11,19,16
4975,40,11,17,7,21,16
4976,54,7,15,3,23,16
4977,39,7,14,5,21,16
4978,50,13,15,4,19,16
4979,38,10,14,4,24,16
4980,36,10,17,3,39,16
4981,43,10,13,6,30,16
4982,41,8,25,4,33,16
4983,37,6,16,5,28,16
4984,39,10,17,3,23,16
4985,34,11,15,4,33,16
4986,39,7,15,7,30,16
4987,38,8,23,1,18,16
4988,49,9,16,10,28,16
4989,31,9,24,5,18,16
4990,42,6,14,6,21,16
4991,38,17,19,7,23,16
4992,36,6,19,4,25,16
4993,40,9,27,5,23,16
4994,44,8,17,9,18,16
4995,36,12,10,5,28,16
4996,45,7,13,5,18,16
4997,44,12,20,7,29,16
4998,29,4,23,2,19,16
4999,37,4,22,7,31,16
5000,39,9,21,4,26,16
