StudentID,Age,Gender,SocioeconomicStatus,ParentalEducation,LanguageBackground,PriorGPA
1,24,Male,Medium,Masters_Plus,ESL,3.4851738963214736
2,21,Female,High,Secondary,Native,2.708853941643596
3,30,Male,Medium,Bachelors,Native,2.353983998021133
4,28,Female,Medium,Secondary,ESL,2.5500522095583533
5,25,Male,Medium,Bachelors,Bilingual,3.6585270715138574
6,30,Female,Medium,Secondary,ESL,2.758275864707193
7,22,Female,Low,Masters_Plus,Native,4.0
8,24,Female,Medium,Bachelors,Native,2.3994594996783807
9,27,Female,High,Secondary,Native,2.496317046368791
10,20,Female,Medium,Below_Secondary,Bilingual,1.9567980885026213
11,24,Female,Medium,Secondary,Bilingual,3.443433275396428
12,28,Male,Medium,Bachelors,Native,2.8565410470363912
13,28,Female,Low,Secondary,Native,2.259867685690505
14,25,Male,Medium,Secondary,Native,2.5848240009744066
15,22,Female,Medium,Bachelors,Bilingual,3.0912748839452315
16,21,Male,High,Secondary,Native,2.303908969328619
17,25,Male,Low,Secondary,Native,3.005360231945712
18,25,Female,Medium,Secondary,Native,3.339682757301414
19,20,Male,Medium,Bachelors,Native,2.5398713878405803
20,23,Male,High,Masters_Plus,ESL,1.6830742773698557
21,22,Female,Low,Secondary,Bilingual,2.637738211764889
22,19,Female,Low,Bachelors,Bilingual,2.49769140246533
23,25,Female,Low,Below_Secondary,Bilingual,2.0527717043888813
24,29,Male,High,Secondary,Native,3.152061143656639
25,23,Female,Low,Bachelors,Bilingual,3.1753974420016204
26,19,Male,Low,Secondary,ESL,2.9309235838166736
27,29,Female,Low,Bachelors,Bilingual,2.5399088303360657
28,22,Female,Medium,Masters_Plus,Native,2.8810728915015504
29,18,Female,Low,Masters_Plus,Bilingual,2.409945578731926
30,29,Male,Medium,Below_Secondary,ESL,3.210851604751523
31,27,Male,Medium,Secondary,Native,2.5374482846828035
32,23,Male,Medium,Masters_Plus,Native,2.6487414739667146
33,30,Male,Medium,Secondary,ESL,2.6987179266211285
34,29,Male,Medium,Bachelors,ESL,4.0
35,26,Female,High,Secondary,Native,2.1882016750289486
36,18,Male,High,Secondary,Native,2.5177374918456383
37,28,Female,Medium,Secondary,Native,1.8387044451644452
38,28,Male,Medium,Masters_Plus,Native,2.95251314739244
39,27,Female,Medium,Masters_Plus,ESL,3.838690348518684
40,29,Female,High,Secondary,Native,2.662557614059898
41,29,Male,Medium,Bachelors,Native,2.414659903574762
42,20,Male,Medium,Secondary,ESL,2.763524115718825
43,29,Female,Medium,Below_Secondary,Native,3.420830046414913
44,24,Male,High,Bachelors,Bilingual,3.62887382276436
45,21,Female,Low,Bachelors,Native,2.1717440995017707
46,26,Female,Low,Secondary,Bilingual,3.194903422912486
47,20,Female,Medium,Secondary,ESL,2.739025468147422
48,22,Male,Low,Masters_Plus,Native,3.665507648656371
49,20,Female,Medium,Masters_Plus,Bilingual,4.0
50,24,Female,Low,Bachelors,ESL,3.892350344106047
51,22,Female,Medium,Below_Secondary,ESL,2.2082519676572643
52,26,Male,High,Bachelors,Native,2.2951016782961604
53,24,Female,Medium,Secondary,Native,3.8166585561407342
54,19,Female,Medium,Masters_Plus,Native,2.7376237841865247
55,21,Female,Low,Below_Secondary,Native,2.3383423860201695
56,26,Male,Low,Secondary,Native,1.9823909468463499
57,29,Female,High,Secondary,Native,2.8838183977702037
58,19,Male,Medium,Bachelors,Bilingual,2.5527986041696464
59,27,Female,Medium,Bachelors,Native,3.0341984223000793
60,26,Female,High,Secondary,ESL,2.914110055332968
61,27,Female,High,Bachelors,Bilingual,2.0706355859359107
62,22,Female,High,Bachelors,Native,2.3094980200634696
63,19,Male,Medium,Below_Secondary,Native,3.366779061468889
64,21,Non-binary,Low,Bachelors,Bilingual,3.4196351344014873
65,29,Male,Medium,Masters_Plus,Native,2.5771396248220513
66,29,Female,Medium,Below_Secondary,Native,2.905629812351367
67,24,Female,Low,Below_Secondary,ESL,2.17555478536309
68,29,Female,Medium,Secondary,Native,2.767791001748069
69,30,Male,Low,Below_Secondary,ESL,3.4632008137185553
70,25,Female,Medium,Secondary,ESL,3.800983398195001
71,20,Female,Medium,Bachelors,Native,2.724628023594319
72,18,Male,Medium,Bachelors,Bilingual,2.6114816332258854
73,21,Female,Medium,Secondary,Native,1.938131358538438
74,19,Male,High,Bachelors,ESL,2.440917212327314
75,25,Male,Medium,Bachelors,Bilingual,2.758908830754874
76,21,Male,Medium,Masters_Plus,Native,2.695370428922436
77,19,Male,High,Below_Secondary,Native,2.4595046051349305
78,23,Female,Medium,Bachelors,Native,3.5122509272671683
79,23,Male,High,Masters_Plus,Native,3.048407427870752
80,27,Male,Low,Bachelors,ESL,2.700676959548395
81,21,Male,Medium,Secondary,Native,3.2102006704835
82,23,Female,Low,Secondary,Native,2.7843968452012735
83,30,Female,Medium,Masters_Plus,Native,3.731427139485099
84,19,Male,High,Secondary,Native,2.323057462901242
85,27,Male,Low,Masters_Plus,Bilingual,2.9969299231327
86,29,Female,Medium,Bachelors,Native,1.524651460085043
87,19,Male,Medium,Secondary,Bilingual,2.5649723505298403
88,27,Female,Medium,Bachelors,Bilingual,2.8911391043709225
89,21,Male,Medium,Below_Secondary,Native,2.607353004750906
90,25,Female,Medium,Secondary,Native,2.136867036617898
91,24,Male,Low,Bachelors,Native,2.3834414812667895
92,29,Female,Medium,Bachelors,Native,2.1961264672585896
93,26,Male,Medium,Secondary,Native,2.7283715788682565
94,25,Non-binary,Medium,Bachelors,ESL,3.271059418810579
95,22,Male,Medium,Secondary,ESL,2.5919446076452806
96,30,Female,High,Secondary,Native,3.885355502450857
97,19,Male,Medium,Secondary,Native,2.9371936577662408
98,22,Male,Medium,Secondary,Native,1.5708588530897043
99,25,Female,Low,Masters_Plus,Bilingual,2.9998989435687076
100,27,Male,Medium,Bachelors,Native,2.769762295873025
101,26,Female,Medium,Bachelors,Native,3.6264363950192506
102,29,Female,Low,Bachelors,Native,2.7898164946513107
103,29,Female,Medium,Secondary,Bilingual,2.648105694789942
104,29,Male,Medium,Secondary,Native,4.0
105,30,Female,Medium,Bachelors,Native,1.5365772021477995
106,26,Male,Low,Masters_Plus,Native,2.5934386696012366
107,30,Female,Medium,Bachelors,Native,2.9594231746185553
108,30,Female,Low,Secondary,ESL,2.5603688043840713
109,18,Female,High,Secondary,Native,1.539517047514558
110,26,Female,Low,Below_Secondary,Native,3.042452226896594
111,24,Female,Medium,Below_Secondary,ESL,2.5252055159709434
112,26,Male,Medium,Secondary,Native,2.7182557634277518
113,25,Female,High,Bachelors,Native,3.555314266774406
114,18,Male,Low,Secondary,ESL,2.982677514617425
115,29,Female,Medium,Bachelors,Bilingual,2.4279794398166823
116,25,Female,Medium,Bachelors,Native,3.0361539351885822
117,25,Female,Medium,Secondary,Bilingual,2.545322622234716
118,28,Male,Medium,Bachelors,Bilingual,2.61786215447997
119,20,Female,Medium,Secondary,Native,3.2543960092634228
120,18,Male,High,Bachelors,Bilingual,2.4149637904344234
121,25,Male,Low,Bachelors,Native,3.1369400409239345
122,20,Male,Low,Bachelors,ESL,2.6619381918307963
123,20,Male,High,Masters_Plus,ESL,2.495233283247136
124,18,Male,Low,Below_Secondary,Native,2.4973186482091103
125,28,Female,High,Bachelors,Native,2.431608286731644
126,22,Male,Medium,Bachelors,Native,2.853558363954499
127,27,Male,Medium,Bachelors,Native,2.635156018816139
128,24,Female,Low,Bachelors,Native,3.621706085444969
129,27,Male,Low,Bachelors,Bilingual,2.267723066323156
130,26,Female,Medium,Bachelors,Native,3.125870258749474
131,29,Female,High,Secondary,Native,3.4859670412222465
132,24,Female,High,Secondary,Bilingual,3.838075597411664
133,26,Female,Low,Bachelors,Bilingual,2.312935499664631
134,25,Female,Low,Bachelors,Bilingual,3.4146313643847868
135,29,Female,Low,Masters_Plus,Native,2.9235404240802074
136,19,Male,High,Secondary,Bilingual,3.43134484656635
137,18,Female,Medium,Secondary,ESL,2.413198610252721
138,24,Male,Low,Bachelors,Native,2.7302441655240512
139,24,Female,Low,Masters_Plus,Native,2.5817912367532645
140,25,Male,Medium,Masters_Plus,ESL,2.529513826053293
141,22,Female,High,Secondary,Native,2.8246831232573784
142,20,Male,Medium,Below_Secondary,Native,4.0
143,29,Female,Low,Secondary,Native,3.2013283361811893
144,25,Male,Medium,Secondary,Native,2.589326355175863
145,23,Female,Medium,Masters_Plus,Native,2.62482529606484
146,28,Female,Low,Secondary,Native,3.1375311320982773
147,20,Male,Low,Secondary,Native,2.6883047774407776
148,18,Female,Medium,Secondary,Native,2.6904249099968034
149,20,Female,Low,Secondary,Bilingual,2.1344907613577373
150,22,Female,Low,Bachelors,ESL,2.771763283557297
151,20,Male,Medium,Below_Secondary,Native,1.2849959252957752
152,18,Male,Medium,Secondary,Native,1.7389547243195806
153,22,Male,Medium,Masters_Plus,Native,2.589814956185985
154,27,Male,Medium,Secondary,Native,3.1961646608041314
155,24,Female,Medium,Bachelors,ESL,3.76681587599236
156,24,Male,Medium,Secondary,Native,3.0408205035533435
157,28,Female,Low,Bachelors,Native,3.120539708529369
158,26,Male,High,Below_Secondary,Native,2.867709045660998
159,27,Female,Low,Secondary,Bilingual,3.303047863045801
160,27,Female,Medium,Bachelors,Native,2.928030132616584
161,29,Female,Medium,Secondary,Native,3.023567608645667
162,30,Male,Medium,Bachelors,Bilingual,1.8618184029071179
163,20,Male,High,Secondary,Native,2.957776839880516
164,24,Male,Medium,Bachelors,Native,2.813959838154194
165,18,Male,High,Masters_Plus,Native,2.550315545194022
166,21,Male,High,Below_Secondary,Native,2.5944879573196227
167,30,Male,High,Secondary,Native,1.9996894489316697
168,21,Male,High,Bachelors,Bilingual,3.123452047528108
169,22,Female,High,Bachelors,Bilingual,2.9409941201064145
170,24,Male,Medium,Below_Secondary,Native,2.841524949453419
171,24,Female,Medium,Secondary,Native,2.9380006325926757
172,30,Male,Low,Secondary,Native,2.0522712356873236
173,28,Female,Medium,Secondary,Native,3.8579937212488344
174,30,Female,High,Masters_Plus,Native,3.3658538409619605
175,21,Female,Medium,Bachelors,Native,3.1723690094365153
176,30,Female,High,Bachelors,Native,3.690710502281148
177,24,Male,High,Secondary,Native,2.926670342632525
178,28,Female,Low,Below_Secondary,Native,2.6305082574558876
179,20,Male,Low,Masters_Plus,Native,2.964293758159904
180,23,Male,Medium,Below_Secondary,Native,3.7161604253534795
181,29,Female,Low,Secondary,Native,2.2633094562732547
182,19,Female,Medium,Secondary,Bilingual,3.7089953444591153
183,27,Male,High,Bachelors,Native,1.9886691895484963
184,30,Female,Medium,Secondary,Native,3.119848444225239
185,26,Female,Medium,Secondary,Native,3.4061271262470143
186,22,Male,Low,Masters_Plus,Native,3.1866607016173103
187,23,Male,Medium,Bachelors,Bilingual,3.428532267000946
188,29,Male,Medium,Below_Secondary,ESL,2.7234947091320825
189,29,Male,Medium,Bachelors,Native,2.0361212891063745
190,29,Male,Low,Secondary,Bilingual,3.4301528126301446
191,29,Male,Medium,Secondary,Native,3.909169118752109
192,21,Male,Medium,Bachelors,Native,2.7012140304731505
193,28,Female,High,Secondary,Native,3.2091635281869353
194,27,Female,Low,Secondary,ESL,2.3041657309999577
195,24,Non-binary,Low,Bachelors,Native,2.2589073609235113
196,29,Male,Low,Masters_Plus,ESL,2.864409703108659
197,26,Female,Medium,Bachelors,Native,2.3634048667120338
198,24,Female,Medium,Below_Secondary,Native,2.857732119068924
199,18,Female,Medium,Secondary,Bilingual,4.0
200,18,Male,Medium,Secondary,ESL,2.376470776251051
201,26,Female,Medium,Secondary,Bilingual,3.004933188658731
202,28,Male,Medium,Secondary,Bilingual,1.7449444344113165
203,26,Male,Medium,Bachelors,Native,3.1139797419061215
204,21,Female,Low,Below_Secondary,Native,2.3767543199075583
205,30,Female,Medium,Secondary,Native,2.9755833317377935
206,26,Male,Medium,Bachelors,Native,2.959535225777976
207,20,Female,High,Secondary,ESL,2.8834667923120585
208,24,Female,Medium,Masters_Plus,Bilingual,2.231533601856267
209,23,Female,Low,Secondary,Bilingual,2.6296957655912863
210,25,Female,Low,Masters_Plus,Native,2.9414306871475087
211,28,Male,High,Masters_Plus,Bilingual,2.65441746072859
212,26,Non-binary,Low,Bachelors,ESL,3.6419845509627926
213,22,Female,Low,Below_Secondary,Native,2.8246097820460867
214,18,Male,Low,Masters_Plus,Native,2.2042777800550697
215,20,Female,Medium,Below_Secondary,Bilingual,3.058859451828939
216,27,Female,Low,Below_Secondary,Native,1.3318082101865423
217,29,Female,Medium,Secondary,ESL,3.9769292339464046
218,25,Female,Medium,Secondary,Native,1.7675297454135226
219,28,Female,High,Secondary,Native,3.3378765521021454
220,23,Female,Low,Secondary,Native,3.244472795963158
221,25,Female,Medium,Secondary,Native,2.1216762080913223
222,26,Female,Medium,Bachelors,Native,3.1356752012602347
223,21,Male,Medium,Secondary,Native,2.3863109639059323
224,18,Female,Medium,Bachelors,ESL,2.7007428605474235
225,18,Male,High,Masters_Plus,ESL,3.082238965307025
226,27,Female,Low,Secondary,Native,2.771000608037097
227,21,Female,High,Bachelors,Native,2.199968454882513
228,29,Female,Medium,Masters_Plus,Native,3.0462246001286744
229,24,Female,Low,Below_Secondary,Bilingual,2.675132634114771
230,19,Female,High,Secondary,Native,2.733634935539718
231,20,Male,Medium,Masters_Plus,Native,2.7690980077320004
232,18,Female,Low,Masters_Plus,Native,1.992814958747871
233,22,Male,Low,Bachelors,Bilingual,2.125434551837248
234,18,Male,Low,Below_Secondary,Native,2.446482421968085
235,25,Male,Medium,Masters_Plus,Bilingual,3.046198051927356
236,18,Female,Low,Secondary,ESL,2.2425183607703056
237,28,Female,Low,Secondary,Native,3.513556153706745
238,18,Female,Low,Secondary,Native,2.9209995061427927
239,19,Male,Medium,Secondary,Native,3.0186270047760044
240,19,Female,High,Bachelors,Native,2.600998947257557
241,29,Male,Medium,Bachelors,Native,1.842369062562482
242,23,Male,Low,Bachelors,Native,3.119151204456431
243,24,Female,High,Below_Secondary,Bilingual,2.3666780313271447
244,22,Male,Medium,Bachelors,Native,1.9048645488028517
245,18,Male,High,Bachelors,Native,2.2991428723948495
246,18,Male,Medium,Secondary,Native,2.752165722264411
247,20,Male,Medium,Masters_Plus,Native,1.373044227469
248,19,Male,Medium,Bachelors,Native,2.598327641198625
249,22,Male,Low,Bachelors,Native,3.4049943418304296
250,29,Female,Medium,Below_Secondary,Native,2.8191843919631885
251,27,Female,High,Bachelors,ESL,3.5196247510482443
252,23,Female,High,Masters_Plus,Native,2.558107682561242
253,24,Non-binary,High,Secondary,Bilingual,3.491890525868806
254,21,Male,Medium,Bachelors,Native,1.9950154140745946
255,24,Female,Low,Secondary,Native,3.1599252523600168
256,28,Non-binary,Low,Bachelors,Native,2.735036968784593
257,25,Male,Medium,Bachelors,Bilingual,3.6129210265631384
258,28,Female,Medium,Bachelors,Native,2.5525637267959995
259,18,Male,Low,Masters_Plus,Native,2.1684479957917278
260,23,Male,Low,Secondary,Native,3.104009708708844
261,25,Male,Medium,Secondary,Native,3.7883117137237923
262,22,Female,Medium,Bachelors,Native,2.9417079831147652
263,21,Female,High,Secondary,ESL,2.7747395924779026
264,19,Female,Medium,Secondary,Native,2.071024759653808
265,23,Male,Medium,Below_Secondary,Bilingual,3.3681428170529184
266,23,Male,Medium,Below_Secondary,Native,2.769035930550817
267,28,Male,High,Bachelors,Native,3.220486011455759
268,18,Male,Medium,Bachelors,Native,2.918336038512519
269,26,Female,High,Below_Secondary,Native,4.0
270,29,Male,High,Secondary,Native,2.4655506094257675
271,28,Female,High,Below_Secondary,Bilingual,2.487501544415439
272,23,Female,Medium,Secondary,Native,3.4080524328030286
273,30,Male,Low,Below_Secondary,Bilingual,3.422771338975706
274,20,Female,Low,Secondary,Bilingual,3.44176509622097
275,21,Male,Low,Bachelors,Native,2.792396832391162
276,29,Male,Low,Bachelors,Bilingual,2.9245943304858266
277,28,Male,Low,Secondary,Native,1.9915873974395057
278,21,Female,Medium,Bachelors,Native,2.7034787456009215
279,20,Male,Medium,Masters_Plus,Native,2.9660778636070155
280,27,Female,Medium,Secondary,Native,2.9664019101219807
281,20,Female,Low,Secondary,Bilingual,2.3453560505532653
282,20,Male,Medium,Bachelors,ESL,2.140393352328202
283,21,Female,Medium,Secondary,Native,3.426515051462387
284,24,Female,Medium,Bachelors,Native,3.332410920262702
285,21,Male,High,Bachelors,Native,2.6606379587567437
286,26,Male,Low,Secondary,Bilingual,3.419480969880063
287,18,Female,Low,Bachelors,Native,3.3636869918083505
288,25,Male,Medium,Bachelors,Native,1.7929661835483424
289,24,Female,Low,Below_Secondary,Bilingual,2.7376522395860605
290,19,Male,Medium,Secondary,Native,3.603191575070645
291,25,Male,Medium,Masters_Plus,ESL,1.8458488574533134
292,18,Male,Medium,Masters_Plus,Native,1.9295743271104147
293,28,Male,Low,Bachelors,ESL,3.175969479539127
294,29,Female,Medium,Masters_Plus,Native,3.5754067068185744
295,26,Male,Medium,Secondary,Native,2.6320536889602715
296,26,Female,Medium,Secondary,Bilingual,2.5183611044825174
297,19,Female,Low,Secondary,Bilingual,1.7805332043701052
298,24,Female,Low,Below_Secondary,Bilingual,2.621024320923778
299,27,Female,Low,Bachelors,Native,1.9168225473714067
300,20,Male,Low,Masters_Plus,ESL,2.5872127461833374
301,24,Male,High,Bachelors,Native,3.5864660274958524
302,29,Female,Low,Bachelors,Native,2.0233321423546258
303,27,Male,Medium,Secondary,Native,2.648627593086291
304,26,Female,High,Secondary,Bilingual,3.3165955736170196
305,21,Male,Low,Secondary,Bilingual,2.3342597203102255
306,29,Female,Medium,Bachelors,Native,3.0447363122736433
307,18,Female,High,Secondary,Native,3.286116763674608
308,19,Female,High,Masters_Plus,Native,2.847052654663095
309,18,Female,Medium,Masters_Plus,Native,2.859371659686416
310,29,Female,Medium,Below_Secondary,Native,2.141229039805977
311,22,Female,High,Below_Secondary,Bilingual,2.560442545925884
312,22,Female,Medium,Bachelors,Native,2.897314939876526
313,28,Male,High,Secondary,ESL,1.659059130790581
314,24,Male,Medium,Bachelors,Native,1.452158014140935
315,26,Male,Medium,Bachelors,Native,2.708083311103632
316,26,Female,High,Secondary,Native,3.0272888885385125
317,20,Male,High,Secondary,Bilingual,2.8528660967881407
318,20,Female,Medium,Secondary,Native,1.8272977976179017
319,20,Female,Low,Masters_Plus,ESL,3.4621270405147437
320,21,Female,Medium,Below_Secondary,Native,2.862124846786872
321,25,Female,Medium,Masters_Plus,Native,3.382416408984493
322,23,Male,Medium,Bachelors,Native,2.4168092109480153
323,25,Female,High,Bachelors,Bilingual,2.959004363256774
324,18,Female,High,Below_Secondary,Bilingual,3.1122328015727647
325,25,Male,Medium,Bachelors,Native,3.4027133048745686
326,21,Male,Low,Bachelors,Native,3.3519859854504688
327,28,Female,Medium,Bachelors,Native,2.3199755917119473
328,18,Female,Medium,Bachelors,Native,2.7305322331413127
329,25,Male,Medium,Bachelors,Native,2.4860736726104125
330,21,Female,Medium,Masters_Plus,Native,2.885776990004177
331,23,Female,Medium,Secondary,Native,1.9374611699427178
332,25,Male,Medium,Bachelors,ESL,1.8460581979466972
333,21,Non-binary,Medium,Secondary,Native,4.0
334,20,Female,Medium,Bachelors,Bilingual,3.961207218788156
335,26,Female,Low,Masters_Plus,Native,3.49954757304778
336,20,Female,Medium,Secondary,Native,3.090532695411419
337,26,Male,Medium,Bachelors,Native,3.2652793725997604
338,30,Male,Medium,Bachelors,Native,3.2669109253262967
339,19,Male,Low,Below_Secondary,Bilingual,3.7928127599307704
340,19,Male,High,Secondary,Native,2.504492865660861
341,19,Male,Medium,Secondary,Native,2.345425050268132
342,23,Female,Medium,Masters_Plus,Native,2.7908840366946075
343,20,Female,Medium,Masters_Plus,Bilingual,3.157314163477264
344,30,Female,Medium,Bachelors,Native,2.647094647163005
345,26,Female,Medium,Bachelors,Native,2.4684166126193983
346,21,Female,High,Bachelors,Native,3.6623415604951632
347,18,Male,Medium,Secondary,ESL,2.2977498584238765
348,21,Male,High,Secondary,Native,3.6811938482565956
349,18,Female,Medium,Bachelors,Bilingual,3.3779021307161248
350,22,Female,Low,Masters_Plus,Native,3.9471711414246733
351,21,Male,Low,Bachelors,Native,4.0
352,25,Female,Medium,Bachelors,Native,3.022139901007974
353,25,Male,Medium,Bachelors,Native,4.0
354,24,Female,Medium,Secondary,Bilingual,3.1031408287036517
355,20,Female,High,Bachelors,Native,3.0376991146169083
356,18,Female,Medium,Secondary,Native,2.9162807051275257
357,18,Non-binary,Medium,Secondary,Bilingual,2.5393416635455095
358,29,Female,High,Bachelors,Native,3.255803252033409
359,28,Female,High,Bachelors,Native,3.49036752215775
360,20,Female,Medium,Secondary,ESL,1.9609810609341367
361,23,Female,High,Bachelors,Native,4.0
362,24,Female,High,Bachelors,Native,3.774705357485365
363,23,Male,Medium,Bachelors,Native,2.4506854887414753
364,23,Male,Low,Masters_Plus,Native,3.137405880201046
365,23,Female,Low,Secondary,Native,2.774091474797045
366,30,Male,Medium,Masters_Plus,ESL,2.999704372932717
367,20,Male,Medium,Bachelors,Native,2.7184398246090797
368,23,Non-binary,High,Bachelors,Native,3.1138945710470205
369,25,Female,Medium,Bachelors,Bilingual,2.1585314649426763
370,28,Female,Medium,Secondary,Native,4.0
371,28,Male,High,Below_Secondary,Bilingual,2.2040063166319173
372,19,Male,High,Bachelors,Native,3.1314299696496626
373,22,Male,Medium,Bachelors,Native,2.392816386341094
374,18,Male,Low,Bachelors,Native,2.706254255397351
375,29,Male,Medium,Secondary,Native,3.0767561189497536
376,18,Male,Medium,Secondary,Bilingual,2.8586800115768956
377,22,Female,Medium,Secondary,Bilingual,2.877625568283558
378,29,Female,Medium,Bachelors,Native,2.5791814859088524
379,30,Male,High,Secondary,ESL,2.385083202833986
380,20,Male,Medium,Bachelors,Native,3.197860291478554
381,21,Female,Medium,Secondary,ESL,2.287429612559286
382,20,Male,Medium,Bachelors,ESL,2.410227797216966
383,18,Female,Medium,Below_Secondary,Native,2.417267925094055
384,18,Male,Low,Secondary,Native,2.601145899618646
385,29,Male,High,Bachelors,Bilingual,1.9478453770499404
386,29,Male,Low,Bachelors,Native,1.9570688749149232
387,30,Male,Medium,Secondary,Bilingual,3.1258371279117587
388,22,Female,Low,Masters_Plus,Native,3.1326678160103922
389,23,Female,Medium,Secondary,Native,2.9864101792050004
390,20,Female,Medium,Secondary,Native,3.6251137736897356
391,29,Male,Medium,Secondary,Native,2.270669048642416
392,26,Female,Low,Secondary,Native,1.7648313465079988
393,22,Female,Medium,Secondary,Native,3.2711842822687567
394,25,Female,Medium,Secondary,Native,1.7518052986011856
395,30,Male,Medium,Bachelors,Bilingual,2.7178677316262245
396,18,Male,Low,Secondary,Native,2.9669219578753023
397,22,Female,Medium,Bachelors,Bilingual,4.0
398,20,Female,Low,Secondary,Native,2.47199786695642
399,29,Male,Medium,Secondary,Bilingual,2.516160591993192
400,18,Male,Medium,Below_Secondary,ESL,3.196641483746976
401,21,Female,Medium,Bachelors,Native,3.1611993715014393
402,30,Female,Medium,Bachelors,ESL,2.5939609726923836
403,22,Male,High,Bachelors,Native,2.911091777702895
404,24,Female,Medium,Secondary,Native,2.3577910830746474
405,18,Female,Low,Bachelors,ESL,3.0679999493141086
406,20,Female,Medium,Bachelors,Native,1.8437961249465393
407,19,Female,High,Below_Secondary,Native,4.0
408,26,Male,Medium,Secondary,Native,3.2326392990574666
409,27,Female,Medium,Secondary,Bilingual,2.1390372673668625
410,23,Male,High,Bachelors,Bilingual,2.6392508684846705
411,27,Female,High,Below_Secondary,Native,2.1681027202568175
412,20,Female,Medium,Bachelors,ESL,2.308809420865815
413,25,Male,Low,Bachelors,Bilingual,2.9269991628893286
414,25,Female,High,Bachelors,ESL,3.6349549648556243
415,19,Non-binary,Low,Secondary,Native,2.739297368629949
416,23,Male,Medium,Bachelors,Bilingual,1.6657309259181963
417,24,Female,Medium,Below_Secondary,ESL,2.4316597224942025
418,19,Female,Medium,Below_Secondary,Native,2.4711263382480397
419,28,Female,Medium,Bachelors,ESL,2.8533551983081438
420,27,Male,Medium,Secondary,Native,2.715402541283512
421,19,Male,High,Secondary,Native,1.4802553963066873
422,27,Male,Low,Secondary,ESL,2.2450350470740057
423,18,Female,Medium,Secondary,ESL,2.135506479574696
424,25,Male,Medium,Below_Secondary,Native,3.3384580632633307
425,18,Female,High,Secondary,Native,2.6289918248915525
426,26,Male,Low,Bachelors,Bilingual,1.6008333569691944
427,28,Female,Low,Secondary,ESL,2.278959655348924
428,23,Male,Low,Masters_Plus,Native,3.504813581593622
429,24,Male,Low,Secondary,Native,2.44052416027537
430,30,Male,High,Secondary,Bilingual,2.3923776804240684
431,27,Male,Medium,Bachelors,Native,2.6978216305471285
432,24,Female,Medium,Secondary,ESL,2.935362676543699
433,27,Female,Medium,Masters_Plus,Native,2.7143672764554774
434,20,Female,Medium,Bachelors,Native,3.4138902566734664
435,19,Female,Low,Secondary,Native,2.714405828715562
436,26,Female,Medium,Bachelors,Native,3.2045589084274884
437,25,Female,Medium,Below_Secondary,Bilingual,2.9180125171419498
438,30,Female,Low,Masters_Plus,ESL,2.0241994040940154
439,29,Female,Medium,Masters_Plus,Bilingual,3.8711804596503114
440,27,Male,Medium,Bachelors,Bilingual,3.493409714896414
441,24,Female,Low,Below_Secondary,Native,2.4599326757116504
442,26,Male,Low,Secondary,Bilingual,2.733324848164637
443,21,Female,Medium,Secondary,Native,3.1691156934089078
444,30,Female,Low,Secondary,Native,2.9080162934782483
445,21,Male,High,Secondary,Native,2.8642347640603676
446,18,Male,Low,Masters_Plus,Bilingual,3.1033602616652454
447,25,Female,Medium,Secondary,ESL,3.012078952761414
448,29,Female,High,Bachelors,Bilingual,3.0148098734932507
449,20,Male,High,Bachelors,Native,2.854812604191791
450,24,Female,High,Masters_Plus,Native,3.183339836504563
451,29,Female,Medium,Below_Secondary,Native,2.925811755633631
452,19,Female,Medium,Secondary,Native,2.940887069059885
453,19,Non-binary,Medium,Bachelors,Native,3.624919115256777
454,24,Female,Low,Bachelors,Bilingual,3.06006758084833
455,23,Male,Low,Masters_Plus,ESL,2.9983308097097385
456,20,Female,High,Bachelors,Native,2.266726576136797
457,26,Female,Medium,Secondary,Native,2.2969496255466044
458,27,Male,Medium,Bachelors,Bilingual,3.4850225073808887
459,30,Male,High,Below_Secondary,Bilingual,3.142385742210677
460,23,Male,Medium,Bachelors,ESL,3.350536728567433
461,27,Female,Medium,Bachelors,Native,2.9186015341096354
462,27,Female,Medium,Bachelors,Native,3.0384920879350137
463,23,Female,Low,Masters_Plus,ESL,2.7125494061624535
464,18,Female,Medium,Bachelors,Native,2.783963868301906
465,21,Female,High,Secondary,Bilingual,2.549930768074088
466,27,Male,High,Secondary,Native,3.6002346283946407
467,23,Male,High,Masters_Plus,Native,2.3729148198433556
468,23,Male,Medium,Secondary,Bilingual,2.9845254699164987
469,28,Male,High,Secondary,Native,2.7060157750666014
470,29,Female,Low,Secondary,Bilingual,3.371085271206181
471,22,Female,Low,Bachelors,Native,2.936583954038399
472,18,Male,Medium,Below_Secondary,ESL,3.0769001403897533
473,25,Female,Medium,Masters_Plus,Native,2.924547253026126
474,22,Female,Medium,Masters_Plus,Native,2.204698845142439
475,29,Male,Medium,Masters_Plus,Native,3.130217463539142
476,29,Male,Low,Below_Secondary,Bilingual,2.7404824857006487
477,29,Male,Medium,Masters_Plus,Bilingual,2.343164376006555
478,22,Male,Medium,Masters_Plus,Native,1.9534894652474972
479,24,Female,Medium,Masters_Plus,Native,2.3096360718337285
480,21,Male,Low,Bachelors,Bilingual,3.2584534339304
481,23,Male,Medium,Bachelors,Bilingual,3.857124302244979
482,30,Female,Medium,Below_Secondary,Bilingual,2.8710379971229174
483,21,Non-binary,Medium,Masters_Plus,Bilingual,2.2019624134885314
484,20,Male,Medium,Below_Secondary,Native,3.049827681699962
485,24,Male,Medium,Secondary,Native,3.446430050069971
486,25,Male,High,Masters_Plus,Native,3.952739857954618
487,21,Male,Low,Secondary,ESL,3.558469075339444
488,30,Male,Medium,Below_Secondary,Native,2.934561844948095
489,19,Female,Medium,Masters_Plus,Native,3.145046633767447
490,29,Male,Medium,Masters_Plus,ESL,2.366433385410693
491,27,Male,Low,Secondary,Native,3.278169993304153
492,20,Female,Low,Masters_Plus,Bilingual,3.3603842251974174
493,18,Male,Medium,Secondary,Bilingual,1.3016458287442538
494,25,Male,High,Secondary,ESL,2.885607315656243
495,20,Male,Medium,Secondary,Native,3.6940526529087867
496,29,Non-binary,Medium,Below_Secondary,Native,2.3972598161076597
497,27,Male,High,Secondary,ESL,1.5247118749484827
498,24,Female,Low,Below_Secondary,Native,2.7833980810243495
499,27,Female,High,Masters_Plus,Native,3.4456246382587192
500,22,Male,Medium,Bachelors,Bilingual,3.040366804022254
501,27,Non-binary,Medium,Masters_Plus,Native,2.8161626725793916
502,22,Male,High,Bachelors,ESL,2.244614448848725
503,24,Male,High,Below_Secondary,Bilingual,2.141053579562907
504,26,Female,High,Masters_Plus,Native,2.9096629007762145
505,29,Female,Low,Masters_Plus,Native,2.7648822565740807
506,22,Female,High,Secondary,Native,3.31150437470082
507,18,Male,High,Below_Secondary,Native,3.0643607305496747
508,27,Male,Medium,Bachelors,Bilingual,2.354161664222904
509,27,Female,Low,Bachelors,Native,2.953679710403757
510,18,Male,Low,Masters_Plus,Native,2.854253187307617
511,19,Male,High,Below_Secondary,ESL,1.8015293464693531
512,23,Male,Medium,Below_Secondary,Native,2.548521874035666
513,26,Male,Medium,Bachelors,Native,2.8360386221262015
514,25,Female,Medium,Bachelors,ESL,2.7319787834481226
515,30,Male,Medium,Below_Secondary,Native,2.9894442706563056
516,22,Non-binary,Medium,Secondary,ESL,2.8470103193998493
517,18,Male,Medium,Bachelors,Bilingual,3.00441191488521
518,30,Female,High,Bachelors,Bilingual,2.900122129510289
519,24,Male,Medium,Secondary,Bilingual,2.7860632503820257
520,22,Male,Medium,Secondary,Native,2.8957261438218675
521,23,Male,Medium,Bachelors,Bilingual,2.583078427064841
522,30,Male,Low,Masters_Plus,Bilingual,2.5505877049731014
523,24,Female,Medium,Secondary,Native,2.8590398378632416
524,20,Non-binary,Medium,Secondary,Native,1.5945842894142839
525,29,Female,Low,Masters_Plus,ESL,2.5774967143751626
526,27,Male,High,Secondary,Native,2.376296706583653
527,20,Male,Medium,Bachelors,ESL,2.302170950111085
528,22,Male,Low,Bachelors,Native,2.6108650413210728
529,23,Female,Low,Secondary,Native,1.9958000764797141
530,26,Female,Medium,Bachelors,Native,2.613729996124574
531,30,Female,High,Bachelors,Native,2.938795656605926
532,29,Male,Medium,Bachelors,Native,3.4302522382552154
533,22,Female,Medium,Below_Secondary,Native,4.0
534,18,Male,Medium,Masters_Plus,Native,1.702869656038273
535,21,Female,Medium,Secondary,Bilingual,2.2396518654134523
536,22,Female,Low,Bachelors,Bilingual,2.613576160762888
537,29,Female,Low,Masters_Plus,Bilingual,2.8829619999994764
538,27,Female,Medium,Secondary,Native,3.0187228674575413
539,27,Male,Low,Bachelors,Native,2.43392647586355
540,22,Female,Low,Masters_Plus,Native,1.283392961588969
541,24,Male,High,Secondary,Native,3.420762612517416
542,21,Female,Low,Secondary,Native,3.101599273103712
543,18,Male,Medium,Masters_Plus,Native,3.227939988507652
544,22,Female,Medium,Secondary,Native,2.6712088392501268
545,24,Female,Medium,Below_Secondary,Native,3.0106972046889786
546,27,Female,Medium,Masters_Plus,Native,1.6002062442269813
547,27,Female,Low,Bachelors,ESL,2.1577761139854372
548,23,Female,Medium,Masters_Plus,Native,3.516554442639712
549,22,Female,Medium,Below_Secondary,Bilingual,2.8185483294249596
550,21,Female,Medium,Secondary,Native,3.921568772192447
551,19,Female,Low,Below_Secondary,Native,2.2151765306843263
552,21,Male,High,Bachelors,Native,4.0
553,27,Non-binary,Low,Bachelors,Native,4.0
554,27,Female,Medium,Secondary,Bilingual,2.4130477672778388
555,20,Female,Medium,Below_Secondary,Native,2.5273399124383307
556,27,Male,Low,Bachelors,Native,3.5512011477650307
557,18,Male,Medium,Bachelors,Native,2.462333685983859
558,25,Female,Medium,Below_Secondary,Native,2.6406356540270672
559,22,Male,High,Masters_Plus,Bilingual,2.360077333244437
560,30,Female,High,Secondary,Native,2.3762326453742095
561,21,Female,Medium,Bachelors,Native,2.870779634938865
562,25,Male,Medium,Masters_Plus,Native,2.635829822710852
563,24,Female,Low,Bachelors,Native,1.5464220642605893
564,19,Female,Medium,Secondary,Native,3.664653078241445
565,18,Female,Low,Secondary,Native,3.759606947650899
566,29,Female,Medium,Masters_Plus,Native,3.107437580244368
567,28,Male,Medium,Secondary,Bilingual,2.875457548735635
568,21,Female,Medium,Bachelors,Bilingual,2.238485819167237
569,25,Male,Medium,Masters_Plus,Native,2.5228814690981323
570,29,Female,High,Masters_Plus,Native,3.453495486761063
571,19,Female,Medium,Bachelors,Native,3.1587519140762446
572,20,Male,High,Bachelors,Bilingual,3.073168830025574
573,29,Female,Medium,Masters_Plus,Native,3.098668723407821
574,18,Female,Medium,Secondary,ESL,3.437495382699013
575,18,Male,Medium,Secondary,Native,3.3474945559280327
576,30,Non-binary,Low,Below_Secondary,Native,3.2136434025597787
577,20,Male,High,Below_Secondary,Bilingual,2.5910510831349924
578,28,Male,Medium,Masters_Plus,Native,3.810626471273
579,22,Female,High,Bachelors,Native,2.5090487853313763
580,29,Female,Medium,Masters_Plus,Native,2.27874342554909
581,20,Female,High,Bachelors,Native,2.461727739967014
582,18,Female,Medium,Bachelors,Bilingual,2.085267492393683
583,18,Female,Medium,Bachelors,Bilingual,3.150145549291418
584,25,Female,Medium,Below_Secondary,Native,2.791862102439918
585,27,Male,Medium,Masters_Plus,Native,3.47719013731215
586,28,Male,Medium,Secondary,Native,1.3321737520052583
587,29,Male,Low,Bachelors,Bilingual,2.9265370339207744
588,30,Male,High,Below_Secondary,Native,2.6458757154457935
589,30,Female,Medium,Masters_Plus,Native,2.5926374039981486
590,29,Male,High,Masters_Plus,Native,2.175596516278058
591,19,Male,High,Bachelors,Native,2.8261755630078316
592,30,Male,Medium,Bachelors,Bilingual,2.341173259121331
593,20,Female,High,Bachelors,Bilingual,3.7118044350530615
594,19,Female,Medium,Secondary,Native,3.1762395046424707
595,20,Female,High,Secondary,Bilingual,3.3888577318711413
596,24,Female,Medium,Bachelors,Native,1.7557850685508334
597,18,Female,Medium,Below_Secondary,Native,3.331383596318954
598,27,Female,Medium,Secondary,Native,3.274829639973302
599,25,Male,Medium,Secondary,Native,2.5562087959384936
600,30,Female,Medium,Secondary,Bilingual,2.688136912488498
601,27,Female,Medium,Secondary,ESL,2.2103490778605495
602,27,Female,Medium,Secondary,Native,2.6154632040906654
603,27,Female,High,Secondary,Native,3.1387753819047397
604,19,Female,Medium,Secondary,Native,2.39839492511513
605,20,Female,Medium,Bachelors,Bilingual,2.82166954226347
606,26,Female,Medium,Masters_Plus,Bilingual,4.0
607,24,Male,Medium,Below_Secondary,Native,2.2127212440379576
608,21,Female,High,Masters_Plus,Bilingual,2.9992818014100915
609,27,Male,Medium,Secondary,Bilingual,2.179711123001759
610,22,Female,Low,Bachelors,Native,1.908708758584353
611,19,Female,Medium,Bachelors,Native,3.279576739481158
612,30,Male,Medium,Bachelors,Native,2.5558765841020263
613,28,Female,High,Bachelors,Native,3.75962711801895
614,30,Male,Medium,Secondary,Native,3.140718030846217
615,25,Female,High,Secondary,Native,2.3285187239718717
616,21,Male,Medium,Masters_Plus,Native,2.2738258253015666
617,26,Female,High,Secondary,Bilingual,3.232364806094248
618,22,Male,Low,Secondary,Native,2.168255552518574
619,30,Female,High,Below_Secondary,Native,2.15142653440689
620,26,Male,High,Secondary,Native,1.768475903266358
621,21,Female,High,Bachelors,Native,3.174033228865325
622,27,Female,Low,Bachelors,Native,2.314226129424852
623,22,Non-binary,Low,Secondary,Native,3.0158297377675956
624,26,Female,Medium,Below_Secondary,Native,2.0186528226425846
625,25,Female,Low,Bachelors,Bilingual,1.8170031334538916
626,20,Male,Low,Bachelors,ESL,3.231862103690126
627,18,Male,Low,Masters_Plus,ESL,2.7048921973180344
628,20,Male,Medium,Masters_Plus,Native,2.3930783091498746
629,21,Female,Medium,Masters_Plus,Bilingual,2.508127522133276
630,19,Female,Low,Bachelors,Native,2.5102663929513382
631,18,Male,Low,Bachelors,Bilingual,4.0
632,24,Female,Medium,Below_Secondary,Native,2.9592589936599105
633,25,Female,Medium,Bachelors,Bilingual,2.883395504112359
634,24,Female,Low,Below_Secondary,Native,2.3479080255400557
635,22,Male,Medium,Masters_Plus,ESL,3.2720868993847994
636,29,Male,High,Secondary,Bilingual,2.108619620390526
637,18,Female,High,Bachelors,Native,3.1112109371796413
638,24,Female,High,Below_Secondary,ESL,3.114456916231466
639,30,Male,High,Bachelors,Native,3.4105232387450313
640,24,Female,Medium,Secondary,ESL,1.6188932624026173
641,26,Female,Medium,Secondary,Bilingual,3.4763466054954737
642,20,Female,Medium,Secondary,ESL,3.0122852730630445
643,26,Female,Medium,Below_Secondary,Native,2.3474101203238833
644,18,Male,Medium,Secondary,Native,1.504474375966
645,18,Male,Medium,Secondary,Bilingual,2.5562551310974038
646,21,Female,Medium,Masters_Plus,ESL,2.912097276695311
647,26,Male,Low,Secondary,Native,1.8879101663533073
648,23,Male,Medium,Secondary,Native,2.289399035135563
649,30,Male,Low,Masters_Plus,Native,2.041923846355504
650,28,Male,Medium,Bachelors,ESL,2.5391418540987134
651,20,Male,Low,Secondary,Bilingual,2.1470379643159747
652,18,Male,Medium,Secondary,Native,4.0
653,21,Male,Low,Bachelors,Native,3.3182116416501826
654,29,Male,High,Secondary,Native,2.13665908028935
655,30,Female,Medium,Secondary,Native,2.2240368312710563
656,26,Female,Medium,Bachelors,Bilingual,1.9114600221203881
657,20,Female,Medium,Below_Secondary,Native,2.7098025091202027
658,29,Male,Medium,Masters_Plus,Bilingual,3.865098526093932
659,26,Male,Medium,Secondary,ESL,3.5184113607639134
660,24,Female,Medium,Bachelors,Native,2.918816063713239
661,29,Female,Medium,Bachelors,Native,2.623490864882466
662,21,Female,High,Secondary,Bilingual,3.13086502507393
663,20,Male,High,Masters_Plus,Native,2.967889746276444
664,27,Female,Medium,Masters_Plus,ESL,3.0597705512597964
665,22,Male,Low,Secondary,Native,2.918422865464617
666,22,Male,Medium,Masters_Plus,Bilingual,3.066886575033097
667,20,Female,Medium,Below_Secondary,Native,1.9476392934890163
668,29,Female,Medium,Masters_Plus,Native,2.7278015723349798
669,26,Male,High,Secondary,Native,2.9401119740070003
670,21,Male,Medium,Secondary,ESL,2.538967772770376
671,28,Female,High,Secondary,ESL,2.051342611016823
672,22,Male,Low,Secondary,Native,2.8031351086926533
673,21,Male,Low,Secondary,Native,4.0
674,22,Male,Medium,Masters_Plus,Native,2.306139994331201
675,24,Female,High,Masters_Plus,Native,2.71464398160018
676,26,Male,High,Below_Secondary,Bilingual,3.5568312748497233
677,24,Non-binary,Medium,Below_Secondary,Native,3.863874601941982
678,30,Female,Medium,Masters_Plus,Bilingual,2.450026238443434
679,22,Non-binary,Medium,Secondary,Bilingual,3.3787691883716438
680,27,Female,High,Secondary,Native,3.2747511578036503
681,27,Male,High,Bachelors,Bilingual,2.496203370737234
682,24,Male,Medium,Secondary,Native,3.1749753829209464
683,27,Male,Medium,Secondary,Native,2.6961570700734656
684,22,Male,Low,Bachelors,Bilingual,2.4239339995517284
685,20,Female,Medium,Bachelors,Native,3.8314393017462187
686,24,Male,Medium,Below_Secondary,Native,3.1895990860329038
687,30,Male,Low,Masters_Plus,ESL,1.7909201212952977
688,28,Male,High,Bachelors,Native,2.723367135869593
689,28,Female,Medium,Secondary,Native,2.4883068910263493
690,19,Male,High,Secondary,Bilingual,2.6736117596120597
691,29,Male,Medium,Below_Secondary,Native,3.1095740972445203
692,26,Male,Medium,Secondary,ESL,2.976043186349342
693,27,Female,Medium,Below_Secondary,Native,3.660445238722307
694,27,Female,Low,Secondary,Native,3.5331102292248024
695,29,Male,Medium,Below_Secondary,Bilingual,2.0716612773248144
696,18,Male,Medium,Bachelors,Native,2.7410117306412327
697,30,Male,Low,Bachelors,Bilingual,1.631927170825435
698,23,Male,Medium,Bachelors,ESL,2.2019877338287985
699,24,Female,Low,Bachelors,Bilingual,1.5426481688417304
700,30,Female,Medium,Masters_Plus,Native,1.8592028661038504
701,25,Male,Low,Bachelors,Native,3.640061838229471
702,27,Female,Medium,Secondary,ESL,3.251625109719068
703,26,Male,Medium,Secondary,Native,3.170235951022647
704,19,Female,Medium,Masters_Plus,Bilingual,3.5052026277752066
705,28,Female,High,Below_Secondary,Native,3.167623580043877
706,27,Male,Medium,Secondary,Native,2.74913585825673
707,19,Female,Medium,Bachelors,Native,2.4463964451470024
708,22,Male,Low,Bachelors,ESL,3.8173891676984324
709,30,Male,Medium,Bachelors,Native,3.583831339252015
710,22,Male,High,Secondary,Native,2.6683226451874678
711,23,Male,Medium,Below_Secondary,ESL,3.258317890388521
712,20,Female,Low,Masters_Plus,Native,1.1254389466099903
713,25,Female,Medium,Below_Secondary,Bilingual,3.288539568744283
714,30,Female,Medium,Below_Secondary,Native,2.499526420121859
715,18,Female,Medium,Secondary,ESL,4.0
716,23,Female,Medium,Bachelors,Native,3.4903737212042474
717,21,Male,Low,Bachelors,Bilingual,1.6163896455710045
718,18,Female,High,Masters_Plus,Native,2.3732200620701804
719,24,Male,Medium,Below_Secondary,Native,2.836348374303458
720,26,Female,Low,Secondary,Native,2.7745368057971795
721,30,Female,Medium,Secondary,ESL,2.7474365627197357
722,21,Male,Low,Masters_Plus,Native,3.390839037073671
723,21,Female,Low,Secondary,Bilingual,2.47553335741423
724,23,Female,Medium,Below_Secondary,Native,2.756601231997864
725,29,Female,Medium,Bachelors,Native,3.7156432597790037
726,20,Male,High,Secondary,Native,3.7253316538878476
727,30,Male,High,Bachelors,Bilingual,3.3866429413408943
728,29,Male,Medium,Masters_Plus,Bilingual,2.5901637393849075
729,23,Male,Low,Secondary,ESL,2.375605021835085
730,24,Male,Medium,Secondary,ESL,2.775223683217315
731,28,Female,Medium,Secondary,Native,2.8170710415851357
732,27,Male,Medium,Secondary,Bilingual,2.7788029123413382
733,27,Female,Low,Below_Secondary,Native,3.133777344219788
734,20,Female,Medium,Bachelors,ESL,3.0163997889579948
735,24,Female,Medium,Secondary,Native,2.9913443750723117
736,20,Male,Medium,Masters_Plus,Bilingual,2.5199535983681365
737,30,Female,High,Secondary,Native,2.0806376916602236
738,30,Female,Medium,Secondary,Native,3.2167852708891918
739,19,Male,Low,Secondary,Native,2.8364146618799277
740,29,Male,Medium,Bachelors,Native,3.0452862244777816
741,27,Female,Medium,Secondary,Native,3.062033400930803
742,21,Male,Low,Bachelors,Bilingual,1.583912146614523
743,29,Male,Low,Bachelors,Bilingual,3.8329066993974386
744,25,Male,Low,Masters_Plus,Native,2.4609385538210904
745,30,Male,Low,Bachelors,Native,3.624366742132704
746,26,Female,Medium,Below_Secondary,Native,3.054793752011527
747,24,Male,High,Bachelors,ESL,2.1528574851808764
748,18,Female,Medium,Masters_Plus,Native,2.3754168575294297
749,20,Female,Medium,Masters_Plus,Native,2.386526370722427
750,30,Female,Medium,Below_Secondary,Native,2.421034003524049
751,29,Female,Medium,Bachelors,Native,1.7383865375180174
752,26,Female,Low,Secondary,Native,2.320922850230895
753,29,Male,Medium,Secondary,Native,3.3804291045984742
754,18,Female,Medium,Bachelors,Native,3.441853360729507
755,26,Female,Low,Masters_Plus,Native,2.394245285974826
756,25,Female,Medium,Bachelors,Native,1.6762792630996108
757,18,Female,Medium,Masters_Plus,Native,3.1785510608858396
758,23,Male,Medium,Below_Secondary,Native,2.152757156566892
759,22,Male,Low,Below_Secondary,Native,2.1995838914105623
760,23,Female,Medium,Bachelors,Native,2.6302996501561813
761,27,Male,Medium,Secondary,ESL,2.5741186791347155
762,29,Female,Medium,Masters_Plus,Native,2.32614765595135
763,30,Male,Low,Secondary,Bilingual,2.3803619368107647
764,30,Male,Medium,Secondary,Native,2.498836177285389
765,30,Male,Low,Bachelors,Native,2.371607371721559
766,22,Male,Medium,Secondary,Native,2.4093478488720224
767,23,Female,Medium,Masters_Plus,Native,2.6165620268078236
768,22,Male,Low,Secondary,Native,3.01201438867378
769,28,Non-binary,Low,Secondary,ESL,2.9494316382044135
770,29,Female,Medium,Bachelors,ESL,2.4746976681841097
771,22,Male,Medium,Secondary,Native,2.609983999765436
772,21,Female,Low,Bachelors,Native,3.6066094500555397
773,20,Female,Medium,Below_Secondary,Native,3.391980262045753
774,20,Female,Medium,Secondary,Native,3.128930851315327
775,21,Male,Medium,Masters_Plus,ESL,1.7372008971655675
776,26,Female,Low,Bachelors,Native,2.864230317911997
777,19,Female,Medium,Secondary,ESL,2.3947165928506053
778,26,Male,Medium,Bachelors,Native,2.2260932127302198
779,18,Male,High,Masters_Plus,Native,2.5841869982800807
780,18,Female,Medium,Secondary,Native,3.4282450370613797
781,22,Male,Low,Below_Secondary,Bilingual,3.3329666149931825
782,23,Female,Medium,Bachelors,Native,2.428291504404354
783,23,Male,Medium,Below_Secondary,Native,2.8507721937469936
784,20,Female,Medium,Secondary,Native,2.547063979986727
785,24,Female,High,Masters_Plus,Native,2.655960089359273
786,26,Male,Medium,Below_Secondary,Native,3.3985335351311194
787,28,Male,Low,Bachelors,Native,2.762107001615401
788,29,Female,Medium,Bachelors,Bilingual,1.7456881261461628
789,27,Female,Low,Bachelors,Bilingual,2.8832137749172193
790,25,Female,Medium,Bachelors,Native,3.8898212872157343
791,23,Male,Medium,Secondary,Bilingual,2.380000756147701
792,29,Male,Medium,Below_Secondary,Native,3.72912554330454
793,25,Male,Medium,Below_Secondary,Bilingual,3.170478892304288
794,29,Female,Medium,Bachelors,Native,3.5057562053937876
795,22,Male,Medium,Secondary,Native,3.3252652326216134
796,25,Male,Medium,Below_Secondary,Native,2.9066768376589227
797,27,Female,Medium,Masters_Plus,Bilingual,2.4320533131464006
798,29,Female,Medium,Masters_Plus,Native,2.9054045992236195
799,21,Male,Low,Secondary,Native,2.9399091705885754
800,27,Male,Low,Below_Secondary,Native,3.3829357681275827
801,25,Female,Low,Bachelors,Native,1.4493938464871505
802,27,Female,Low,Bachelors,Bilingual,1.9420778559907506
803,29,Male,Medium,Below_Secondary,Native,2.9417819942418495
804,19,Female,High,Below_Secondary,ESL,2.999638294654322
805,29,Female,Medium,Bachelors,Native,2.279664634955287
806,29,Male,Low,Masters_Plus,Native,3.014366748258043
807,22,Male,Medium,Bachelors,Bilingual,3.2070134259433796
808,26,Female,Medium,Secondary,Bilingual,2.6831746598589272
809,21,Female,Low,Secondary,Native,3.6577334278039064
810,28,Male,High,Bachelors,Native,3.769866653218828
811,23,Female,Medium,Secondary,Bilingual,2.873070867155784
812,18,Female,High,Secondary,Native,3.3045234458197372
813,26,Male,Medium,Secondary,Bilingual,1.7821829268876896
814,18,Female,Medium,Bachelors,Native,3.444022791408706
815,22,Female,Low,Bachelors,ESL,3.679591703581942
816,21,Male,Medium,Bachelors,Native,2.1907580215698563
817,30,Male,Low,Bachelors,Native,3.1700334141478095
818,29,Male,High,Masters_Plus,Native,1.6758702862525408
819,30,Female,Medium,Bachelors,ESL,2.3279362829474795
820,30,Non-binary,High,Secondary,Bilingual,2.4878073979850597
821,20,Male,Medium,Secondary,Native,1.915148196129382
822,30,Female,High,Bachelors,Native,2.6572058147015545
823,23,Female,Low,Below_Secondary,Native,2.6176230233267628
824,19,Female,Medium,Masters_Plus,Native,3.1700661140300364
825,20,Male,Medium,Below_Secondary,Native,1.8916613407465048
826,22,Male,Medium,Secondary,Native,3.174005652878671
827,26,Male,Medium,Bachelors,Native,2.3264991176027325
828,19,Female,Low,Bachelors,Native,2.0328930992366745
829,27,Male,Low,Bachelors,Bilingual,2.682164956081955
830,25,Female,High,Bachelors,Native,3.2516458655350546
831,19,Male,Medium,Secondary,Native,2.509474229310241
832,28,Male,Low,Secondary,Native,3.108343557722357
833,30,Female,Medium,Masters_Plus,Native,2.96734384038302
834,22,Female,High,Secondary,Bilingual,4.0
835,24,Male,Low,Secondary,Bilingual,2.6124486340599544
836,25,Male,High,Secondary,Native,2.700105672634194
837,18,Non-binary,High,Below_Secondary,Native,3.4647535285101543
838,23,Male,High,Bachelors,ESL,2.768973220322397
839,18,Male,High,Bachelors,Native,2.950591821148444
840,19,Female,Medium,Bachelors,Native,1.7460122593556138
841,18,Male,Medium,Bachelors,Bilingual,2.726850544226649
842,28,Male,Low,Below_Secondary,Native,2.376941508562748
843,22,Male,Low,Secondary,Native,2.5122954072519925
844,27,Male,Medium,Below_Secondary,Native,2.953923225343459
845,26,Male,Medium,Below_Secondary,Native,2.767054522026241
846,23,Male,Low,Secondary,Native,3.263297420748215
847,28,Male,Medium,Secondary,Native,3.3723902858837738
848,28,Male,Low,Bachelors,ESL,2.693679561589993
849,18,Female,High,Bachelors,Native,2.9796882729549523
850,30,Male,Medium,Masters_Plus,Native,1.579797136382679
851,18,Male,Medium,Bachelors,Native,2.988748218492462
852,19,Female,Medium,Below_Secondary,Bilingual,3.431807443853455
853,26,Female,Low,Secondary,Native,2.2541489957715277
854,20,Male,High,Secondary,Bilingual,3.2533057449877
855,18,Female,Medium,Secondary,Bilingual,2.528815816832356
856,22,Male,Medium,Secondary,Bilingual,2.4539885052550625
857,24,Male,Low,Below_Secondary,Native,3.654512686049639
858,23,Female,Medium,Bachelors,Bilingual,2.7802634041313414
859,29,Female,Low,Bachelors,Native,3.3200894476783827
860,18,Male,Medium,Bachelors,Native,1.628429506985622
861,22,Male,Medium,Secondary,Native,2.4340979675966667
862,22,Female,High,Bachelors,ESL,3.2269580818600865
863,23,Male,Medium,Bachelors,Native,2.8746456749545937
864,20,Female,Low,Bachelors,Bilingual,2.6896800106550396
865,22,Male,Low,Below_Secondary,Native,3.162386615370531
866,24,Female,Medium,Bachelors,Native,2.3011868189589353
867,22,Female,Low,Bachelors,Bilingual,3.530344550519479
868,22,Female,Low,Secondary,Native,2.672451856005563
869,22,Female,High,Below_Secondary,Bilingual,2.3105564968818784
870,27,Female,Low,Below_Secondary,Bilingual,2.3499611101289046
871,27,Male,High,Bachelors,Native,2.751070068300618
872,20,Male,Low,Bachelors,Native,2.5441138240180896
873,18,Male,High,Secondary,Native,3.1156956342706
874,22,Female,Medium,Secondary,Native,2.7721782690315715
875,26,Female,Medium,Masters_Plus,Native,2.5864107416035034
876,18,Male,Low,Secondary,Native,3.012036103236006
877,20,Male,High,Below_Secondary,ESL,2.4822751288364584
878,30,Male,High,Secondary,Native,3.094800380069896
879,30,Female,Medium,Bachelors,Bilingual,2.995835691741346
880,21,Male,Medium,Bachelors,Native,2.9711456863261327
881,18,Female,Medium,Secondary,Native,2.5852313098385435
882,18,Non-binary,Low,Masters_Plus,Native,2.4222344852863573
883,25,Male,Medium,Bachelors,Bilingual,3.285224482949699
884,19,Male,High,Below_Secondary,Native,3.1684325861745575
885,29,Male,Medium,Bachelors,Bilingual,2.195208575627033
886,25,Male,Low,Below_Secondary,Native,2.5403033410189866
887,24,Male,Medium,Bachelors,Native,3.6038261823771256
888,27,Male,Medium,Secondary,Native,3.3904045079892455
889,27,Female,Low,Bachelors,Native,2.097987326939704
890,19,Male,Low,Secondary,Native,2.807133348652926
891,23,Female,Low,Masters_Plus,Bilingual,3.05140276025074
892,23,Female,Medium,Secondary,ESL,3.3961817823598968
893,20,Female,Low,Bachelors,Bilingual,2.876273167041396
894,28,Male,Medium,Secondary,Bilingual,3.0903163601205055
895,19,Female,Medium,Masters_Plus,ESL,3.3588062102090706
896,29,Male,Medium,Bachelors,ESL,3.439416487122123
897,18,Female,High,Secondary,Native,2.691538987594752
898,23,Female,Low,Masters_Plus,Native,2.8273352664802625
899,29,Female,Medium,Secondary,Native,2.34516863146972
900,22,Male,High,Bachelors,Native,2.636122512906747
901,28,Female,Medium,Bachelors,ESL,2.5555525488032553
902,26,Male,Low,Below_Secondary,Native,2.686828538302402
903,18,Male,High,Masters_Plus,Native,2.743452273932126
904,24,Male,High,Secondary,Native,3.2880169478363275
905,22,Male,Medium,Secondary,Native,3.0095936887152357
906,22,Male,Medium,Masters_Plus,Native,2.032037723853641
907,19,Female,Medium,Bachelors,Native,3.1302355046374672
908,28,Female,Low,Below_Secondary,Native,2.4707312664419954
909,20,Male,Medium,Below_Secondary,Native,2.146359160833599
910,24,Male,Medium,Bachelors,Native,2.1146427352019317
911,23,Male,High,Below_Secondary,Native,2.9018668421616316
912,29,Male,Low,Masters_Plus,Native,3.4365523341324407
913,19,Male,Medium,Bachelors,Native,2.6735139647864488
914,23,Female,Low,Secondary,Native,3.362360232596698
915,19,Male,Medium,Secondary,ESL,2.851404053059192
916,19,Male,Medium,Bachelors,Native,1.5066334832449588
917,19,Male,Low,Secondary,ESL,3.167289252619648
918,28,Female,Medium,Bachelors,Bilingual,2.47469504627505
919,20,Female,Medium,Masters_Plus,Bilingual,2.3136774633323864
920,19,Female,High,Bachelors,Native,3.1707346039375883
921,21,Female,Medium,Secondary,Native,2.8803159246601733
922,26,Male,High,Secondary,Native,2.7596392864783836
923,23,Male,Medium,Bachelors,Native,2.8582314177462527
924,18,Female,Low,Bachelors,ESL,2.2917452143787673
925,25,Male,Medium,Bachelors,Native,3.8619765228458074
926,29,Female,Medium,Below_Secondary,ESL,2.90354496867747
927,24,Male,Medium,Masters_Plus,Bilingual,2.8951839399239896
928,27,Male,Medium,Secondary,Native,2.7477715059503303
929,20,Female,Medium,Bachelors,Bilingual,1.8300771775406095
930,18,Female,Medium,Bachelors,Native,2.3952606642751793
931,22,Female,Low,Bachelors,Native,2.0657363117731586
932,30,Male,Medium,Secondary,Native,2.008205159853931
933,21,Female,Medium,Bachelors,ESL,1.8750625280080142
934,27,Male,Medium,Below_Secondary,Native,2.418874884074919
935,25,Male,Medium,Bachelors,Bilingual,2.8122901896973387
936,18,Male,Medium,Below_Secondary,Native,1.9466834073097081
937,27,Male,Medium,Secondary,Native,3.219906090627236
938,18,Male,Medium,Below_Secondary,Native,2.978475488875678
939,29,Male,Medium,Bachelors,Native,2.6609747057107445
940,21,Male,Medium,Bachelors,Native,4.0
941,25,Male,Medium,Bachelors,Native,2.655640985493429
942,22,Male,Medium,Bachelors,Bilingual,3.2789262446821503
943,19,Male,High,Bachelors,Native,2.9256794987048074
944,23,Male,Medium,Below_Secondary,ESL,3.663242441488284
945,22,Female,Medium,Bachelors,Native,3.4507508724047664
946,19,Male,Medium,Bachelors,Native,2.6199992103615055
947,30,Male,Medium,Below_Secondary,Native,2.6417914325222047
948,28,Male,Medium,Secondary,Native,1.9951508962458018
949,28,Female,Medium,Secondary,ESL,2.8695728502880025
950,28,Female,Medium,Below_Secondary,Bilingual,3.1927844364733464
951,20,Female,Low,Secondary,Bilingual,2.7628768133103914
952,26,Female,High,Below_Secondary,ESL,3.6403636368026557
953,24,Female,Medium,Bachelors,Bilingual,2.8870669534788878
954,24,Female,Medium,Secondary,Native,3.5484465475830325
955,28,Female,Medium,Secondary,Bilingual,2.7021148396019576
956,23,Male,Low,Masters_Plus,Native,2.104277567688748
957,25,Male,Low,Bachelors,Native,2.4250058890218917
958,21,Male,Medium,Secondary,Bilingual,2.780680896441015
959,25,Female,Medium,Bachelors,Native,2.3502722567516523
960,21,Female,High,Secondary,ESL,1.8069603312940827
961,25,Female,Medium,Below_Secondary,Native,1.598598447732808
962,26,Male,Medium,Below_Secondary,ESL,3.408344568535082
963,20,Male,Medium,Masters_Plus,Native,3.0311997045832317
964,20,Male,Low,Bachelors,Native,2.9653951050311806
965,28,Male,Low,Bachelors,Native,2.9010141605674873
966,30,Female,Medium,Masters_Plus,ESL,2.471539018701024
967,19,Female,High,Masters_Plus,Native,3.276600215839847
968,30,Male,Medium,Bachelors,Native,1.756433632473629
969,27,Female,Medium,Bachelors,Native,1.5495442633908363
970,20,Male,High,Secondary,Native,2.6790102969179364
971,20,Non-binary,Low,Below_Secondary,ESL,2.8778189007352126
972,22,Male,Medium,Bachelors,Native,2.269531494909442
973,22,Male,Medium,Bachelors,Native,1.844002355692627
974,19,Male,Medium,Masters_Plus,Native,3.154399115872398
975,29,Male,Medium,Secondary,Native,2.553142778135597
976,27,Male,Medium,Bachelors,Native,3.2164530788762367
977,30,Female,Medium,Bachelors,Bilingual,3.583422946130054
978,23,Female,Low,Secondary,ESL,1.8378489049677746
979,22,Female,Medium,Bachelors,Native,2.9279908742027074
980,23,Male,Low,Bachelors,Native,2.949755858415148
981,18,Female,High,Secondary,ESL,3.2466554144002595
982,22,Male,Medium,Bachelors,Native,2.479952438055772
983,26,Male,High,Secondary,Native,2.833498416052866
984,29,Female,Medium,Secondary,Native,3.2402006671474193
985,27,Female,Low,Bachelors,Native,3.062650528501708
986,19,Male,Low,Secondary,Bilingual,3.7353685190992865
987,18,Male,Medium,Secondary,ESL,2.2789282182839017
988,27,Non-binary,Low,Below_Secondary,Native,2.9242146734584087
989,30,Male,Medium,Secondary,Bilingual,2.7482301088620287
990,28,Male,Low,Secondary,Native,2.6760904757354402
991,26,Female,Medium,Secondary,Native,3.152883249760269
992,27,Male,Medium,Bachelors,Native,2.869386743675549
993,26,Male,Medium,Masters_Plus,Bilingual,2.160429830837745
994,26,Male,Medium,Secondary,Native,3.3716245451545515
995,23,Female,Medium,Below_Secondary,Native,3.1541557092235903
996,25,Female,High,Secondary,ESL,3.684814561767281
997,28,Female,Low,Secondary,Bilingual,3.2362717574584625
998,30,Non-binary,Medium,Bachelors,ESL,2.6718866449058014
999,18,Female,Medium,Bachelors,Native,2.6764799311777745
1000,27,Male,Medium,Bachelors,Bilingual,3.4214804987019525
1001,21,Male,Medium,Below_Secondary,Native,2.3397328071588954
1002,18,Female,Medium,Masters_Plus,ESL,2.25706763554646
1003,25,Female,Medium,Below_Secondary,ESL,2.932225483502566
1004,18,Female,Medium,Bachelors,ESL,1.903549316618832
1005,20,Female,High,Bachelors,ESL,3.0092232081564236
1006,30,Male,High,Bachelors,Native,3.081811051005095
1007,21,Male,Medium,Secondary,Bilingual,2.652163698510908
1008,25,Male,Low,Secondary,Native,3.6448249700226696
1009,23,Male,High,Bachelors,Bilingual,3.476783385575078
1010,27,Male,High,Secondary,ESL,2.3330728837646166
1011,29,Female,Medium,Below_Secondary,Native,3.193457139351337
1012,24,Female,Medium,Bachelors,Native,3.3907249095669636
1013,25,Male,High,Secondary,Bilingual,2.8496612087588424
1014,19,Male,Medium,Bachelors,Native,2.5409131216862706
1015,30,Female,Medium,Below_Secondary,Native,2.1347276597868516
1016,27,Male,Medium,Bachelors,Native,2.4650633623931517
1017,28,Female,High,Below_Secondary,Native,2.1480950310436713
1018,25,Female,High,Masters_Plus,Bilingual,3.347479684110481
1019,20,Female,Medium,Secondary,Native,2.646915829243392
1020,24,Female,Medium,Bachelors,Native,3.1129910685870965
1021,20,Female,Low,Masters_Plus,ESL,3.556181131525669
1022,24,Male,High,Secondary,Bilingual,2.9273073371615426
1023,28,Male,Medium,Secondary,Native,3.5062449184404656
1024,29,Male,High,Secondary,Native,2.589664529846449
1025,30,Non-binary,Medium,Secondary,Bilingual,3.0318735278440876
1026,19,Male,High,Bachelors,Native,2.9232441647205984
1027,27,Male,Medium,Secondary,Bilingual,2.3790905712728274
1028,23,Female,Medium,Masters_Plus,Bilingual,2.6143972565454505
1029,20,Female,Low,Bachelors,Native,3.6491135072805223
1030,20,Female,Medium,Below_Secondary,ESL,2.5930776941201215
1031,26,Male,High,Bachelors,Native,1.8024175805978242
1032,24,Male,Medium,Secondary,Native,2.5922581844616026
1033,22,Male,Medium,Secondary,ESL,2.3482423302328557
1034,29,Male,Low,Secondary,Native,3.0735536793922287
1035,27,Male,High,Bachelors,Bilingual,3.168876299567107
1036,24,Male,Medium,Secondary,Bilingual,3.014877351734287
1037,26,Female,Medium,Bachelors,Native,2.5543143576820637
1038,18,Male,Medium,Below_Secondary,ESL,2.8355102999789747
1039,24,Female,Medium,Masters_Plus,Native,2.610837070515466
1040,23,Female,Medium,Bachelors,Native,1.9319019593428997
1041,27,Male,Medium,Secondary,ESL,2.732738822355393
1042,29,Female,Medium,Bachelors,Native,4.0
1043,26,Male,High,Bachelors,Bilingual,2.1824495781262043
1044,18,Male,High,Below_Secondary,Bilingual,1.6870930311668355
1045,30,Female,Low,Secondary,Native,3.6543660284584045
1046,21,Male,Medium,Below_Secondary,Native,3.069192142870965
1047,26,Non-binary,Low,Bachelors,Native,2.978764282699365
1048,21,Male,Low,Bachelors,ESL,2.584853984143188
1049,27,Female,Medium,Secondary,Native,2.93575176408967
1050,20,Male,High,Below_Secondary,Native,2.831060553775
1051,26,Male,Low,Secondary,Native,3.5864600006612664
1052,30,Male,Medium,Bachelors,Native,3.350171245035292
1053,19,Female,High,Bachelors,Bilingual,3.161343487079748
1054,21,Female,High,Masters_Plus,ESL,2.3903686302580183
1055,23,Female,Medium,Secondary,Native,2.937375778468658
1056,19,Female,Medium,Secondary,Native,2.4307514514341433
1057,25,Female,Medium,Secondary,Bilingual,3.5370805054213053
1058,25,Female,Low,Bachelors,Native,2.371010525119822
1059,18,Female,Low,Secondary,ESL,2.719293590236407
1060,29,Female,Low,Secondary,Native,2.1479437931194822
1061,20,Female,Medium,Bachelors,Native,2.5011189410898993
1062,27,Female,High,Below_Secondary,ESL,2.494342164607984
1063,26,Male,Medium,Secondary,Native,2.708368457765034
1064,22,Female,Medium,Bachelors,Native,2.260222762938694
1065,23,Female,Medium,Secondary,Native,3.529377215469448
1066,21,Male,Medium,Secondary,ESL,2.68776101999652
1067,27,Male,Medium,Secondary,Bilingual,2.479828406407946
1068,19,Male,High,Secondary,Native,3.2618120461372073
1069,28,Female,Low,Below_Secondary,Bilingual,4.0
1070,25,Female,Low,Masters_Plus,Native,2.557458443454214
1071,28,Male,Medium,Below_Secondary,Native,2.652907489526364
1072,30,Female,Medium,Bachelors,Bilingual,2.3570238702167297
1073,23,Female,Medium,Below_Secondary,Bilingual,3.1972170613577298
1074,22,Male,Medium,Secondary,Native,3.3732229633075974
1075,26,Female,Medium,Secondary,Native,2.772173183827778
1076,18,Non-binary,Medium,Below_Secondary,Native,2.536979705433416
1077,22,Female,Medium,Below_Secondary,Bilingual,3.1203761329353936
1078,23,Female,Medium,Secondary,Bilingual,3.2438020198376933
1079,22,Non-binary,High,Bachelors,Bilingual,3.7324254801211487
1080,23,Female,High,Below_Secondary,Bilingual,2.450480067083048
1081,23,Male,High,Masters_Plus,Bilingual,3.3114014098445588
1082,24,Female,Medium,Secondary,ESL,2.8634691913903394
1083,21,Female,Medium,Secondary,Native,1.7594321595515081
1084,28,Female,Medium,Secondary,Native,3.7133227792730854
1085,25,Male,High,Secondary,Native,2.978488206176299
1086,24,Female,Low,Bachelors,Native,3.164082435053585
1087,26,Male,Medium,Bachelors,Bilingual,3.367790509937631
1088,24,Female,Medium,Secondary,ESL,3.1576337254276625
1089,20,Male,Medium,Secondary,Native,2.2198044580871175
1090,20,Male,Medium,Bachelors,ESL,3.204807244500204
1091,25,Male,Medium,Below_Secondary,Native,3.0979783352200894
1092,22,Male,Medium,Secondary,Native,1.7980956849444432
1093,21,Female,Medium,Secondary,Native,3.799622348138529
1094,25,Female,Medium,Secondary,Native,2.5736052904778925
1095,23,Female,Medium,Secondary,Native,3.397340568168001
1096,19,Male,High,Masters_Plus,Native,2.598399830742958
1097,21,Male,Medium,Bachelors,ESL,2.4800731278797095
1098,29,Female,Medium,Bachelors,Native,2.752646855122876
1099,28,Female,Low,Secondary,Native,4.0
1100,21,Male,Low,Bachelors,Native,4.0
1101,23,Female,Medium,Bachelors,ESL,2.4792802031956764
1102,23,Male,Medium,Bachelors,Native,3.548405280798761
1103,18,Female,Medium,Below_Secondary,ESL,2.8140203803513573
1104,25,Female,Low,Masters_Plus,Native,4.0
1105,23,Male,High,Secondary,Native,3.4917225729337424
1106,20,Male,Medium,Masters_Plus,Bilingual,2.9674332684764875
1107,26,Female,Low,Below_Secondary,Native,2.8488292331357394
1108,19,Male,Medium,Secondary,Bilingual,3.165033761301051
1109,28,Male,High,Below_Secondary,Native,3.0901040360087864
1110,25,Female,Medium,Bachelors,Bilingual,2.13841859135339
1111,27,Male,Medium,Secondary,Bilingual,2.924688034531468
1112,20,Male,Medium,Bachelors,Native,2.4089912845055372
1113,30,Female,Low,Bachelors,Native,2.4821836985290195
1114,29,Female,Medium,Bachelors,Native,3.4687313171915375
1115,22,Female,Low,Bachelors,Native,2.9222492668917783
1116,23,Female,Medium,Bachelors,Bilingual,2.527287907219478
1117,27,Female,Low,Bachelors,Native,2.0728783250439
1118,23,Female,High,Secondary,Native,2.3343723024409613
1119,21,Male,Medium,Bachelors,Native,2.7643344057072463
1120,20,Female,Low,Masters_Plus,Native,3.811515538802159
1121,21,Non-binary,Medium,Secondary,Native,2.1705542951272725
1122,18,Male,Medium,Masters_Plus,Native,2.9768585751852243
1123,21,Male,Medium,Below_Secondary,Bilingual,3.044271580260495
1124,18,Female,Medium,Secondary,Native,3.5335835511573808
1125,29,Male,Low,Below_Secondary,ESL,2.8749265950745397
1126,18,Male,Medium,Below_Secondary,Native,3.044786526951136
1127,27,Female,Medium,Bachelors,Bilingual,3.5092592467991697
1128,23,Non-binary,Low,Masters_Plus,Bilingual,2.3337617781823603
1129,22,Male,Medium,Bachelors,Native,3.2747233299116996
1130,28,Male,Medium,Masters_Plus,Bilingual,1.9636185752911457
1131,21,Male,Medium,Secondary,Bilingual,2.838516303074102
1132,30,Female,Medium,Below_Secondary,Native,2.6575909130767275
1133,28,Male,Medium,Bachelors,Bilingual,2.366739719752863
1134,20,Male,High,Bachelors,Native,3.383435925654843
1135,18,Male,Low,Below_Secondary,Native,3.417107145000945
1136,23,Male,Low,Masters_Plus,Native,3.441416437221896
1137,19,Female,Low,Bachelors,ESL,3.027844390205189
1138,25,Female,Low,Masters_Plus,Native,2.0604521533730167
1139,27,Female,Low,Secondary,Native,2.602614851710758
1140,22,Female,Medium,Secondary,Native,3.4035283013941964
1141,24,Male,Medium,Bachelors,Bilingual,3.3956131048755798
1142,27,Female,High,Bachelors,Bilingual,3.518016869676651
1143,29,Female,Low,Secondary,Native,2.9884546187203203
1144,19,Male,Medium,Masters_Plus,Bilingual,2.690843641882189
1145,30,Female,High,Masters_Plus,Native,1.6207151594886593
1146,25,Male,High,Below_Secondary,Native,3.3175883706671563
1147,19,Female,Medium,Below_Secondary,Native,2.74051274446867
1148,21,Male,Medium,Secondary,Bilingual,2.047733245979379
1149,18,Non-binary,High,Secondary,Bilingual,3.257636827224788
1150,22,Male,Medium,Bachelors,Native,3.6517320757887313
1151,26,Female,Low,Below_Secondary,Native,3.3203620873900115
1152,18,Female,High,Bachelors,Native,3.204953520665724
1153,26,Female,Medium,Bachelors,Native,3.3600425827129294
1154,28,Male,Low,Secondary,ESL,1.1616214697234584
1155,25,Female,Medium,Bachelors,Native,3.832696746810468
1156,23,Female,Medium,Secondary,Native,2.3249578563157214
1157,24,Male,High,Below_Secondary,Bilingual,2.3776037125764384
1158,20,Male,Low,Bachelors,Native,2.517338462192096
1159,18,Female,High,Masters_Plus,ESL,2.585941212285604
1160,22,Female,Medium,Secondary,Bilingual,3.70024463811718
1161,29,Male,Medium,Secondary,Bilingual,3.1262999000458183
1162,29,Male,Low,Secondary,Native,2.392897495734744
1163,19,Male,Medium,Secondary,Native,2.4837085254445666
1164,22,Female,High,Secondary,Native,4.0
1165,25,Female,Medium,Bachelors,Native,3.0118211956665397
1166,28,Female,Low,Below_Secondary,Bilingual,2.540905431730843
1167,26,Non-binary,Medium,Masters_Plus,Native,1.8268802578663292
1168,19,Male,Medium,Below_Secondary,Bilingual,1.7945834985776914
1169,29,Male,Low,Masters_Plus,Native,2.129867635732055
1170,20,Male,Medium,Masters_Plus,Bilingual,2.8575027267792548
1171,20,Male,Medium,Bachelors,Native,3.4656483892895005
1172,18,Female,Medium,Below_Secondary,Native,3.169644667055043
1173,25,Female,Medium,Bachelors,Native,3.5044366278529444
1174,23,Male,Low,Bachelors,ESL,3.139464740914938
1175,29,Male,Medium,Masters_Plus,Native,2.064493336079008
1176,30,Female,Medium,Bachelors,Native,3.0549136464293913
1177,25,Female,Medium,Secondary,Native,3.080573802658882
1178,28,Male,Medium,Bachelors,Native,2.7279409282550193
1179,26,Non-binary,Medium,Masters_Plus,Bilingual,2.61641463143101
1180,22,Female,High,Bachelors,Bilingual,2.7110394866287693
1181,29,Male,Medium,Masters_Plus,Native,1.8721496064554741
1182,20,Female,Medium,Bachelors,Native,2.0007012475623487
1183,22,Male,Medium,Bachelors,Native,4.0
1184,22,Female,Medium,Bachelors,ESL,2.0491170076583383
1185,22,Non-binary,Medium,Bachelors,Native,1.740032626698356
1186,20,Female,Low,Secondary,Bilingual,2.367799881803286
1187,28,Female,Low,Bachelors,Bilingual,3.075477078023971
1188,27,Male,Medium,Bachelors,ESL,3.1367111451647243
1189,21,Female,Low,Secondary,ESL,2.1856282326720717
1190,26,Female,Low,Secondary,Native,2.8579494008152477
1191,30,Female,Medium,Bachelors,ESL,2.473236507540593
1192,27,Female,Low,Bachelors,ESL,2.9141753673952713
1193,26,Non-binary,Medium,Below_Secondary,Native,2.6240448719225955
1194,19,Female,Medium,Bachelors,Bilingual,2.3835745021954136
1195,25,Male,Low,Masters_Plus,Bilingual,2.410521037700422
1196,25,Non-binary,Medium,Secondary,Bilingual,1.4805216138045074
1197,24,Female,Low,Secondary,Native,2.667080018746474
1198,25,Female,High,Masters_Plus,Native,2.7541386279770106
1199,20,Female,Medium,Masters_Plus,Native,1.9549015648131558
1200,30,Male,Low,Secondary,Bilingual,2.5979768074724277
1201,23,Male,Low,Below_Secondary,ESL,2.6468457244285246
1202,18,Female,Medium,Secondary,Bilingual,1.687914169931466
1203,24,Female,Low,Bachelors,Native,2.3370799726649762
1204,18,Male,Medium,Secondary,Bilingual,2.3181907365299326
1205,26,Female,Medium,Bachelors,Native,2.907843282841433
1206,18,Male,High,Secondary,Native,3.547134575359806
1207,18,Female,Medium,Masters_Plus,Bilingual,2.8283284505191615
1208,24,Male,Medium,Secondary,Native,3.495752544250122
1209,19,Male,High,Bachelors,Native,2.6665164146021945
1210,22,Male,Low,Masters_Plus,Bilingual,3.0227453255089642
1211,25,Male,High,Secondary,Native,2.8400782874695025
1212,25,Female,Medium,Secondary,ESL,4.0
1213,20,Male,Medium,Bachelors,Native,2.7085893940352954
1214,24,Male,High,Secondary,Native,3.269487158114235
1215,20,Female,Medium,Bachelors,Native,2.921634401718027
1216,23,Female,Medium,Below_Secondary,Bilingual,3.4753684912428295
1217,23,Male,Medium,Below_Secondary,Native,3.1792884610247727
1218,20,Non-binary,Medium,Masters_Plus,Bilingual,3.0044439062764265
1219,24,Male,Medium,Bachelors,Native,2.11501020219259
1220,20,Female,Low,Bachelors,Bilingual,2.167869894081727
1221,25,Female,Medium,Secondary,Native,2.430319751991522
1222,27,Male,Medium,Secondary,Native,2.6244914060137403
1223,21,Male,Medium,Bachelors,Native,2.8666877493566676
1224,30,Male,High,Secondary,Native,2.4317611821678837
1225,18,Male,Medium,Secondary,Native,1.613678913247392
1226,21,Female,Low,Below_Secondary,Native,3.4164251567070445
1227,24,Male,Medium,Secondary,ESL,3.0683828459891207
1228,28,Male,Medium,Bachelors,Native,2.836150591338185
1229,21,Male,Low,Bachelors,Native,3.5523149917086467
1230,30,Male,Low,Bachelors,Bilingual,2.317803325697123
1231,23,Female,High,Bachelors,Native,2.721460051227604
1232,26,Male,High,Bachelors,Native,2.8957256380628986
1233,18,Female,Medium,Bachelors,Native,2.5508983911018794
1234,30,Male,Medium,Bachelors,Native,2.3226016791230912
1235,22,Male,High,Secondary,Native,3.324861994077354
1236,28,Female,High,Secondary,Native,2.970405291479293
1237,24,Male,Medium,Masters_Plus,ESL,3.1744096632600596
1238,18,Female,High,Below_Secondary,Native,2.305822792134896
1239,21,Female,High,Below_Secondary,Native,3.2979873093273904
1240,23,Male,High,Bachelors,Native,2.426037240129908
1241,19,Male,High,Bachelors,Native,2.948331713356365
1242,27,Male,Medium,Bachelors,Native,3.9877528058638614
1243,22,Male,Medium,Secondary,Bilingual,3.3112468398064157
1244,28,Male,Medium,Masters_Plus,ESL,3.0035315908094407
1245,27,Male,Medium,Bachelors,Bilingual,3.6102974503683987
1246,18,Male,Medium,Bachelors,Native,2.4582032511887366
1247,23,Female,High,Below_Secondary,ESL,3.09438732422379
1248,23,Female,Medium,Secondary,Native,2.300889061729046
1249,30,Female,Medium,Secondary,Native,2.582951948101597
1250,21,Male,Medium,Secondary,Native,3.7544297181136947
1251,30,Male,Medium,Below_Secondary,Bilingual,2.9641986708957786
1252,25,Female,Medium,Secondary,Native,3.6442997832898225
1253,21,Female,Low,Bachelors,Native,2.7384353878456453
1254,25,Female,Medium,Bachelors,ESL,3.5324815586441543
1255,30,Male,Low,Bachelors,Native,2.831036206817518
1256,25,Female,Low,Below_Secondary,Bilingual,2.8802702591845613
1257,22,Female,Medium,Secondary,Native,2.814514897321907
1258,30,Male,Medium,Below_Secondary,Native,3.016344491392889
1259,21,Male,Medium,Secondary,Native,2.6446785067855014
1260,29,Female,Low,Secondary,Native,1.9665443775096318
1261,30,Male,Low,Secondary,Native,2.778574019485366
1262,19,Male,Medium,Masters_Plus,Bilingual,2.87944452318567
1263,28,Female,Medium,Bachelors,ESL,3.780919861261054
1264,20,Female,High,Bachelors,ESL,1.4437149921044532
1265,20,Male,Medium,Masters_Plus,Native,3.7704120405058603
1266,21,Male,Medium,Bachelors,Native,3.4289596233463926
1267,21,Male,Medium,Bachelors,Native,3.2113697453277115
1268,27,Female,Medium,Bachelors,Bilingual,2.892549737911501
1269,28,Male,Medium,Bachelors,ESL,2.187819487658192
1270,28,Non-binary,High,Bachelors,Bilingual,3.9704899052169242
1271,22,Male,Medium,Below_Secondary,Native,3.54078514733007
1272,21,Male,Medium,Bachelors,Native,2.9504667200374732
1273,28,Female,Medium,Masters_Plus,Bilingual,2.971399085863053
1274,27,Female,High,Bachelors,Native,2.734710884156453
1275,25,Male,Medium,Below_Secondary,Native,3.156639185812644
1276,23,Male,Low,Secondary,ESL,2.773387273544457
1277,23,Non-binary,Medium,Bachelors,Native,2.9847409426660696
1278,25,Male,Medium,Masters_Plus,Native,3.062799154859112
1279,24,Female,High,Secondary,Native,4.0
1280,27,Male,Medium,Bachelors,Native,2.253889959210879
1281,28,Female,Low,Masters_Plus,Native,2.8959846941512053
1282,29,Female,High,Below_Secondary,Native,3.5364671254687674
1283,27,Male,High,Bachelors,ESL,3.296005960732138
1284,30,Female,Low,Secondary,Native,3.2064674722432995
1285,25,Male,High,Bachelors,Native,4.0
1286,19,Male,Medium,Bachelors,Native,3.452745096188453
1287,26,Female,Medium,Bachelors,Native,2.4251396744146194
1288,18,Male,High,Bachelors,Bilingual,2.3562586719523106
1289,25,Female,Medium,Secondary,Bilingual,2.7769999166869135
1290,29,Male,Low,Masters_Plus,Native,2.5382612020304136
1291,28,Male,Medium,Bachelors,Native,2.8476044576595094
1292,29,Male,Medium,Bachelors,Bilingual,3.002798872417561
1293,29,Male,Low,Secondary,Native,2.9640300601423335
1294,21,Male,Medium,Below_Secondary,Native,1.3256396844940526
1295,21,Female,Medium,Secondary,Native,2.346631113916353
1296,22,Female,Medium,Masters_Plus,Native,3.229607392308998
1297,25,Female,Medium,Secondary,Native,3.786178813208048
1298,22,Male,High,Masters_Plus,Native,2.557776534328625
1299,25,Male,Medium,Bachelors,Native,2.5606935255535226
1300,27,Male,Medium,Bachelors,ESL,2.7465105314146037
1301,18,Male,Medium,Bachelors,Native,3.8347928053840517
1302,29,Female,Medium,Bachelors,Native,2.83222970460354
1303,27,Male,High,Bachelors,Native,1.4549562327121737
1304,26,Male,Medium,Secondary,Native,3.8725833428301955
1305,23,Female,Medium,Bachelors,Native,3.214983223022721
1306,20,Male,Medium,Bachelors,Native,2.0241774009920706
1307,30,Male,Medium,Bachelors,ESL,2.4932844191374275
1308,25,Male,Low,Bachelors,Bilingual,2.3226496799661627
1309,26,Male,High,Below_Secondary,Native,2.674632536267368
1310,23,Female,Medium,Below_Secondary,Bilingual,3.6922647627600362
1311,28,Male,Medium,Bachelors,Native,1.6797741732243692
1312,24,Male,Medium,Secondary,Native,2.5939549339535164
1313,18,Male,Medium,Bachelors,ESL,2.8666901670092835
1314,22,Male,Low,Secondary,ESL,2.7583533090060133
1315,22,Male,Medium,Below_Secondary,Native,2.321981652106162
1316,27,Female,Low,Below_Secondary,Native,3.513958627331067
1317,21,Female,Low,Bachelors,Native,2.704727032257871
1318,23,Female,Medium,Bachelors,Native,2.6276752721283674
1319,24,Male,Medium,Bachelors,ESL,3.0076895869300286
1320,26,Female,Low,Masters_Plus,Native,2.6318292352123422
1321,18,Female,Low,Secondary,Native,2.4677855617515587
1322,23,Male,High,Secondary,Native,2.244688510943264
1323,24,Female,High,Bachelors,Native,4.0
1324,20,Male,Low,Bachelors,Bilingual,3.27594842874898
1325,25,Male,Medium,Secondary,Bilingual,2.5706083928146213
1326,22,Female,Medium,Masters_Plus,Native,3.562810154295287
1327,26,Male,Medium,Masters_Plus,Native,3.1140874324562686
1328,22,Female,High,Below_Secondary,Native,2.823107869771166
1329,26,Male,Low,Secondary,Native,2.1825683867356025
1330,27,Female,Medium,Bachelors,Native,2.303325150120031
1331,21,Female,Medium,Secondary,Native,3.381084653900361
1332,26,Female,Medium,Below_Secondary,Native,3.251344844681572
1333,22,Male,Medium,Bachelors,Native,1.9762170510648476
1334,27,Male,High,Secondary,Bilingual,2.5554058189220856
1335,26,Male,Low,Secondary,Native,3.207975729637721
1336,20,Male,Low,Secondary,Bilingual,3.467439389957586
1337,21,Male,Low,Bachelors,Native,3.108656473013608
1338,26,Female,High,Bachelors,Bilingual,2.5262031682389345
1339,27,Female,Medium,Secondary,Native,2.9416018187682385
1340,28,Non-binary,Medium,Secondary,Bilingual,2.6735345192518656
1341,23,Male,Low,Bachelors,Native,3.0291971037420806
1342,19,Male,High,Masters_Plus,ESL,3.686856891302543
1343,24,Male,High,Masters_Plus,Bilingual,2.330659889413412
1344,19,Female,Medium,Secondary,Native,2.96859520641964
1345,28,Female,Medium,Bachelors,Native,2.7419600612980854
1346,19,Female,Low,Bachelors,ESL,2.642311650004299
1347,28,Female,Medium,Bachelors,ESL,2.716098978103715
1348,18,Female,Medium,Bachelors,ESL,3.588155130090389
1349,28,Male,Low,Below_Secondary,Bilingual,3.147712324820969
1350,28,Male,Medium,Bachelors,Bilingual,2.5125104733746
1351,29,Female,Medium,Below_Secondary,Native,3.1897806145186203
1352,28,Male,Medium,Below_Secondary,Native,2.464729197142774
1353,20,Male,Medium,Bachelors,Native,1.726459161942192
1354,23,Female,Low,Masters_Plus,Native,1.4172239994547262
1355,25,Non-binary,Medium,Secondary,Native,3.100469353910194
1356,26,Female,Medium,Bachelors,Native,2.62934726290109
1357,24,Female,Low,Secondary,Native,3.398466495804337
1358,21,Female,High,Masters_Plus,Native,3.0322734511727525
1359,23,Male,Low,Bachelors,Native,2.95631896872494
1360,22,Male,Medium,Secondary,Native,2.529462952643929
1361,25,Female,Low,Secondary,Native,3.1129865098946135
1362,18,Female,Low,Secondary,Native,3.7310634986458524
1363,18,Male,Medium,Below_Secondary,ESL,1.5884400465981372
1364,30,Female,Low,Below_Secondary,Native,2.71012484512586
1365,28,Male,Medium,Bachelors,ESL,3.6071094347740305
1366,23,Male,Low,Secondary,Native,2.1127088104600205
1367,27,Female,Medium,Bachelors,Native,2.880106103112934
1368,29,Male,Low,Below_Secondary,Native,2.390002399703361
1369,19,Male,Low,Bachelors,Native,2.639430555349013
1370,22,Male,Medium,Secondary,Native,1.7360736871344782
1371,18,Female,High,Below_Secondary,Native,3.390839298296392
1372,24,Male,Medium,Bachelors,ESL,2.8903581799691733
1373,18,Female,Medium,Below_Secondary,ESL,1.9333517279610184
1374,21,Female,Low,Bachelors,ESL,3.0511728769324535
1375,26,Male,High,Bachelors,ESL,2.924800535917347
1376,18,Non-binary,Low,Bachelors,Native,2.3867048817993535
1377,21,Male,Low,Below_Secondary,Native,3.9809194794125227
1378,23,Non-binary,Medium,Secondary,Native,3.109657625777758
1379,23,Female,Medium,Secondary,Native,3.5741321891230635
1380,29,Non-binary,High,Bachelors,Bilingual,2.703322312464127
1381,30,Male,Low,Secondary,ESL,1.8249899202225017
1382,25,Female,High,Below_Secondary,Bilingual,1.405839364364652
1383,18,Male,Medium,Secondary,Bilingual,2.191673338366744
1384,24,Male,Medium,Secondary,Native,3.6087232388155877
1385,18,Female,Low,Secondary,Native,2.494093606420849
1386,30,Male,Medium,Secondary,Native,3.424718761451969
1387,24,Female,High,Secondary,ESL,2.1001332739309695
1388,20,Male,Medium,Secondary,ESL,2.4024500240637723
1389,28,Male,Medium,Secondary,Native,2.488905517768582
1390,25,Female,High,Bachelors,Native,2.935094249358394
1391,20,Male,Medium,Below_Secondary,Native,1.9886878792011808
1392,30,Female,Medium,Secondary,Native,2.3233777000773794
1393,18,Female,Medium,Secondary,ESL,2.660109482137798
1394,30,Female,Low,Secondary,Native,1.994270466750756
1395,30,Male,Low,Secondary,Native,1.7442442291798403
1396,25,Female,Medium,Bachelors,Native,2.817137280198796
1397,20,Non-binary,Medium,Masters_Plus,ESL,2.0035082377173588
1398,19,Female,Medium,Secondary,Native,3.5287628596949294
1399,18,Female,Low,Bachelors,Native,3.545260069024513
1400,20,Female,High,Secondary,Native,2.4499368107949815
1401,19,Female,Low,Secondary,Native,3.1612110835345018
1402,19,Female,Medium,Masters_Plus,Native,2.841421000534709
1403,23,Male,Medium,Bachelors,Bilingual,3.440682009893309
1404,29,Male,Low,Masters_Plus,ESL,2.525039492483673
1405,18,Female,Low,Secondary,Native,3.1062605996616193
1406,19,Male,Medium,Below_Secondary,Native,2.987071932350588
1407,23,Female,High,Bachelors,Bilingual,2.9564859111481585
1408,20,Male,Medium,Bachelors,Bilingual,2.430457510306172
1409,21,Female,Medium,Secondary,Native,3.5114243647343324
1410,18,Male,Medium,Masters_Plus,Native,2.555222968558417
1411,25,Male,Low,Bachelors,Bilingual,2.551526997990806
1412,30,Female,Medium,Secondary,Native,2.367904159291565
1413,24,Female,High,Bachelors,ESL,2.404134664272958
1414,24,Female,Medium,Bachelors,ESL,2.6561643138459705
1415,20,Male,High,Below_Secondary,Native,3.069849622708663
1416,27,Female,Low,Masters_Plus,Bilingual,3.2700120086927527
1417,27,Female,Medium,Secondary,Native,2.8771836095095216
1418,20,Female,Medium,Below_Secondary,Bilingual,3.649763143290314
1419,19,Male,Medium,Masters_Plus,Native,2.8706028386674953
1420,29,Female,Medium,Masters_Plus,Native,1.7226707130390462
1421,18,Female,Medium,Bachelors,ESL,2.107323507202447
1422,24,Non-binary,Medium,Masters_Plus,Bilingual,3.2200126759953855
1423,24,Male,Medium,Bachelors,ESL,2.604785496061571
1424,29,Female,Medium,Masters_Plus,Native,2.5637556862114717
1425,19,Female,High,Below_Secondary,Native,2.22132088395222
1426,24,Male,Medium,Bachelors,Native,2.5598466212279005
1427,30,Male,Medium,Bachelors,ESL,2.5687533923639574
1428,25,Male,Low,Below_Secondary,Native,3.09435871407745
1429,18,Male,Low,Bachelors,Native,2.6532198809900245
1430,26,Male,Medium,Bachelors,Native,3.565900602320609
1431,24,Female,Medium,Bachelors,Native,2.407030177717821
1432,20,Female,Medium,Below_Secondary,Bilingual,2.922659265922798
1433,25,Female,Medium,Bachelors,Bilingual,1.8065379637285885
1434,24,Female,Low,Below_Secondary,ESL,3.1953915950671523
1435,28,Male,Medium,Secondary,Bilingual,1.9475286649106605
1436,30,Male,Medium,Masters_Plus,Native,3.1420152700282142
1437,25,Female,Medium,Bachelors,Native,1.695617677187642
1438,23,Male,Low,Secondary,Bilingual,2.1798784087581966
1439,26,Male,Low,Below_Secondary,ESL,3.302723936947234
1440,22,Male,Medium,Bachelors,Native,3.738594603828885
1441,20,Male,Low,Masters_Plus,Native,1.1702142417082457
1442,20,Female,Low,Masters_Plus,Native,2.1461022214106302
1443,18,Male,Low,Bachelors,Native,3.8977239380742716
1444,29,Male,Medium,Below_Secondary,Native,2.8852117967806317
1445,25,Male,Medium,Secondary,Bilingual,2.1807175082382075
1446,19,Female,Medium,Secondary,Bilingual,3.6862176183314377
1447,20,Male,Medium,Secondary,Native,3.151252264604268
1448,25,Female,Medium,Secondary,Native,2.8660112290255246
1449,25,Male,Low,Secondary,ESL,1.649708234873612
1450,28,Male,High,Bachelors,Native,4.0
1451,21,Female,Medium,Secondary,Native,2.9574285777160383
1452,21,Male,Medium,Bachelors,Native,2.614204192807244
1453,22,Male,Low,Masters_Plus,Native,3.6770452726488783
1454,23,Male,Low,Bachelors,Native,2.2499883482989658
1455,22,Female,Medium,Bachelors,Native,2.143866714441814
1456,24,Male,Medium,Bachelors,ESL,2.2160687389807476
1457,19,Female,Low,Secondary,Bilingual,2.5720540606388917
1458,24,Male,High,Below_Secondary,Native,2.816062439653021
1459,27,Male,High,Below_Secondary,Native,3.1840847043953784
1460,24,Male,Medium,Secondary,ESL,2.04937490646714
1461,18,Female,High,Bachelors,ESL,2.981971202398136
1462,24,Male,Low,Masters_Plus,Native,2.438463893531751
1463,22,Male,Low,Masters_Plus,Native,2.735182638298876
1464,20,Male,Low,Below_Secondary,Bilingual,3.5254863664390665
1465,30,Male,Medium,Masters_Plus,Native,3.095714574829507
1466,20,Male,Low,Secondary,Native,3.1456641516399597
1467,21,Female,High,Bachelors,Native,2.43033271596823
1468,30,Male,Low,Secondary,Native,3.955282069012246
1469,29,Male,Medium,Below_Secondary,Native,3.2032485043608814
1470,19,Female,High,Secondary,Native,2.545113498191816
1471,19,Male,Low,Masters_Plus,Native,3.484654797535904
1472,18,Male,Low,Secondary,Native,3.141367011089761
1473,22,Male,Medium,Secondary,Native,2.0421937157379326
1474,21,Female,Medium,Masters_Plus,Native,2.9200147395650013
1475,28,Male,Low,Masters_Plus,ESL,2.2190982516826607
1476,27,Female,Medium,Below_Secondary,Native,1.5759782008605865
1477,19,Male,Medium,Bachelors,Native,2.5403848521012846
1478,20,Female,High,Secondary,Native,3.480422966588884
1479,24,Male,High,Secondary,Bilingual,3.6846149373371118
1480,24,Female,Medium,Secondary,Native,2.4935652302103857
1481,29,Female,Medium,Secondary,Native,2.628752854693785
1482,21,Female,Medium,Bachelors,Native,3.637681183467146
1483,22,Male,High,Bachelors,Native,3.2023899123708173
1484,22,Male,Low,Secondary,Bilingual,3.093683497627095
1485,23,Male,Medium,Bachelors,Bilingual,2.8836858371614182
1486,26,Male,Medium,Bachelors,ESL,3.2348704043048975
1487,19,Male,High,Secondary,Native,2.7820888916573625
1488,22,Female,Low,Below_Secondary,Native,3.7177082417809224
1489,29,Male,Low,Bachelors,ESL,2.7282719402741384
1490,20,Male,Low,Bachelors,Native,2.71875704130091
1491,21,Female,Low,Bachelors,Bilingual,1.5666831869231055
1492,27,Female,Medium,Bachelors,Native,3.434858104407241
1493,23,Male,Medium,Secondary,Native,2.2223582615970834
1494,29,Female,Medium,Bachelors,Native,1.3779796793067824
1495,25,Male,Low,Secondary,Native,2.692672017033927
1496,18,Female,Low,Masters_Plus,Native,2.597038596119702
1497,27,Female,Low,Bachelors,Native,3.06990948783136
1498,25,Female,Medium,Secondary,Native,3.189482792827365
1499,28,Female,Medium,Secondary,Native,2.3033544275792317
1500,24,Male,Low,Bachelors,Native,4.0
1501,18,Male,Low,Secondary,Native,2.679198470068801
1502,19,Female,Medium,Bachelors,Native,1.7870802830927797
1503,20,Male,Medium,Bachelors,Native,3.7496901494924977
1504,18,Female,Medium,Bachelors,Native,3.237044239426024
1505,26,Male,High,Secondary,Native,3.0453172082992777
1506,25,Male,Low,Bachelors,Bilingual,2.5388175772734076
1507,19,Male,Medium,Masters_Plus,Native,2.8274938696105925
1508,30,Male,Medium,Masters_Plus,Bilingual,1.4988532008359228
1509,26,Female,Medium,Bachelors,ESL,2.6373690992507974
1510,24,Female,High,Masters_Plus,Bilingual,4.0
1511,26,Female,Low,Bachelors,Native,2.2273898405070502
1512,23,Female,Medium,Secondary,Native,2.906063688842038
1513,23,Female,Medium,Bachelors,Bilingual,1.7890636287123818
1514,28,Female,Medium,Below_Secondary,ESL,2.4875792470636
1515,21,Male,Medium,Secondary,ESL,2.0408849330580474
1516,27,Female,High,Secondary,Native,3.0563921122601503
1517,27,Male,High,Bachelors,Native,2.9294996665868505
1518,30,Male,Medium,Bachelors,ESL,2.0182137740259694
1519,30,Female,Low,Bachelors,Bilingual,2.852971389002887
1520,19,Male,Medium,Secondary,Native,2.8742576543399223
1521,24,Male,Medium,Secondary,Native,2.904953646646389
1522,22,Male,Low,Secondary,Native,3.312358106984104
1523,28,Male,Medium,Bachelors,Native,3.7390265287284365
1524,23,Female,High,Secondary,Bilingual,2.4316929574774253
1525,19,Male,Medium,Secondary,ESL,2.616186807673731
1526,22,Male,Medium,Secondary,ESL,2.6960425376280925
1527,27,Male,High,Bachelors,Native,2.0187364666241336
1528,21,Male,Low,Masters_Plus,Bilingual,2.195323774087826
1529,26,Female,Low,Bachelors,Native,3.137945163936955
1530,23,Male,Medium,Secondary,Bilingual,3.95497347706164
1531,19,Female,Medium,Secondary,Bilingual,2.176216758354572
1532,18,Female,Medium,Below_Secondary,Native,4.0
1533,22,Female,Low,Secondary,Native,2.4601878911810275
1534,26,Female,Medium,Secondary,Native,3.5271404643131645
1535,23,Female,Low,Below_Secondary,Native,3.057622230326771
1536,27,Male,High,Secondary,ESL,2.9168650378755903
1537,29,Male,Medium,Secondary,Native,2.543795127216793
1538,24,Male,Medium,Below_Secondary,Native,2.809506800626229
1539,22,Female,Low,Bachelors,Native,2.373449148494203
1540,27,Male,Low,Masters_Plus,ESL,3.367404908770727
1541,23,Male,Medium,Masters_Plus,Native,3.4707182881400653
1542,22,Male,Low,Below_Secondary,Native,2.4097002802284506
1543,28,Male,Medium,Secondary,Bilingual,1.8157189973694414
1544,26,Male,Medium,Masters_Plus,Native,2.6032906316075533
1545,23,Non-binary,Medium,Below_Secondary,Native,3.9930738871036553
1546,28,Male,Medium,Bachelors,Bilingual,2.93917346296383
1547,25,Female,Medium,Bachelors,Native,3.492073723387939
1548,19,Female,Low,Masters_Plus,ESL,2.2433160622881587
1549,29,Male,Medium,Masters_Plus,Native,2.5082767520729425
1550,30,Male,Medium,Bachelors,Native,2.6135651851280466
1551,26,Male,Low,Bachelors,Native,2.0973413086907615
1552,22,Male,High,Secondary,Bilingual,2.900114023475961
1553,24,Female,Low,Below_Secondary,Native,2.3089471831154054
1554,27,Male,Low,Secondary,Native,3.3693652309284174
1555,30,Male,Low,Secondary,Native,2.85352553946461
1556,18,Female,High,Below_Secondary,Native,3.6885301547776397
1557,27,Female,Medium,Secondary,Bilingual,1.7935644369566277
1558,22,Female,Medium,Masters_Plus,ESL,2.4813509187972445
1559,29,Female,Low,Below_Secondary,Bilingual,2.5555503371830675
1560,27,Female,Medium,Secondary,Native,3.0779285801896936
1561,19,Male,Medium,Secondary,Native,2.546785363565047
1562,29,Female,High,Bachelors,Bilingual,3.833448353881159
1563,23,Male,Low,Secondary,ESL,2.6895427377475483
1564,28,Female,Low,Masters_Plus,Native,2.256749767149783
1565,18,Female,Low,Bachelors,Native,2.703439034610973
1566,20,Male,High,Bachelors,Native,2.6046200606913277
1567,22,Female,Medium,Below_Secondary,Native,3.35694868608173
1568,21,Female,Medium,Secondary,Native,2.5529153880482016
1569,20,Male,Medium,Bachelors,ESL,1.8877576912004703
1570,27,Female,High,Secondary,Native,2.9065120389714956
1571,30,Male,High,Secondary,Native,2.409489819161123
1572,22,Female,Medium,Below_Secondary,Native,2.107141090096021
1573,28,Female,Medium,Masters_Plus,ESL,2.813549095071237
1574,25,Female,Low,Below_Secondary,Native,2.720729766295206
1575,28,Female,High,Masters_Plus,Native,2.6677983844385693
1576,21,Female,Medium,Secondary,Native,2.9562534766744295
1577,18,Female,Medium,Bachelors,Native,2.4526678510861335
1578,28,Male,Medium,Bachelors,Bilingual,2.8695629823293
1579,24,Female,High,Below_Secondary,Native,2.4462478129310545
1580,25,Male,Medium,Secondary,Native,3.2933490545721824
1581,20,Female,Medium,Secondary,Native,2.7857438878701477
1582,23,Male,High,Below_Secondary,Native,3.849856582465012
1583,19,Male,Medium,Bachelors,Native,2.5030694590353373
1584,24,Female,Low,Below_Secondary,ESL,3.014294499292887
1585,25,Male,High,Bachelors,Native,3.477825364129642
1586,23,Male,High,Secondary,Bilingual,3.1217324750041664
1587,23,Male,High,Secondary,Native,2.884264916406163
1588,22,Male,Medium,Bachelors,ESL,3.001634134630979
1589,25,Male,Medium,Bachelors,Native,3.1045181541669598
1590,18,Male,High,Secondary,Native,2.9787203524662003
1591,27,Male,Medium,Bachelors,Native,2.791179688821007
1592,21,Male,High,Secondary,Native,3.2422880853755625
1593,21,Female,High,Masters_Plus,Native,2.7491501709755775
1594,20,Male,Medium,Secondary,ESL,2.209152618775558
1595,20,Female,High,Secondary,ESL,4.0
1596,21,Female,Medium,Bachelors,Native,3.326474267238816
1597,28,Male,Low,Below_Secondary,Native,2.253087360930375
1598,18,Female,Medium,Secondary,Native,2.65336885810244
1599,28,Female,Low,Secondary,ESL,2.4581730096076515
1600,30,Non-binary,Medium,Masters_Plus,Native,2.501128703587089
1601,28,Female,Low,Masters_Plus,Native,3.3202662412137487
1602,19,Male,Medium,Bachelors,ESL,2.6010256322734873
1603,26,Female,High,Secondary,Native,3.949657855722947
1604,27,Female,High,Bachelors,Bilingual,1.739985425610341
1605,19,Female,Medium,Secondary,Native,2.7821917454253997
1606,22,Male,Medium,Secondary,Bilingual,2.001104244116546
1607,26,Female,Medium,Masters_Plus,Native,2.996483711350947
1608,26,Female,High,Below_Secondary,Native,3.068452004923412
1609,25,Male,Medium,Secondary,ESL,3.339415136768473
1610,18,Male,Medium,Masters_Plus,Native,2.0637985215732724
1611,18,Male,High,Bachelors,Native,3.0588330213539905
1612,26,Female,Medium,Below_Secondary,Native,2.2759190862015175
1613,30,Female,High,Below_Secondary,Native,2.8574785636461897
1614,28,Female,High,Bachelors,Bilingual,2.534837356676637
1615,25,Male,High,Secondary,Native,2.0412740642912377
1616,27,Female,Medium,Secondary,Bilingual,3.2333744366950894
1617,26,Male,Medium,Secondary,Native,2.6448574194744854
1618,24,Male,High,Masters_Plus,Native,3.314559720705926
1619,20,Female,Medium,Secondary,Bilingual,3.3574088349166096
1620,20,Non-binary,Medium,Secondary,Native,3.5867977849095487
1621,19,Female,Low,Secondary,ESL,2.495918409386193
1622,22,Female,Low,Secondary,Native,2.2426529581518944
1623,29,Male,Medium,Secondary,Native,3.5203992644860165
1624,29,Male,Medium,Masters_Plus,Native,2.861691544670241
1625,20,Female,Medium,Masters_Plus,Native,3.609317518682173
1626,23,Female,Medium,Secondary,Native,2.0903270984741837
1627,19,Male,Medium,Masters_Plus,Native,3.2132059630042082
1628,29,Male,Medium,Secondary,Bilingual,2.8258631945370007
1629,20,Male,Medium,Bachelors,Native,2.775126789512799
1630,22,Female,Medium,Below_Secondary,Native,2.6070285114537586
1631,29,Male,Medium,Masters_Plus,Native,2.1336643699323856
1632,28,Male,Low,Below_Secondary,Native,3.198277379202347
1633,28,Male,Medium,Bachelors,Native,2.564764707361102
1634,18,Male,Medium,Bachelors,Native,2.926878113434131
1635,30,Female,Medium,Below_Secondary,Native,3.959450687445451
1636,18,Male,Medium,Secondary,Native,2.4778822324567678
1637,27,Female,Medium,Below_Secondary,Native,2.621374512268019
1638,26,Female,Low,Bachelors,Bilingual,2.702234491375685
1639,24,Female,High,Secondary,Bilingual,2.5634224659785856
1640,18,Male,Low,Bachelors,Native,2.5820335327787096
1641,29,Non-binary,High,Masters_Plus,ESL,3.2186248687823094
1642,25,Female,Medium,Secondary,Native,3.594018435622444
1643,20,Non-binary,Medium,Below_Secondary,Native,2.877927725060773
1644,25,Female,Medium,Bachelors,Bilingual,3.2439175950246852
1645,22,Male,Low,Bachelors,Native,2.6963309262643755
1646,18,Male,Medium,Masters_Plus,ESL,2.6812093783560043
1647,24,Male,Low,Secondary,ESL,2.5600760365813744
1648,22,Female,Medium,Secondary,Native,2.3411927967902795
1649,23,Male,Medium,Bachelors,ESL,3.541832462595285
1650,23,Male,Medium,Bachelors,ESL,2.498849741570184
1651,25,Male,Low,Bachelors,Native,3.1666281236993115
1652,26,Male,High,Secondary,ESL,2.2977262557321825
1653,19,Male,Medium,Secondary,Native,2.8275258880460363
1654,26,Male,Low,Below_Secondary,Bilingual,2.7995167847998554
1655,29,Male,Medium,Masters_Plus,Native,2.302551722296121
1656,28,Male,Low,Secondary,Native,2.591956455282924
1657,27,Male,Low,Bachelors,Native,2.158855484205441
1658,26,Male,Medium,Bachelors,Native,2.8100597664526066
1659,30,Female,Medium,Secondary,Bilingual,1.7436589708187444
1660,27,Female,High,Secondary,Native,2.7653411743866645
1661,27,Male,Medium,Bachelors,Native,3.1905610019518122
1662,24,Male,High,Secondary,Native,2.7922234694266566
1663,18,Female,High,Secondary,Native,2.379876888316415
1664,24,Female,High,Secondary,Bilingual,2.4104206583105485
1665,27,Female,Medium,Bachelors,Native,3.5248921460788556
1666,22,Female,Low,Masters_Plus,Native,2.8949198333892068
1667,23,Male,Low,Bachelors,Native,3.3067493992188757
1668,27,Male,Medium,Bachelors,Native,3.365614618814296
1669,24,Male,Medium,Bachelors,Native,2.5325613940519753
1670,22,Female,Low,Bachelors,ESL,2.1990330856388813
1671,24,Female,Medium,Masters_Plus,Bilingual,3.1876467857870066
1672,26,Female,Low,Secondary,Native,2.285671088311906
1673,20,Male,Medium,Below_Secondary,Native,2.44574074239119
1674,25,Female,Low,Masters_Plus,Native,2.8621837076982715
1675,19,Male,Medium,Bachelors,Bilingual,2.649290148693494
1676,28,Male,Medium,Secondary,Native,1.4115993272660443
1677,24,Male,Low,Masters_Plus,Bilingual,2.0592395304968347
1678,30,Female,Medium,Secondary,Native,3.405243211713387
1679,19,Male,Medium,Secondary,Native,2.7512349477687468
1680,21,Female,Medium,Bachelors,ESL,3.2396253825378714
1681,24,Male,Low,Secondary,Native,2.3130336877962456
1682,20,Female,Medium,Bachelors,ESL,2.1329175485729777
1683,19,Female,Medium,Secondary,Native,3.233234433621243
1684,28,Male,Medium,Below_Secondary,Native,3.5778818482061543
1685,27,Female,Low,Bachelors,Native,2.2763823806551313
1686,24,Female,Medium,Bachelors,Bilingual,3.410660665023425
1687,18,Female,Medium,Below_Secondary,Bilingual,2.2141548751630364
1688,25,Female,High,Masters_Plus,Native,1.8178250870756392
1689,20,Female,Medium,Bachelors,Native,3.1515079782692865
1690,29,Male,High,Secondary,Native,2.2270339121462506
1691,29,Female,Medium,Secondary,Native,2.073876758588162
1692,30,Male,Medium,Bachelors,Native,2.086886559788399
1693,19,Male,Medium,Bachelors,Native,2.5913005239168605
1694,20,Male,Medium,Secondary,Native,1.7796232792153444
1695,22,Female,Medium,Below_Secondary,Native,3.156517047277519
1696,28,Female,Medium,Secondary,Native,3.0889201237086295
1697,25,Male,Medium,Secondary,Native,3.088396158403099
1698,27,Female,Medium,Bachelors,Native,3.5246167978352494
1699,24,Female,Medium,Masters_Plus,Native,3.3824917644502683
1700,24,Male,High,Secondary,Bilingual,2.2554127421260857
1701,29,Male,Medium,Masters_Plus,Native,3.2044787380944446
1702,24,Female,Medium,Masters_Plus,Native,3.466737348803498
1703,25,Male,Medium,Masters_Plus,Native,3.288502159182391
1704,18,Female,Medium,Masters_Plus,Bilingual,3.333444634402007
1705,21,Male,High,Bachelors,Native,2.7096466631570375
1706,30,Male,High,Bachelors,ESL,2.411102279626661
1707,23,Female,Medium,Secondary,Native,2.65926217769022
1708,26,Female,Medium,Secondary,Native,2.3808876197518356
1709,30,Female,Medium,Masters_Plus,Native,3.402018976350341
1710,19,Female,Medium,Secondary,Native,2.911999884355874
1711,18,Female,High,Secondary,Native,3.294237028457362
1712,30,Female,Low,Below_Secondary,Native,1.9307336067698557
1713,27,Male,Low,Bachelors,Native,2.532118831634316
1714,29,Female,Low,Bachelors,Native,2.1848547834085226
1715,19,Male,Medium,Secondary,Native,1.8245694384421647
1716,24,Female,High,Secondary,Native,2.979942675454187
1717,20,Male,Low,Bachelors,Native,2.1612925801512275
1718,27,Female,Medium,Below_Secondary,Bilingual,2.576196693968661
1719,19,Male,Medium,Bachelors,Native,2.2171000939167715
1720,28,Female,Medium,Secondary,Native,2.5555180743682335
1721,24,Female,Medium,Masters_Plus,Native,3.1533036978651876
1722,30,Male,High,Bachelors,Native,2.225976514602379
1723,30,Female,Low,Bachelors,Native,2.5277720860942328
1724,19,Male,Medium,Bachelors,Native,3.117039409513645
1725,20,Female,Medium,Secondary,Native,3.2089784957454186
1726,28,Female,Medium,Secondary,ESL,2.5636172089891756
1727,24,Male,High,Bachelors,Native,2.977180210440942
1728,21,Female,Medium,Masters_Plus,Native,3.290441123189376
1729,30,Male,Low,Secondary,Bilingual,2.165936519315188
1730,18,Male,Medium,Bachelors,Native,2.371783922704911
1731,30,Female,Medium,Masters_Plus,ESL,2.5756913229050795
1732,22,Male,Medium,Bachelors,Native,3.0680963742198832
1733,29,Non-binary,Medium,Bachelors,Native,2.912116773800281
1734,26,Female,Low,Bachelors,Bilingual,2.838766646433956
1735,25,Male,Medium,Masters_Plus,ESL,2.183186482845894
1736,29,Female,Low,Masters_Plus,Native,3.322538148350229
1737,26,Male,High,Masters_Plus,Native,2.500643469845052
1738,27,Male,Low,Bachelors,Native,2.6400701469970684
1739,26,Male,Medium,Secondary,Native,2.9171840439109724
1740,24,Male,Low,Below_Secondary,Bilingual,3.983794710506972
1741,21,Male,Low,Secondary,Native,2.4153299506546047
1742,22,Male,Medium,Masters_Plus,Native,2.3853896331147197
1743,18,Non-binary,Medium,Masters_Plus,Native,2.575261938777625
1744,18,Female,Low,Bachelors,ESL,3.4965712614904287
1745,20,Female,Low,Bachelors,Native,2.889548535401931
1746,30,Female,Low,Secondary,Bilingual,3.025534702569279
1747,25,Female,Medium,Secondary,Native,3.284115098563845
1748,19,Male,Medium,Bachelors,Native,3.476482854405594
1749,21,Female,Low,Secondary,Native,2.3981351345988986
1750,19,Non-binary,Medium,Secondary,Native,3.113675879972421
1751,22,Male,Medium,Bachelors,Native,3.4916039096754816
1752,26,Female,High,Secondary,Bilingual,2.9235192601529834
1753,18,Female,High,Masters_Plus,Native,2.3086502645639433
1754,22,Female,Medium,Secondary,Native,2.1911540846464286
1755,26,Female,Low,Masters_Plus,Native,3.0710674539728195
1756,18,Male,Low,Secondary,Native,2.1082250036667913
1757,26,Male,Medium,Secondary,Native,2.312153597216716
1758,25,Male,High,Bachelors,Bilingual,2.506092397700122
1759,21,Female,Medium,Bachelors,Native,2.9682592660368683
1760,29,Male,Medium,Bachelors,Native,3.1501124391232476
1761,28,Female,Medium,Secondary,Native,2.373989780139484
1762,27,Male,Medium,Below_Secondary,Native,2.021974857888336
1763,22,Male,Medium,Bachelors,Bilingual,3.2897576808834934
1764,30,Male,Medium,Below_Secondary,Native,3.2053712455647414
1765,22,Female,Low,Secondary,Native,3.0816338997317105
1766,28,Male,Medium,Bachelors,ESL,3.025165352913241
1767,29,Male,Medium,Below_Secondary,Native,2.5616315792492546
1768,23,Female,Low,Below_Secondary,Bilingual,2.6934339274505876
1769,24,Male,Low,Below_Secondary,Native,2.8455072400218486
1770,25,Male,Medium,Masters_Plus,Native,2.294248890751393
1771,25,Female,High,Secondary,Bilingual,3.030071907780987
1772,28,Female,Medium,Masters_Plus,Native,2.8715275845848067
1773,30,Male,Low,Secondary,ESL,2.7187687658588273
1774,19,Female,Medium,Bachelors,Native,3.347504774727495
1775,26,Non-binary,Medium,Secondary,Native,2.7393719673803014
1776,24,Female,Medium,Secondary,Native,3.195775940897978
1777,21,Female,Medium,Bachelors,Native,2.0867896289316996
1778,21,Female,High,Bachelors,Native,3.3041258684279393
1779,28,Female,Medium,Bachelors,ESL,3.1625064893189974
1780,25,Female,High,Bachelors,Bilingual,4.0
1781,21,Male,High,Secondary,Native,3.7605422155000956
1782,30,Female,High,Secondary,Bilingual,3.361812491470521
1783,23,Female,Medium,Secondary,ESL,2.4767360417105326
1784,22,Male,Medium,Masters_Plus,Native,2.2688456274635227
1785,20,Male,Medium,Secondary,Native,2.364997314514313
1786,30,Female,Low,Masters_Plus,Native,3.105689976496101
1787,27,Female,Low,Secondary,ESL,3.5765424385170896
1788,28,Male,Medium,Bachelors,Bilingual,2.0734557095079906
1789,19,Female,Medium,Secondary,Bilingual,2.293950820246983
1790,26,Male,High,Secondary,ESL,2.8200446922249838
1791,27,Male,Low,Bachelors,Native,2.1186758960741487
1792,26,Female,Low,Bachelors,Native,2.5463127188237245
1793,18,Male,Medium,Masters_Plus,Native,3.5468575128019033
1794,27,Male,Medium,Bachelors,Native,3.232874777672139
1795,20,Female,Low,Bachelors,Native,3.2977191378699153
1796,25,Male,High,Masters_Plus,Bilingual,2.2093014915741445
1797,23,Male,Medium,Bachelors,Native,1.752450065769774
1798,22,Non-binary,Medium,Bachelors,Native,2.5425846688238547
1799,22,Female,High,Secondary,Bilingual,1.4034360357944808
1800,23,Female,Medium,Secondary,Native,3.0715576754952827
1801,24,Female,Medium,Bachelors,Native,3.2484226438460793
1802,18,Male,High,Masters_Plus,Native,2.328603284142825
1803,26,Female,Low,Secondary,Native,3.1492590431277327
1804,20,Female,Medium,Secondary,ESL,3.146016530339533
1805,21,Female,Low,Bachelors,Native,2.1272981105679234
1806,27,Female,Low,Below_Secondary,Bilingual,2.560092013584559
1807,18,Female,High,Bachelors,Native,2.519284135483828
1808,30,Male,Medium,Bachelors,Native,3.3596873421558824
1809,28,Male,Medium,Secondary,Native,3.239419184082584
1810,27,Female,High,Masters_Plus,Native,3.143377285222092
1811,20,Female,High,Bachelors,Native,2.4632669039023947
1812,19,Female,High,Bachelors,Native,3.619426156532414
1813,19,Male,Medium,Secondary,Native,2.908724303683171
1814,18,Female,Medium,Secondary,Native,3.09734231382486
1815,25,Female,Low,Masters_Plus,Native,3.838376223667039
1816,20,Female,Medium,Secondary,Native,3.1974205321823623
1817,20,Female,Medium,Secondary,Native,2.728136308959321
1818,23,Female,Medium,Secondary,Native,2.501168368102909
1819,30,Female,Medium,Secondary,ESL,1.7596697394431882
1820,25,Female,High,Secondary,ESL,1.8601613881814016
1821,30,Female,Medium,Secondary,Bilingual,3.313476467251965
1822,26,Female,Medium,Masters_Plus,Bilingual,1.614472840073217
1823,26,Female,Medium,Bachelors,Native,3.4067752628247736
1824,21,Female,Low,Secondary,Native,3.2820361363222426
1825,22,Female,Medium,Bachelors,Bilingual,2.281011286055971
1826,19,Female,Medium,Below_Secondary,Native,2.9089468535962806
1827,28,Male,Low,Bachelors,Native,3.1457169991127
1828,26,Male,Medium,Secondary,Bilingual,2.8551768653551113
1829,25,Non-binary,Medium,Below_Secondary,Native,3.538734113788357
1830,20,Female,Low,Masters_Plus,Native,1.9647424710245305
1831,28,Female,Medium,Secondary,Native,3.1024995464431027
1832,29,Female,Medium,Bachelors,Native,2.4346509652313295
1833,30,Female,Medium,Secondary,Bilingual,1.7571264422943667
1834,26,Female,Medium,Below_Secondary,Native,2.1038640851327175
1835,20,Female,Medium,Bachelors,ESL,2.485308738922058
1836,26,Female,Medium,Bachelors,Bilingual,2.8139527601065364
1837,19,Male,High,Secondary,Native,2.2593482028885465
1838,29,Male,Medium,Secondary,Native,2.4963424134816368
1839,27,Male,High,Below_Secondary,Native,2.5624186280748042
1840,26,Male,Low,Masters_Plus,ESL,2.2722698822177447
1841,25,Female,Medium,Secondary,Native,2.460065986626282
1842,26,Male,Medium,Below_Secondary,Bilingual,3.14377297138787
1843,22,Male,Medium,Masters_Plus,Native,3.7893765626510243
1844,28,Male,Low,Secondary,Native,2.9250000665993006
1845,28,Male,Medium,Secondary,ESL,2.878979046609511
1846,19,Female,Low,Secondary,Native,2.7517735448484184
1847,25,Female,Low,Bachelors,Bilingual,2.5654592878692526
1848,29,Female,High,Below_Secondary,Native,3.145462830408857
1849,23,Male,High,Secondary,Bilingual,3.3899008549418106
1850,25,Male,Medium,Masters_Plus,Bilingual,2.10301842464173
1851,28,Male,Medium,Secondary,ESL,3.4229700972313535
1852,22,Female,High,Secondary,Native,3.775272305063363
1853,27,Male,Medium,Secondary,Native,2.1954301020697913
1854,19,Female,Low,Bachelors,Native,3.3524115831331978
1855,23,Male,High,Masters_Plus,Native,3.781227600065562
1856,22,Female,Medium,Secondary,Native,3.2295181610623716
1857,29,Male,Medium,Below_Secondary,Native,2.6944223724580927
1858,30,Male,Medium,Secondary,Native,3.2672955366639282
1859,29,Female,Medium,Secondary,Bilingual,2.312488589263711
1860,22,Male,High,Bachelors,Bilingual,2.6124735064845788
1861,30,Male,Medium,Below_Secondary,ESL,2.3604124652364398
1862,18,Female,High,Secondary,Native,1.9916797030875562
1863,19,Female,High,Bachelors,Native,2.8249066915849266
1864,25,Female,Medium,Secondary,Native,2.982427471272709
1865,30,Male,Medium,Bachelors,Native,3.197409700865279
1866,30,Male,Medium,Below_Secondary,Native,0.11288662671671368
1867,20,Male,Low,Masters_Plus,ESL,2.9096177913788797
1868,27,Male,Low,Secondary,Native,2.847312824664254
1869,20,Female,Medium,Masters_Plus,Native,2.1455594240435003
1870,25,Female,Medium,Secondary,Native,2.5333440880398492
1871,25,Male,Low,Bachelors,Native,3.25257380223957
1872,19,Female,Medium,Secondary,Native,2.8584393676364233
1873,25,Male,High,Bachelors,Native,2.78934800888292
1874,28,Female,Medium,Secondary,Native,3.335753785774993
1875,30,Male,High,Bachelors,Native,4.0
1876,30,Male,Medium,Bachelors,Native,2.654456109820508
1877,18,Female,Medium,Bachelors,Native,2.9480629428750924
1878,23,Female,Low,Bachelors,Native,2.265046879885621
1879,25,Female,Medium,Below_Secondary,Native,4.0
1880,20,Male,Medium,Secondary,ESL,2.476111473921488
1881,25,Male,Low,Bachelors,Native,1.7152651524913336
1882,29,Female,Medium,Below_Secondary,Native,3.17306951794422
1883,18,Male,Medium,Secondary,ESL,1.8338969745637939
1884,28,Female,Medium,Secondary,Native,3.5770173899285402
1885,28,Male,Medium,Secondary,Bilingual,3.1535761720748052
1886,26,Female,Medium,Bachelors,ESL,2.1832514693048806
1887,30,Female,Medium,Bachelors,Native,3.202347180888631
1888,28,Male,High,Masters_Plus,ESL,2.5997153260476273
1889,30,Female,High,Secondary,Native,3.0560695509010793
1890,26,Female,High,Masters_Plus,Native,2.0311893626758675
1891,22,Male,Medium,Bachelors,Bilingual,1.994294744529431
1892,27,Female,Medium,Masters_Plus,ESL,2.9907217871055964
1893,21,Female,Medium,Bachelors,Bilingual,3.930329694653234
1894,28,Male,Low,Bachelors,Native,2.412919183188424
1895,23,Male,High,Secondary,Native,2.3675299615226937
1896,29,Male,Medium,Secondary,Native,2.5967690901356333
1897,24,Female,Low,Secondary,Native,2.005973270025209
1898,22,Female,Low,Masters_Plus,ESL,3.1316834819717068
1899,28,Female,High,Masters_Plus,Native,3.3412174938055355
1900,30,Non-binary,Low,Bachelors,Native,3.089328287405412
1901,27,Female,Low,Masters_Plus,Native,2.698143165330224
1902,26,Female,Medium,Masters_Plus,Native,2.1851053434817684
1903,20,Male,Low,Bachelors,Bilingual,4.0
1904,24,Female,High,Bachelors,Native,2.2855351699600748
1905,27,Male,Medium,Secondary,Bilingual,2.271308207782529
1906,27,Female,Medium,Secondary,Native,1.724889339733357
1907,28,Male,High,Below_Secondary,Native,1.946941098165305
1908,22,Male,Medium,Secondary,Bilingual,3.009769816807164
1909,24,Male,Medium,Bachelors,Native,2.5439324619452037
1910,19,Male,Medium,Secondary,Native,2.2816689132667376
1911,21,Female,Medium,Masters_Plus,Bilingual,2.32131918130685
1912,19,Male,Medium,Secondary,Native,2.4917458294664883
1913,30,Female,Medium,Below_Secondary,Native,2.4013686798008305
1914,30,Female,High,Bachelors,Bilingual,3.6416002575732422
1915,29,Female,Medium,Bachelors,ESL,2.576824135889385
1916,24,Male,High,Secondary,Native,2.887472749112668
1917,19,Male,Medium,Bachelors,Bilingual,2.835524104455858
1918,30,Female,Medium,Secondary,Native,2.8558956285463655
1919,28,Female,High,Masters_Plus,Native,2.5776282413789344
1920,18,Male,Low,Bachelors,Native,2.51544249424669
1921,26,Male,Medium,Secondary,ESL,3.185866779148103
1922,18,Male,Medium,Bachelors,Native,2.9318033476690046
1923,25,Female,Medium,Masters_Plus,Native,2.344878471087425
1924,19,Male,Low,Bachelors,Native,1.0840890026836718
1925,29,Female,Medium,Bachelors,ESL,2.435825819190924
1926,25,Female,Medium,Secondary,Native,1.9838012676479857
1927,30,Male,Medium,Masters_Plus,Native,2.2460361302102156
1928,20,Non-binary,High,Bachelors,ESL,2.0067230583698064
1929,23,Female,High,Bachelors,Native,3.495736330064143
1930,20,Female,Medium,Secondary,Native,3.4914934698700537
1931,24,Female,High,Masters_Plus,Native,3.254819072215269
1932,27,Female,Medium,Bachelors,ESL,2.5996838044487403
1933,26,Female,Medium,Masters_Plus,ESL,2.400459207894447
1934,19,Male,Medium,Secondary,Native,1.9033195331034565
1935,29,Male,Medium,Below_Secondary,Native,3.348637117313647
1936,29,Male,Low,Secondary,Native,3.3211735290923325
1937,22,Male,Medium,Secondary,Native,3.0956653326205084
1938,30,Male,Medium,Bachelors,Bilingual,2.1348479976950183
1939,23,Male,Medium,Bachelors,Native,2.5977679675446366
1940,21,Male,High,Bachelors,Bilingual,2.7283119154655546
1941,21,Female,Medium,Bachelors,Bilingual,1.7398468682954225
1942,21,Female,Low,Secondary,Bilingual,3.6572959614815317
1943,19,Female,Medium,Secondary,ESL,1.9889691897547845
1944,21,Female,Medium,Masters_Plus,Native,2.3322302612548556
1945,28,Female,Medium,Bachelors,Native,1.7368848756634905
1946,18,Female,Low,Bachelors,Bilingual,2.677863143876025
1947,29,Male,Medium,Secondary,Bilingual,2.6508787161066394
1948,23,Male,High,Bachelors,Native,3.3880924714471172
1949,18,Female,Medium,Secondary,Bilingual,2.231460143213991
1950,27,Female,High,Bachelors,Native,2.14880728344777
1951,23,Female,High,Masters_Plus,Native,2.848102006641428
1952,18,Male,Low,Bachelors,Native,1.5547295968169257
1953,23,Male,Medium,Below_Secondary,ESL,3.598891913889407
1954,27,Female,Medium,Bachelors,Native,2.007016257408563
1955,25,Female,Medium,Secondary,Native,3.8901984086164654
1956,28,Male,Medium,Secondary,ESL,2.324772987253197
1957,19,Male,Medium,Masters_Plus,Bilingual,1.9438715990047846
1958,19,Female,Low,Secondary,Bilingual,3.1498486101110164
1959,30,Female,High,Masters_Plus,Native,3.1153052324407065
1960,29,Male,Medium,Secondary,Native,3.1298500571336993
1961,21,Female,High,Bachelors,Native,2.860353296445199
1962,28,Male,Medium,Bachelors,Bilingual,4.0
1963,20,Male,High,Secondary,Native,1.99029419478796
1964,21,Female,Medium,Bachelors,Native,3.616954834196222
1965,30,Male,Low,Masters_Plus,Bilingual,1.8346570798332276
1966,29,Female,Medium,Bachelors,Native,3.791137276288449
1967,24,Female,Medium,Bachelors,Bilingual,3.011563830407495
1968,30,Female,Medium,Masters_Plus,Native,3.7356192594865067
1969,28,Male,Medium,Secondary,Native,3.335277019179711
1970,18,Male,Low,Below_Secondary,Native,1.495231235344946
1971,23,Male,Medium,Below_Secondary,Bilingual,2.597200779011693
1972,20,Female,Medium,Bachelors,ESL,2.0480700560138865
1973,28,Female,Medium,Bachelors,Native,3.6962594898167924
1974,27,Female,Medium,Bachelors,Native,3.280358117823675
1975,24,Female,High,Masters_Plus,Native,2.8908495447227147
1976,27,Female,Medium,Bachelors,ESL,2.552509841979363
1977,19,Female,Medium,Secondary,Bilingual,3.054116707637234
1978,19,Male,High,Secondary,ESL,2.2251133874426885
1979,30,Male,Medium,Masters_Plus,ESL,2.968796127969024
1980,21,Female,Low,Below_Secondary,Native,2.7260398502915804
1981,18,Male,Low,Bachelors,Native,2.309935215872696
1982,20,Male,Medium,Secondary,Native,3.217276350087604
1983,30,Female,Medium,Secondary,Native,3.931486535349299
1984,26,Female,Medium,Bachelors,Native,1.9429955454702874
1985,24,Male,Low,Secondary,Native,3.36681907823062
1986,24,Female,Medium,Masters_Plus,Bilingual,2.315576593616774
1987,30,Female,Medium,Secondary,Native,3.150410205075283
1988,30,Female,High,Bachelors,Native,2.4296997796373656
1989,28,Male,Medium,Bachelors,Native,2.6201729472257878
1990,21,Male,High,Bachelors,Native,2.679516702974044
1991,19,Female,High,Masters_Plus,Bilingual,3.6168059933661523
1992,21,Female,Low,Secondary,Bilingual,2.744773511501931
1993,23,Female,Medium,Below_Secondary,Native,2.596493615030577
1994,28,Female,Medium,Below_Secondary,Native,2.7502664849065925
1995,28,Male,High,Masters_Plus,Native,3.9376499461310805
1996,20,Male,Medium,Masters_Plus,Native,3.136052111562581
1997,18,Female,High,Secondary,Native,2.4337322787304805
1998,29,Male,Low,Bachelors,ESL,3.698891135134654
1999,25,Male,Medium,Below_Secondary,Native,2.908338324512801
2000,29,Female,Medium,Secondary,Native,2.2822712686302364
2001,30,Male,Medium,Bachelors,Bilingual,3.036223448018797
2002,22,Male,Low,Below_Secondary,Native,2.709899498490835
2003,22,Male,Medium,Secondary,Native,0.7706713823248443
2004,28,Male,Low,Bachelors,ESL,2.9984483951201417
2005,21,Male,Medium,Bachelors,Native,2.1547784310412537
2006,23,Female,High,Secondary,Bilingual,2.0364030989291635
2007,20,Female,High,Bachelors,Bilingual,1.6341439863215688
2008,26,Male,Medium,Bachelors,Bilingual,2.876914298908794
2009,22,Female,Medium,Below_Secondary,ESL,2.711481570077962
2010,20,Male,Medium,Bachelors,Bilingual,3.3694495742485158
2011,28,Female,Low,Secondary,Bilingual,2.32150847696122
2012,18,Female,Medium,Below_Secondary,ESL,2.511218288449768
2013,27,Female,Low,Secondary,ESL,3.9877403807946274
2014,29,Female,High,Masters_Plus,ESL,1.6150465734690518
2015,23,Male,High,Secondary,Bilingual,3.529538356524621
2016,19,Male,Medium,Below_Secondary,Native,2.3321258279554997
2017,30,Female,Medium,Below_Secondary,Bilingual,4.0
2018,20,Male,Low,Secondary,Native,3.233292859826125
2019,18,Male,Medium,Bachelors,Native,2.42321274332873
2020,26,Female,Medium,Secondary,Native,1.963746425845851
2021,25,Female,Medium,Bachelors,ESL,3.045549671632155
2022,29,Female,Low,Bachelors,Native,1.6541147817830097
2023,19,Male,High,Bachelors,Bilingual,3.2131098617063314
2024,29,Female,Medium,Secondary,Native,1.963762106281946
2025,28,Male,High,Secondary,Native,2.218085282358784
2026,25,Male,High,Secondary,Native,1.118433525742877
2027,29,Female,High,Bachelors,Bilingual,2.878082150619823
2028,26,Male,Low,Below_Secondary,ESL,2.967635153228325
2029,18,Male,Low,Bachelors,Native,2.8170210993351037
2030,30,Female,Medium,Secondary,Native,1.7666199402237748
2031,22,Male,Low,Secondary,Bilingual,3.660786254180447
2032,25,Male,Medium,Secondary,Native,2.7027713072792197
2033,28,Male,Medium,Secondary,Native,2.4869207891521583
2034,19,Male,Medium,Masters_Plus,Native,3.281935336314712
2035,21,Male,Medium,Secondary,Bilingual,2.535808557943134
2036,24,Female,High,Masters_Plus,Native,3.0647296029587405
2037,20,Female,Low,Bachelors,Native,2.331839148423251
2038,30,Male,Medium,Masters_Plus,ESL,3.2896947363158633
2039,29,Female,Medium,Secondary,Bilingual,3.274290177089066
2040,22,Male,Medium,Masters_Plus,Native,2.5280907469934237
2041,25,Male,Medium,Secondary,Native,2.8913554136546633
2042,29,Female,Low,Bachelors,Native,2.78511597548336
2043,27,Male,Medium,Below_Secondary,Native,2.7249431294052977
2044,20,Non-binary,Low,Secondary,Native,2.0872201555826306
2045,21,Male,Low,Bachelors,Native,2.1716009189528367
2046,26,Female,Medium,Bachelors,Native,2.5688336799764206
2047,24,Male,Medium,Secondary,ESL,2.8412958821272354
2048,18,Male,Medium,Below_Secondary,ESL,2.269853668436424
2049,29,Male,Medium,Bachelors,Native,2.8086674612239886
2050,21,Female,High,Secondary,Native,1.4263869270772083
2051,21,Female,High,Below_Secondary,Native,2.801740374928459
2052,26,Female,Medium,Masters_Plus,Native,2.846268161740542
2053,23,Male,Medium,Masters_Plus,Native,3.2912373016117438
2054,26,Male,Medium,Masters_Plus,ESL,3.6536024993512606
2055,29,Male,Medium,Bachelors,ESL,3.2106361101261225
2056,23,Female,Medium,Below_Secondary,Native,3.878450775962847
2057,23,Female,Medium,Masters_Plus,Bilingual,2.7824306463111887
2058,22,Male,Medium,Secondary,Native,2.8277775237161356
2059,22,Female,Medium,Secondary,Native,3.28400854253998
2060,19,Male,Low,Bachelors,Native,2.735881501115286
2061,25,Female,Medium,Secondary,Bilingual,2.6014469498512196
2062,25,Female,Medium,Bachelors,ESL,3.624529785604764
2063,28,Male,Medium,Below_Secondary,Bilingual,3.234221220341835
2064,30,Male,Medium,Secondary,Native,3.19584510582286
2065,18,Non-binary,Medium,Bachelors,Bilingual,2.281436996859382
2066,25,Female,Medium,Secondary,ESL,3.3662306435264693
2067,22,Female,Medium,Below_Secondary,Native,2.8493742039022734
2068,19,Female,Medium,Secondary,Native,2.2062074711440354
2069,19,Male,Low,Secondary,Bilingual,3.218156478651669
2070,23,Female,Medium,Secondary,ESL,2.080563290329848
2071,28,Female,Medium,Masters_Plus,Native,1.355407093991949
2072,30,Female,Medium,Secondary,Native,1.7169420098458894
2073,26,Male,Medium,Masters_Plus,Native,2.6509202741555624
2074,18,Male,High,Below_Secondary,Bilingual,3.7246570536262222
2075,29,Male,High,Secondary,ESL,2.9876828199929943
2076,23,Male,Low,Secondary,Native,2.738510118508513
2077,26,Male,High,Secondary,Native,3.5914821192652204
2078,25,Male,Medium,Below_Secondary,ESL,3.1061511717256503
2079,28,Male,Medium,Secondary,Native,3.4144049530435465
2080,23,Male,Low,Secondary,ESL,3.3833809091616756
2081,20,Female,High,Secondary,Native,2.6117624931075825
2082,25,Male,Low,Bachelors,Native,2.6610085071175407
2083,26,Male,High,Masters_Plus,Native,2.2999248458271753
2084,18,Male,Low,Secondary,Native,3.298450486679731
2085,29,Male,Medium,Bachelors,ESL,2.0634276566927974
2086,26,Female,Medium,Bachelors,ESL,2.268416020780968
2087,23,Male,Low,Secondary,Bilingual,2.7579913367158526
2088,23,Female,Low,Masters_Plus,Native,2.865955767946779
2089,29,Female,Medium,Masters_Plus,Native,3.151998645655239
2090,21,Female,Low,Secondary,Native,2.7750174703781383
2091,18,Female,Medium,Bachelors,ESL,2.581780605530406
2092,27,Female,Medium,Bachelors,Native,3.2338262640360425
2093,25,Female,High,Secondary,ESL,3.3485831887867064
2094,19,Male,Medium,Secondary,ESL,1.7801230403458856
2095,29,Male,Low,Masters_Plus,Native,3.441726174701663
2096,18,Female,Medium,Bachelors,ESL,2.603908994236109
2097,19,Male,Medium,Below_Secondary,ESL,3.758843947624271
2098,18,Male,High,Below_Secondary,Bilingual,2.409891308844169
2099,18,Female,High,Masters_Plus,Bilingual,2.20329498958963
2100,26,Female,Medium,Below_Secondary,Bilingual,3.1888166265183497
2101,30,Male,Low,Bachelors,Native,4.0
2102,18,Female,High,Secondary,Native,1.826348490781533
2103,30,Male,High,Below_Secondary,Native,3.3030357831894466
2104,21,Female,High,Below_Secondary,Native,3.136194330597026
2105,27,Male,High,Secondary,ESL,2.7804289685631174
2106,23,Male,Medium,Below_Secondary,Native,4.0
2107,24,Female,Low,Bachelors,Native,1.6520325945047463
2108,19,Male,Medium,Bachelors,Native,3.467467034605518
2109,23,Female,Medium,Secondary,ESL,3.383717894652872
2110,24,Male,Medium,Bachelors,ESL,3.518454197213445
2111,27,Male,Medium,Secondary,Native,3.4424333691754074
2112,27,Female,Medium,Secondary,ESL,2.9412167776312956
2113,19,Male,Medium,Secondary,Native,2.6169551842808896
2114,19,Male,Medium,Secondary,Bilingual,2.4337755739093474
2115,27,Male,Low,Masters_Plus,Bilingual,3.152630837292802
2116,24,Female,Medium,Bachelors,ESL,2.796255674336627
2117,29,Female,High,Secondary,ESL,2.6735476058353873
2118,18,Non-binary,High,Bachelors,Native,2.4677791510225324
2119,25,Male,Medium,Secondary,Native,2.555421426262556
2120,28,Male,Medium,Below_Secondary,Native,3.266214985346603
2121,30,Male,Low,Secondary,Native,2.8111692781050985
2122,20,Female,Medium,Bachelors,Native,3.5255303311210735
2123,28,Male,Medium,Secondary,Native,1.9881544332198513
2124,23,Female,Medium,Masters_Plus,Native,3.1723246418324673
2125,26,Male,High,Secondary,Native,2.1951371753548017
2126,23,Non-binary,Medium,Secondary,Native,3.525520901386863
2127,26,Female,Low,Masters_Plus,Bilingual,3.5415341859394367
2128,24,Female,Low,Secondary,Native,1.9538489213762493
2129,26,Male,Medium,Bachelors,ESL,2.340654607268486
2130,19,Male,Medium,Bachelors,Native,2.3663142176839247
2131,29,Male,High,Masters_Plus,Native,3.5575481134968268
2132,25,Male,Medium,Below_Secondary,Native,2.4435514857770273
2133,25,Male,Medium,Secondary,Native,3.2140052549422506
2134,19,Female,Medium,Bachelors,Native,2.403286520406343
2135,29,Male,Medium,Bachelors,ESL,3.4452702293458244
2136,21,Female,Medium,Bachelors,Native,3.504815424971153
2137,28,Female,Medium,Secondary,Native,3.8019403279821775
2138,24,Male,Medium,Secondary,Native,2.69713476989197
2139,28,Non-binary,Medium,Bachelors,ESL,2.80167321760112
2140,21,Male,High,Secondary,Native,2.7165283154840942
2141,21,Male,Medium,Secondary,ESL,2.815828689320826
2142,23,Female,Low,Below_Secondary,Native,2.5446343967590983
2143,27,Female,Low,Secondary,Native,3.434234300974115
2144,23,Male,Low,Bachelors,Native,2.343590388111257
2145,27,Male,Medium,Bachelors,Bilingual,2.713252980433215
2146,20,Female,Low,Below_Secondary,Bilingual,2.9155559026359588
2147,26,Male,Low,Secondary,Native,3.094266257441247
2148,29,Female,Medium,Bachelors,Native,2.0855099719701995
2149,27,Female,Medium,Secondary,Native,2.6524741704665935
2150,28,Non-binary,Low,Bachelors,Native,2.813250794288461
2151,19,Male,Medium,Bachelors,Native,3.2813634840935424
2152,23,Male,Medium,Masters_Plus,ESL,2.671847425257031
2153,29,Male,High,Bachelors,Bilingual,2.738706114221176
2154,24,Male,Medium,Secondary,Native,2.882463829427759
2155,29,Male,Low,Bachelors,ESL,3.42952332629049
2156,30,Male,Medium,Below_Secondary,ESL,1.5690589438804596
2157,26,Female,Medium,Below_Secondary,Native,2.863629805331159
2158,30,Female,Low,Below_Secondary,Native,3.5016092372296983
2159,20,Male,High,Secondary,ESL,2.303688285327326
2160,27,Male,Medium,Secondary,Native,2.3482835553169874
2161,20,Male,High,Secondary,Native,3.5345334469443883
2162,24,Male,Medium,Bachelors,Bilingual,2.590545881497697
2163,21,Female,Medium,Masters_Plus,Native,2.6082149908102825
2164,30,Female,Medium,Secondary,ESL,2.9663115984288484
2165,25,Female,Medium,Bachelors,Native,1.0096403551379416
2166,30,Female,Medium,Below_Secondary,Native,1.7089490298385914
2167,24,Female,High,Masters_Plus,Native,3.1477035891654195
2168,22,Female,Medium,Secondary,Native,2.653078969639679
2169,24,Male,High,Masters_Plus,Native,2.7038199900715885
2170,20,Female,High,Secondary,Native,2.4055986905792377
2171,29,Female,High,Bachelors,Bilingual,2.6350029127338512
2172,19,Male,Medium,Secondary,Native,3.5152195591205735
2173,23,Male,Medium,Secondary,Native,2.879179333961143
2174,19,Male,Low,Secondary,Native,3.4357101942235992
2175,20,Female,Medium,Secondary,Native,2.7073678303500173
2176,23,Male,Medium,Bachelors,Native,2.8115916266354244
2177,22,Male,Medium,Bachelors,Native,2.995320523529115
2178,25,Male,Low,Secondary,ESL,3.1159355307503773
2179,26,Female,High,Masters_Plus,Native,2.2915556154676913
2180,28,Male,High,Secondary,ESL,2.784514666828821
2181,20,Female,Medium,Masters_Plus,Native,2.394789464212546
2182,29,Female,Medium,Secondary,Bilingual,3.7054092260944196
2183,27,Female,Medium,Masters_Plus,Native,1.765466285737039
2184,20,Female,Medium,Below_Secondary,Bilingual,3.151648294187909
2185,20,Male,Medium,Bachelors,Native,2.3359720282342193
2186,30,Male,Medium,Secondary,Native,2.119039539582667
2187,30,Female,Medium,Bachelors,Native,2.6186619779188414
2188,23,Male,Medium,Bachelors,Bilingual,3.5741823616358
2189,18,Male,Medium,Secondary,ESL,2.4146276709072048
2190,24,Female,Medium,Masters_Plus,Native,1.7174550114170817
2191,29,Male,High,Masters_Plus,Native,2.2333869152600174
2192,18,Female,Low,Masters_Plus,Bilingual,2.8742174170537664
2193,22,Male,Medium,Masters_Plus,ESL,1.829988156153103
2194,27,Female,Medium,Bachelors,Native,3.2327369152046037
2195,30,Female,Low,Masters_Plus,ESL,1.8512828852320125
2196,25,Female,Medium,Masters_Plus,Native,2.510683913358482
2197,21,Male,Medium,Secondary,Native,3.2913923651578
2198,22,Female,Medium,Bachelors,Native,2.4986667402550813
2199,21,Female,Medium,Masters_Plus,Bilingual,1.9940943004756368
2200,29,Male,Medium,Bachelors,Native,2.745503973873454
2201,29,Male,Medium,Secondary,Native,2.5040145789255464
2202,21,Female,Low,Below_Secondary,Native,3.527071438691051
2203,29,Female,Medium,Bachelors,Native,3.2931878488484765
2204,25,Male,Low,Masters_Plus,Native,3.1037974433639155
2205,19,Female,High,Secondary,Native,2.812932851296112
2206,18,Male,High,Secondary,ESL,2.6687048641914526
2207,20,Male,Medium,Secondary,Native,2.6655610583245144
2208,26,Female,High,Bachelors,Native,1.7742061008415209
2209,21,Female,Medium,Secondary,Bilingual,2.8017681331395647
2210,27,Female,High,Bachelors,ESL,2.3244970775169693
2211,22,Non-binary,Medium,Masters_Plus,Native,2.748628521446727
2212,19,Male,Low,Bachelors,Native,2.8312970035075566
2213,21,Male,High,Secondary,ESL,2.5086414814766735
2214,19,Male,Low,Masters_Plus,Native,3.3598588724227336
2215,19,Female,Low,Bachelors,Native,2.1550311556866526
2216,21,Female,Medium,Below_Secondary,Native,2.5036166741599684
2217,23,Male,Medium,Secondary,Bilingual,2.6029688148189183
2218,24,Male,Medium,Bachelors,Native,3.493277695711634
2219,27,Male,Medium,Bachelors,ESL,2.818637048475803
2220,20,Female,High,Masters_Plus,Native,2.789569512082767
2221,20,Male,Low,Secondary,ESL,3.3223078381332845
2222,27,Male,High,Secondary,Native,2.4867639387709244
2223,23,Female,High,Below_Secondary,Native,3.3250962200793808
2224,30,Female,Low,Bachelors,Native,3.0386797376198698
2225,29,Female,Medium,Bachelors,Native,3.5425004215227553
2226,20,Female,High,Secondary,Native,2.5725664025927117
2227,30,Male,Medium,Secondary,Bilingual,2.6233310305281825
2228,19,Female,Medium,Masters_Plus,Bilingual,2.8852929827577785
2229,25,Female,Medium,Masters_Plus,Native,2.7635182108954
2230,22,Non-binary,Medium,Secondary,Native,3.2606028219046697
2231,18,Male,Low,Bachelors,Native,2.6701277015846605
2232,20,Male,Medium,Bachelors,ESL,2.1637961049651127
2233,27,Male,Low,Secondary,Native,3.6127197191652214
2234,25,Male,Medium,Secondary,Bilingual,3.9491347028105332
2235,21,Female,High,Secondary,Native,1.8594790427817758
2236,24,Male,Medium,Secondary,Native,3.0881093780250133
2237,27,Male,High,Bachelors,Native,3.248282912673088
2238,29,Male,Medium,Secondary,Native,2.9460139288346285
2239,19,Male,Medium,Secondary,Bilingual,3.7443292116378046
2240,24,Male,Medium,Bachelors,Bilingual,1.9948627121751583
2241,22,Male,High,Below_Secondary,Bilingual,2.461776347344144
2242,22,Male,Medium,Bachelors,Bilingual,2.8640874403238965
2243,23,Female,Low,Secondary,Native,3.3519230052909466
2244,30,Female,High,Secondary,Native,3.5243881849694345
2245,26,Male,Medium,Masters_Plus,ESL,2.076469158016505
2246,23,Non-binary,Low,Secondary,Bilingual,1.7341957393327163
2247,29,Female,Medium,Bachelors,Bilingual,3.2677382103136
2248,30,Female,High,Secondary,Native,2.8699388967316706
2249,25,Male,Medium,Masters_Plus,Native,2.8986245546904685
2250,24,Male,Medium,Bachelors,Native,3.282298028086541
2251,26,Male,High,Secondary,Bilingual,2.3140354338539075
2252,21,Male,Medium,Bachelors,ESL,2.6560994278426464
2253,19,Male,Medium,Below_Secondary,Native,3.1142149702242383
2254,24,Female,Low,Masters_Plus,Native,2.229509809233585
2255,23,Male,Medium,Secondary,Native,2.4745850708123482
2256,18,Male,Medium,Bachelors,Native,2.862910804432379
2257,28,Female,High,Secondary,Native,3.1141242818174466
2258,26,Male,Medium,Bachelors,ESL,1.9322231202946214
2259,26,Female,Medium,Masters_Plus,Bilingual,3.200237441866417
2260,29,Female,Low,Masters_Plus,ESL,3.06208661345804
2261,19,Female,Medium,Secondary,Native,2.294643257399557
2262,20,Non-binary,Low,Bachelors,Native,4.0
2263,22,Male,Low,Secondary,ESL,2.2296737129354494
2264,22,Female,Low,Secondary,Native,3.240710047431054
2265,18,Female,Medium,Secondary,ESL,2.966526509359452
2266,25,Female,Medium,Secondary,Bilingual,2.5518387938946847
2267,29,Female,Medium,Bachelors,Native,2.854145187395018
2268,25,Female,High,Secondary,Native,3.120196483664964
2269,21,Male,Low,Bachelors,Native,4.0
2270,30,Female,Medium,Secondary,Native,1.930874371962496
2271,24,Male,High,Secondary,Native,1.1733344882252539
2272,28,Female,Medium,Bachelors,ESL,2.1939145510974805
2273,27,Female,Medium,Below_Secondary,Bilingual,2.781924409613883
2274,20,Male,Low,Secondary,Native,3.199293888012151
2275,23,Male,Medium,Secondary,Native,2.8578796147794034
2276,27,Male,Medium,Secondary,Native,2.708685098687417
2277,30,Female,High,Bachelors,Native,3.722001049314591
2278,27,Female,Medium,Secondary,Native,2.325470440546591
2279,29,Female,Medium,Secondary,Bilingual,3.7975108385899743
2280,26,Female,Medium,Masters_Plus,Native,3.1723204537774548
2281,18,Female,High,Masters_Plus,Native,3.699765512788285
2282,22,Male,Low,Below_Secondary,Native,2.234248370700551
2283,21,Male,High,Bachelors,Native,2.5886817619693776
2284,25,Female,Medium,Secondary,Native,1.9232499846096796
2285,28,Male,Medium,Secondary,Native,2.9801171432635023
2286,29,Male,Medium,Secondary,Native,2.992559491097763
2287,18,Male,Medium,Bachelors,ESL,4.0
2288,26,Male,Medium,Secondary,Bilingual,2.848487910764568
2289,23,Female,Medium,Masters_Plus,Bilingual,1.8896383616165218
2290,21,Male,Low,Secondary,Native,3.3665160876478373
2291,29,Female,Low,Secondary,Native,2.2520009484964816
2292,26,Male,High,Bachelors,Native,2.0382997495077055
2293,28,Male,High,Below_Secondary,Bilingual,3.2211880334582195
2294,22,Male,Medium,Secondary,Native,2.3392781163986367
2295,22,Female,Medium,Secondary,Native,2.44065940201811
2296,29,Female,Medium,Secondary,Native,3.641492676464556
2297,22,Female,Medium,Secondary,ESL,3.108136172866391
2298,18,Female,High,Below_Secondary,ESL,3.1582094073629645
2299,18,Female,Medium,Secondary,Native,1.9741393883702933
2300,25,Female,High,Below_Secondary,Bilingual,3.223326680477295
2301,29,Female,High,Masters_Plus,Native,2.6335427750025606
2302,25,Female,High,Below_Secondary,Native,2.5335328027729713
2303,29,Male,Low,Secondary,Native,3.0450968982743474
2304,23,Female,Low,Masters_Plus,Native,2.8049890631368806
2305,29,Female,Medium,Bachelors,Native,1.9220316402448376
2306,28,Female,Medium,Secondary,ESL,3.3712014257862255
2307,30,Male,Low,Below_Secondary,Bilingual,3.4285272607515895
2308,21,Female,Medium,Bachelors,Native,2.447591427836275
2309,19,Female,Medium,Below_Secondary,Native,3.165346932941866
2310,19,Male,Medium,Bachelors,Native,3.348100427010545
2311,26,Female,Medium,Masters_Plus,Native,1.678798446556279
2312,22,Male,Medium,Bachelors,ESL,2.4908592598066135
2313,21,Male,Medium,Secondary,Native,1.493562923405344
2314,27,Male,Medium,Bachelors,Native,3.180426239932335
2315,30,Male,Low,Bachelors,Native,3.0679036579489747
2316,18,Female,Medium,Bachelors,Native,2.4068310795583394
2317,24,Male,Medium,Secondary,Native,2.709858095503271
2318,20,Male,Low,Bachelors,ESL,2.5791235086668096
2319,23,Male,Medium,Bachelors,Bilingual,1.5757951393967253
2320,22,Male,Medium,Masters_Plus,Native,3.580195366145877
2321,22,Male,Medium,Bachelors,Bilingual,2.9531049506767584
2322,28,Female,Medium,Secondary,ESL,2.7134377554106077
2323,22,Male,Medium,Bachelors,Native,2.7173273120192323
2324,18,Female,Medium,Secondary,Native,3.224638400067919
2325,18,Female,High,Bachelors,Native,1.8479020251939264
2326,20,Male,Low,Below_Secondary,Native,2.2747774028275125
2327,29,Female,High,Secondary,Bilingual,2.9277804041167736
2328,27,Male,Medium,Bachelors,Native,3.4693437188911656
2329,21,Male,Low,Secondary,Native,1.3539869542601928
2330,22,Male,Low,Bachelors,Native,3.397643403471379
2331,19,Male,Medium,Bachelors,Native,2.375189534905303
2332,25,Female,Medium,Secondary,Native,2.628054815838264
2333,28,Female,Low,Secondary,Bilingual,2.820287017738813
2334,28,Male,Low,Masters_Plus,Native,2.13709690253629
2335,19,Female,Medium,Secondary,Native,2.055844439655812
2336,26,Male,Low,Bachelors,Native,2.924526324613838
2337,19,Female,High,Bachelors,ESL,3.936907027331615
2338,30,Male,Medium,Masters_Plus,Native,2.2322843184042993
2339,26,Male,Medium,Bachelors,Native,2.227565277715909
2340,24,Male,Medium,Bachelors,Native,2.0657575807626065
2341,25,Male,Low,Masters_Plus,Native,2.664666824397747
2342,28,Female,High,Bachelors,Native,2.2104141727599567
2343,19,Female,Low,Bachelors,Native,2.2233305331585913
2344,24,Male,Medium,Below_Secondary,Bilingual,2.9261047104719506
2345,29,Female,Medium,Secondary,Native,1.933273944574326
2346,23,Female,Low,Bachelors,Native,3.773385419735555
2347,21,Female,Medium,Bachelors,Bilingual,2.0945410790010786
2348,24,Male,High,Secondary,Native,3.478862646981214
2349,30,Male,Medium,Below_Secondary,Native,3.9837889423420543
2350,21,Female,High,Bachelors,Native,3.518852778093825
2351,19,Female,High,Secondary,ESL,3.444273085377503
2352,27,Male,Medium,Secondary,Bilingual,3.2776962535827594
2353,29,Male,Medium,Secondary,Native,2.928262928529301
2354,24,Male,Medium,Bachelors,Native,3.5072822277564604
2355,25,Female,Medium,Secondary,Bilingual,2.643649147710282
2356,19,Female,Medium,Secondary,Native,3.319133137043507
2357,22,Male,High,Below_Secondary,Bilingual,3.464668352138186
2358,18,Female,Medium,Secondary,Native,3.1051074043863482
2359,24,Female,Medium,Bachelors,ESL,2.6384218776315387
2360,25,Female,Medium,Bachelors,Bilingual,3.0928774212755363
2361,30,Female,Medium,Secondary,Native,2.5783943522944135
2362,23,Female,High,Secondary,Native,2.473707230619169
2363,22,Male,Medium,Masters_Plus,Native,3.272602092061243
2364,23,Female,Low,Secondary,Native,2.8877213552567316
2365,19,Male,Low,Bachelors,Bilingual,3.2654635887130237
2366,18,Male,High,Secondary,Native,2.891552585155376
2367,24,Male,Medium,Below_Secondary,Bilingual,3.1056924557976764
2368,24,Male,High,Below_Secondary,Native,3.638995126426067
2369,27,Male,Low,Bachelors,Bilingual,2.702736483845549
2370,28,Male,Medium,Below_Secondary,Native,2.5578554871128896
2371,27,Female,Low,Below_Secondary,Bilingual,3.0578655004512285
2372,19,Male,Medium,Secondary,Native,1.252709788743616
2373,19,Female,Medium,Below_Secondary,Native,3.225319550676649
2374,18,Male,Low,Secondary,Native,2.2827305629452947
2375,27,Female,Medium,Below_Secondary,Native,3.805543086016706
2376,25,Female,Medium,Secondary,Native,3.273848921763083
2377,25,Male,Medium,Bachelors,Native,3.3496530832907383
2378,18,Female,Medium,Bachelors,ESL,3.36381184294585
2379,29,Female,Medium,Secondary,Native,2.5244793797168477
2380,28,Female,Low,Below_Secondary,Bilingual,2.6439452254449964
2381,25,Female,Medium,Bachelors,Native,1.78485803732063
2382,26,Female,Medium,Secondary,Native,3.696710888750132
2383,21,Female,Medium,Below_Secondary,Native,2.0270907137980996
2384,18,Male,High,Bachelors,ESL,2.7911020249544136
2385,18,Male,Medium,Masters_Plus,Native,3.535024386030812
2386,20,Female,Medium,Secondary,ESL,3.7205470317533633
2387,22,Male,High,Below_Secondary,Native,2.649494470656409
2388,22,Female,High,Masters_Plus,Bilingual,1.7763488581456306
2389,26,Male,Medium,Below_Secondary,Native,2.9386436381173224
2390,27,Female,High,Masters_Plus,Native,2.9998812050910035
2391,29,Non-binary,Medium,Secondary,Native,3.0543704457595107
2392,19,Male,Medium,Secondary,Native,2.6166648590434827
2393,19,Male,Medium,Bachelors,Native,2.7171631270242353
2394,23,Female,Medium,Masters_Plus,Native,2.3835733341910386
2395,26,Female,Low,Masters_Plus,Native,2.895229358050161
2396,18,Male,High,Secondary,Native,3.2810749804784995
2397,26,Male,High,Bachelors,Native,2.9579499243778313
2398,26,Female,Medium,Bachelors,Native,2.7736226334975576
2399,30,Female,Medium,Bachelors,Bilingual,3.474283853045087
2400,26,Male,Low,Bachelors,Bilingual,2.953912943799048
2401,22,Male,Medium,Below_Secondary,Native,2.818601363764466
2402,30,Female,Medium,Secondary,Native,2.8465997337652174
2403,26,Male,Medium,Masters_Plus,Native,2.0737751477591537
2404,28,Male,High,Masters_Plus,ESL,2.145958318756305
2405,21,Female,Low,Below_Secondary,Bilingual,2.725459452785387
2406,19,Male,Low,Secondary,Native,2.357550233251227
2407,30,Female,Medium,Masters_Plus,Bilingual,2.7728532781413677
2408,23,Male,Medium,Secondary,Native,3.3140249890087174
2409,21,Female,High,Bachelors,Native,3.2234383646103497
2410,23,Female,Medium,Secondary,ESL,3.0355303507091476
2411,20,Male,Medium,Masters_Plus,ESL,3.306848799181919
2412,23,Female,Medium,Secondary,Bilingual,3.4181970315048065
2413,19,Male,Low,Secondary,Native,3.3965017591383586
2414,19,Female,Medium,Secondary,Native,3.38170254003845
2415,30,Female,Low,Masters_Plus,ESL,2.080711255054095
2416,26,Male,Medium,Bachelors,Bilingual,1.6653154228146425
2417,24,Male,Medium,Bachelors,Native,2.331863450400991
2418,20,Male,Low,Secondary,Native,2.5259254711306562
2419,30,Female,Low,Masters_Plus,ESL,3.357159112628147
2420,28,Male,Medium,Bachelors,ESL,2.742108565223923
2421,18,Male,Medium,Bachelors,Bilingual,2.5121094315811914
2422,25,Male,High,Masters_Plus,Bilingual,2.8981202236616928
2423,23,Male,Low,Secondary,Native,3.1214986102969853
2424,24,Female,Low,Bachelors,Native,3.265448705455863
2425,26,Male,Low,Masters_Plus,Bilingual,2.552184582570733
2426,22,Female,Medium,Bachelors,Native,2.225791402039615
2427,18,Male,Medium,Bachelors,Bilingual,2.3328686639299665
2428,29,Male,High,Below_Secondary,ESL,2.8720745085673416
2429,27,Female,Medium,Bachelors,Native,2.1686398145236008
2430,24,Non-binary,Low,Bachelors,Bilingual,3.368980786274909
2431,22,Female,Medium,Secondary,Bilingual,2.1744027362154252
2432,20,Male,High,Masters_Plus,Native,1.8654818060822203
2433,29,Male,Medium,Secondary,Bilingual,2.8932121461633775
2434,30,Female,Medium,Secondary,Native,2.634396630955055
2435,26,Male,High,Bachelors,Bilingual,3.082718981283285
2436,18,Male,Medium,Secondary,Native,2.5005599388612154
2437,18,Female,Medium,Below_Secondary,Bilingual,3.041877733338079
2438,18,Female,Medium,Secondary,Native,3.4043221471259417
2439,20,Non-binary,Medium,Below_Secondary,Native,2.4259920379241064
2440,29,Female,Low,Secondary,Native,3.1075524467918076
2441,23,Female,Medium,Below_Secondary,Native,3.877465465965943
2442,27,Male,Low,Secondary,Native,3.2627938270265604
2443,28,Male,High,Secondary,Native,2.324067320550808
2444,20,Female,High,Bachelors,Bilingual,3.000914362196185
2445,25,Female,Medium,Masters_Plus,ESL,2.0190280316698264
2446,27,Male,Low,Bachelors,ESL,2.105377155071624
2447,19,Male,Low,Bachelors,ESL,3.695052918285876
2448,26,Male,Medium,Secondary,Bilingual,3.044744728044381
2449,20,Female,Medium,Bachelors,Native,3.723028098507373
2450,22,Male,Medium,Bachelors,Bilingual,3.0556902498561005
2451,27,Male,Medium,Secondary,Bilingual,2.472753628189989
2452,25,Female,Medium,Secondary,Native,2.82590868841131
2453,19,Female,Medium,Secondary,Bilingual,2.9608789459943115
2454,23,Male,Medium,Bachelors,Native,4.0
2455,29,Female,Medium,Secondary,ESL,3.221813960624428
2456,22,Female,Medium,Masters_Plus,Bilingual,2.3539309252046494
2457,30,Male,Low,Secondary,ESL,2.6839845267743576
2458,27,Male,Low,Below_Secondary,Native,3.0836769998616718
2459,26,Male,Medium,Bachelors,Native,2.1471606597274397
2460,29,Male,Low,Masters_Plus,ESL,2.7893173358373793
2461,22,Female,Medium,Secondary,Native,2.6771122974597485
2462,19,Male,Medium,Bachelors,Native,3.091478764134677
2463,22,Female,High,Secondary,Native,2.7407136923802566
2464,29,Male,Medium,Bachelors,ESL,1.9611507120330558
2465,21,Male,Low,Bachelors,Native,2.772716458921729
2466,28,Female,Medium,Masters_Plus,Native,3.2609413326318193
2467,24,Male,High,Below_Secondary,Native,3.6671210370657112
2468,23,Male,Low,Secondary,Native,3.377265468331135
2469,19,Male,Medium,Bachelors,Native,1.8425551819227748
2470,29,Male,Medium,Below_Secondary,ESL,1.998228920897072
2471,28,Female,Medium,Bachelors,Bilingual,2.1656543124398486
2472,28,Male,Medium,Bachelors,ESL,3.7033622282074754
2473,30,Female,Medium,Secondary,Native,3.0969925657734048
2474,22,Female,High,Bachelors,Bilingual,4.0
2475,24,Male,Low,Secondary,ESL,3.570653315445914
2476,28,Male,High,Masters_Plus,Native,2.85723435834551
2477,24,Female,Medium,Bachelors,Native,2.526711944859961
2478,22,Female,High,Bachelors,ESL,3.0245024168898285
2479,29,Male,Low,Below_Secondary,Native,3.3046633846786633
2480,26,Female,Low,Masters_Plus,Bilingual,3.5265654577979832
2481,21,Male,High,Bachelors,Native,2.626596605167059
2482,28,Female,High,Secondary,Bilingual,4.0
2483,20,Male,Medium,Secondary,ESL,2.773388271639607
2484,21,Female,Medium,Secondary,Native,3.509926541767064
2485,22,Female,High,Masters_Plus,Native,3.0020364904587313
2486,30,Male,Low,Masters_Plus,Native,2.5874116619516467
2487,23,Male,Medium,Masters_Plus,Native,1.6218393525221773
2488,20,Male,High,Bachelors,Native,2.056684842465563
2489,19,Non-binary,Medium,Secondary,Bilingual,3.50604132358955
2490,30,Male,Medium,Secondary,Native,3.251402377629736
2491,21,Male,Medium,Secondary,Native,3.1555914552434405
2492,22,Female,Medium,Secondary,Native,3.7324919459820984
2493,21,Female,Low,Bachelors,Native,2.212471123915383
2494,28,Female,High,Masters_Plus,Native,2.51678352690358
2495,30,Female,Medium,Masters_Plus,Bilingual,2.5573802287219545
2496,29,Male,High,Secondary,ESL,1.9967501553384452
2497,20,Female,High,Bachelors,Native,2.320502303195027
2498,25,Male,Low,Bachelors,Native,2.156500137935751
2499,27,Male,Low,Secondary,Native,1.858083819651037
2500,21,Female,Medium,Bachelors,Native,2.261844764773193
2501,19,Female,Medium,Secondary,Native,2.760506648855596
2502,19,Male,Medium,Masters_Plus,Bilingual,3.87226054443199
2503,18,Female,Medium,Bachelors,Native,2.1884514203367798
2504,30,Male,Medium,Bachelors,Native,3.4440776548865077
2505,21,Male,Low,Secondary,Bilingual,2.9327093460915985
2506,27,Female,Medium,Secondary,Bilingual,3.062182256273157
2507,26,Male,Medium,Secondary,Native,2.886871893718867
2508,28,Male,Medium,Bachelors,Bilingual,1.6878968619390402
2509,24,Female,Low,Masters_Plus,ESL,2.169002310618172
2510,29,Non-binary,Medium,Secondary,Native,3.144147730761141
2511,27,Male,Low,Bachelors,Native,2.827713936660719
2512,24,Female,Medium,Secondary,Native,1.8125778523418472
2513,30,Female,Medium,Secondary,Bilingual,2.6695171920407694
2514,24,Female,Low,Bachelors,Native,3.155417570775265
2515,25,Female,Medium,Bachelors,ESL,2.0477039577584364
2516,18,Male,Medium,Secondary,Bilingual,2.5620175287225218
2517,27,Male,Low,Secondary,Native,3.7110188765431777
2518,30,Male,Low,Secondary,Native,3.1535899089375437
2519,27,Female,High,Secondary,Native,3.7519965174013996
2520,25,Female,Medium,Masters_Plus,Native,2.574191824847291
2521,21,Female,High,Bachelors,ESL,3.449011046004065
2522,21,Non-binary,Medium,Below_Secondary,Native,2.1810562351336853
2523,21,Male,Medium,Secondary,Native,3.298194798327163
2524,23,Male,Medium,Masters_Plus,Native,2.3710255010507275
2525,24,Male,Medium,Bachelors,Native,3.0742955522655855
2526,23,Male,Medium,Bachelors,Native,3.104623125266435
2527,18,Male,Medium,Below_Secondary,Native,3.2129400051096524
2528,29,Male,Medium,Masters_Plus,Native,2.1951450008414937
2529,25,Female,Low,Secondary,Native,2.9898578727921916
2530,30,Female,Low,Bachelors,Native,2.815054812935175
2531,27,Female,Medium,Masters_Plus,Bilingual,3.552652247003479
2532,28,Female,Medium,Below_Secondary,Native,2.415911531363698
2533,30,Male,Medium,Secondary,Native,2.0162843216638433
2534,24,Female,High,Below_Secondary,Native,1.8128047012034103
2535,23,Female,Medium,Secondary,Native,2.628591865533391
2536,23,Female,Low,Secondary,ESL,2.543875671495007
2537,22,Male,Medium,Masters_Plus,Native,2.6196260891150107
2538,23,Male,High,Secondary,Bilingual,2.62242259089483
2539,29,Male,Low,Bachelors,Native,3.6366494020752937
2540,26,Female,Medium,Masters_Plus,Native,2.7117909660259687
2541,27,Female,Medium,Masters_Plus,Bilingual,3.4787715800158376
2542,26,Female,Low,Bachelors,Native,3.030568473596918
2543,27,Male,Medium,Secondary,Bilingual,2.252327756204828
2544,25,Female,Low,Below_Secondary,Native,2.805079300811944
2545,27,Female,High,Below_Secondary,Native,3.727315925355474
2546,26,Male,Medium,Bachelors,Bilingual,3.409101171598934
2547,30,Male,Medium,Below_Secondary,Native,3.521505398233726
2548,27,Female,Medium,Secondary,Bilingual,3.102895587807427
2549,25,Male,Medium,Below_Secondary,Native,2.513641686638112
2550,25,Female,Medium,Bachelors,Bilingual,3.784030624088808
2551,18,Non-binary,Low,Secondary,Native,3.1356924312976866
2552,27,Female,Medium,Below_Secondary,Bilingual,3.3585411819774764
2553,28,Female,Low,Secondary,ESL,2.8651220043735393
2554,22,Female,Medium,Bachelors,Native,2.1799681153017323
2555,21,Female,Low,Bachelors,Native,3.0369682449165536
2556,19,Male,Medium,Secondary,ESL,3.816368849414875
2557,25,Male,Low,Bachelors,Native,3.284952195189255
2558,20,Male,High,Below_Secondary,Native,3.132301196981922
2559,21,Female,Medium,Below_Secondary,ESL,2.284067228358238
2560,29,Male,Medium,Below_Secondary,Bilingual,3.713826239194782
2561,24,Male,High,Bachelors,Native,3.6083441614526732
2562,27,Male,Medium,Bachelors,Native,1.7306458570884633
2563,26,Female,High,Below_Secondary,Native,3.3573492843131536
2564,19,Non-binary,Low,Bachelors,Native,2.650326511910789
2565,20,Non-binary,Medium,Secondary,Native,2.9750060796433835
2566,21,Female,Medium,Masters_Plus,Bilingual,2.309443703292094
2567,27,Female,High,Bachelors,Native,2.8724606265247106
2568,18,Female,Medium,Bachelors,ESL,2.1398309371916566
2569,24,Female,High,Bachelors,Bilingual,2.318056073067777
2570,19,Female,Medium,Masters_Plus,ESL,3.1106171663186584
2571,22,Male,High,Masters_Plus,Native,2.3459071543383883
2572,18,Female,Medium,Bachelors,Native,3.0573469090267773
2573,20,Male,Low,Secondary,Native,2.865831910086744
2574,29,Male,High,Secondary,Native,4.0
2575,19,Female,High,Secondary,Native,2.4119210757006067
2576,18,Male,Medium,Bachelors,Bilingual,2.598268506401463
2577,24,Male,Low,Secondary,Native,2.370107850069171
2578,22,Female,Low,Masters_Plus,Native,3.65783626683664
2579,18,Male,Medium,Secondary,Native,2.8638837302711337
2580,23,Female,Low,Bachelors,Bilingual,2.7031708626614748
2581,22,Female,Medium,Secondary,ESL,3.262179557220733
2582,20,Female,Medium,Bachelors,Native,2.2779042305443533
2583,29,Female,Medium,Secondary,Native,1.9947008870708531
2584,24,Female,Low,Bachelors,ESL,2.971089419942959
2585,28,Female,Medium,Secondary,Native,2.8972756558896977
2586,27,Female,Medium,Secondary,Bilingual,2.358114254158319
2587,26,Female,Medium,Masters_Plus,Native,3.013366361797607
2588,30,Female,Medium,Below_Secondary,Native,3.9099173184320453
2589,30,Female,Medium,Secondary,Native,3.068586184118274
2590,26,Male,Medium,Secondary,Bilingual,1.6106770687537513
2591,26,Male,High,Masters_Plus,Native,3.650264323691218
2592,19,Female,Medium,Secondary,Native,3.9936144523675603
2593,20,Male,High,Bachelors,Native,3.1174799951555996
2594,24,Male,Medium,Secondary,Native,2.902791892094701
2595,22,Female,Medium,Secondary,ESL,1.8715162297564687
2596,19,Male,Low,Masters_Plus,Bilingual,2.280668838115239
2597,20,Male,Medium,Secondary,Native,2.615837722258262
2598,27,Non-binary,Medium,Bachelors,ESL,2.359335344097774
2599,23,Female,Medium,Secondary,Native,2.494355613495467
2600,30,Male,Medium,Secondary,Native,2.874103064286508
2601,24,Non-binary,Medium,Bachelors,Bilingual,2.3892746012812487
2602,26,Non-binary,Medium,Bachelors,Native,3.711674847903514
2603,18,Male,Medium,Bachelors,Native,2.844663382026007
2604,28,Male,Medium,Bachelors,Native,3.1027226258594824
2605,24,Female,High,Secondary,Bilingual,3.105580251500891
2606,25,Female,Medium,Secondary,Native,3.0295882406186116
2607,29,Female,Medium,Below_Secondary,Native,2.8284718696483884
2608,20,Female,Medium,Bachelors,Bilingual,3.399682120958868
2609,21,Female,High,Bachelors,Bilingual,3.525505358481859
2610,27,Male,Medium,Secondary,Bilingual,1.5620616388258364
2611,23,Female,Medium,Secondary,Native,1.9377119658285147
2612,27,Male,Low,Below_Secondary,Native,2.474321650412758
2613,24,Female,Medium,Masters_Plus,Native,2.130653270732078
2614,30,Female,Medium,Bachelors,Bilingual,2.3589618516983144
2615,21,Male,Medium,Secondary,Bilingual,2.5283024486082084
2616,25,Female,High,Secondary,ESL,2.645855256238476
2617,22,Male,Medium,Secondary,Native,1.9053092515572727
2618,18,Male,Medium,Bachelors,Native,2.5514577878899263
2619,21,Female,Medium,Bachelors,Native,3.653605558943986
2620,20,Male,Medium,Secondary,Native,2.6491619977520924
2621,26,Female,Medium,Masters_Plus,Native,3.1551869582178265
2622,25,Male,Medium,Bachelors,ESL,2.7596165889809856
2623,18,Female,Medium,Below_Secondary,Native,2.8689302478551553
2624,28,Female,Low,Bachelors,Native,2.730696213493798
2625,23,Female,Medium,Secondary,Bilingual,3.245795405985147
2626,26,Female,Medium,Masters_Plus,Native,2.3074695446199693
2627,24,Female,Medium,Secondary,Bilingual,2.9026293112455654
2628,21,Male,Medium,Secondary,Native,2.453814433816643
2629,30,Male,Low,Bachelors,Native,3.2021211165520405
2630,18,Male,Low,Bachelors,Native,2.1352215550710696
2631,29,Male,Medium,Secondary,Native,3.1903310892380823
2632,19,Female,Medium,Masters_Plus,Native,2.9251331812528334
2633,29,Male,Medium,Secondary,Native,2.041175773552226
2634,22,Female,Medium,Secondary,Native,3.8476719288685928
2635,29,Female,High,Masters_Plus,Native,3.1347037012112335
2636,28,Male,Medium,Below_Secondary,Native,2.1485974409716015
2637,22,Female,Low,Secondary,Native,2.8940477359404344
2638,25,Male,Medium,Bachelors,Native,1.816403249597138
2639,23,Female,Low,Secondary,Bilingual,1.7713345146770423
2640,25,Male,High,Masters_Plus,ESL,3.5177490617499254
2641,19,Female,Low,Secondary,Bilingual,2.079944266943399
2642,20,Non-binary,Medium,Bachelors,Native,3.2724029802631
2643,23,Male,Low,Secondary,Bilingual,3.5003536975939156
2644,29,Male,High,Secondary,Native,2.2095837719644877
2645,30,Female,Medium,Bachelors,Native,4.0
2646,27,Male,High,Bachelors,Native,2.8556325899945656
2647,20,Female,Low,Bachelors,Bilingual,2.8290146821934616
2648,23,Female,Low,Secondary,Bilingual,2.201070248887184
2649,23,Male,Low,Bachelors,ESL,2.211916770992472
2650,19,Female,High,Secondary,Native,1.4836281871960764
2651,24,Female,High,Bachelors,ESL,2.3338876362991416
2652,29,Female,Low,Bachelors,Native,3.4997574944349688
2653,19,Female,Low,Below_Secondary,Native,2.1890676570876866
2654,23,Male,Medium,Bachelors,ESL,2.2412545556040273
2655,18,Male,Low,Below_Secondary,Native,2.028263146701404
2656,20,Non-binary,Low,Bachelors,Native,1.9832415546282733
2657,19,Female,Low,Bachelors,Native,3.3325452195480323
2658,24,Male,Low,Below_Secondary,Bilingual,2.071089067938905
2659,21,Female,Medium,Masters_Plus,Native,2.7209544155816094
2660,25,Male,Low,Secondary,Native,2.5868261199903944
2661,23,Male,Medium,Masters_Plus,Native,3.373970501707704
2662,29,Female,High,Below_Secondary,Native,2.2982241215608563
2663,27,Male,Medium,Masters_Plus,ESL,2.541438905799982
2664,21,Female,Medium,Below_Secondary,Native,2.1445461225407456
2665,22,Male,Low,Secondary,Native,2.4158587146303976
2666,30,Female,Medium,Masters_Plus,Native,2.2591821777703087
2667,30,Male,Medium,Secondary,Native,2.713174283435213
2668,26,Female,Medium,Below_Secondary,Native,3.7605164873988737
2669,24,Female,Low,Bachelors,Native,2.6778854704770816
2670,27,Male,High,Bachelors,ESL,3.504843914220106
2671,26,Female,Low,Bachelors,Native,3.367005340624253
2672,24,Male,Medium,Below_Secondary,Native,2.7744374790280006
2673,29,Male,High,Bachelors,Native,3.3769241103395453
2674,18,Female,Medium,Secondary,Native,2.938403129588315
2675,29,Male,Medium,Masters_Plus,Native,1.94269004816499
2676,25,Female,High,Bachelors,Native,2.776671018635902
2677,21,Female,Medium,Bachelors,ESL,2.9235724611052607
2678,20,Female,Low,Secondary,Native,3.857781036521869
2679,30,Male,High,Masters_Plus,Native,2.241004514320438
2680,24,Male,Medium,Bachelors,Native,3.0746950334770657
2681,29,Male,High,Masters_Plus,Native,2.061523959526199
2682,20,Female,Low,Secondary,Native,3.725749562251064
2683,25,Female,Medium,Bachelors,Native,3.5342259959275903
2684,23,Female,Medium,Bachelors,Native,2.0806459948241462
2685,22,Male,High,Below_Secondary,Native,3.844689473978165
2686,21,Male,Medium,Secondary,Bilingual,3.4462537205554398
2687,25,Male,Low,Secondary,Native,3.559123414988714
2688,25,Male,Medium,Secondary,Native,3.741936029845415
2689,29,Male,Low,Secondary,ESL,3.4757013454836305
2690,18,Male,Medium,Secondary,Native,2.5982293795006024
2691,26,Male,High,Bachelors,Bilingual,3.7013914411446853
2692,22,Male,Medium,Bachelors,Native,2.2640482578457783
2693,21,Male,Medium,Below_Secondary,Native,2.334772671081992
2694,23,Male,Low,Bachelors,Native,2.526793500151795
2695,23,Male,Medium,Masters_Plus,Native,3.0001508387183975
2696,19,Male,Medium,Secondary,Native,2.2492879443906637
2697,25,Female,Medium,Secondary,Bilingual,2.081341010600204
2698,24,Male,Low,Bachelors,Bilingual,2.250360770059007
2699,18,Male,Medium,Bachelors,Bilingual,2.5820943434857515
2700,22,Male,Low,Bachelors,ESL,2.842291734061946
2701,29,Male,Medium,Bachelors,ESL,2.3432731011088643
2702,23,Male,Low,Below_Secondary,Native,2.0731038087520233
2703,21,Male,High,Bachelors,Bilingual,3.0338875674905657
2704,19,Female,Low,Secondary,Native,3.8829920348441025
2705,30,Male,Medium,Secondary,Bilingual,2.5512080033206934
2706,21,Male,Medium,Below_Secondary,Bilingual,3.3351693301005607
2707,18,Female,Medium,Secondary,Native,2.801263150823903
2708,24,Male,Medium,Bachelors,Native,3.182393498626309
2709,19,Male,Medium,Bachelors,ESL,3.289184685859361
2710,30,Female,Medium,Masters_Plus,Native,2.8029158125261646
2711,19,Female,Medium,Secondary,Native,2.210028337094175
2712,26,Male,Low,Masters_Plus,Native,2.061781935640799
2713,22,Female,Medium,Bachelors,Native,3.4900752128837524
2714,19,Male,Medium,Secondary,Native,3.1783336801017277
2715,28,Male,Low,Masters_Plus,Native,3.387817662364588
2716,26,Female,Low,Bachelors,Native,3.2057878277898006
2717,26,Male,High,Secondary,ESL,3.443311606571738
2718,18,Male,High,Masters_Plus,Native,2.933171847261313
2719,28,Female,Medium,Bachelors,Native,1.888380176850504
2720,20,Female,Medium,Bachelors,Native,2.9687666971970943
2721,21,Male,Medium,Masters_Plus,Native,3.875945028395313
2722,24,Female,Medium,Secondary,ESL,3.0107030667738943
2723,27,Male,Low,Bachelors,Bilingual,2.0622830501626543
2724,21,Female,High,Bachelors,Native,3.240865841185205
2725,19,Male,Low,Secondary,Native,4.0
2726,24,Male,High,Below_Secondary,Native,2.4650371165568967
2727,23,Male,Medium,Bachelors,Native,2.9956126957495615
2728,20,Male,Medium,Below_Secondary,Native,3.0852154049396248
2729,23,Male,Low,Bachelors,Native,2.9221673226353344
2730,28,Female,High,Masters_Plus,ESL,3.2786255810365557
2731,23,Female,Medium,Secondary,Native,2.556895143085935
2732,29,Male,Medium,Below_Secondary,Native,3.176066665405133
2733,22,Male,High,Secondary,Native,3.5004697483702
2734,21,Male,Low,Bachelors,Native,2.658519133547893
2735,27,Female,Medium,Masters_Plus,Native,3.2833356366451776
2736,29,Female,Medium,Bachelors,Native,2.5728818256205734
2737,18,Non-binary,Medium,Below_Secondary,ESL,1.9738399778263667
2738,27,Female,Medium,Bachelors,Native,1.9721487992707434
2739,23,Male,Medium,Bachelors,Native,3.076716352648905
2740,19,Male,Medium,Secondary,Native,1.6743024275317033
2741,30,Female,Medium,Bachelors,Bilingual,2.8556294894366303
2742,20,Female,Medium,Secondary,Native,2.3255820994516556
2743,25,Male,Low,Bachelors,Native,1.483641732665528
2744,27,Male,High,Secondary,Bilingual,3.2094710172510306
2745,23,Female,High,Secondary,Native,1.9580818819535786
2746,20,Male,Medium,Masters_Plus,ESL,4.0
2747,24,Male,Medium,Bachelors,Native,3.782313517192695
2748,21,Female,Medium,Secondary,Native,2.760124569855332
2749,26,Male,Medium,Masters_Plus,Native,1.5942640368087238
2750,22,Male,Medium,Bachelors,Native,2.9775030588971085
2751,20,Female,Low,Secondary,Bilingual,3.900720245592831
2752,19,Female,Medium,Bachelors,Native,3.4370006789583427
2753,28,Non-binary,Medium,Masters_Plus,Native,3.4750281518032593
2754,19,Male,Low,Bachelors,ESL,3.726107920829576
2755,20,Male,Medium,Secondary,Bilingual,2.047910220733055
2756,19,Female,Medium,Bachelors,Native,3.45187652893208
2757,21,Female,Medium,Bachelors,Native,3.9646117513799886
2758,19,Male,Medium,Bachelors,Native,2.4281518446777866
2759,27,Female,High,Secondary,Bilingual,2.5587607524651443
2760,26,Male,Medium,Bachelors,Bilingual,3.731815766073575
2761,19,Male,Medium,Below_Secondary,Native,3.6368259929281543
2762,26,Male,Low,Bachelors,Native,2.2779896659668664
2763,30,Male,Low,Masters_Plus,Native,2.023565872308776
2764,23,Male,Medium,Secondary,Native,2.73145786984123
2765,18,Female,Medium,Secondary,Bilingual,1.9160371362242248
2766,21,Female,Medium,Bachelors,Native,2.2846210669569342
2767,18,Female,Medium,Bachelors,Native,2.390060734835251
2768,23,Male,Medium,Secondary,Native,3.4741771348558443
2769,30,Male,Medium,Bachelors,Native,3.63676040229722
2770,21,Male,Medium,Masters_Plus,Native,3.4768453470199585
2771,20,Male,High,Bachelors,ESL,2.305640917935488
2772,20,Female,Medium,Bachelors,Bilingual,2.7486128298127235
2773,26,Female,Low,Secondary,Native,2.5286846412387263
2774,23,Female,Medium,Masters_Plus,Bilingual,2.9279614395655678
2775,26,Male,Medium,Secondary,Bilingual,3.2509441033293554
2776,30,Male,Medium,Secondary,Native,2.5141355090938564
2777,22,Female,Low,Secondary,Native,2.191213546536302
2778,19,Male,Medium,Bachelors,Native,3.7441674000285214
2779,25,Female,Low,Masters_Plus,Native,3.4441808897490978
2780,22,Non-binary,High,Below_Secondary,Bilingual,3.003736910305105
2781,19,Male,Medium,Bachelors,Native,2.161820647884325
2782,21,Female,Medium,Bachelors,ESL,3.3199400715126695
2783,26,Female,Medium,Bachelors,Bilingual,2.6983324008271126
2784,21,Male,Low,Bachelors,Native,1.4675865409460889
2785,30,Female,Low,Secondary,Bilingual,2.4842251179672497
2786,29,Male,High,Secondary,Native,3.0750509173090084
2787,29,Male,Low,Masters_Plus,Native,2.6703089625927627
2788,29,Female,Low,Secondary,Native,3.105635939490388
2789,30,Female,High,Secondary,Native,3.079910711513187
2790,21,Male,Medium,Bachelors,Native,2.144009114829376
2791,19,Male,Medium,Masters_Plus,Bilingual,3.210432340443999
2792,30,Female,Low,Bachelors,ESL,3.2651524348777383
2793,29,Female,Medium,Secondary,Native,2.7816943245155605
2794,23,Female,Medium,Secondary,Native,2.808907341265247
2795,30,Male,Medium,Bachelors,Native,2.8060431282291196
2796,28,Female,Low,Below_Secondary,Bilingual,3.7076379825203265
2797,19,Male,Medium,Secondary,Native,3.02954927491481
2798,29,Female,Medium,Secondary,ESL,2.874979713972966
2799,24,Male,Medium,Bachelors,Bilingual,3.082097793263867
2800,20,Female,Medium,Secondary,Native,3.06935334031865
2801,20,Male,Low,Secondary,ESL,2.740687216439938
2802,22,Male,Low,Below_Secondary,ESL,1.9988649830261613
2803,20,Male,Medium,Below_Secondary,Native,2.865229161231678
2804,19,Male,Medium,Secondary,Native,3.1544661686727378
2805,27,Female,High,Bachelors,Bilingual,2.974400803733142
2806,26,Female,Medium,Bachelors,ESL,2.501021012495661
2807,19,Female,Medium,Secondary,Bilingual,2.6827372202315134
2808,28,Male,High,Secondary,Native,3.395762912489532
2809,19,Female,Low,Secondary,Bilingual,1.7886179688904502
2810,30,Female,Medium,Secondary,Native,2.353751403575923
2811,25,Male,Medium,Below_Secondary,ESL,2.879077296159505
2812,26,Male,Low,Below_Secondary,Native,3.4237837688227115
2813,24,Female,Medium,Secondary,ESL,3.888871049686357
2814,20,Female,Medium,Masters_Plus,Native,3.333703835695275
2815,26,Female,Medium,Secondary,ESL,2.444338805987859
2816,20,Male,Medium,Masters_Plus,Native,1.7429221763609246
2817,22,Female,Medium,Secondary,Bilingual,3.920775383212008
2818,26,Male,Low,Secondary,ESL,2.2950353508254135
2819,29,Female,Medium,Bachelors,Native,2.887569974294291
2820,20,Female,Medium,Below_Secondary,Bilingual,2.729854210594895
2821,24,Male,High,Secondary,Native,2.7585435196494577
2822,29,Female,Low,Masters_Plus,Native,2.100322468964972
2823,18,Male,Low,Bachelors,ESL,3.8776510730725477
2824,21,Non-binary,Medium,Below_Secondary,Native,2.2750825655952283
2825,21,Male,High,Below_Secondary,Bilingual,2.8951939667969566
2826,24,Male,Medium,Masters_Plus,Bilingual,2.5329148518528735
2827,25,Male,Medium,Masters_Plus,Native,3.1682130150684555
2828,18,Male,High,Secondary,Native,2.674466269709371
2829,22,Male,High,Secondary,Native,2.6121086086882435
2830,24,Female,Medium,Bachelors,Native,3.4523084746449966
2831,29,Female,Medium,Secondary,ESL,2.6059396395867767
2832,21,Female,Low,Secondary,Bilingual,3.6465708886832067
2833,30,Male,High,Bachelors,Native,2.0599398622747653
2834,21,Female,Medium,Secondary,Native,2.6503690174847803
2835,21,Male,High,Bachelors,Bilingual,2.284177588562949
2836,29,Female,Low,Masters_Plus,Native,2.818482393615941
2837,23,Male,Medium,Bachelors,Native,1.976027006519407
2838,24,Female,Medium,Secondary,Native,3.1717217252715892
2839,19,Female,Medium,Secondary,ESL,3.23149372807987
2840,22,Female,Low,Secondary,Native,3.7037207933843623
2841,21,Male,Medium,Secondary,Native,3.308446295634747
2842,30,Male,Medium,Secondary,ESL,3.301652420066941
2843,20,Male,Medium,Secondary,Native,3.2084334528415654
2844,24,Female,Low,Below_Secondary,ESL,2.669168170162252
2845,28,Female,Medium,Secondary,Native,3.7713306044790533
2846,29,Male,Medium,Secondary,Native,3.1325951178276146
2847,23,Female,Low,Bachelors,Native,4.0
2848,24,Female,Medium,Bachelors,Native,3.852258150412419
2849,22,Female,High,Secondary,Native,3.0079677901430655
2850,30,Male,Medium,Bachelors,Native,3.0373575035116134
2851,23,Male,Medium,Bachelors,Native,3.299201343747199
2852,22,Male,Medium,Secondary,Native,3.7502814442795263
2853,24,Female,Medium,Below_Secondary,Bilingual,1.8790428151758087
2854,19,Male,Low,Bachelors,Bilingual,3.587447295278119
2855,28,Female,High,Secondary,ESL,3.023933895418646
2856,22,Female,High,Below_Secondary,Native,3.4481850089236463
2857,23,Female,Medium,Masters_Plus,ESL,2.3684319141227834
2858,23,Female,Medium,Secondary,Native,2.3413669718252423
2859,22,Male,Medium,Bachelors,Native,3.0036126669009082
2860,27,Male,Medium,Secondary,Native,3.385700354110987
2861,24,Female,Medium,Below_Secondary,Bilingual,2.061091809980511
2862,27,Male,Low,Below_Secondary,ESL,2.56079088930725
2863,25,Male,Medium,Bachelors,Native,2.0813733593472925
2864,24,Male,High,Secondary,Native,3.0508924259352006
2865,22,Male,Low,Secondary,Bilingual,3.9961461557036912
2866,18,Male,Low,Masters_Plus,Native,2.598971981724971
2867,30,Female,Medium,Secondary,Native,3.2706160444216867
2868,22,Female,High,Below_Secondary,Native,2.8729342815175345
2869,27,Female,Medium,Secondary,Native,3.0213527904351136
2870,19,Male,Medium,Bachelors,Native,2.442260140072616
2871,30,Male,Medium,Secondary,Bilingual,3.192841151519466
2872,22,Male,Medium,Below_Secondary,Native,2.679272562613731
2873,22,Female,Low,Secondary,Native,3.8750200357929927
2874,19,Male,Low,Below_Secondary,Native,2.4934640684573877
2875,22,Female,Medium,Bachelors,ESL,3.387261328132688
2876,30,Female,Medium,Bachelors,Native,3.984161686833985
2877,21,Male,High,Below_Secondary,Native,3.513208873020403
2878,18,Male,Medium,Secondary,Native,2.258549112441413
2879,20,Non-binary,Low,Secondary,Native,2.201590607259799
2880,18,Non-binary,Medium,Bachelors,Native,3.0719735317848147
2881,29,Male,Medium,Secondary,Native,2.8371020476323663
2882,28,Male,Low,Secondary,Native,3.1092835769936835
2883,22,Non-binary,High,Masters_Plus,Native,3.51714494256816
2884,21,Male,High,Below_Secondary,Native,2.852434621588642
2885,24,Male,Low,Masters_Plus,Bilingual,2.4227105937203364
2886,22,Male,Medium,Below_Secondary,ESL,2.9244981228677442
2887,27,Female,Low,Secondary,ESL,3.7116024262805762
2888,21,Male,Medium,Secondary,Bilingual,2.8214075702547694
2889,19,Male,Medium,Below_Secondary,Native,4.0
2890,21,Male,Medium,Below_Secondary,Bilingual,3.3310806937227344
2891,29,Female,High,Secondary,Bilingual,3.2739271154540885
2892,19,Non-binary,Low,Masters_Plus,Bilingual,2.4727715072443015
2893,25,Female,Medium,Secondary,Native,2.72487588800383
2894,20,Female,High,Bachelors,Native,3.1133944805403777
2895,26,Female,Medium,Bachelors,ESL,2.782171689102308
2896,30,Male,Low,Bachelors,ESL,3.556605394475108
2897,21,Male,Low,Bachelors,Native,2.927996980813271
2898,30,Female,Medium,Secondary,ESL,2.4461141389970305
2899,23,Male,High,Below_Secondary,Bilingual,3.0117708592414507
2900,27,Male,High,Secondary,Native,2.6073377257737764
2901,22,Female,High,Secondary,Native,3.235203142750735
2902,27,Male,High,Below_Secondary,Native,2.517158351690189
2903,30,Male,Medium,Below_Secondary,Native,3.9393384382194157
2904,18,Non-binary,High,Masters_Plus,ESL,1.9371173926168956
2905,26,Female,High,Masters_Plus,Native,2.635436285597064
2906,18,Male,Medium,Below_Secondary,Bilingual,2.946262583373765
2907,25,Non-binary,Medium,Secondary,Bilingual,2.547359626989395
2908,26,Female,Medium,Below_Secondary,Native,1.4858709312320164
2909,26,Female,Low,Secondary,Native,4.0
2910,18,Male,Low,Secondary,Bilingual,3.299100019304479
2911,19,Male,High,Masters_Plus,Native,2.1092153333496046
2912,29,Female,High,Below_Secondary,Bilingual,2.1952547566629974
2913,30,Female,Low,Secondary,Native,1.9792245168443237
2914,18,Female,Medium,Below_Secondary,Native,2.7749993880622443
2915,27,Male,High,Masters_Plus,Native,3.743849324512631
2916,19,Male,Medium,Masters_Plus,Native,2.6864601828956256
2917,27,Female,Medium,Bachelors,Native,2.586670590185931
2918,29,Male,Medium,Secondary,ESL,3.44162232355491
2919,25,Female,High,Secondary,Native,3.0537433953572797
2920,22,Male,High,Secondary,ESL,2.8268847519149745
2921,29,Male,Medium,Secondary,ESL,3.303282277321274
2922,28,Female,Low,Bachelors,ESL,1.8030855824558443
2923,24,Female,High,Secondary,Native,3.146157964260312
2924,19,Male,Low,Secondary,Bilingual,3.633462398862385
2925,25,Male,Medium,Bachelors,Native,2.1215121449990724
2926,28,Female,Low,Secondary,Native,2.6408379607985015
2927,23,Male,Medium,Bachelors,ESL,1.6945707829201502
2928,25,Female,Medium,Secondary,Native,2.604471499838137
2929,18,Non-binary,Low,Below_Secondary,ESL,2.4773406653873553
2930,18,Male,High,Secondary,Bilingual,3.888285799159898
2931,29,Female,Low,Masters_Plus,Native,2.587739971445576
2932,24,Male,High,Secondary,Native,3.042161467809422
2933,25,Female,High,Secondary,Bilingual,3.6710552846043223
2934,30,Male,Medium,Below_Secondary,Native,1.553667473754427
2935,20,Non-binary,Medium,Bachelors,Bilingual,2.9409540215958363
2936,22,Male,Medium,Bachelors,Native,2.2003561738293387
2937,29,Male,Medium,Secondary,Native,2.214578306111627
2938,18,Non-binary,Medium,Secondary,Native,2.3474455782269534
2939,24,Female,Medium,Masters_Plus,Native,2.5666976746601082
2940,22,Female,Medium,Bachelors,Native,2.243484354212879
2941,25,Male,Medium,Bachelors,Native,2.6131161296254612
2942,30,Female,High,Secondary,Native,3.4412011968620093
2943,25,Male,Low,Secondary,Bilingual,3.151797713846633
2944,26,Male,Medium,Bachelors,Native,4.0
2945,24,Female,Medium,Bachelors,Native,2.971968910709846
2946,28,Male,High,Bachelors,Native,3.2200134871322104
2947,18,Female,Low,Below_Secondary,Native,3.6145034338138977
2948,30,Female,Medium,Bachelors,Native,2.1503986238575874
2949,20,Female,Low,Bachelors,Native,3.600759621341633
2950,25,Female,Medium,Masters_Plus,Native,2.271828814762427
2951,20,Female,High,Below_Secondary,Native,3.1156801364287894
2952,25,Male,Medium,Bachelors,Native,3.4082915420927913
2953,18,Female,Medium,Bachelors,Native,1.6904854721777556
2954,22,Male,Medium,Masters_Plus,Native,2.6106595835657984
2955,21,Male,High,Bachelors,ESL,2.789155965654514
2956,22,Female,Medium,Masters_Plus,Native,2.1584006890915464
2957,25,Female,High,Masters_Plus,Bilingual,3.0301919798297168
2958,27,Female,Medium,Secondary,Bilingual,3.8478141124686216
2959,21,Male,Medium,Bachelors,Native,2.2479418166835234
2960,28,Female,Low,Bachelors,ESL,3.5420236853505047
2961,21,Male,Medium,Secondary,Native,3.1249844810583944
2962,20,Female,Low,Secondary,ESL,2.0167066527258406
2963,24,Female,High,Below_Secondary,Native,2.579987475287779
2964,20,Female,Medium,Bachelors,Native,2.985508646189424
2965,29,Male,High,Secondary,Native,3.7822027033014285
2966,20,Male,Low,Masters_Plus,ESL,3.310849354136004
2967,28,Male,Low,Bachelors,Native,2.4182160334613068
2968,27,Female,High,Bachelors,Bilingual,3.067137703052457
2969,22,Female,Medium,Secondary,Bilingual,1.1479744397314702
2970,22,Male,Medium,Secondary,Native,3.3717252418825874
2971,23,Female,High,Secondary,Native,2.370346648668914
2972,25,Female,Medium,Secondary,Native,2.1964528391120552
2973,27,Female,Low,Bachelors,Native,2.6412178981036485
2974,23,Female,High,Bachelors,Bilingual,2.082632800051594
2975,29,Female,Low,Below_Secondary,ESL,2.711993011837272
2976,18,Male,High,Bachelors,Bilingual,3.4621585812360265
2977,25,Male,Low,Below_Secondary,ESL,1.645430013256976
2978,25,Male,Medium,Secondary,Native,2.786744048913006
2979,26,Non-binary,Low,Bachelors,Native,2.7355954200414923
2980,26,Female,Medium,Below_Secondary,ESL,3.141519309566689
2981,19,Female,Low,Bachelors,ESL,2.7184463413513886
2982,19,Male,High,Bachelors,Native,3.4034228156211714
2983,20,Male,Medium,Bachelors,Native,3.6511358108145378
2984,18,Male,Low,Secondary,Bilingual,3.4518154027133736
2985,21,Male,Medium,Secondary,Native,2.394033967867966
2986,21,Female,Medium,Secondary,Native,3.9968500559357962
2987,26,Non-binary,Low,Masters_Plus,Bilingual,2.142586260626019
2988,26,Female,Low,Below_Secondary,ESL,3.2640762134093997
2989,26,Female,Medium,Secondary,Bilingual,3.5268956815977095
2990,27,Male,Low,Masters_Plus,Bilingual,4.0
2991,24,Male,Low,Bachelors,Native,3.44147579227991
2992,19,Male,Medium,Bachelors,Bilingual,2.3821229029573523
2993,27,Female,Medium,Masters_Plus,Native,3.387892040301922
2994,22,Female,Medium,Secondary,ESL,2.7567039234246025
2995,21,Male,Low,Secondary,Native,3.4993344801204103
2996,29,Male,High,Below_Secondary,Native,2.9536590518712003
2997,28,Male,High,Secondary,ESL,3.6952043439010778
2998,25,Male,Medium,Bachelors,Native,2.8550995271830666
2999,19,Male,Low,Secondary,ESL,3.4017236991097795
3000,23,Male,High,Bachelors,Native,2.4673825433421195
3001,30,Male,Medium,Below_Secondary,Native,3.5479479730740184
3002,22,Female,Medium,Secondary,Native,1.550089196259581
3003,29,Female,Medium,Bachelors,ESL,3.261726713508606
3004,19,Male,Medium,Secondary,ESL,3.0592108344667093
3005,28,Male,Low,Bachelors,Native,2.929309108489794
3006,27,Male,Medium,Masters_Plus,Native,1.5383978542362224
3007,18,Male,Medium,Bachelors,ESL,2.542421872922674
3008,25,Male,Medium,Secondary,Native,3.5615247722329992
3009,19,Female,High,Masters_Plus,Native,2.3338438805551363
3010,24,Female,Low,Below_Secondary,Native,1.9586408602532135
3011,26,Female,Medium,Bachelors,ESL,2.1941098393787892
3012,26,Male,Medium,Below_Secondary,Native,3.5532195213965942
3013,25,Female,Medium,Secondary,Native,3.1145532141629415
3014,28,Male,Medium,Masters_Plus,ESL,3.69287768147339
3015,29,Male,Medium,Secondary,Native,3.2572718186253318
3016,27,Female,Low,Bachelors,Native,2.3187645992087504
3017,26,Female,Medium,Secondary,Native,3.9350438998042927
3018,19,Female,Medium,Bachelors,ESL,2.473548646147783
3019,23,Female,Medium,Masters_Plus,Bilingual,2.343234545451193
3020,21,Female,Low,Secondary,Native,2.9903486692409738
3021,21,Female,Medium,Bachelors,Bilingual,3.0883331250379844
3022,22,Female,Low,Bachelors,Native,3.34017588422884
3023,29,Female,Low,Masters_Plus,ESL,2.6355504741814824
3024,20,Female,Medium,Secondary,Native,3.683374929269671
3025,18,Non-binary,Low,Bachelors,Bilingual,2.446545845040982
3026,25,Female,Medium,Secondary,Native,2.1798038616451847
3027,22,Male,Medium,Secondary,Native,1.6622505828700185
3028,20,Female,High,Below_Secondary,ESL,2.6974600358746352
3029,27,Male,High,Bachelors,Native,3.3377856132491113
3030,24,Male,Medium,Masters_Plus,Bilingual,3.2656438490349475
3031,24,Male,Medium,Secondary,Bilingual,3.0214565880685313
3032,18,Female,Low,Bachelors,Native,2.5476672424241014
3033,29,Female,Medium,Bachelors,Native,3.578021048172614
3034,26,Male,Medium,Secondary,ESL,2.8785411296909302
3035,19,Male,Low,Masters_Plus,Native,3.0654852051519974
3036,22,Male,Low,Secondary,Native,2.125790192097952
3037,30,Female,Low,Below_Secondary,Bilingual,1.7120512211465635
3038,22,Male,Medium,Below_Secondary,ESL,3.3464365357653074
3039,25,Male,Medium,Masters_Plus,Native,4.0
3040,25,Male,Medium,Masters_Plus,Native,3.0954739211971734
3041,24,Female,Medium,Secondary,Bilingual,3.349903946674851
3042,24,Male,Medium,Below_Secondary,Native,3.3369944794776742
3043,29,Female,Medium,Secondary,Native,2.873826815819596
3044,28,Male,Low,Bachelors,ESL,1.8976116641070555
3045,23,Female,Medium,Bachelors,Native,3.270446913755603
3046,23,Male,Medium,Masters_Plus,Native,3.7472334443819113
3047,28,Female,Medium,Bachelors,Native,3.1571511233019436
3048,26,Male,Medium,Masters_Plus,Native,2.706785595392536
3049,23,Female,Medium,Bachelors,Native,3.097933920835781
3050,29,Female,Low,Secondary,Native,2.808868565099726
3051,30,Female,Medium,Bachelors,Bilingual,3.63733114988624
3052,30,Female,High,Secondary,Bilingual,2.982304415763425
3053,19,Male,Medium,Secondary,Native,3.289264674400781
3054,19,Female,Low,Secondary,Native,3.5362925949224246
3055,30,Female,Low,Bachelors,Bilingual,3.292320897350468
3056,22,Male,High,Bachelors,Native,2.8974216314077967
3057,21,Female,Low,Bachelors,Native,1.953855128231016
3058,28,Male,Low,Below_Secondary,ESL,3.1241636542966753
3059,19,Male,Medium,Bachelors,Native,3.41803522670576
3060,20,Male,High,Secondary,Native,1.8978282354962435
3061,24,Male,Medium,Bachelors,ESL,3.1118240866345963
3062,25,Female,Medium,Secondary,Native,2.8664115137643646
3063,29,Male,Medium,Bachelors,Native,1.501379202893038
3064,30,Male,Low,Bachelors,Native,3.0605082522195164
3065,23,Male,High,Bachelors,Native,3.6897894044061843
3066,28,Female,Medium,Bachelors,Bilingual,2.877692697007175
3067,22,Female,Medium,Bachelors,Bilingual,1.6138658087687756
3068,30,Male,High,Below_Secondary,Native,3.07523766636224
3069,18,Male,High,Bachelors,Native,3.51835239054368
3070,25,Male,Medium,Secondary,ESL,2.348591828584438
3071,20,Female,Low,Secondary,Native,2.715876088785076
3072,23,Female,High,Secondary,Native,2.638078042206857
3073,20,Male,Medium,Masters_Plus,Native,2.9137163430044115
3074,24,Male,High,Secondary,Native,2.619458015007474
3075,30,Female,High,Secondary,Native,3.651057500559232
3076,24,Female,Low,Masters_Plus,Native,3.6358131101126165
3077,29,Male,High,Bachelors,Bilingual,2.4786928842116827
3078,26,Male,Medium,Below_Secondary,Bilingual,3.650579652733432
3079,22,Male,Medium,Masters_Plus,Native,1.8521019545868675
3080,25,Female,Low,Secondary,Native,2.354719616515474
3081,27,Female,High,Bachelors,Native,3.215451306143301
3082,27,Female,Medium,Bachelors,Native,2.8944855380438343
3083,25,Female,Medium,Bachelors,Native,2.928755225780486
3084,18,Male,High,Bachelors,Native,3.0689686232213758
3085,29,Female,Medium,Secondary,Native,2.5519591811963123
3086,22,Female,Medium,Secondary,Native,3.5941924217967465
3087,20,Male,High,Bachelors,ESL,3.259970849601491
3088,18,Female,Medium,Secondary,Native,2.7821080517692587
3089,21,Male,High,Masters_Plus,Native,3.4000272492473744
3090,25,Male,High,Secondary,Native,3.118089799320245
3091,20,Female,Medium,Below_Secondary,Native,2.6990786720855016
3092,27,Female,Medium,Bachelors,Bilingual,2.6734320144218153
3093,19,Female,Medium,Secondary,Native,2.1553164279540664
3094,28,Male,Medium,Below_Secondary,Bilingual,2.4776336878744574
3095,26,Female,Medium,Secondary,Native,2.7336551899918664
3096,27,Female,Medium,Masters_Plus,ESL,2.8952523739608553
3097,22,Male,Low,Secondary,Native,2.2984698645742907
3098,24,Non-binary,Low,Secondary,Native,2.8691825442988934
3099,28,Female,Low,Secondary,Native,2.5196802910757174
3100,28,Male,Low,Below_Secondary,Native,2.417075256115703
3101,19,Female,Medium,Below_Secondary,Native,3.1557308983163646
3102,26,Male,Low,Bachelors,Native,2.9483174043242086
3103,30,Male,Low,Masters_Plus,Bilingual,2.7642665198442664
3104,26,Male,Low,Secondary,Native,3.151129579277567
3105,21,Non-binary,Medium,Bachelors,Native,2.074947500432687
3106,21,Male,High,Masters_Plus,Native,2.123526997365597
3107,23,Female,Low,Secondary,Native,2.601877101353624
3108,27,Male,Medium,Secondary,Native,2.737986091168782
3109,27,Female,Medium,Masters_Plus,Native,3.2585801613783585
3110,27,Female,Low,Bachelors,Native,2.4233568137567527
3111,23,Female,Medium,Secondary,Bilingual,2.436077022343511
3112,29,Male,Low,Secondary,Bilingual,3.453373611677668
3113,18,Female,Medium,Below_Secondary,Native,2.1500564432765708
3114,26,Non-binary,Low,Secondary,Native,3.4095069201903927
3115,19,Female,High,Bachelors,Native,2.805212877502982
3116,22,Female,Low,Bachelors,Native,2.333102359190093
3117,26,Female,Medium,Bachelors,Native,2.1423564945452407
3118,21,Male,High,Secondary,Native,2.6879117100689327
3119,28,Female,Low,Secondary,Native,3.191576653619711
3120,20,Female,Medium,Below_Secondary,Native,2.791768374852841
3121,24,Male,Medium,Bachelors,Native,3.3503832968400453
3122,23,Male,Medium,Bachelors,Native,3.3331506328424894
3123,25,Male,Low,Secondary,Native,3.283219660972442
3124,20,Female,Low,Secondary,Native,3.3087342966715507
3125,22,Female,Medium,Bachelors,ESL,2.479916952886594
3126,27,Male,Medium,Bachelors,Bilingual,3.2687748373182175
3127,21,Male,Medium,Secondary,Native,4.0
3128,30,Male,Low,Secondary,Native,3.386408175088542
3129,21,Male,Medium,Secondary,Native,2.567373652149027
3130,21,Male,Medium,Bachelors,Native,2.452005938825761
3131,27,Female,Medium,Bachelors,ESL,2.8683524463190793
3132,25,Male,Medium,Bachelors,Native,3.2624424986514886
3133,23,Female,Medium,Masters_Plus,ESL,2.9071964996377444
3134,20,Female,Medium,Masters_Plus,Native,2.135684226876814
3135,27,Male,Low,Secondary,ESL,3.254804102100082
3136,22,Female,Medium,Secondary,Bilingual,3.3629266589560434
3137,23,Female,Low,Secondary,Bilingual,2.2733344790788523
3138,22,Female,Medium,Below_Secondary,Native,3.3764945041534795
3139,23,Male,Medium,Bachelors,Bilingual,2.8728742665306517
3140,25,Male,Medium,Masters_Plus,Native,3.0924282887889
3141,24,Male,Medium,Bachelors,ESL,3.102641344805079
3142,22,Male,Low,Secondary,Native,2.9728337833518554
3143,27,Male,Medium,Below_Secondary,Native,2.5605196002578
3144,23,Male,High,Secondary,ESL,3.0999941744089123
3145,21,Male,Medium,Bachelors,ESL,2.8276410826125264
3146,29,Male,Medium,Secondary,Bilingual,2.9976983073659045
3147,26,Male,High,Below_Secondary,Native,2.636302072344743
3148,30,Male,Medium,Secondary,ESL,3.037078275894782
3149,21,Non-binary,Low,Masters_Plus,Bilingual,2.7997169767510406
3150,18,Male,Medium,Bachelors,Native,2.198647814430083
3151,24,Female,Low,Masters_Plus,ESL,3.1221500953127292
3152,24,Male,Medium,Bachelors,Native,3.4482083390355314
3153,21,Female,Medium,Bachelors,Native,3.0464050714853586
3154,30,Male,Medium,Below_Secondary,Native,2.69767665974867
3155,20,Female,Medium,Secondary,Native,3.0450551246301587
3156,25,Female,Medium,Bachelors,Bilingual,2.404078505359413
3157,22,Male,Medium,Masters_Plus,Native,3.2816739915615547
3158,27,Female,High,Secondary,Native,3.3364501941331453
3159,24,Female,Medium,Below_Secondary,Native,2.784932171600146
3160,21,Male,High,Bachelors,Native,2.8812018458136
3161,21,Female,Low,Secondary,Native,2.1999589915266
3162,25,Female,Medium,Bachelors,Native,3.1568641474837307
3163,25,Female,Medium,Secondary,Native,2.6725995405126732
3164,19,Male,Low,Secondary,Bilingual,1.286029044276979
3165,19,Female,High,Secondary,ESL,2.87863537760857
3166,20,Female,High,Bachelors,Native,2.744876962050863
3167,29,Female,Low,Bachelors,Native,2.2049167872756263
3168,29,Female,Low,Secondary,Native,3.39496102312516
3169,20,Male,Medium,Masters_Plus,Native,2.552052817918366
3170,18,Female,High,Below_Secondary,ESL,2.3733258741327665
3171,20,Male,Medium,Below_Secondary,Native,3.473838260150491
3172,23,Male,Low,Bachelors,Native,3.0538911237877358
3173,25,Female,Low,Below_Secondary,Native,2.2253096987747716
3174,30,Female,Medium,Bachelors,ESL,2.8045804835307275
3175,29,Male,High,Masters_Plus,Native,2.34140057867166
3176,27,Female,Medium,Bachelors,Native,2.057607084292076
3177,23,Male,Medium,Bachelors,Native,2.0139368700486338
3178,22,Male,Low,Bachelors,Native,3.2223757316182504
3179,21,Female,Medium,Secondary,Bilingual,2.335575189780517
3180,20,Male,Medium,Secondary,Native,2.2220236867853242
3181,30,Male,Medium,Secondary,Bilingual,2.676364853162483
3182,21,Male,Medium,Masters_Plus,Native,4.0
3183,24,Female,High,Secondary,Native,3.092332719421963
3184,18,Male,Low,Secondary,Native,3.3045733314302117
3185,24,Male,Medium,Masters_Plus,Bilingual,2.24356245944768
3186,18,Female,Medium,Bachelors,Native,3.0687880955778675
3187,19,Female,Medium,Masters_Plus,Native,2.8092170809627244
3188,21,Male,Medium,Bachelors,Native,2.3900033082896996
3189,18,Female,High,Secondary,Bilingual,2.6814315589783044
3190,28,Male,Medium,Bachelors,ESL,2.426496532381184
3191,29,Non-binary,Low,Secondary,Bilingual,2.8911108507897687
3192,28,Male,Medium,Secondary,Native,2.6820548714725967
3193,28,Male,Medium,Bachelors,Native,2.4279459152420366
3194,26,Male,Medium,Bachelors,Native,2.664065249466084
3195,29,Male,Medium,Masters_Plus,Native,3.3318363385570677
3196,23,Female,Low,Masters_Plus,Bilingual,2.1177208294327206
3197,30,Male,Medium,Masters_Plus,Bilingual,2.4818873845155967
3198,18,Male,Medium,Below_Secondary,Bilingual,3.0055577770464446
3199,18,Female,Medium,Bachelors,Native,2.447038958313361
3200,23,Female,Medium,Bachelors,ESL,3.559598743825476
3201,21,Male,Low,Masters_Plus,ESL,3.494048097567315
3202,21,Male,Medium,Secondary,Native,3.525915718587744
3203,28,Male,High,Secondary,Native,3.193697914379851
3204,23,Male,Medium,Masters_Plus,Native,3.3861913590233983
3205,29,Male,Medium,Secondary,Native,2.814329045429522
3206,28,Female,Medium,Bachelors,ESL,2.460821382122776
3207,24,Female,High,Secondary,Native,2.495474355377933
3208,26,Male,High,Secondary,Native,1.8693180694895526
3209,27,Male,Medium,Bachelors,Native,2.59037730435545
3210,22,Male,Low,Secondary,Native,2.626009244900859
3211,26,Male,High,Bachelors,Native,2.6977282162183926
3212,21,Male,Medium,Below_Secondary,ESL,4.0
3213,30,Female,Medium,Secondary,Native,2.3647114338860518
3214,27,Female,High,Secondary,Bilingual,2.6683992089994804
3215,19,Non-binary,Medium,Bachelors,Bilingual,4.0
3216,20,Female,Low,Secondary,Native,2.3871455149504945
3217,30,Male,High,Bachelors,ESL,2.182359976205755
3218,28,Female,Medium,Bachelors,Native,2.6855088557485316
3219,18,Male,Medium,Bachelors,Native,2.3853058780800107
3220,23,Male,Medium,Bachelors,Native,3.4554082846664613
3221,30,Female,Medium,Secondary,Native,2.890303310126334
3222,23,Male,Low,Secondary,Native,2.143832724090094
3223,18,Female,Medium,Bachelors,Bilingual,2.991568898683176
3224,28,Male,Medium,Below_Secondary,Native,2.9163410822288838
3225,30,Female,High,Masters_Plus,Native,1.9760723731583634
3226,20,Female,Medium,Bachelors,Bilingual,3.06763416650552
3227,22,Female,Medium,Secondary,Bilingual,3.0996217671628123
3228,20,Female,Medium,Bachelors,Native,1.9923297822897923
3229,27,Male,Medium,Masters_Plus,Native,2.072976884284438
3230,20,Female,Low,Secondary,Native,2.589963136582032
3231,27,Non-binary,High,Bachelors,Native,2.426756965356041
3232,20,Female,Medium,Below_Secondary,Native,3.1578530486280094
3233,22,Female,Low,Bachelors,ESL,2.5403556828067613
3234,30,Female,Low,Masters_Plus,Native,2.694407085660631
3235,22,Female,Medium,Bachelors,Native,2.1649025142426854
3236,21,Female,Low,Bachelors,Bilingual,3.369107081331634
3237,18,Female,Low,Masters_Plus,Native,2.3442892293268875
3238,22,Female,Medium,Bachelors,Native,2.180927881485698
3239,27,Male,High,Bachelors,Native,2.831024708915054
3240,22,Male,Medium,Bachelors,Bilingual,3.4441848924260876
3241,21,Male,Low,Bachelors,Bilingual,3.0717847930273234
3242,23,Male,Low,Bachelors,Bilingual,2.4612451642649544
3243,27,Male,Medium,Masters_Plus,Native,2.5569378434264074
3244,21,Female,Low,Bachelors,ESL,1.9903466153110183
3245,24,Male,Medium,Bachelors,Native,3.954876756559654
3246,24,Male,Low,Below_Secondary,Native,3.7310334867615707
3247,19,Female,High,Bachelors,Native,2.9730369582942098
3248,20,Non-binary,Medium,Bachelors,Native,2.792725271543723
3249,18,Female,Low,Bachelors,Native,2.124323180997958
3250,25,Non-binary,High,Secondary,Native,2.7124886711716285
3251,26,Female,Medium,Masters_Plus,Native,3.334705695936962
3252,21,Male,Medium,Below_Secondary,Native,3.2375845875121567
3253,23,Female,High,Secondary,Bilingual,2.5296400980070786
3254,26,Female,Medium,Bachelors,Bilingual,3.2804434162846876
3255,23,Male,Medium,Bachelors,Native,3.4942514554163164
3256,29,Male,Medium,Secondary,Native,2.8207475689175707
3257,29,Female,Low,Bachelors,Native,3.389120043331991
3258,29,Male,Low,Secondary,Native,3.7901969483201987
3259,26,Female,Medium,Below_Secondary,Bilingual,3.9491696634807965
3260,21,Male,Medium,Secondary,Native,2.439749066737057
3261,25,Female,Medium,Masters_Plus,Native,3.066026226590534
3262,26,Female,Medium,Secondary,Native,3.2220295711620697
3263,21,Male,High,Below_Secondary,Bilingual,2.7886525710790226
3264,22,Male,High,Bachelors,Native,3.5461812048415915
3265,25,Female,Medium,Secondary,Bilingual,2.833517008601948
3266,29,Female,High,Bachelors,Native,2.7083006491558077
3267,27,Female,Medium,Masters_Plus,Bilingual,2.0113218040211285
3268,23,Female,Medium,Bachelors,ESL,1.78596726875339
3269,29,Female,Low,Secondary,Native,2.5899040487081555
3270,24,Male,Low,Bachelors,Bilingual,1.0595289506200798
3271,20,Male,High,Bachelors,Bilingual,3.546699849883559
3272,24,Male,Medium,Secondary,Bilingual,3.3331976918622237
3273,29,Female,Medium,Below_Secondary,Bilingual,3.2138993626110754
3274,25,Male,Low,Secondary,Native,3.46771976659697
3275,27,Male,Medium,Below_Secondary,Native,2.634708806980123
3276,23,Female,Medium,Masters_Plus,ESL,2.932757364608505
3277,27,Female,High,Bachelors,Native,2.5772884884049767
3278,26,Male,Low,Secondary,ESL,3.4654769703377566
3279,30,Male,Medium,Secondary,Native,1.2690033895866544
3280,23,Male,Low,Masters_Plus,Native,3.4653064663091007
3281,29,Male,Medium,Secondary,Bilingual,1.7074188965381611
3282,26,Female,Medium,Bachelors,Bilingual,2.6763543954017934
3283,30,Male,Low,Secondary,Native,2.170250741060568
3284,21,Female,Medium,Masters_Plus,Native,2.7183257018915494
3285,25,Female,Low,Bachelors,Bilingual,2.468323817138161
3286,28,Male,High,Below_Secondary,ESL,2.569145968144337
3287,21,Non-binary,Medium,Secondary,Native,3.1283876043200327
3288,19,Male,Medium,Bachelors,Native,2.934859556284208
3289,27,Male,High,Masters_Plus,Native,3.3995054079818567
3290,28,Male,Medium,Below_Secondary,ESL,3.0510126780935907
3291,26,Male,Medium,Bachelors,Native,1.8465174370193551
3292,22,Male,Medium,Secondary,Native,4.0
3293,21,Male,Low,Masters_Plus,Native,1.608563951214611
3294,19,Female,Medium,Bachelors,Native,2.9887308883560304
3295,18,Female,Medium,Secondary,Native,3.241531480567756
3296,28,Female,High,Secondary,Native,2.9756147817773
3297,24,Male,High,Below_Secondary,Bilingual,2.6799603731562445
3298,23,Female,Medium,Bachelors,Native,3.6919371560901664
3299,19,Female,Medium,Secondary,Native,3.473932305383115
3300,25,Female,High,Secondary,Native,2.7872484532312103
3301,28,Female,Medium,Masters_Plus,ESL,2.5305632499861526
3302,21,Female,Low,Secondary,Bilingual,2.309572610566872
3303,25,Male,Medium,Bachelors,Native,2.3574544284639716
3304,24,Female,High,Secondary,Native,2.7640550506822907
3305,22,Male,Medium,Below_Secondary,Native,1.8065307415325191
3306,27,Non-binary,Medium,Secondary,ESL,2.7959866414894305
3307,27,Male,Low,Bachelors,Native,3.2819392615748066
3308,29,Male,High,Bachelors,Native,2.4621979669721843
3309,25,Male,Medium,Masters_Plus,Bilingual,2.786311928093347
3310,26,Female,Medium,Secondary,Native,2.9844435000875604
3311,22,Male,Low,Secondary,Native,3.0906629147185853
3312,27,Male,Low,Masters_Plus,Native,2.679928454685362
3313,22,Female,Medium,Secondary,Native,3.85640074561912
3314,19,Female,High,Secondary,Native,2.802056574069847
3315,22,Male,Medium,Below_Secondary,Native,2.0023599207050617
3316,20,Male,Low,Bachelors,ESL,2.5686869069126015
3317,24,Female,Medium,Bachelors,Native,3.57888569480885
3318,27,Female,Low,Below_Secondary,Native,3.5318360803883415
3319,22,Female,Low,Secondary,Native,1.7681373292237186
3320,25,Female,Medium,Bachelors,Native,2.6214095473745527
3321,18,Male,High,Masters_Plus,ESL,2.483467343213718
3322,20,Female,Low,Secondary,Bilingual,3.2674600739954553
3323,20,Female,Medium,Masters_Plus,ESL,2.1171565483974355
3324,26,Female,Medium,Secondary,Native,3.735991653048069
3325,22,Male,Low,Secondary,Native,1.918070537350601
3326,29,Female,Low,Below_Secondary,Native,2.7159032406707597
3327,26,Female,Medium,Secondary,Native,2.0771412517908634
3328,30,Male,Low,Secondary,Native,3.1941030903746905
3329,26,Female,Medium,Masters_Plus,ESL,1.5651145637136092
3330,18,Female,Low,Secondary,Native,2.6971583690223224
3331,19,Female,Medium,Secondary,ESL,2.685347605348776
3332,22,Female,Low,Below_Secondary,Native,2.262398378874683
3333,21,Female,High,Bachelors,Native,3.531171606898895
3334,27,Female,Medium,Masters_Plus,Native,3.8222203830302734
3335,26,Male,High,Secondary,Native,2.5582789333191647
3336,24,Male,Medium,Secondary,ESL,2.8776096830016926
3337,23,Male,Medium,Below_Secondary,Native,2.4296300756341154
3338,24,Female,Medium,Secondary,Bilingual,2.0421759257860406
3339,18,Female,Low,Below_Secondary,Native,2.129392798533719
3340,18,Female,Medium,Bachelors,ESL,2.145246483315458
3341,25,Female,Medium,Bachelors,Bilingual,3.549457989924406
3342,30,Female,Medium,Bachelors,Native,3.0580282831810157
3343,30,Non-binary,Medium,Secondary,Native,2.228133745025798
3344,19,Male,Medium,Secondary,Native,2.281739773626342
3345,29,Female,High,Bachelors,Native,2.2017682261721925
3346,27,Male,Medium,Bachelors,Native,1.6728832038357428
3347,28,Female,Medium,Below_Secondary,Native,3.1114894989642465
3348,26,Female,Medium,Bachelors,Native,2.7236489310695586
3349,24,Female,High,Secondary,ESL,3.825858682873677
3350,23,Male,Medium,Secondary,Native,1.5498839007225562
3351,18,Male,Medium,Below_Secondary,ESL,3.308926863803339
3352,18,Female,Low,Masters_Plus,Native,3.36217104561889
3353,19,Female,Medium,Secondary,Native,3.4410204791750263
3354,23,Male,Medium,Masters_Plus,Native,2.9473871021240448
3355,23,Female,Medium,Secondary,Native,3.3536437957328133
3356,19,Male,High,Secondary,ESL,2.9834572064679707
3357,18,Female,High,Bachelors,ESL,2.3508793689983842
3358,27,Female,Medium,Below_Secondary,Native,2.559272635232421
3359,22,Female,High,Secondary,ESL,2.5432538168766223
3360,22,Non-binary,Low,Secondary,Bilingual,3.4982822337837116
3361,19,Female,High,Masters_Plus,ESL,3.567653067758108
3362,23,Female,Medium,Bachelors,Native,3.288727614359225
3363,26,Male,Medium,Secondary,ESL,2.836782408168892
3364,19,Male,High,Secondary,ESL,1.5655381852890569
3365,27,Male,High,Bachelors,Native,3.2941626289093353
3366,19,Female,Medium,Secondary,Native,3.268992800776373
3367,20,Male,Medium,Secondary,Native,2.970915750040896
3368,30,Male,Low,Secondary,Native,3.087605675522394
3369,24,Male,High,Bachelors,Bilingual,2.312978026957381
3370,23,Male,Medium,Secondary,Bilingual,2.5939823667791018
3371,29,Male,Low,Bachelors,Bilingual,2.3076258980262616
3372,25,Female,Medium,Bachelors,Native,2.7067935721796923
3373,25,Female,Medium,Masters_Plus,Native,3.3262278186923067
3374,23,Female,Medium,Bachelors,Native,3.0632375464272283
3375,29,Female,Medium,Secondary,Bilingual,2.1733811520590693
3376,28,Male,Medium,Bachelors,Native,3.8992310223295137
3377,27,Female,Medium,Masters_Plus,Native,2.9038377694543227
3378,20,Male,Medium,Secondary,Native,2.3955684908105277
3379,20,Male,Medium,Secondary,Native,2.619353364930992
3380,18,Female,Medium,Below_Secondary,Native,2.467084186203854
3381,24,Male,Low,Masters_Plus,Native,2.9356968100981673
3382,22,Female,Medium,Secondary,ESL,2.0063287940681453
3383,21,Male,Medium,Below_Secondary,Native,2.976606236673212
3384,27,Female,Medium,Bachelors,ESL,3.3040462820685765
3385,21,Female,Medium,Bachelors,Native,3.195804908614999
3386,21,Male,Medium,Secondary,ESL,2.9589176296228734
3387,23,Female,Medium,Bachelors,Native,3.145386418578336
3388,25,Male,High,Bachelors,Bilingual,3.0354056900505926
3389,25,Female,Low,Secondary,ESL,3.427993163266573
3390,22,Male,High,Bachelors,Native,2.656290450503221
3391,23,Female,Medium,Bachelors,ESL,2.2518766326308035
3392,21,Female,High,Masters_Plus,Native,3.0194065396657614
3393,29,Male,Medium,Bachelors,Bilingual,3.4502785457465777
3394,28,Female,Medium,Masters_Plus,Native,2.5656571569771645
3395,30,Female,High,Secondary,ESL,3.7585555453583326
3396,26,Female,Low,Secondary,Bilingual,3.0289575899561663
3397,25,Female,Low,Below_Secondary,Native,3.3570093541066965
3398,27,Male,Medium,Secondary,Native,2.1029807042227526
3399,29,Female,High,Masters_Plus,ESL,3.2745402859220807
3400,27,Male,Medium,Secondary,Bilingual,3.0807771145962524
3401,18,Male,Medium,Below_Secondary,ESL,4.0
3402,19,Non-binary,Medium,Below_Secondary,Native,3.1095828874957605
3403,26,Female,Medium,Secondary,Native,3.192307097647149
3404,25,Male,Medium,Secondary,Native,2.307955283202031
3405,20,Male,Medium,Secondary,Native,2.990423505822639
3406,25,Female,High,Bachelors,Native,3.4874663543590882
3407,29,Male,Medium,Secondary,Native,2.5920175817190123
3408,18,Male,Medium,Bachelors,Native,2.372876854001309
3409,27,Male,Medium,Bachelors,Native,4.0
3410,21,Female,Medium,Bachelors,Native,2.633420769154877
3411,20,Female,Medium,Secondary,Bilingual,3.3430149638722924
3412,23,Male,Medium,Masters_Plus,Native,2.5132893484931307
3413,24,Female,Low,Bachelors,Native,2.5372555765082643
3414,21,Male,Medium,Secondary,Native,2.7263140951775755
3415,24,Female,Medium,Below_Secondary,Native,3.1438264635938076
3416,26,Non-binary,Low,Below_Secondary,ESL,3.50087948380704
3417,28,Female,Medium,Bachelors,Native,2.463517127302873
3418,19,Female,Medium,Bachelors,ESL,3.4723781564507843
3419,28,Female,Medium,Secondary,Native,2.8830057527996327
3420,20,Female,Medium,Secondary,ESL,2.6944026735230517
3421,22,Female,High,Masters_Plus,Native,3.13568613126096
3422,20,Female,Medium,Masters_Plus,Native,3.6574706283081495
3423,28,Male,Medium,Bachelors,Bilingual,3.1093288016204443
3424,25,Male,Medium,Bachelors,Native,2.364068610780717
3425,29,Female,High,Bachelors,Bilingual,2.8877124041005655
3426,27,Female,Medium,Bachelors,Native,3.137306515615005
3427,25,Male,High,Secondary,Bilingual,2.444032989307648
3428,25,Male,Low,Below_Secondary,ESL,2.9685452958616354
3429,29,Female,High,Bachelors,ESL,2.369005067629711
3430,29,Female,Medium,Secondary,Native,3.180528178652699
3431,26,Female,Low,Below_Secondary,Native,3.6787386162987783
3432,21,Female,Medium,Bachelors,ESL,2.75144439298943
3433,22,Female,High,Bachelors,ESL,3.2472413617619296
3434,22,Female,Medium,Masters_Plus,Native,3.4149903320789288
3435,25,Female,Medium,Secondary,Native,2.5425917729853094
3436,24,Female,Low,Masters_Plus,Native,3.0539902397842926
3437,26,Female,Medium,Secondary,ESL,3.483091687925715
3438,25,Male,Medium,Bachelors,Native,3.7820977606864656
3439,19,Male,Low,Secondary,Native,2.6330244849053424
3440,27,Non-binary,Medium,Below_Secondary,Bilingual,2.12375323747231
3441,29,Male,High,Secondary,ESL,3.1501804865580323
3442,21,Male,Medium,Bachelors,Bilingual,2.937295058576708
3443,23,Female,Low,Secondary,Native,2.818208514829614
3444,29,Female,Medium,Bachelors,Native,2.488393975848565
3445,19,Male,High,Secondary,ESL,3.3304902951294073
3446,24,Male,Medium,Below_Secondary,Bilingual,2.446814792618886
3447,20,Male,Medium,Bachelors,Bilingual,2.394816871404946
3448,30,Female,High,Masters_Plus,Bilingual,2.720625278110455
3449,20,Male,Medium,Secondary,Native,3.3573293208863704
3450,28,Male,Low,Bachelors,Bilingual,1.9861603862492005
3451,19,Male,Medium,Masters_Plus,Native,2.191097424286571
3452,28,Female,High,Bachelors,Native,2.3082516361516316
3453,25,Male,Medium,Bachelors,ESL,3.9899450885331387
3454,23,Male,Low,Secondary,Native,2.9695188082566975
3455,18,Female,Medium,Secondary,Native,2.1743249737424337
3456,29,Non-binary,Medium,Secondary,Native,2.7214296061746084
3457,18,Female,High,Secondary,Native,3.2639030109869918
3458,24,Non-binary,Medium,Bachelors,Bilingual,3.9999704886272434
3459,25,Female,Medium,Secondary,Bilingual,1.8769793888209185
3460,22,Male,High,Below_Secondary,Native,2.15520336437655
3461,29,Female,Medium,Masters_Plus,Native,2.5970059191377155
3462,28,Male,Low,Bachelors,Native,2.6181566603705004
3463,22,Female,High,Masters_Plus,Native,2.6085258837458265
3464,21,Male,Medium,Bachelors,Bilingual,2.7326502104743007
3465,23,Male,Medium,Below_Secondary,Native,4.0
3466,23,Female,Medium,Bachelors,Bilingual,2.0405639209540145
3467,20,Male,Low,Bachelors,Native,2.8958937952652732
3468,26,Female,High,Secondary,Native,3.136585310326697
3469,29,Male,Medium,Secondary,Native,1.9290099689596127
3470,28,Male,Medium,Secondary,Native,3.6605234113926044
3471,24,Female,Low,Bachelors,ESL,2.705907414230836
3472,18,Female,Medium,Secondary,Native,2.149781171777805
3473,30,Female,High,Bachelors,Native,3.728060738576338
3474,24,Male,Medium,Secondary,ESL,3.208767340795262
3475,22,Female,High,Secondary,Native,2.4744060584916356
3476,22,Female,Medium,Below_Secondary,Native,3.2350024502450854
3477,30,Female,Medium,Below_Secondary,ESL,3.03262552381659
3478,19,Male,Medium,Secondary,Native,1.8781172778727409
3479,21,Female,High,Secondary,Bilingual,1.9367500581818384
3480,29,Female,Medium,Secondary,Native,3.0020462961597856
3481,23,Female,Medium,Masters_Plus,Native,1.737124224316073
3482,27,Female,Medium,Bachelors,Native,3.403261708904683
3483,28,Female,Medium,Bachelors,Native,1.9714790729850067
3484,24,Male,Medium,Masters_Plus,Native,3.35239246522469
3485,28,Male,High,Masters_Plus,Native,3.654118917193091
3486,22,Female,Low,Masters_Plus,Bilingual,3.093795063153741
3487,26,Male,Low,Below_Secondary,ESL,0.5868794648687756
3488,20,Male,Low,Bachelors,Native,3.4721938361183344
3489,18,Male,Medium,Bachelors,Native,2.5380676011870578
3490,21,Male,Medium,Bachelors,Native,2.765445404860695
3491,26,Female,Low,Bachelors,Bilingual,2.354023401580377
3492,21,Female,Medium,Below_Secondary,Native,3.809271247228097
3493,19,Female,Medium,Masters_Plus,Native,2.9064525529427807
3494,27,Male,Medium,Secondary,Native,2.556328000900412
3495,22,Female,Medium,Secondary,ESL,3.6036550415797364
3496,20,Female,Medium,Secondary,Native,3.3277101089407424
3497,30,Non-binary,Medium,Secondary,Native,2.120546950284803
3498,29,Female,Low,Secondary,Native,3.0004151379350543
3499,30,Male,Low,Secondary,Bilingual,2.932178231317236
3500,26,Female,Medium,Masters_Plus,ESL,1.9167520638942617
3501,21,Non-binary,Medium,Secondary,Bilingual,3.2962601311425237
3502,23,Female,Medium,Bachelors,ESL,2.782576506485207
3503,19,Female,Low,Bachelors,Native,4.0
3504,23,Male,Low,Bachelors,Native,3.6458602848247414
3505,20,Female,High,Secondary,Bilingual,2.933263770282502
3506,29,Female,Medium,Bachelors,Native,2.747561112802704
3507,29,Male,Medium,Below_Secondary,Native,1.5731790490554942
3508,26,Female,High,Below_Secondary,Bilingual,3.305403403806652
3509,28,Male,Medium,Bachelors,Bilingual,2.7589702637715905
3510,19,Male,Medium,Masters_Plus,ESL,2.519543423138612
3511,29,Male,Medium,Bachelors,ESL,2.8129062693337494
3512,29,Male,Low,Below_Secondary,Native,3.73172237833506
3513,26,Female,Medium,Secondary,ESL,3.6187881003960864
3514,22,Male,Medium,Below_Secondary,Native,3.6171335518412184
3515,25,Male,Medium,Bachelors,Bilingual,2.177060249224137
3516,19,Female,Medium,Secondary,Native,3.7477857200473754
3517,23,Female,Medium,Masters_Plus,Native,2.5059341047421877
3518,20,Female,Low,Below_Secondary,ESL,3.2477405773291506
3519,29,Male,Low,Below_Secondary,Native,3.176498786031488
3520,29,Female,Low,Secondary,Bilingual,2.7154368990496645
3521,27,Male,Low,Secondary,Native,2.928528349580997
3522,22,Female,Medium,Bachelors,Native,1.8140783373646818
3523,29,Male,Medium,Masters_Plus,Native,2.835389632934425
3524,25,Female,Low,Below_Secondary,Native,2.6587426890167203
3525,27,Male,High,Secondary,Native,4.0
3526,18,Female,High,Masters_Plus,Native,2.8173423492814105
3527,22,Female,Medium,Bachelors,Bilingual,2.371230212355351
3528,20,Male,Medium,Masters_Plus,Native,2.869112186564052
3529,21,Male,Medium,Secondary,Native,2.396885195936594
3530,19,Female,Low,Secondary,ESL,1.9486632316749897
3531,26,Non-binary,High,Secondary,Native,3.047219492049793
3532,20,Female,Low,Secondary,Native,2.8046150260723484
3533,19,Male,High,Bachelors,Bilingual,3.3959054414910512
3534,27,Male,Medium,Secondary,Bilingual,3.6736070725591476
3535,28,Female,Medium,Bachelors,Bilingual,3.933598768542145
3536,26,Female,Medium,Secondary,ESL,2.9378341068905285
3537,24,Female,Medium,Bachelors,Native,3.214923888294969
3538,23,Female,Low,Below_Secondary,ESL,2.9689354590052255
3539,18,Female,Medium,Secondary,ESL,1.4085086937554732
3540,22,Female,Medium,Bachelors,ESL,3.541597236992019
3541,29,Male,Medium,Below_Secondary,Native,3.1274895924546566
3542,28,Male,Low,Secondary,ESL,3.1355502316140127
3543,28,Female,Medium,Secondary,Native,2.4924546321413064
3544,20,Male,High,Masters_Plus,Bilingual,2.414220413900134
3545,18,Male,Medium,Bachelors,Native,2.759206163396703
3546,21,Male,Medium,Bachelors,Bilingual,3.134755050324786
3547,30,Male,High,Masters_Plus,Native,1.628617604842451
3548,19,Female,Medium,Masters_Plus,Native,2.9213137847999304
3549,19,Female,Medium,Bachelors,ESL,3.8130956652187318
3550,20,Female,High,Bachelors,Native,2.721198504241564
3551,25,Male,Medium,Bachelors,Bilingual,1.6122635395460507
3552,25,Female,Medium,Secondary,Native,2.6867838176481618
3553,29,Male,Low,Masters_Plus,ESL,2.9769027284882608
3554,24,Female,Medium,Bachelors,Native,3.02565268889863
3555,23,Female,Medium,Secondary,Native,2.8928429298292806
3556,26,Male,High,Below_Secondary,Native,3.9617183181050946
3557,21,Female,Low,Below_Secondary,Bilingual,2.884528699469318
3558,29,Female,Medium,Secondary,Bilingual,2.915156871084137
3559,18,Male,Low,Secondary,Native,2.4585309836510856
3560,25,Female,Medium,Secondary,Native,3.366595848322003
3561,24,Male,High,Secondary,Native,3.818246869294063
3562,24,Male,Medium,Bachelors,ESL,2.423126111269666
3563,20,Female,High,Secondary,Bilingual,2.7348147708198636
3564,21,Female,Low,Secondary,Native,1.4050871925495103
3565,27,Female,Low,Secondary,Native,2.298035457813528
3566,26,Male,High,Masters_Plus,Native,3.9815942493518963
3567,23,Male,High,Secondary,ESL,2.6216644745497306
3568,22,Female,High,Secondary,Native,2.9361910095581267
3569,20,Male,Medium,Bachelors,Bilingual,2.3628246892015503
3570,26,Female,Medium,Secondary,Native,3.0686911658200438
3571,22,Female,Low,Secondary,Native,2.6952798453561018
3572,22,Female,High,Secondary,Native,3.0465587466573565
3573,21,Female,Medium,Bachelors,ESL,2.8627799815189703
3574,21,Male,Medium,Bachelors,ESL,3.66600630920243
3575,29,Male,Medium,Bachelors,Native,2.901101474230833
3576,18,Male,Medium,Secondary,Native,2.2994154856141877
3577,24,Female,High,Bachelors,Native,2.418270760989067
3578,26,Female,Low,Secondary,Bilingual,1.6788482547833212
3579,20,Female,Medium,Secondary,Bilingual,2.875242016335427
3580,29,Female,Medium,Secondary,Native,2.7618606491596265
3581,30,Non-binary,Medium,Bachelors,Native,3.707990139793723
3582,19,Male,Medium,Below_Secondary,Bilingual,2.0962982214271655
3583,20,Male,Medium,Bachelors,Bilingual,2.3814299877068814
3584,18,Male,Medium,Masters_Plus,Native,2.387718118988056
3585,23,Female,Medium,Secondary,Native,2.6478509717790515
3586,28,Male,Medium,Secondary,Bilingual,2.043428116187874
3587,28,Female,Medium,Secondary,Native,2.632889057342548
3588,24,Female,Low,Secondary,Native,2.811223187680339
3589,28,Female,Low,Below_Secondary,Native,2.829268742978657
3590,28,Female,Medium,Masters_Plus,Native,3.564021667159397
3591,19,Male,Low,Secondary,Native,2.7821708307570723
3592,25,Male,High,Bachelors,ESL,2.7678663735669238
3593,23,Female,Medium,Below_Secondary,Native,3.487083276172525
3594,21,Male,Medium,Bachelors,Native,2.798649916950978
3595,22,Male,High,Masters_Plus,Native,2.070513731049591
3596,25,Female,Low,Bachelors,Native,2.153499056667269
3597,20,Male,High,Masters_Plus,Bilingual,2.159217743320934
3598,20,Female,Medium,Secondary,ESL,2.0687605509725673
3599,28,Female,High,Secondary,Native,3.9989670123995253
3600,21,Male,High,Bachelors,ESL,2.1566925075332644
3601,18,Female,Low,Bachelors,Native,2.7749990115900958
3602,26,Male,Medium,Masters_Plus,Native,2.8329801364746254
3603,25,Female,Medium,Secondary,Native,2.6939026615402306
3604,25,Male,Medium,Secondary,Native,2.332151861361953
3605,27,Female,Medium,Secondary,Native,3.07312131018155
3606,23,Male,Medium,Masters_Plus,Native,1.8856360963736016
3607,24,Male,Medium,Masters_Plus,Native,2.160518049660383
3608,23,Male,Medium,Bachelors,Native,3.4731035032687783
3609,26,Male,High,Bachelors,Native,2.141530254144149
3610,20,Male,Medium,Bachelors,Native,3.578526782778919
3611,20,Female,Medium,Bachelors,ESL,3.6297615563840067
3612,20,Female,Low,Secondary,Bilingual,3.6416556036995473
3613,27,Male,Low,Bachelors,Native,3.306329874975431
3614,20,Male,Medium,Secondary,Native,1.9723983767226607
3615,26,Female,High,Bachelors,Bilingual,1.8770735257997715
3616,29,Female,Medium,Below_Secondary,Native,2.1281992332585995
3617,21,Male,Medium,Bachelors,Bilingual,2.2285736537744762
3618,30,Female,High,Bachelors,Native,2.0199362785781863
3619,24,Male,High,Bachelors,Native,2.389667912204275
3620,26,Female,Low,Bachelors,Native,3.2617380216724534
3621,28,Male,Low,Bachelors,ESL,3.190565901509004
3622,29,Male,Medium,Bachelors,ESL,2.9774199270305632
3623,24,Female,Medium,Secondary,ESL,2.671127108401565
3624,26,Male,High,Bachelors,Native,2.7590305012866643
3625,29,Female,Low,Secondary,Bilingual,2.9806439169136025
3626,20,Male,Low,Bachelors,Native,2.516053143023127
3627,21,Female,High,Bachelors,Bilingual,3.3864023942452386
3628,25,Female,Medium,Bachelors,Native,2.011197892810516
3629,23,Male,High,Bachelors,Bilingual,2.333894667819464
3630,22,Female,Medium,Bachelors,ESL,2.2446210961091415
3631,30,Female,Medium,Bachelors,Native,3.074560713263368
3632,21,Female,Low,Secondary,Native,2.079854008704852
3633,25,Female,Low,Masters_Plus,Native,2.249752542522858
3634,18,Female,Medium,Bachelors,Native,3.0546274419889605
3635,26,Male,Medium,Secondary,Native,2.2786978188644658
3636,18,Male,Low,Bachelors,Bilingual,3.3029311967236956
3637,25,Female,High,Bachelors,Native,3.2888144963687287
3638,21,Female,Low,Masters_Plus,Native,2.477287297558095
3639,26,Male,Medium,Bachelors,Native,2.876571530857684
3640,28,Female,Medium,Below_Secondary,Native,4.0
3641,22,Female,High,Secondary,Native,3.3232441904127574
3642,20,Male,Low,Bachelors,Native,3.096481227279
3643,26,Male,Medium,Bachelors,Native,3.731104950741152
3644,28,Female,Low,Bachelors,Native,2.221798253174981
3645,26,Male,Medium,Secondary,Bilingual,3.5535001409424742
3646,21,Female,Medium,Bachelors,Native,3.013366569714125
3647,28,Female,Low,Bachelors,ESL,3.6742820868517403
3648,21,Male,Medium,Below_Secondary,Bilingual,2.4867185408698966
3649,29,Male,High,Secondary,Native,3.635496012361631
3650,25,Male,High,Secondary,Native,1.7546205597661448
3651,19,Female,Low,Secondary,Native,2.5744647263500373
3652,26,Female,Low,Secondary,Bilingual,2.963559178741984
3653,30,Male,Low,Below_Secondary,Native,3.194091927652135
3654,23,Female,Low,Masters_Plus,Bilingual,1.5440282176073785
3655,26,Male,High,Secondary,Native,2.05258226622977
3656,25,Male,Medium,Secondary,Native,2.1498335668019184
3657,24,Male,Medium,Secondary,Native,2.2386037244988772
3658,30,Male,High,Secondary,Native,2.349708727595358
3659,18,Male,Medium,Bachelors,Native,2.898838115822199
3660,29,Male,Medium,Secondary,Native,3.6857511090970503
3661,20,Female,Medium,Bachelors,ESL,2.574833663837397
3662,28,Female,Medium,Bachelors,Bilingual,3.7274847496398937
3663,19,Male,Medium,Secondary,Native,2.850913053068533
3664,22,Male,Low,Bachelors,Native,2.6714972074849506
3665,22,Male,Medium,Bachelors,Native,3.427118106095082
3666,22,Male,Low,Secondary,Bilingual,2.7063263113318223
3667,21,Female,Low,Bachelors,Native,2.3307750607441537
3668,22,Male,Medium,Bachelors,Native,3.5956540128594017
3669,20,Male,Medium,Bachelors,Native,2.7770213620133193
3670,29,Male,Medium,Secondary,Native,3.8746540972689045
3671,18,Male,Medium,Masters_Plus,ESL,2.5870653580746077
3672,22,Male,Medium,Secondary,ESL,2.0011502410456474
3673,30,Female,Low,Secondary,Native,2.3383359033067013
3674,26,Male,Medium,Secondary,Bilingual,2.3975769965544176
3675,30,Male,Medium,Bachelors,ESL,2.742611107415737
3676,26,Female,Low,Bachelors,Native,2.3234408201430794
3677,21,Female,Medium,Secondary,Bilingual,2.048237126934898
3678,20,Female,Medium,Secondary,Native,2.6062336703532374
3679,18,Female,Low,Bachelors,Bilingual,2.854885427183301
3680,19,Male,Low,Masters_Plus,Native,3.0470200224681436
3681,25,Female,High,Secondary,ESL,2.7899090464001106
3682,18,Female,Low,Bachelors,Native,3.619715640303944
3683,25,Male,High,Secondary,Bilingual,2.8368509582415515
3684,30,Female,Medium,Bachelors,Native,1.4898220586848772
3685,24,Female,Medium,Bachelors,Native,2.9503112092795516
3686,25,Male,Low,Secondary,ESL,2.804441223259007
3687,29,Male,Medium,Bachelors,Bilingual,3.2411431296487336
3688,23,Male,Medium,Masters_Plus,Native,2.1283717348137823
3689,29,Male,Medium,Secondary,Native,3.436869200003405
3690,26,Male,High,Secondary,Native,2.960154742179604
3691,20,Female,High,Secondary,Native,2.881361937033104
3692,27,Female,Medium,Secondary,Bilingual,3.363082947576144
3693,21,Male,High,Bachelors,Native,3.4957413261578196
3694,30,Female,High,Secondary,Native,3.437226109191313
3695,23,Male,High,Bachelors,Bilingual,1.392732642605361
3696,25,Male,Medium,Secondary,Native,1.9465231556069575
3697,22,Female,Medium,Masters_Plus,Native,2.5361335153737743
3698,20,Female,Medium,Secondary,Native,2.0866942499417
3699,23,Female,Medium,Below_Secondary,ESL,2.382813246660955
3700,21,Female,High,Below_Secondary,ESL,2.7692665349170387
3701,26,Female,Low,Bachelors,Native,2.517996637063446
3702,30,Female,Low,Secondary,Native,2.785555009851144
3703,20,Male,High,Below_Secondary,Native,3.6158260359968177
3704,21,Female,Low,Masters_Plus,Bilingual,3.868428920673596
3705,24,Non-binary,High,Masters_Plus,Native,3.02398479502281
3706,24,Female,Medium,Bachelors,Native,3.6010012631926007
3707,29,Male,Low,Secondary,ESL,2.5606684345949033
3708,29,Female,Medium,Secondary,Native,2.4251307498804624
3709,21,Female,Medium,Bachelors,Native,2.754949535232072
3710,23,Male,Medium,Secondary,Native,2.6125557053189445
3711,29,Non-binary,High,Secondary,Native,3.205395611379388
3712,30,Male,High,Secondary,Native,2.8086691062828617
3713,20,Male,Medium,Masters_Plus,ESL,3.7055422538207976
3714,23,Female,Low,Secondary,Native,2.871751205594541
3715,29,Male,High,Bachelors,Native,2.375776299254213
3716,19,Male,Medium,Secondary,Native,2.5162689757125904
3717,25,Female,Low,Bachelors,ESL,2.443561378416104
3718,19,Female,High,Bachelors,Bilingual,3.2386582584258004
3719,28,Male,High,Secondary,Native,2.7369080516228004
3720,24,Non-binary,Medium,Secondary,Bilingual,2.8709624329957473
3721,26,Female,Medium,Bachelors,Native,3.051056012484937
3722,18,Female,Medium,Secondary,Native,3.123506314428515
3723,25,Female,Medium,Bachelors,Bilingual,3.4347365233875555
3724,24,Female,High,Bachelors,Native,3.00157525774034
3725,23,Male,High,Bachelors,ESL,2.224377475273
3726,23,Male,Medium,Secondary,Native,2.508212477142654
3727,23,Female,Medium,Secondary,Native,2.5076122530195875
3728,26,Female,High,Bachelors,Native,2.363331170487257
3729,19,Male,Low,Below_Secondary,Native,3.422762268877354
3730,18,Female,Low,Masters_Plus,Native,2.7109423487841395
3731,30,Female,High,Masters_Plus,Native,2.9070995205110837
3732,29,Male,Low,Below_Secondary,Native,3.0005412923660897
3733,23,Male,Low,Below_Secondary,Bilingual,2.925453966597065
3734,27,Male,Low,Secondary,Bilingual,2.985998718010893
3735,28,Female,Medium,Masters_Plus,Native,4.0
3736,25,Male,Low,Secondary,Native,3.2058463148656857
3737,20,Male,Medium,Secondary,Native,2.2476109538469258
3738,29,Female,High,Bachelors,Native,2.989837900645587
3739,27,Female,Medium,Secondary,Native,2.8634441155100574
3740,18,Male,Medium,Secondary,Bilingual,1.9666678564532476
3741,26,Male,Low,Secondary,Native,1.3695058395160913
3742,30,Female,Medium,Bachelors,ESL,2.8850237887784376
3743,30,Female,Medium,Secondary,Native,2.6319890562035684
3744,18,Female,Medium,Bachelors,ESL,2.1106540289259654
3745,20,Female,Low,Masters_Plus,Native,2.475478236758968
3746,25,Male,Medium,Bachelors,Bilingual,2.6444037129202034
3747,20,Male,High,Bachelors,Native,2.4502527745298828
3748,30,Male,Medium,Below_Secondary,Bilingual,2.963004909783106
3749,21,Male,Medium,Secondary,Native,2.9052650975158114
3750,25,Female,Medium,Below_Secondary,Native,3.279246065042417
3751,18,Male,Medium,Bachelors,Native,3.4942778740359284
3752,30,Male,Medium,Secondary,Native,3.186511013807553
3753,30,Non-binary,Low,Secondary,Bilingual,2.3908036133816677
3754,23,Male,Medium,Below_Secondary,Native,2.901004248680197
3755,18,Male,High,Secondary,Native,1.836933063331506
3756,18,Male,Medium,Bachelors,Native,2.5150192622692735
3757,25,Female,Medium,Bachelors,Native,1.2759452104508238
3758,28,Female,Medium,Below_Secondary,Bilingual,2.588408440440914
3759,21,Male,Medium,Bachelors,Bilingual,2.478792358025106
3760,29,Female,High,Secondary,Native,3.2146428846628683
3761,18,Female,Medium,Bachelors,Native,2.219684120237959
3762,27,Female,Medium,Bachelors,Bilingual,2.9025764939290806
3763,24,Female,Low,Secondary,ESL,2.5729435745590767
3764,22,Female,Medium,Secondary,Native,2.5449481382381287
3765,22,Female,Medium,Bachelors,Bilingual,2.3387037607646377
3766,18,Male,High,Masters_Plus,Native,2.9801714898504557
3767,27,Male,Medium,Bachelors,Bilingual,2.7033883886461094
3768,28,Male,Medium,Bachelors,Native,2.2255267372036345
3769,23,Female,Medium,Bachelors,Native,2.8791189626984477
3770,26,Female,Medium,Bachelors,Native,2.98381028098809
3771,26,Female,High,Bachelors,Native,3.7166434339996557
3772,25,Male,Low,Secondary,Native,2.451304140810857
3773,22,Female,Medium,Bachelors,Bilingual,2.567394195312507
3774,18,Female,Medium,Bachelors,Native,2.0252802800973795
3775,26,Female,Medium,Bachelors,Native,2.531490291713826
3776,18,Female,Low,Secondary,Native,2.163766109569127
3777,25,Female,Medium,Below_Secondary,Bilingual,3.462426361629128
3778,22,Female,Medium,Bachelors,Bilingual,3.108517634933119
3779,20,Female,High,Bachelors,Bilingual,2.153951281528111
3780,28,Female,Low,Masters_Plus,Native,2.213753238829092
3781,24,Male,High,Secondary,Native,2.468705193670377
3782,24,Male,Low,Below_Secondary,Native,3.578973282055772
3783,26,Female,Low,Below_Secondary,ESL,2.433881986196937
3784,24,Male,Low,Bachelors,Native,2.694854718133081
3785,30,Non-binary,High,Below_Secondary,Native,3.719946730769262
3786,28,Male,Low,Masters_Plus,Bilingual,3.0492232977486786
3787,20,Female,Medium,Secondary,ESL,1.9312592142350384
3788,28,Male,Medium,Masters_Plus,Native,1.7013379579449317
3789,30,Male,High,Bachelors,Native,2.856483787334375
3790,30,Female,High,Masters_Plus,Native,4.0
3791,18,Male,Medium,Secondary,Native,3.6134454593482923
3792,25,Male,High,Bachelors,Native,3.0260321284462934
3793,29,Male,Medium,Below_Secondary,Bilingual,3.2710787894470426
3794,20,Female,High,Secondary,Native,3.3163046226003874
3795,29,Male,Medium,Secondary,Bilingual,1.8186677609643465
3796,25,Female,Low,Bachelors,Native,2.924611509290246
3797,25,Female,Medium,Below_Secondary,Native,3.5879985308420914
3798,30,Female,Medium,Masters_Plus,Bilingual,4.0
3799,22,Female,Medium,Below_Secondary,Bilingual,3.1034912084148303
3800,30,Female,Medium,Secondary,Bilingual,1.984719228705386
3801,29,Male,Medium,Below_Secondary,Bilingual,3.1427063542095457
3802,30,Female,Medium,Bachelors,Native,3.132839914392571
3803,18,Male,Low,Below_Secondary,Native,3.3214941377166944
3804,30,Female,High,Masters_Plus,Native,3.0438013008415514
3805,27,Male,High,Bachelors,ESL,3.916136197275736
3806,24,Female,High,Masters_Plus,Native,2.914111926067516
3807,29,Male,Medium,Secondary,Native,2.8356148060541897
3808,27,Male,Medium,Secondary,Native,2.6426784751214853
3809,22,Female,High,Bachelors,ESL,2.858455069004
3810,25,Female,High,Bachelors,Bilingual,2.96769243119744
3811,26,Male,Medium,Secondary,ESL,2.873405930491849
3812,28,Female,Medium,Masters_Plus,Native,3.269592430824195
3813,24,Female,Medium,Below_Secondary,Native,1.5566383987612238
3814,30,Non-binary,Medium,Bachelors,Native,2.7183201974629463
3815,24,Female,Medium,Secondary,Native,3.110559688849915
3816,18,Male,Medium,Below_Secondary,Native,2.9690675249418534
3817,21,Male,High,Secondary,Native,2.0356852113674915
3818,19,Female,Medium,Masters_Plus,Native,3.1181426262695533
3819,19,Female,Medium,Masters_Plus,ESL,2.8296535797602207
3820,19,Male,Medium,Secondary,Native,3.258659815048427
3821,21,Male,High,Masters_Plus,ESL,3.1458260167011804
3822,18,Female,Medium,Bachelors,Native,2.994780422488708
3823,21,Male,Medium,Bachelors,Native,2.802125231381194
3824,19,Male,Medium,Below_Secondary,Native,2.9716713277359466
3825,22,Male,Medium,Bachelors,Native,2.9728791427668777
3826,20,Male,Medium,Below_Secondary,Native,3.5964701078325647
3827,29,Male,Medium,Secondary,Bilingual,4.0
3828,25,Female,Medium,Bachelors,Bilingual,2.1555377897787005
3829,21,Male,Medium,Bachelors,Bilingual,1.2096329507212882
3830,18,Male,Low,Bachelors,Native,2.483328626566654
3831,18,Male,Low,Masters_Plus,Bilingual,2.235315354054544
3832,29,Male,Low,Bachelors,Native,3.3046721290306857
3833,27,Male,High,Secondary,ESL,3.6952714571368452
3834,20,Female,Medium,Secondary,Native,3.28926050668081
3835,26,Female,Low,Bachelors,ESL,2.611593747315787
3836,24,Male,Low,Masters_Plus,Bilingual,3.2393951456577916
3837,19,Male,Medium,Masters_Plus,Bilingual,3.5289307744755107
3838,30,Male,Low,Bachelors,Native,3.199277075547131
3839,26,Female,Medium,Bachelors,Native,3.13088779731439
3840,27,Female,Low,Bachelors,Native,2.730993204685295
3841,19,Male,High,Secondary,Native,2.068962829035041
3842,20,Female,High,Secondary,Native,3.457943399728508
3843,28,Male,High,Bachelors,ESL,3.8166791973155805
3844,30,Female,Medium,Masters_Plus,Native,1.9734102868641101
3845,27,Female,Medium,Masters_Plus,Native,3.2596019182765783
3846,19,Female,Medium,Secondary,Native,2.318767008473153
3847,20,Female,Medium,Bachelors,Native,3.079943405654272
3848,23,Male,Medium,Masters_Plus,Native,1.9603500401798835
3849,26,Female,Low,Bachelors,Native,3.268414672874761
3850,26,Female,Medium,Secondary,Native,3.0565150274721544
3851,24,Female,Low,Bachelors,Bilingual,3.296258738389397
3852,29,Male,Medium,Bachelors,Native,3.1884383491533606
3853,20,Male,Medium,Bachelors,ESL,2.911985502675582
3854,21,Female,Medium,Bachelors,ESL,3.2729634546434028
3855,23,Female,High,Bachelors,Native,2.5325760169215155
3856,28,Female,Medium,Secondary,Bilingual,3.1453710895583895
3857,22,Female,Medium,Secondary,Native,2.468386521716412
3858,19,Female,Medium,Bachelors,Native,3.1750082262968333
3859,30,Female,Low,Secondary,Native,2.6852334925522547
3860,23,Female,Medium,Masters_Plus,Native,3.09337091444368
3861,20,Female,High,Secondary,ESL,2.62783049823294
3862,25,Male,High,Secondary,Native,2.6394130993776055
3863,19,Male,Medium,Masters_Plus,Native,2.6660290210645634
3864,18,Female,Low,Below_Secondary,Native,2.0013592514627287
3865,26,Male,Low,Bachelors,Native,3.319327380119471
3866,29,Female,Medium,Bachelors,ESL,2.8277988861307466
3867,20,Male,High,Below_Secondary,Native,2.026470201277659
3868,28,Male,Medium,Masters_Plus,Native,2.474220063362672
3869,18,Female,High,Below_Secondary,Native,2.440703373507206
3870,24,Female,Medium,Bachelors,Native,3.0397842066601224
3871,30,Male,Low,Below_Secondary,Native,2.6743112711497687
3872,27,Female,Low,Below_Secondary,Native,3.3442097114211897
3873,22,Female,Low,Masters_Plus,Native,2.0830010811428403
3874,22,Female,Medium,Bachelors,Bilingual,3.0601024479857997
3875,18,Male,Low,Secondary,Native,3.012553618964969
3876,26,Female,Medium,Bachelors,Bilingual,2.547877727817898
3877,24,Female,Medium,Bachelors,ESL,2.9527920298000243
3878,25,Male,Medium,Masters_Plus,ESL,2.7779330495944974
3879,26,Female,Low,Secondary,Native,3.52488853675903
3880,23,Female,Low,Masters_Plus,ESL,2.8509566124057235
3881,29,Female,Medium,Bachelors,Bilingual,3.4826084120034655
3882,22,Female,Medium,Bachelors,Bilingual,3.300412426883325
3883,23,Male,Medium,Masters_Plus,Native,2.0526266213744155
3884,28,Male,High,Secondary,Native,2.7499318745858674
3885,19,Female,Medium,Secondary,ESL,3.299224711088074
3886,21,Female,Medium,Secondary,Native,2.9465800779627855
3887,20,Female,Medium,Secondary,Native,2.8491889979885348
3888,30,Female,High,Secondary,Native,2.8862086678812773
3889,24,Male,Medium,Bachelors,ESL,3.1639784841892507
3890,26,Male,Medium,Secondary,Native,2.567763875699519
3891,22,Male,Medium,Secondary,ESL,2.6281855885450103
3892,23,Male,Medium,Secondary,Native,3.3032126869874596
3893,27,Female,Medium,Secondary,Native,2.9249386877700774
3894,29,Male,Medium,Secondary,Native,2.694283068229687
3895,29,Female,High,Bachelors,Native,2.8217525270478148
3896,19,Male,High,Below_Secondary,Native,3.1070713002674992
3897,20,Female,Medium,Masters_Plus,Native,2.7893282449258145
3898,20,Female,Low,Secondary,Native,2.8958137854118435
3899,29,Male,Medium,Masters_Plus,Native,1.7713934419656505
3900,29,Male,Medium,Below_Secondary,Bilingual,2.9463571974088945
3901,26,Male,Medium,Bachelors,Native,2.722097829632197
3902,24,Female,Low,Bachelors,Native,3.3521414246190604
3903,25,Male,Low,Bachelors,Native,2.7698875457033982
3904,28,Female,Medium,Bachelors,Native,3.68961155839457
3905,27,Non-binary,Low,Masters_Plus,ESL,3.1670497497591623
3906,28,Female,Low,Bachelors,Native,2.3534866395268423
3907,26,Male,Medium,Bachelors,Native,2.0594087721673104
3908,23,Female,Low,Masters_Plus,Native,2.750382688665624
3909,21,Male,Low,Bachelors,Bilingual,2.8170737054688932
3910,29,Male,High,Bachelors,Native,1.7814881925199493
3911,18,Female,High,Secondary,Native,2.7688135735455757
3912,25,Female,Medium,Masters_Plus,Bilingual,2.602558363807483
3913,24,Male,Low,Secondary,Native,2.9206900986927016
3914,19,Male,Medium,Bachelors,Native,4.0
3915,25,Male,Medium,Below_Secondary,Native,1.7980987120655287
3916,29,Female,Low,Secondary,Native,3.3668761629260118
3917,22,Male,Low,Bachelors,Bilingual,3.0914003052794077
3918,24,Non-binary,Low,Bachelors,ESL,2.50184204157864
3919,21,Female,Medium,Secondary,Native,2.8145141223276418
3920,22,Female,High,Secondary,Bilingual,3.3481491148874767
3921,25,Male,Medium,Secondary,Native,2.8667622620693787
3922,18,Female,Medium,Bachelors,ESL,1.6383678986389758
3923,18,Female,Medium,Secondary,Native,3.0187538491003814
3924,21,Female,Medium,Bachelors,Native,3.2331337101912627
3925,20,Male,Medium,Bachelors,Native,2.55197720187758
3926,30,Male,Low,Masters_Plus,Native,3.3182651565950443
3927,27,Male,Medium,Below_Secondary,Bilingual,3.3656082395460616
3928,29,Female,High,Below_Secondary,Native,3.583390704395419
3929,19,Female,Medium,Bachelors,Native,3.401860820292293
3930,29,Female,High,Bachelors,Native,4.0
3931,20,Male,Medium,Below_Secondary,Native,3.499586240159171
3932,28,Male,Medium,Bachelors,Native,2.901991347425315
3933,28,Male,Low,Secondary,Native,3.280728109307632
3934,28,Male,Medium,Secondary,Native,2.8790147346310158
3935,18,Male,High,Secondary,Native,2.6509932420784676
3936,18,Female,Medium,Masters_Plus,Bilingual,2.1754209411959406
3937,23,Female,Low,Secondary,ESL,2.728425033728254
3938,22,Female,Low,Secondary,Native,3.33742093382037
3939,25,Male,Medium,Secondary,Native,2.318816744900529
3940,19,Male,Medium,Bachelors,Native,3.051514784655973
3941,21,Male,Medium,Bachelors,Native,2.5984839116551446
3942,25,Female,High,Secondary,Bilingual,2.831295338524029
3943,29,Male,Medium,Secondary,Native,2.7976453667140357
3944,23,Female,Medium,Secondary,Native,2.948480507154757
3945,18,Male,Low,Bachelors,Native,4.0
3946,21,Female,Low,Secondary,ESL,2.5221987743281464
3947,18,Female,Medium,Masters_Plus,ESL,2.813105578259337
3948,30,Male,High,Below_Secondary,Bilingual,2.7067204608319315
3949,19,Female,Medium,Below_Secondary,Native,1.9352040764301717
3950,22,Male,Medium,Below_Secondary,Native,3.3514854474025197
3951,25,Female,Low,Bachelors,Bilingual,2.3357993408575806
3952,25,Male,High,Bachelors,Native,3.659154756912759
3953,28,Male,High,Masters_Plus,Native,2.3651784438817898
3954,20,Female,Medium,Secondary,Native,3.06585948101108
3955,28,Female,Low,Secondary,Native,3.8751332689709104
3956,30,Male,Medium,Bachelors,Native,3.1080664152108173
3957,21,Female,High,Bachelors,ESL,2.482349016627447
3958,27,Male,Medium,Bachelors,Native,2.298818706650045
3959,28,Male,Medium,Secondary,Bilingual,1.5175585230125714
3960,23,Female,Low,Below_Secondary,Bilingual,2.6101021481313196
3961,28,Male,Low,Below_Secondary,ESL,1.9820464199072207
3962,28,Male,Low,Bachelors,Native,2.81522548296675
3963,27,Female,High,Bachelors,Native,2.5765761024032297
3964,20,Male,Medium,Bachelors,ESL,2.8916065344398243
3965,19,Female,Medium,Secondary,Native,2.14094843130636
3966,23,Male,Low,Bachelors,Native,2.5155097256619023
3967,28,Male,High,Secondary,Native,3.1435816638883707
3968,30,Male,High,Below_Secondary,Native,3.0059172907853924
3969,22,Female,Low,Masters_Plus,Native,1.7275622695092245
3970,27,Female,High,Bachelors,Bilingual,3.293237593682158
3971,22,Male,Medium,Bachelors,Bilingual,2.1806625184346364
3972,27,Male,Low,Bachelors,Native,1.8889986404389865
3973,30,Female,Medium,Secondary,Bilingual,2.6736074944207426
3974,22,Male,High,Bachelors,Native,4.0
3975,27,Female,High,Masters_Plus,Native,2.6055980865437434
3976,29,Male,Medium,Secondary,ESL,2.8648314359631764
3977,22,Female,Medium,Bachelors,Native,3.2174033963722675
3978,20,Male,Medium,Bachelors,Bilingual,2.283641950494338
3979,24,Female,High,Secondary,Native,2.9899069450019122
3980,23,Female,Medium,Secondary,Bilingual,2.3093155724097665
3981,21,Male,Medium,Below_Secondary,Native,3.136978482496689
3982,19,Male,Medium,Bachelors,Native,3.043162431480603
3983,29,Female,Low,Bachelors,Native,2.9894634857446434
3984,26,Female,Medium,Bachelors,Native,2.904826429994022
3985,18,Male,Medium,Secondary,Native,4.0
3986,30,Male,Medium,Bachelors,Bilingual,2.94256866410664
3987,30,Female,High,Bachelors,Native,3.119289662294702
3988,28,Male,Low,Secondary,Bilingual,3.021595369867887
3989,21,Female,High,Bachelors,Native,2.199384458043009
3990,18,Male,Low,Bachelors,Native,2.338785068928782
3991,30,Female,Low,Below_Secondary,ESL,2.1497647430401483
3992,23,Female,Medium,Secondary,ESL,2.330445970344477
3993,21,Non-binary,Medium,Bachelors,Native,2.496046016457306
3994,22,Male,Medium,Bachelors,ESL,2.6788683926008683
3995,22,Female,Low,Masters_Plus,Native,2.671830336670618
3996,26,Male,Low,Bachelors,Native,3.145767569523299
3997,18,Female,Medium,Secondary,Native,3.6103213909337164
3998,30,Female,Medium,Secondary,ESL,3.485814061749076
3999,19,Male,Medium,Bachelors,ESL,2.966982430462471
4000,30,Female,Low,Secondary,Native,2.301621073800903
4001,23,Male,Medium,Bachelors,Bilingual,3.4295736509791057
4002,22,Female,Medium,Secondary,Bilingual,2.4695962954217396
4003,28,Female,High,Below_Secondary,Native,3.0606662840932284
4004,24,Female,Medium,Secondary,Bilingual,2.9687762658453445
4005,20,Male,Low,Secondary,Native,2.1631451701635696
4006,20,Male,Low,Bachelors,Native,2.484474954563489
4007,27,Female,Medium,Secondary,Bilingual,3.1078729444794293
4008,19,Male,Medium,Masters_Plus,Native,2.7083225379719225
4009,30,Male,High,Bachelors,Native,4.0
4010,20,Male,Medium,Secondary,Native,2.5328964931065463
4011,27,Male,Medium,Secondary,Bilingual,2.195133678499666
4012,18,Female,Medium,Bachelors,Native,2.8437108368042634
4013,22,Male,Medium,Below_Secondary,Native,2.606665392947299
4014,29,Female,Low,Masters_Plus,Native,1.7708811245969407
4015,22,Male,Low,Bachelors,Native,3.3012629155859647
4016,29,Male,Medium,Below_Secondary,ESL,3.394770000025587
4017,28,Male,Low,Bachelors,Native,3.31226623029684
4018,24,Male,Low,Secondary,Native,2.9922563139654432
4019,21,Male,Low,Below_Secondary,Native,2.719005442919625
4020,20,Female,Low,Masters_Plus,Native,2.9035662485449802
4021,18,Male,Low,Below_Secondary,ESL,2.726539286578568
4022,29,Male,Medium,Bachelors,Native,2.4198600822128133
4023,25,Male,Medium,Masters_Plus,Bilingual,3.724331430308567
4024,30,Male,Medium,Secondary,Native,3.558982536420576
4025,20,Female,Medium,Secondary,Native,3.19612792543045
4026,30,Female,High,Below_Secondary,ESL,2.544096808204696
4027,19,Male,Low,Below_Secondary,Native,3.1508632746018526
4028,28,Male,Medium,Below_Secondary,Native,2.6570530733055797
4029,21,Non-binary,Low,Bachelors,ESL,2.633479974295003
4030,20,Male,Medium,Bachelors,Bilingual,2.7903414108821347
4031,30,Female,High,Bachelors,Native,3.064607445626624
4032,18,Male,Medium,Secondary,Native,2.559566592874331
4033,20,Female,Medium,Bachelors,Native,2.716560163061366
4034,29,Female,Medium,Bachelors,ESL,3.5903639238086473
4035,19,Female,Medium,Secondary,Native,1.7956824854253826
4036,25,Male,Low,Secondary,ESL,3.4102057884288715
4037,23,Male,Medium,Below_Secondary,Native,2.721023087787263
4038,26,Male,Medium,Masters_Plus,Native,2.5238366668093746
4039,25,Male,Medium,Bachelors,Native,2.6183362177185217
4040,27,Male,Low,Bachelors,Native,2.806802949121997
4041,20,Male,High,Bachelors,Native,3.356990162327274
4042,22,Female,Low,Bachelors,Native,2.9052783184106876
4043,24,Female,Low,Below_Secondary,Bilingual,2.504959625911184
4044,22,Male,Medium,Bachelors,Native,3.2145036705572156
4045,25,Male,Medium,Bachelors,Native,2.742391548894082
4046,29,Non-binary,Medium,Below_Secondary,ESL,3.116249959053518
4047,22,Female,Medium,Masters_Plus,ESL,2.9628903792483365
4048,18,Female,Medium,Secondary,Native,2.162849240891356
4049,22,Male,Medium,Secondary,ESL,3.1430448314797728
4050,21,Male,Medium,Bachelors,Native,1.813475633179147
4051,23,Male,High,Bachelors,Native,2.739898229850301
4052,20,Male,Medium,Secondary,ESL,2.194130101848332
4053,28,Female,Medium,Bachelors,Bilingual,1.6164052245923435
4054,22,Female,High,Secondary,ESL,2.9478202687658803
4055,19,Male,Low,Bachelors,Bilingual,3.2999053563589267
4056,28,Non-binary,Medium,Below_Secondary,Native,2.7811759037891215
4057,23,Male,Low,Below_Secondary,Native,3.570731553788075
4058,30,Non-binary,Low,Below_Secondary,Native,2.8003204967456927
4059,29,Non-binary,Low,Secondary,Native,2.9064019598704443
4060,23,Male,Medium,Secondary,Native,2.294590449364306
4061,22,Male,Medium,Bachelors,Native,3.1492992771612713
4062,23,Female,Medium,Secondary,ESL,3.122434337311643
4063,28,Female,High,Below_Secondary,ESL,2.5492356276608374
4064,24,Female,Medium,Below_Secondary,Native,2.030735280256585
4065,29,Non-binary,High,Below_Secondary,Native,1.9038130798882376
4066,22,Female,High,Secondary,Bilingual,3.404522177969785
4067,18,Male,Medium,Below_Secondary,Native,2.1004350492834147
4068,25,Male,High,Secondary,ESL,3.713537018235064
4069,21,Female,Medium,Secondary,Native,2.3296024421595947
4070,26,Male,High,Bachelors,Native,2.62100938850912
4071,27,Female,Low,Bachelors,ESL,4.0
4072,29,Male,Medium,Secondary,ESL,2.517475855916582
4073,23,Male,Medium,Secondary,Native,2.221493574375895
4074,18,Male,Medium,Secondary,Native,2.596505599930051
4075,20,Female,High,Below_Secondary,Bilingual,1.889739653862075
4076,20,Male,High,Below_Secondary,Native,2.630644495332274
4077,27,Female,Medium,Bachelors,Bilingual,2.843323923482563
4078,29,Female,High,Secondary,Native,3.396201904765772
4079,29,Female,Low,Masters_Plus,Native,3.1057983811476255
4080,21,Female,Medium,Secondary,Native,2.88743697652606
4081,23,Male,Medium,Bachelors,Native,4.0
4082,24,Female,Low,Bachelors,Native,3.160045222121571
4083,27,Male,Medium,Secondary,Native,3.6610853413487865
4084,21,Male,Medium,Secondary,Native,3.33467718380959
4085,23,Male,Low,Bachelors,Native,3.637815966628802
4086,28,Female,Medium,Masters_Plus,Native,3.488514233560232
4087,18,Female,Medium,Secondary,Native,3.3006017212599046
4088,25,Female,Medium,Below_Secondary,ESL,3.1658474391680516
4089,24,Female,Low,Secondary,Native,3.691445857295062
4090,28,Female,High,Secondary,Native,2.4484568791586074
4091,28,Male,High,Masters_Plus,Native,2.3595798210158585
4092,26,Female,Low,Bachelors,ESL,1.842168797058486
4093,20,Male,Low,Below_Secondary,Native,3.1145466224525316
4094,19,Non-binary,High,Secondary,Native,3.497143548569862
4095,18,Female,Medium,Below_Secondary,Native,2.176292594259582
4096,20,Female,Low,Bachelors,Bilingual,2.3653322883618415
4097,22,Female,Medium,Masters_Plus,Bilingual,3.6645957472557438
4098,28,Male,Medium,Below_Secondary,Native,3.216533193569802
4099,19,Female,Medium,Secondary,Native,3.1904332684584826
4100,29,Male,Low,Masters_Plus,Native,3.048961546104394
4101,20,Female,Medium,Below_Secondary,Native,2.6728037808915706
4102,21,Female,Low,Secondary,Bilingual,1.867184150178373
4103,24,Female,High,Secondary,Native,3.155272681334016
4104,30,Female,Medium,Below_Secondary,Native,4.0
4105,20,Male,Medium,Below_Secondary,Native,2.979567807636763
4106,26,Male,Medium,Masters_Plus,Native,2.113891043651174
4107,25,Female,Medium,Bachelors,Native,2.679837626625962
4108,21,Male,High,Secondary,ESL,3.370012483057087
4109,30,Male,Low,Secondary,Native,3.44134914961798
4110,18,Female,High,Bachelors,Native,3.734537372628156
4111,18,Female,Low,Secondary,Native,3.4362311593871073
4112,18,Female,Medium,Secondary,Native,1.6014778489205614
4113,18,Male,Medium,Below_Secondary,Native,2.9376538318197176
4114,25,Female,Medium,Bachelors,Native,1.9348341871118908
4115,20,Male,High,Secondary,Native,3.1806895335699403
4116,23,Female,Medium,Below_Secondary,ESL,3.2393214029232387
4117,20,Male,Medium,Secondary,Native,2.307652612081007
4118,28,Female,High,Below_Secondary,Native,2.6197137380785915
4119,22,Female,Low,Masters_Plus,Native,2.41422318095345
4120,30,Male,High,Bachelors,Native,3.292468676550541
4121,30,Female,Medium,Secondary,Native,2.752744273096594
4122,24,Female,Medium,Secondary,Native,2.414625388314282
4123,19,Male,Low,Bachelors,Native,3.2712044214506397
4124,23,Female,Medium,Secondary,ESL,3.1657763637637233
4125,30,Male,Medium,Bachelors,Native,3.2911044230106947
4126,23,Female,Low,Bachelors,Native,1.8750954430499993
4127,28,Female,Low,Secondary,Bilingual,2.4516447967730843
4128,20,Male,Medium,Masters_Plus,Native,3.2078526108717793
4129,23,Female,Medium,Secondary,Native,1.8026578947104352
4130,27,Male,High,Secondary,Native,1.8191400941195295
4131,27,Male,Low,Bachelors,Bilingual,2.3595960379791596
4132,22,Non-binary,Medium,Bachelors,Native,3.2639805536328104
4133,29,Female,Medium,Bachelors,Native,2.80678925287938
4134,19,Male,Medium,Bachelors,ESL,3.1041453892644877
4135,26,Male,High,Secondary,Native,2.209718739998529
4136,25,Male,Medium,Secondary,Bilingual,2.203651570130415
4137,20,Non-binary,High,Secondary,ESL,3.635089098224637
4138,25,Male,Medium,Bachelors,Native,3.054774442111324
4139,26,Male,Medium,Secondary,Bilingual,2.1550567499606763
4140,20,Female,Medium,Below_Secondary,Bilingual,1.6132616138888445
4141,20,Male,High,Masters_Plus,ESL,1.9554828303209957
4142,19,Male,High,Secondary,Native,2.1660938248767376
4143,25,Male,Medium,Secondary,ESL,2.038086933288186
4144,27,Male,High,Secondary,Native,2.7797866132324827
4145,18,Male,Low,Secondary,Bilingual,3.2029068104339973
4146,25,Female,High,Secondary,Native,2.745912226667324
4147,24,Male,Low,Below_Secondary,Native,2.526967220799751
4148,24,Female,Medium,Below_Secondary,Native,3.0060696195802876
4149,20,Female,Low,Secondary,Native,2.596952593356077
4150,18,Female,High,Secondary,Native,1.7716626713785353
4151,21,Female,High,Below_Secondary,Native,2.9216488834983494
4152,26,Male,High,Secondary,Native,3.035524005279937
4153,22,Male,High,Secondary,Native,3.522101766830207
4154,18,Male,Medium,Below_Secondary,Native,3.3528435526033715
4155,22,Male,High,Masters_Plus,Native,2.464176633104615
4156,30,Female,High,Masters_Plus,ESL,2.6698125654608686
4157,25,Female,Medium,Secondary,Native,2.821135905934357
4158,25,Female,Low,Secondary,Native,2.928160269095578
4159,22,Male,Medium,Bachelors,Native,3.6965905651955655
4160,29,Female,High,Bachelors,Bilingual,2.7602554232665897
4161,26,Male,High,Masters_Plus,Native,2.48770723335639
4162,18,Female,High,Secondary,Native,3.5451371879334492
4163,21,Male,High,Bachelors,Native,3.5305463691285612
4164,20,Female,High,Masters_Plus,ESL,3.3400017157874298
4165,19,Male,Medium,Secondary,Native,1.837930434463682
4166,25,Female,Medium,Below_Secondary,Bilingual,2.84847254924115
4167,24,Female,Medium,Secondary,Native,2.659497382961905
4168,26,Female,Medium,Below_Secondary,Bilingual,3.061898106967222
4169,19,Male,Medium,Below_Secondary,Native,2.277445467161413
4170,21,Female,High,Bachelors,Native,3.2919829539522256
4171,23,Female,Medium,Secondary,Native,3.0145813618754644
4172,28,Male,Low,Below_Secondary,ESL,3.325173556372804
4173,20,Male,Low,Masters_Plus,Native,2.351229903985754
4174,25,Male,Medium,Secondary,Native,2.95904631694106
4175,20,Male,Medium,Secondary,Bilingual,3.2731188346348907
4176,29,Female,Medium,Secondary,Native,1.2703708719364897
4177,30,Non-binary,Low,Secondary,Native,3.200122433822517
4178,30,Male,Medium,Secondary,Native,2.5836845317238892
4179,19,Female,Low,Bachelors,Native,2.7858024724466732
4180,30,Non-binary,Medium,Secondary,Native,3.551530399950193
4181,30,Male,Medium,Bachelors,Bilingual,3.4549367638093953
4182,20,Female,Medium,Below_Secondary,Native,2.4525546957184723
4183,28,Female,Medium,Masters_Plus,ESL,1.7873447806826415
4184,23,Female,Medium,Bachelors,Native,2.754014764698244
4185,19,Male,High,Masters_Plus,Native,3.4375219239189767
4186,25,Female,Medium,Secondary,Native,3.58866120119762
4187,18,Male,Low,Bachelors,Bilingual,1.5444859422499382
4188,24,Female,Low,Masters_Plus,Native,3.158506972620862
4189,19,Male,Medium,Bachelors,Bilingual,3.077168452370431
4190,27,Female,Low,Below_Secondary,Bilingual,3.263205244173695
4191,29,Male,Low,Below_Secondary,Native,2.807848751743267
4192,23,Male,Medium,Secondary,Native,1.7380738126557438
4193,29,Female,Medium,Below_Secondary,Native,2.5251216793490756
4194,19,Male,Medium,Bachelors,Bilingual,2.248186273467581
4195,19,Female,Medium,Bachelors,Native,2.1796518716115294
4196,27,Non-binary,Low,Bachelors,Bilingual,3.2702800610165537
4197,30,Female,High,Secondary,Native,2.6976269478751376
4198,25,Male,Low,Secondary,Bilingual,3.0362344871974773
4199,29,Female,Medium,Secondary,Native,3.433723811847901
4200,19,Female,Low,Secondary,Native,1.7648730138703375
4201,24,Female,High,Bachelors,ESL,3.7620031931588755
4202,20,Male,Medium,Secondary,Bilingual,3.8719230529473947
4203,25,Female,Low,Bachelors,Native,1.734489350080649
4204,24,Female,Medium,Secondary,Native,3.2155920259733155
4205,25,Male,Low,Masters_Plus,Native,3.9936474295444473
4206,24,Male,Medium,Secondary,Native,1.9620658975586012
4207,28,Male,Medium,Secondary,Native,2.096382490067651
4208,23,Female,Low,Below_Secondary,Native,3.288144271874488
4209,30,Female,Medium,Secondary,ESL,3.0751234324969
4210,24,Female,Low,Bachelors,Native,2.930955872254792
4211,22,Male,Medium,Bachelors,Native,2.649836942876248
4212,24,Male,Medium,Secondary,Native,2.893156008251649
4213,18,Non-binary,Medium,Secondary,Native,1.2906717246420598
4214,18,Non-binary,High,Bachelors,Native,2.0801756271266902
4215,26,Female,Medium,Secondary,Native,2.7327820360312236
4216,22,Female,High,Secondary,Native,1.5338604126150377
4217,30,Male,Medium,Bachelors,ESL,2.715760878971678
4218,22,Female,Low,Secondary,ESL,2.7897025235765134
4219,20,Male,Medium,Bachelors,Native,2.3576376469182674
4220,22,Male,Medium,Bachelors,Native,2.392834530867696
4221,20,Female,Medium,Bachelors,Bilingual,2.172581257996272
4222,26,Male,Low,Bachelors,Native,2.509478274858292
4223,26,Male,Low,Below_Secondary,Bilingual,3.016031681295911
4224,23,Male,Medium,Secondary,ESL,3.057594050472558
4225,18,Male,Medium,Masters_Plus,Bilingual,3.41473598226053
4226,24,Female,Medium,Secondary,Native,2.7057857741200806
4227,24,Male,Low,Bachelors,ESL,3.074289762916817
4228,27,Male,High,Bachelors,ESL,1.9292265521188674
4229,27,Male,High,Bachelors,Bilingual,2.9247749593005574
4230,21,Male,Low,Secondary,Native,2.666364901100968
4231,25,Male,Low,Below_Secondary,Bilingual,3.099637080170313
4232,23,Female,High,Secondary,Native,2.6306845392139104
4233,21,Male,High,Secondary,Native,2.574278755289022
4234,21,Female,Medium,Masters_Plus,Native,2.3060559770450775
4235,19,Non-binary,High,Bachelors,ESL,3.4045343095113787
4236,19,Female,Medium,Bachelors,Bilingual,2.4320742373885014
4237,29,Male,Low,Secondary,Bilingual,3.918669761184683
4238,21,Male,Medium,Below_Secondary,Native,2.013144359465165
4239,22,Female,Medium,Secondary,Native,3.5027368329275905
4240,25,Female,High,Secondary,ESL,1.4941803080428426
4241,23,Female,Low,Secondary,Native,2.698440600286902
4242,21,Female,Medium,Secondary,Bilingual,2.4472329983165255
4243,30,Female,Medium,Secondary,Native,3.0636822559561927
4244,28,Female,Medium,Secondary,Bilingual,3.290062817774961
4245,24,Female,Medium,Masters_Plus,ESL,3.9605259308923086
4246,25,Male,High,Secondary,Native,2.4807687363713753
4247,19,Non-binary,Medium,Bachelors,Native,2.358150467097424
4248,29,Female,Medium,Secondary,Native,3.329325573177601
4249,24,Male,High,Secondary,ESL,2.71844421953866
4250,19,Female,Low,Secondary,Bilingual,2.4188843004649163
4251,19,Female,High,Bachelors,Bilingual,2.5327238789487025
4252,25,Female,Medium,Secondary,Native,2.37366288231738
4253,19,Female,Medium,Below_Secondary,Bilingual,1.7985001041017494
4254,28,Male,Medium,Bachelors,Native,3.737810735715676
4255,26,Non-binary,High,Below_Secondary,Native,3.0930278868162353
4256,29,Female,Low,Secondary,ESL,1.833593072672346
4257,18,Female,Medium,Secondary,Native,3.6998126678478203
4258,26,Male,Medium,Secondary,Native,2.9062679920919683
4259,18,Male,Medium,Bachelors,Native,2.6729838028836856
4260,27,Female,Medium,Bachelors,Native,3.117810353095744
4261,30,Male,High,Secondary,Native,2.538768428008348
4262,27,Male,High,Below_Secondary,Native,2.0106567458351257
4263,19,Female,Medium,Bachelors,Bilingual,2.4765953584781233
4264,23,Female,Medium,Secondary,Native,2.7561005685106816
4265,23,Male,Medium,Masters_Plus,Native,2.2600991138597903
4266,18,Male,Low,Secondary,Native,3.1051819188131664
4267,24,Male,High,Bachelors,Bilingual,3.5677145133018042
4268,25,Female,High,Masters_Plus,Native,2.580817857457487
4269,19,Male,High,Bachelors,ESL,1.426724569872009
4270,25,Male,Medium,Secondary,Native,2.7003103633899626
4271,26,Female,Medium,Bachelors,Native,2.289899961418885
4272,23,Non-binary,Low,Bachelors,Native,2.6714521734644965
4273,22,Female,Medium,Bachelors,Native,2.663588335900721
4274,29,Male,Medium,Below_Secondary,Bilingual,2.283231346715588
4275,26,Male,High,Bachelors,Native,1.9796767943104423
4276,30,Female,High,Below_Secondary,Native,2.8074447046030233
4277,29,Male,High,Below_Secondary,Native,2.339258318148098
4278,28,Female,High,Bachelors,Native,3.846260605744968
4279,26,Male,Low,Below_Secondary,Bilingual,2.947814263675739
4280,18,Male,Medium,Bachelors,Native,2.3598200827764613
4281,28,Female,Low,Masters_Plus,Native,2.5155672411795607
4282,20,Female,Medium,Masters_Plus,Native,2.7091098236824918
4283,26,Female,Medium,Bachelors,Native,2.8587772298105425
4284,28,Male,Medium,Secondary,Bilingual,3.169834854316993
4285,19,Male,Medium,Secondary,Bilingual,3.4869633198971597
4286,29,Female,Low,Secondary,Native,2.7573831924046055
4287,21,Female,Low,Secondary,Native,3.0731341257135383
4288,21,Male,Low,Secondary,Native,3.0558628308735454
4289,19,Male,Low,Bachelors,ESL,2.8592611910972194
4290,20,Male,Low,Secondary,Native,2.675407622831205
4291,30,Non-binary,Medium,Secondary,Native,2.8849000823153648
4292,20,Female,High,Bachelors,Native,2.4080829143973217
4293,18,Female,Medium,Secondary,Native,2.119391435091619
4294,23,Male,Medium,Secondary,Bilingual,3.6664274377114787
4295,25,Non-binary,Low,Below_Secondary,Native,2.929374352432519
4296,29,Male,High,Bachelors,Native,2.9639341651332636
4297,20,Female,Medium,Bachelors,Native,2.670098113746543
4298,22,Female,High,Bachelors,Native,3.098918636316677
4299,18,Male,High,Secondary,Native,2.6920750673984415
4300,27,Male,High,Bachelors,Native,1.889706274779995
4301,24,Male,Low,Bachelors,Bilingual,2.4792418986942524
4302,27,Male,Medium,Secondary,Native,3.1585626993729967
4303,30,Female,Low,Secondary,ESL,2.443845315778537
4304,18,Female,Low,Bachelors,Native,1.700368349125713
4305,29,Female,Low,Secondary,Native,2.623976728366291
4306,28,Female,High,Bachelors,Bilingual,1.7615921914002144
4307,26,Female,High,Secondary,ESL,2.6149639593193887
4308,25,Male,Low,Bachelors,Native,3.5112315065097586
4309,24,Male,Medium,Secondary,ESL,2.0369618878558207
4310,27,Non-binary,High,Secondary,Native,3.1887863501414717
4311,24,Male,Medium,Secondary,Native,3.8288981013554593
4312,22,Female,Medium,Masters_Plus,Native,3.5638077993404234
4313,22,Male,Medium,Bachelors,Native,2.663426929154558
4314,28,Female,Medium,Bachelors,Native,2.250872089953761
4315,30,Female,Medium,Bachelors,Native,2.9049312209482303
4316,22,Male,Medium,Below_Secondary,Native,2.9132350511171623
4317,18,Male,Medium,Bachelors,Native,3.3529799282928514
4318,25,Female,Medium,Secondary,ESL,2.8307005354870634
4319,29,Male,Medium,Secondary,Native,3.0416159066130435
4320,28,Male,Low,Below_Secondary,Native,2.2546278478715
4321,18,Female,Medium,Below_Secondary,Bilingual,3.2438012739569384
4322,21,Male,Low,Below_Secondary,Native,2.0343726788068324
4323,26,Female,High,Secondary,Native,2.4234891424517953
4324,26,Female,Medium,Below_Secondary,Native,3.160512593413653
4325,22,Male,Medium,Bachelors,Native,3.5745684603641963
4326,21,Female,High,Secondary,ESL,3.2103102029514874
4327,20,Female,High,Secondary,Native,2.780564636802616
4328,20,Male,High,Bachelors,Native,2.7861139738505716
4329,29,Male,Medium,Below_Secondary,Native,2.2552895413612903
4330,22,Male,Low,Bachelors,Native,2.578344340864684
4331,27,Male,High,Bachelors,Native,1.6505155020510047
4332,18,Male,High,Secondary,Bilingual,3.7953811206719634
4333,22,Male,High,Below_Secondary,Bilingual,4.0
4334,23,Male,Medium,Below_Secondary,Bilingual,1.6343141548678302
4335,24,Female,Medium,Secondary,Native,1.9394941186772623
4336,29,Female,Low,Below_Secondary,Native,3.617428997319182
4337,26,Female,Medium,Secondary,ESL,2.3291652454071516
4338,20,Female,Low,Below_Secondary,Native,3.6310672009499676
4339,19,Female,Medium,Bachelors,ESL,3.2523409519510906
4340,20,Female,Medium,Below_Secondary,Bilingual,2.607468137431326
4341,29,Female,Medium,Bachelors,ESL,3.3668208311325025
4342,26,Male,Low,Secondary,Native,2.778025055765224
4343,29,Female,High,Bachelors,Native,2.7675749096318745
4344,24,Male,High,Secondary,Native,3.1171721333310636
4345,26,Male,Medium,Bachelors,Bilingual,3.2752571982175644
4346,30,Female,Medium,Secondary,Native,3.401403354233211
4347,19,Male,High,Bachelors,Bilingual,4.0
4348,22,Male,Low,Below_Secondary,Native,3.0187785723782787
4349,30,Female,Medium,Secondary,Native,3.5757238611585898
4350,21,Female,Low,Below_Secondary,ESL,3.559037549598239
4351,19,Female,Medium,Secondary,Native,3.2110189936017868
4352,26,Female,Medium,Below_Secondary,Native,2.4834888398626003
4353,26,Male,Medium,Secondary,Native,3.4581513179958407
4354,23,Male,Low,Below_Secondary,Native,3.0675046177224714
4355,28,Female,Medium,Secondary,Native,2.0267758688283646
4356,23,Male,Medium,Bachelors,Native,3.408208633799692
4357,25,Female,Medium,Masters_Plus,Native,1.8242815774780792
4358,23,Male,Medium,Secondary,Bilingual,3.188549975039201
4359,18,Male,Medium,Bachelors,ESL,2.4687354754669277
4360,21,Female,Medium,Bachelors,Native,2.897958091370752
4361,30,Female,Low,Secondary,Native,1.9635262571508267
4362,24,Female,Low,Below_Secondary,Native,2.3656463645993373
4363,30,Female,Medium,Below_Secondary,Bilingual,2.485914690523723
4364,30,Male,Medium,Masters_Plus,Bilingual,2.7086276706802574
4365,19,Male,Low,Secondary,ESL,2.443158149227014
4366,26,Male,Low,Bachelors,Native,3.0087053373810213
4367,25,Male,Medium,Bachelors,Bilingual,3.0861826626919076
4368,25,Male,Medium,Secondary,Native,2.5320822203447033
4369,24,Female,Medium,Secondary,ESL,2.823429605888002
4370,21,Male,Medium,Bachelors,Native,3.118932606016472
4371,19,Female,Low,Below_Secondary,Native,1.4532772991302643
4372,20,Female,Low,Secondary,Bilingual,3.065297843875535
4373,29,Male,High,Secondary,Bilingual,2.4149690939149417
4374,23,Male,Medium,Masters_Plus,Native,1.2017343894123578
4375,29,Male,Medium,Secondary,Native,2.5649067085715243
4376,29,Female,Medium,Bachelors,Native,2.1953253675473565
4377,22,Male,Medium,Below_Secondary,Native,2.5184427129553253
4378,29,Male,High,Below_Secondary,Native,3.080233339285483
4379,25,Female,Medium,Masters_Plus,ESL,3.3102942711349197
4380,23,Male,Medium,Bachelors,Native,3.573767568603872
4381,23,Female,Medium,Secondary,Bilingual,3.6104251621526307
4382,18,Female,Medium,Bachelors,Bilingual,2.1780794490614976
4383,21,Female,Medium,Below_Secondary,Bilingual,3.5259927221664658
4384,22,Male,Medium,Bachelors,ESL,2.0660053185306353
4385,29,Female,High,Below_Secondary,Bilingual,3.4348173478866135
4386,28,Female,Medium,Bachelors,Native,3.142632900603835
4387,20,Male,Low,Bachelors,Native,2.902403978985833
4388,30,Male,Low,Secondary,Native,2.2682373094706474
4389,26,Male,Medium,Masters_Plus,Native,3.5185287418441473
4390,18,Female,Low,Masters_Plus,Native,2.195423714055412
4391,23,Female,Medium,Secondary,Bilingual,2.786452338661834
4392,23,Female,Medium,Bachelors,Native,2.8407669006919023
4393,27,Female,Medium,Bachelors,Native,1.781302431626317
4394,22,Male,High,Bachelors,ESL,2.889397535095251
4395,29,Male,Medium,Masters_Plus,Native,2.1427742457762387
4396,22,Female,Medium,Secondary,Native,3.6644983592949263
4397,27,Female,Low,Bachelors,Bilingual,4.0
4398,30,Male,Medium,Bachelors,Native,2.3597185570940633
4399,22,Female,Low,Secondary,Native,2.5642047647663264
4400,23,Female,Medium,Secondary,Bilingual,2.8998186607993452
4401,25,Female,Low,Secondary,Native,1.563653507676621
4402,19,Female,Medium,Bachelors,Native,3.7860664649210745
4403,23,Female,High,Bachelors,Native,2.6087768533418445
4404,18,Male,Low,Secondary,Native,2.5601322324307545
4405,21,Female,Medium,Secondary,Native,3.2138074345073346
4406,27,Male,Medium,Below_Secondary,Bilingual,2.8509829588487716
4407,20,Female,Medium,Below_Secondary,Native,2.8986984558732267
4408,26,Male,Medium,Bachelors,ESL,3.306140843296416
4409,20,Female,Medium,Secondary,ESL,2.724974141216407
4410,23,Female,Medium,Bachelors,Native,2.1259242741677276
4411,18,Male,Medium,Bachelors,Native,3.5344033735501643
4412,29,Male,Medium,Masters_Plus,Bilingual,2.448703322106107
4413,23,Non-binary,Low,Secondary,Native,2.4815515197707105
4414,21,Non-binary,Medium,Masters_Plus,Native,2.9384481485780807
4415,25,Male,High,Secondary,Native,2.016318723036813
4416,30,Non-binary,High,Bachelors,Native,2.9435596846976004
4417,28,Female,High,Bachelors,Native,3.3685342972375385
4418,26,Female,Medium,Secondary,Native,3.747942162221505
4419,21,Male,Medium,Below_Secondary,Native,3.244088880149741
4420,27,Female,Medium,Below_Secondary,Native,3.443813706897793
4421,29,Female,Medium,Bachelors,Native,2.4162818748863226
4422,27,Female,Medium,Secondary,ESL,3.2952215731192
4423,23,Female,Medium,Masters_Plus,Bilingual,2.6853302068886036
4424,18,Female,Medium,Secondary,Native,3.4956652015215957
4425,21,Female,Medium,Masters_Plus,Native,2.861533169996312
4426,24,Male,Medium,Secondary,Native,3.4465398301636383
4427,29,Male,Low,Below_Secondary,Native,2.8967793944417357
4428,18,Male,Low,Secondary,ESL,2.3395574498110334
4429,25,Male,High,Masters_Plus,Bilingual,2.8237469709921865
4430,29,Female,Medium,Bachelors,ESL,2.601549643883054
4431,27,Female,Medium,Below_Secondary,Bilingual,3.5783341239969624
4432,29,Female,Medium,Secondary,Native,1.9863465008818557
4433,28,Male,Medium,Secondary,Bilingual,1.7936305353535278
4434,23,Female,Low,Bachelors,Bilingual,2.975315601855299
4435,22,Male,Medium,Secondary,Native,2.6060043988960535
4436,27,Male,Medium,Bachelors,Native,2.112587697780449
4437,28,Male,Medium,Bachelors,Native,2.7788994242644165
4438,26,Female,Medium,Masters_Plus,Native,2.959755977479572
4439,19,Male,Low,Bachelors,Bilingual,3.5371238742141404
4440,22,Female,Medium,Secondary,Bilingual,1.6883520824618508
4441,23,Male,Low,Masters_Plus,ESL,2.911271146094636
4442,24,Female,Medium,Secondary,Native,3.7847541358328325
4443,22,Female,Medium,Secondary,Bilingual,3.7563941079532386
4444,26,Female,High,Bachelors,Native,2.855430794661015
4445,18,Female,Medium,Below_Secondary,Native,2.4454453339659312
4446,24,Female,Medium,Secondary,ESL,2.6382965014846906
4447,27,Female,Medium,Below_Secondary,Bilingual,2.2091176671205766
4448,24,Female,Medium,Below_Secondary,Bilingual,2.535146365953494
4449,21,Male,Low,Below_Secondary,Native,2.8469696342722868
4450,26,Male,Medium,Below_Secondary,Bilingual,3.082347980035107
4451,29,Male,High,Secondary,ESL,3.3120406771352235
4452,28,Female,Medium,Bachelors,Native,2.733642454382053
4453,22,Female,Medium,Bachelors,Bilingual,2.6892713392015373
4454,21,Female,High,Bachelors,Native,3.3258606100934474
4455,30,Female,Medium,Bachelors,Native,2.594131439657121
4456,24,Male,Medium,Bachelors,Bilingual,3.2192214359221403
4457,21,Female,Medium,Masters_Plus,Native,1.8088724402418181
4458,20,Non-binary,Medium,Bachelors,Native,3.080248767870399
4459,26,Male,Medium,Bachelors,Bilingual,4.0
4460,28,Female,Medium,Secondary,Bilingual,2.2441053979585934
4461,25,Male,High,Bachelors,Native,3.6598616650863782
4462,18,Female,Low,Bachelors,ESL,3.216364609834401
4463,24,Male,Medium,Bachelors,Native,3.3247725668227224
4464,26,Female,Medium,Secondary,ESL,3.20173951027677
4465,25,Female,Low,Below_Secondary,Bilingual,2.418855401329928
4466,25,Male,Medium,Below_Secondary,Native,2.017915080592015
4467,30,Male,Medium,Masters_Plus,Native,3.0846932029091922
4468,23,Female,Medium,Bachelors,Native,2.7263241597237546
4469,28,Non-binary,Medium,Secondary,Native,1.9647371222457313
4470,21,Female,Medium,Secondary,Native,2.527651730248503
4471,25,Female,High,Bachelors,Native,2.1676071988277807
4472,20,Male,Medium,Secondary,Native,3.9506958947815933
4473,30,Female,Low,Secondary,Bilingual,3.305081864072033
4474,26,Female,High,Below_Secondary,Native,2.213253309766037
4475,30,Female,Medium,Below_Secondary,Native,3.100881474409957
4476,19,Male,High,Secondary,Native,2.1049031471146624
4477,19,Female,Medium,Bachelors,Bilingual,1.709210205300315
4478,29,Female,Medium,Below_Secondary,Native,2.3809588862368347
4479,30,Female,High,Secondary,Bilingual,2.709614064775415
4480,29,Female,Medium,Bachelors,Native,3.02956860990332
4481,24,Female,High,Bachelors,Native,3.3219200961143085
4482,29,Female,High,Secondary,Native,2.5852651704674168
4483,27,Male,High,Bachelors,Native,3.204230763166768
4484,21,Female,Medium,Masters_Plus,Native,1.841465452291668
4485,27,Male,Low,Masters_Plus,Native,3.6796980825914196
4486,25,Male,Medium,Bachelors,Native,1.8623977331592854
4487,26,Male,High,Bachelors,Bilingual,2.503682103464747
4488,24,Female,Medium,Secondary,Native,2.3773534435759514
4489,22,Male,Medium,Bachelors,Native,1.9376486156509407
4490,25,Male,Medium,Bachelors,ESL,2.9986659723760143
4491,21,Female,Medium,Secondary,Native,3.824251064697596
4492,19,Male,Low,Secondary,Native,1.7116345489499867
4493,28,Male,Medium,Bachelors,ESL,1.4246832110734124
4494,29,Female,High,Masters_Plus,ESL,2.2751390712980895
4495,23,Female,Low,Secondary,Native,2.6588761669278695
4496,26,Male,High,Secondary,Native,3.2600267694595773
4497,18,Female,Medium,Bachelors,Native,2.5120285883209736
4498,28,Female,Medium,Below_Secondary,Bilingual,1.694009198950912
4499,27,Male,Medium,Bachelors,ESL,3.569865830387229
4500,29,Female,Medium,Below_Secondary,Native,2.2511808364168098
4501,24,Non-binary,Medium,Secondary,Bilingual,3.178342904715873
4502,27,Male,Medium,Bachelors,Bilingual,2.117081091725932
4503,26,Male,Medium,Below_Secondary,Native,2.689974225212247
4504,27,Female,Medium,Secondary,Bilingual,3.0134599306720795
4505,26,Female,Low,Secondary,Native,2.2863304975542516
4506,27,Male,Medium,Secondary,Native,3.0549197646662716
4507,28,Female,Medium,Bachelors,ESL,2.5848642390815755
4508,30,Female,Medium,Bachelors,Native,2.526018702069481
4509,20,Female,Low,Secondary,Native,3.7051473083452793
4510,28,Female,High,Secondary,Bilingual,3.013010902536783
4511,30,Male,Medium,Below_Secondary,ESL,3.093198019492582
4512,22,Female,Medium,Bachelors,ESL,3.2419042523398693
4513,25,Female,Medium,Below_Secondary,Native,3.1455206531446307
4514,25,Male,Medium,Bachelors,Native,3.0140345682631553
4515,21,Female,Medium,Bachelors,Native,3.544282652914836
4516,29,Female,Medium,Bachelors,Native,2.2376124388599012
4517,28,Male,Medium,Bachelors,ESL,2.8888956782426787
4518,28,Female,Medium,Masters_Plus,Bilingual,2.614162160219645
4519,18,Male,Medium,Masters_Plus,Native,2.8846286962355534
4520,18,Male,Medium,Bachelors,Native,2.380972331453393
4521,21,Male,Medium,Secondary,ESL,1.8263941945634934
4522,23,Male,High,Masters_Plus,Bilingual,3.280068698816172
4523,25,Female,Medium,Below_Secondary,Native,4.0
4524,23,Male,High,Bachelors,Native,3.445740117721462
4525,29,Female,Low,Bachelors,Native,3.320339723948203
4526,26,Male,Medium,Masters_Plus,Bilingual,2.9530501340765207
4527,26,Female,Medium,Masters_Plus,Native,2.7070661298645105
4528,19,Female,Medium,Below_Secondary,Bilingual,2.7426776830958937
4529,27,Female,Medium,Bachelors,Native,2.735138580793368
4530,18,Male,Medium,Below_Secondary,Native,2.411280256478499
4531,19,Male,Low,Below_Secondary,Native,1.807107577437287
4532,22,Male,Medium,Secondary,ESL,2.919302509030253
4533,21,Female,Low,Below_Secondary,ESL,2.6328117080298057
4534,21,Female,Medium,Bachelors,Bilingual,3.4835646676536873
4535,26,Female,Low,Masters_Plus,ESL,3.2436715555691125
4536,28,Female,Low,Bachelors,Bilingual,1.5810725222074788
4537,25,Male,Low,Secondary,Native,3.8282602271256683
4538,23,Female,Medium,Bachelors,Bilingual,2.490387506682463
4539,18,Female,High,Masters_Plus,Native,2.5833798449972827
4540,19,Female,High,Bachelors,Native,1.7936607969478857
4541,23,Female,Low,Bachelors,Native,2.9599003597601867
4542,28,Male,Medium,Masters_Plus,Native,3.046700193007134
4543,19,Male,Medium,Secondary,Bilingual,3.828367216318331
4544,30,Female,Medium,Masters_Plus,Native,3.310587213493898
4545,27,Female,Medium,Masters_Plus,Native,2.4977819183637715
4546,22,Male,Low,Masters_Plus,Bilingual,1.7362996714174774
4547,22,Female,Medium,Secondary,Bilingual,2.454322130627095
4548,23,Male,Medium,Masters_Plus,Native,3.426363782043102
4549,23,Female,Low,Secondary,Native,2.5615224715703855
4550,23,Non-binary,Medium,Bachelors,Native,2.1436441842677323
4551,19,Female,Medium,Bachelors,Bilingual,2.901515501668554
4552,27,Female,Medium,Below_Secondary,Bilingual,2.5992669880364874
4553,30,Male,Medium,Secondary,Native,2.526117744455941
4554,20,Male,Medium,Bachelors,ESL,2.351010809586691
4555,23,Female,High,Bachelors,Native,2.8654004338973835
4556,30,Male,Medium,Bachelors,Native,3.4154149244847596
4557,25,Male,Medium,Secondary,Native,3.1085237578051546
4558,29,Female,Medium,Bachelors,Native,1.6436137607196424
4559,30,Male,Medium,Below_Secondary,ESL,3.7306582181695953
4560,28,Female,Low,Bachelors,Native,3.2508537699439866
4561,29,Female,Medium,Secondary,Native,2.982324376641832
4562,18,Female,Medium,Bachelors,Native,3.0546808064079687
4563,18,Female,Medium,Secondary,Native,3.1507615032356853
4564,28,Female,High,Masters_Plus,Native,3.0335104236484347
4565,30,Female,Medium,Bachelors,Native,2.223217299313661
4566,19,Female,Low,Bachelors,Native,3.104517878227917
4567,28,Male,Low,Secondary,Native,2.8977920926072414
4568,29,Female,Low,Bachelors,Bilingual,3.050761210350307
4569,29,Female,Medium,Secondary,Bilingual,2.418521178711765
4570,23,Male,Medium,Below_Secondary,Native,3.45501472084997
4571,26,Male,High,Bachelors,Native,2.4634933797308713
4572,21,Female,Medium,Bachelors,ESL,2.771060920798994
4573,20,Male,High,Secondary,Native,2.4953016517151614
4574,29,Female,Medium,Secondary,Native,2.2014595596963744
4575,25,Non-binary,High,Bachelors,Native,3.2293981979523085
4576,28,Male,Medium,Bachelors,Bilingual,2.4994016759049296
4577,27,Female,Medium,Secondary,Native,2.8877830089958656
4578,26,Male,Medium,Masters_Plus,Native,1.9661110900858758
4579,29,Female,Medium,Masters_Plus,Native,1.709282161751984
4580,28,Male,Medium,Secondary,Bilingual,3.838252494017356
4581,22,Female,Low,Secondary,Native,3.75186620834278
4582,26,Male,Low,Bachelors,Native,2.4373571927341793
4583,19,Male,Medium,Masters_Plus,Native,3.073337959261
4584,20,Male,Medium,Bachelors,Native,2.532468710184358
4585,24,Male,Low,Secondary,Native,3.2004975329033747
4586,24,Female,Medium,Secondary,Native,2.150939390917001
4587,23,Male,Medium,Secondary,Native,2.093526744006999
4588,23,Female,Medium,Bachelors,Bilingual,2.812984422217416
4589,19,Female,Medium,Secondary,Native,3.0293844051907723
4590,27,Female,Low,Bachelors,Bilingual,2.381067770772054
4591,23,Female,Low,Below_Secondary,Native,2.0172881439451995
4592,21,Female,Low,Secondary,ESL,3.555043970555654
4593,29,Male,High,Below_Secondary,ESL,2.521395776602602
4594,20,Male,Medium,Below_Secondary,Native,2.527505903801935
4595,30,Female,Medium,Masters_Plus,ESL,3.5395776821217644
4596,28,Female,Medium,Secondary,Native,4.0
4597,30,Non-binary,High,Bachelors,Bilingual,2.996545397279478
4598,19,Male,Medium,Below_Secondary,Native,3.32776195183795
4599,18,Male,Low,Secondary,Native,2.117095225509239
4600,28,Male,Low,Secondary,Native,3.2385122965401423
4601,28,Female,Low,Below_Secondary,Native,3.312652632505691
4602,22,Female,Medium,Below_Secondary,Bilingual,2.2255610134516974
4603,19,Male,Low,Masters_Plus,Native,2.4791886955871463
4604,19,Female,Low,Below_Secondary,Native,3.533925536932677
4605,24,Female,High,Below_Secondary,ESL,2.6343052706756884
4606,25,Female,Medium,Bachelors,ESL,3.6543937832605575
4607,30,Male,Low,Secondary,ESL,2.81161960683767
4608,27,Female,Low,Bachelors,ESL,2.7824874547739236
4609,25,Female,Low,Below_Secondary,Native,3.385777465915523
4610,21,Female,High,Secondary,Native,4.0
4611,18,Female,High,Bachelors,Native,3.195852368818873
4612,28,Male,High,Masters_Plus,ESL,2.9048809016377026
4613,24,Male,High,Below_Secondary,Native,3.5599024085857724
4614,18,Female,Medium,Secondary,Native,3.6014380056310267
4615,28,Male,Low,Below_Secondary,Native,3.1207797445271366
4616,21,Female,Medium,Secondary,Native,3.0270275552471504
4617,25,Female,Medium,Masters_Plus,Native,3.2207563380165514
4618,19,Female,High,Below_Secondary,Native,1.9419459304207987
4619,23,Male,Medium,Masters_Plus,Native,2.1718176188199205
4620,30,Male,Medium,Secondary,Native,2.9444653365969815
4621,23,Female,High,Masters_Plus,Bilingual,2.33782859111321
4622,29,Male,Low,Bachelors,Bilingual,2.821814230886972
4623,26,Female,High,Masters_Plus,Native,2.9221136832530386
4624,22,Female,Low,Secondary,ESL,2.210823649666316
4625,27,Male,Medium,Bachelors,Bilingual,3.1578064004762445
4626,21,Female,Low,Bachelors,Native,1.6581453760641527
4627,22,Male,Medium,Bachelors,Bilingual,2.6069905788901133
4628,29,Male,Medium,Bachelors,Bilingual,1.880328988980259
4629,29,Non-binary,Medium,Bachelors,Native,2.6066601855556417
4630,27,Non-binary,High,Masters_Plus,Native,3.3737473245761436
4631,28,Female,Medium,Secondary,Native,2.354865867832454
4632,22,Female,Medium,Bachelors,Bilingual,1.5858460689282612
4633,25,Female,Low,Masters_Plus,Native,2.659497566332001
4634,27,Male,High,Secondary,Bilingual,2.3017288496269743
4635,29,Male,Low,Secondary,Native,2.8009737189287582
4636,25,Female,Low,Masters_Plus,Native,2.658663513427569
4637,19,Male,Low,Secondary,Native,2.905303113567637
4638,24,Female,Medium,Secondary,Native,3.503612348700706
4639,25,Female,High,Secondary,ESL,2.5737658885642976
4640,28,Female,Medium,Masters_Plus,Bilingual,2.851915654805406
4641,23,Female,Medium,Masters_Plus,Native,2.606151545040925
4642,22,Male,High,Masters_Plus,Native,3.4060311003269
4643,28,Male,Medium,Bachelors,Bilingual,2.894137865777195
4644,26,Female,Medium,Bachelors,Bilingual,3.1117147940007803
4645,30,Female,Low,Secondary,Bilingual,3.2560138329255772
4646,20,Female,Medium,Below_Secondary,Native,1.6333813945817754
4647,29,Female,Low,Below_Secondary,ESL,3.2721494592975726
4648,30,Male,High,Below_Secondary,Bilingual,3.028293536743489
4649,30,Female,Medium,Masters_Plus,Native,2.3953189363849536
4650,27,Female,Medium,Bachelors,Native,3.57303841405935
4651,21,Male,Low,Bachelors,Native,3.3922412950714436
4652,26,Male,Medium,Masters_Plus,Bilingual,2.6860536051887323
4653,23,Female,Low,Masters_Plus,Native,1.558091065988734
4654,25,Female,Medium,Bachelors,Native,2.765571874350385
4655,24,Male,Medium,Secondary,Native,2.200822110401676
4656,28,Female,Medium,Secondary,Native,1.4828418495819995
4657,19,Male,Low,Bachelors,Native,3.1489588871234147
4658,20,Male,Medium,Secondary,Bilingual,3.7161785085484733
4659,18,Female,Low,Secondary,Native,2.743601289182172
4660,26,Female,Low,Masters_Plus,Native,2.955536128624238
4661,30,Female,Medium,Secondary,Native,3.6056549411681864
4662,24,Male,Medium,Secondary,Native,2.9067185584128925
4663,18,Male,Medium,Bachelors,Native,2.4345292297854475
4664,20,Male,Low,Bachelors,Native,1.4627281488140658
4665,21,Male,Medium,Secondary,Native,3.2890109324023347
4666,21,Male,Medium,Secondary,Bilingual,3.0507443607253633
4667,22,Male,Medium,Masters_Plus,Native,3.3565064077456275
4668,20,Male,Medium,Secondary,Bilingual,1.3313581037137756
4669,20,Male,Medium,Bachelors,Native,4.0
4670,18,Female,Low,Secondary,Native,2.325621265367353
4671,24,Male,High,Secondary,Bilingual,3.4555431331867075
4672,28,Male,Medium,Secondary,Native,1.6601392639858172
4673,27,Female,Low,Bachelors,ESL,2.335133701619554
4674,18,Male,Medium,Masters_Plus,Native,2.4735275658020117
4675,19,Female,Low,Secondary,Native,2.186895090780462
4676,30,Male,High,Below_Secondary,Native,2.3063841966803857
4677,21,Male,Medium,Below_Secondary,ESL,3.772093169160074
4678,30,Male,Low,Bachelors,ESL,2.596291684179036
4679,21,Male,Low,Secondary,Native,4.0
4680,22,Female,Low,Below_Secondary,Native,3.4333288379644085
4681,28,Female,Medium,Secondary,Native,1.5972096015788446
4682,19,Male,Medium,Bachelors,Bilingual,2.594660099467192
4683,21,Male,Low,Masters_Plus,Native,2.568282042472346
4684,18,Female,Low,Bachelors,Native,2.2320097113047352
4685,19,Male,Medium,Secondary,Native,3.531876996875118
4686,18,Female,Low,Secondary,Bilingual,3.3171802546644007
4687,27,Male,Medium,Secondary,Native,4.0
4688,27,Female,Medium,Below_Secondary,Bilingual,2.5249137364871665
4689,30,Male,Medium,Bachelors,Bilingual,3.0629825454485613
4690,21,Male,High,Secondary,Native,2.5885871610101927
4691,21,Female,High,Secondary,Native,2.5610303950285274
4692,24,Female,Medium,Bachelors,Native,3.2867071867949553
4693,27,Female,Medium,Bachelors,Native,4.0
4694,28,Female,High,Bachelors,Native,3.390794885844133
4695,28,Female,Low,Bachelors,Bilingual,3.3265797953392107
4696,26,Male,Low,Bachelors,ESL,2.764689136327507
4697,26,Female,Low,Bachelors,ESL,3.3085968922724684
4698,22,Male,Medium,Bachelors,Bilingual,3.5067355284908936
4699,27,Female,Medium,Secondary,Native,2.2847540277642717
4700,18,Non-binary,Medium,Below_Secondary,Native,2.8249376969296276
4701,18,Male,Medium,Masters_Plus,Native,2.605507397646355
4702,23,Male,Medium,Masters_Plus,Native,2.4205014723249154
4703,19,Male,Low,Bachelors,Native,3.3899178227527007
4704,25,Male,Medium,Bachelors,Native,2.658729595552314
4705,30,Female,Low,Secondary,ESL,3.084470918486376
4706,26,Male,Low,Bachelors,ESL,3.0894850459451586
4707,30,Male,High,Masters_Plus,ESL,2.6381928734688693
4708,21,Female,High,Masters_Plus,Native,1.9267628771824725
4709,22,Female,High,Secondary,ESL,2.5896043678736356
4710,28,Female,Medium,Secondary,Native,3.1169646345973554
4711,25,Female,Medium,Secondary,Native,2.9814682624884385
4712,20,Female,Medium,Secondary,Native,1.629435192742378
4713,22,Non-binary,Medium,Secondary,Native,3.2868138950956065
4714,20,Female,Medium,Bachelors,ESL,2.467895753278729
4715,29,Female,Medium,Below_Secondary,Native,3.143608035640416
4716,27,Male,Medium,Bachelors,Native,3.2889463236196943
4717,20,Male,Medium,Bachelors,Native,3.0821714220838636
4718,20,Female,Medium,Bachelors,ESL,3.9293071303639273
4719,30,Female,Medium,Bachelors,Native,3.399625284849381
4720,29,Female,Medium,Bachelors,Bilingual,2.5279166102092203
4721,24,Non-binary,Medium,Bachelors,Bilingual,2.5891079179749084
4722,24,Female,High,Secondary,Bilingual,2.7548339489343086
4723,24,Female,Medium,Masters_Plus,Native,2.589107202123724
4724,27,Female,Medium,Secondary,Native,3.021715206674492
4725,25,Female,Low,Masters_Plus,Native,2.119691180417307
4726,22,Male,High,Secondary,ESL,3.6293340696147003
4727,22,Male,Medium,Below_Secondary,Bilingual,2.82488328172494
4728,21,Female,Medium,Secondary,Native,3.6118949829426032
4729,24,Male,High,Bachelors,Native,2.089850581949187
4730,27,Female,Medium,Secondary,Native,2.091992598762094
4731,21,Male,Low,Bachelors,Bilingual,3.4476117760424447
4732,19,Female,Low,Bachelors,Native,2.4116007343963783
4733,21,Female,Medium,Secondary,Bilingual,2.201898632421956
4734,30,Female,Medium,Bachelors,ESL,3.4984423757960164
4735,30,Male,Low,Secondary,Native,2.3127325058062795
4736,25,Female,Low,Bachelors,Native,2.788742908870991
4737,26,Female,Low,Bachelors,ESL,2.475109651653176
4738,20,Male,Medium,Secondary,Native,3.254620221069644
4739,24,Female,Low,Masters_Plus,Native,2.935975354755465
4740,29,Male,Low,Bachelors,Native,3.346764823196961
4741,26,Male,Medium,Bachelors,Native,2.0806569771784655
4742,28,Male,Medium,Bachelors,Bilingual,2.9446447419921125
4743,21,Female,Medium,Masters_Plus,Native,2.854927644397242
4744,27,Female,Medium,Secondary,Native,2.350628181215485
4745,20,Female,Medium,Secondary,Bilingual,2.178574345509254
4746,22,Male,Medium,Secondary,Native,2.7476952600378235
4747,18,Male,High,Masters_Plus,Native,2.6254143957925113
4748,20,Female,Low,Secondary,Bilingual,3.5079370428873355
4749,25,Female,Medium,Masters_Plus,ESL,3.2954691875792013
4750,28,Female,Medium,Below_Secondary,Native,2.3882855751458676
4751,25,Male,Low,Secondary,Native,2.6458291528897075
4752,30,Male,Medium,Secondary,Bilingual,3.1281969601093826
4753,21,Female,Medium,Bachelors,Native,3.1941748025393233
4754,19,Female,Medium,Masters_Plus,Native,3.5131703134034167
4755,30,Male,Medium,Secondary,Native,2.761698012022431
4756,25,Male,Low,Bachelors,Native,2.895518420195876
4757,25,Female,Medium,Secondary,Bilingual,1.7319320794471194
4758,27,Male,Medium,Bachelors,Native,2.1338811256195314
4759,21,Female,Medium,Below_Secondary,ESL,3.346676707709796
4760,20,Male,Medium,Secondary,Native,2.1448870745271016
4761,19,Male,Low,Bachelors,Native,1.794636645305956
4762,26,Non-binary,Medium,Bachelors,ESL,3.2612440746187126
4763,18,Male,High,Below_Secondary,Native,2.563179870203761
4764,24,Female,Low,Secondary,Native,2.323067499299248
4765,22,Female,Medium,Bachelors,Native,1.9126055565117972
4766,25,Male,Medium,Bachelors,Native,1.9169022648969203
4767,21,Male,Medium,Masters_Plus,Native,2.532046445114559
4768,24,Female,Low,Bachelors,Native,2.7152454623114197
4769,30,Female,Medium,Masters_Plus,ESL,3.546282222101904
4770,22,Male,Medium,Secondary,Native,2.720164171008139
4771,22,Male,High,Secondary,ESL,2.607521098865443
4772,26,Female,Low,Below_Secondary,Native,2.6263749967228684
4773,26,Female,High,Secondary,Native,1.4484297005439994
4774,30,Female,Medium,Bachelors,Native,2.5059801906961905
4775,26,Male,Low,Bachelors,Native,3.1807700455203847
4776,29,Female,Medium,Secondary,Native,2.852192290743806
4777,23,Female,Medium,Bachelors,Native,3.2654633329174447
4778,23,Female,Low,Bachelors,Bilingual,3.4491723644600967
4779,22,Female,Medium,Bachelors,Native,1.8128955394755875
4780,26,Female,High,Secondary,Native,2.4097679020637055
4781,27,Female,High,Bachelors,Native,3.402438898899479
4782,25,Female,Medium,Secondary,ESL,2.862931818318302
4783,24,Male,Low,Masters_Plus,Native,2.710306958791481
4784,24,Male,Medium,Masters_Plus,Native,3.420191791043086
4785,23,Male,Medium,Secondary,Native,2.324978010594724
4786,22,Male,Low,Secondary,Native,2.3610832812726263
4787,30,Male,High,Bachelors,Native,2.3217006959684605
4788,21,Female,Low,Secondary,Native,2.002289932452496
4789,20,Male,Medium,Below_Secondary,Native,2.6670010562246222
4790,20,Female,Medium,Masters_Plus,Native,2.9082316402772697
4791,23,Female,Medium,Secondary,Bilingual,2.173575406901044
4792,21,Male,Low,Secondary,Native,2.7356987366002654
4793,29,Female,Medium,Bachelors,Native,2.4412557137761257
4794,29,Female,High,Secondary,Native,2.753933944746026
4795,23,Male,Medium,Secondary,Native,3.666666430112282
4796,20,Male,Medium,Bachelors,Native,2.851649001451602
4797,21,Male,Low,Secondary,Native,2.8635941185730864
4798,26,Female,High,Bachelors,Native,4.0
4799,22,Male,High,Masters_Plus,Native,2.495576470073807
4800,30,Female,Medium,Masters_Plus,Bilingual,3.1676615227833222
4801,24,Female,Medium,Below_Secondary,Native,2.4812728219630356
4802,27,Male,High,Below_Secondary,Native,3.2714514705558626
4803,19,Female,Low,Bachelors,Native,2.257129224831603
4804,22,Male,Medium,Bachelors,Native,2.599089842925354
4805,26,Female,Medium,Masters_Plus,Native,2.4633141002686845
4806,28,Male,Medium,Bachelors,Native,2.173859956130027
4807,20,Female,High,Secondary,Native,1.5242016749444685
4808,26,Male,Medium,Secondary,Native,3.0444684658169576
4809,28,Female,Low,Bachelors,Native,2.4178938616395325
4810,23,Female,Medium,Masters_Plus,Bilingual,2.6370229700925885
4811,21,Male,Medium,Secondary,Native,2.722295667136225
4812,24,Female,Medium,Bachelors,Native,1.9204791132360761
4813,25,Male,Medium,Secondary,Native,2.5641913401168472
4814,23,Female,Low,Secondary,Native,1.7279948287957723
4815,22,Female,Medium,Below_Secondary,Native,2.5242417889545985
4816,23,Male,High,Masters_Plus,Native,3.6989189310172437
4817,22,Male,High,Bachelors,Native,2.4772525147019633
4818,25,Male,High,Masters_Plus,Native,2.1114716290672173
4819,18,Female,Medium,Masters_Plus,Native,2.5059023531060274
4820,28,Male,Low,Secondary,Native,3.741035023602016
4821,24,Male,High,Bachelors,Bilingual,2.5304902675151317
4822,27,Male,Medium,Masters_Plus,ESL,1.870071489337459
4823,27,Male,Medium,Bachelors,Native,1.7046095228823899
4824,28,Non-binary,Medium,Bachelors,Native,2.556882210129701
4825,19,Male,High,Secondary,Bilingual,3.2879201301323002
4826,26,Female,Medium,Bachelors,Native,3.064613690092915
4827,18,Female,Low,Secondary,Bilingual,3.4586892898490147
4828,28,Female,Medium,Secondary,Native,3.176721467591451
4829,27,Male,Low,Below_Secondary,Native,2.806733658203975
4830,23,Female,High,Below_Secondary,Native,1.2156264489263744
4831,26,Female,Medium,Below_Secondary,Native,3.6309092688091646
4832,18,Male,Medium,Secondary,Native,1.9259303777505357
4833,21,Male,High,Secondary,Native,4.0
4834,21,Male,Medium,Below_Secondary,Native,2.339901933703017
4835,26,Male,Medium,Secondary,Native,2.3647511172946896
4836,28,Male,Medium,Bachelors,Native,2.4803081781751204
4837,22,Female,Medium,Bachelors,ESL,2.808224571564945
4838,22,Male,High,Bachelors,Native,1.9775288500042687
4839,23,Female,Medium,Masters_Plus,Native,2.2691063551952158
4840,18,Female,High,Below_Secondary,ESL,3.3606968764328045
4841,18,Female,Low,Secondary,ESL,3.604621845240601
4842,26,Female,Medium,Secondary,Native,2.1368658643937466
4843,20,Male,Low,Masters_Plus,Native,3.000124183548198
4844,21,Female,Medium,Bachelors,Native,2.48594748265411
4845,18,Female,Low,Secondary,Native,3.1012666815601166
4846,26,Female,Low,Below_Secondary,ESL,2.261533427776853
4847,25,Female,Medium,Bachelors,Bilingual,3.2386744969588137
4848,19,Male,Medium,Secondary,Native,2.7200374111294097
4849,25,Male,Medium,Bachelors,ESL,2.5046227597109914
4850,24,Female,Medium,Masters_Plus,Native,2.7776218326378492
4851,28,Female,Medium,Bachelors,ESL,3.6666428042704307
4852,23,Female,Medium,Masters_Plus,ESL,2.743305882054634
4853,18,Non-binary,High,Secondary,Native,2.9709892553798483
4854,24,Male,Medium,Bachelors,Native,2.853933134495652
4855,27,Male,Medium,Masters_Plus,Native,2.8565264773000503
4856,24,Male,Medium,Bachelors,ESL,3.530801106214617
4857,30,Male,Low,Bachelors,ESL,3.299400680445011
4858,26,Female,High,Bachelors,Native,1.9839380571270926
4859,18,Female,Low,Masters_Plus,Native,3.12919173354913
4860,19,Male,High,Below_Secondary,Native,3.7673172822445102
4861,28,Male,Medium,Secondary,Bilingual,2.6603387841939377
4862,26,Male,High,Secondary,Native,3.312820260931761
4863,30,Male,Medium,Masters_Plus,Native,1.1409168561707383
4864,26,Female,Medium,Masters_Plus,Native,2.2203188747328966
4865,30,Male,Medium,Below_Secondary,Bilingual,4.0
4866,23,Female,Medium,Below_Secondary,ESL,3.2579560954789883
4867,23,Female,Medium,Masters_Plus,Native,2.930945586916395
4868,21,Female,Medium,Secondary,Native,3.9043772982562928
4869,21,Male,Medium,Secondary,Bilingual,2.1335582493909997
4870,22,Female,Medium,Below_Secondary,ESL,3.5615254510175944
4871,20,Female,Low,Secondary,Native,2.2855002006030247
4872,18,Female,High,Bachelors,Native,2.8567872438582436
4873,18,Male,Medium,Secondary,Native,1.8250894238652458
4874,29,Male,Medium,Bachelors,Native,2.569831018357863
4875,30,Female,High,Masters_Plus,Native,3.594192461306546
4876,24,Male,Medium,Below_Secondary,Native,2.4936448249254517
4877,18,Male,Medium,Below_Secondary,Native,3.0958455998033836
4878,18,Non-binary,Medium,Masters_Plus,Native,2.507950681067131
4879,20,Male,High,Bachelors,Native,3.0583964779605077
4880,27,Male,Low,Secondary,Native,3.2468767079622216
4881,21,Male,Medium,Secondary,Native,2.3931486718125807
4882,21,Female,Medium,Secondary,Native,2.2807646429627475
4883,19,Male,Low,Bachelors,Native,2.55866308779414
4884,18,Female,Low,Below_Secondary,Bilingual,2.5455786068125117
4885,20,Male,Medium,Secondary,Native,1.5855892703436183
4886,28,Male,Medium,Below_Secondary,Native,3.0009598682336165
4887,21,Female,High,Bachelors,Native,3.0289810230493264
4888,20,Male,Medium,Secondary,ESL,1.7219940231286177
4889,25,Non-binary,Medium,Bachelors,Native,3.3033761533149275
4890,27,Male,Low,Below_Secondary,Native,2.5601363316839523
4891,18,Male,Medium,Below_Secondary,Native,2.9969684958729235
4892,19,Male,Medium,Bachelors,Native,2.651080270762975
4893,30,Male,Medium,Bachelors,Bilingual,2.9956314238917763
4894,24,Non-binary,Low,Bachelors,Native,2.870301327188326
4895,21,Female,Medium,Bachelors,Bilingual,3.3267199321262177
4896,25,Male,High,Below_Secondary,Native,2.801142639784675
4897,28,Female,Medium,Bachelors,ESL,3.252395038042664
4898,30,Female,Medium,Secondary,Native,3.6548711973931782
4899,20,Male,Medium,Below_Secondary,ESL,2.7507918149934296
4900,23,Male,Low,Bachelors,Native,2.641952780245251
4901,26,Female,Low,Masters_Plus,Native,3.1375705796160998
4902,18,Non-binary,High,Bachelors,Native,1.5635812111212737
4903,18,Non-binary,Medium,Bachelors,ESL,2.275537919108036
4904,25,Female,Medium,Masters_Plus,Native,2.254527531672128
4905,20,Female,Low,Below_Secondary,Native,3.1312962489285128
4906,22,Male,Medium,Masters_Plus,Native,2.890066695848811
4907,18,Male,Low,Bachelors,ESL,3.5608691226617823
4908,22,Male,Low,Bachelors,Native,3.524886957595716
4909,28,Female,Medium,Bachelors,Native,1.6233370383865222
4910,23,Female,Medium,Bachelors,ESL,1.78805907612233
4911,25,Female,Low,Bachelors,ESL,2.8231893078557984
4912,30,Female,Low,Secondary,Native,1.8718363741558588
4913,20,Female,Medium,Masters_Plus,ESL,1.6166555884624114
4914,20,Non-binary,Medium,Below_Secondary,Native,2.3572304279546854
4915,29,Male,Medium,Secondary,Native,1.5489804510735907
4916,28,Female,Medium,Below_Secondary,Bilingual,2.1834047814132065
4917,28,Female,High,Secondary,Bilingual,3.22683978971125
4918,27,Male,Low,Secondary,Native,2.508390354762139
4919,26,Non-binary,Low,Below_Secondary,Native,3.698637299994634
4920,21,Female,Medium,Secondary,Native,2.4591050596368014
4921,21,Male,Low,Secondary,Bilingual,3.1318666860932547
4922,29,Male,Medium,Below_Secondary,ESL,2.482334026948471
4923,24,Female,Medium,Secondary,Native,2.670354826728437
4924,19,Female,High,Masters_Plus,Bilingual,2.5646387426144295
4925,25,Female,High,Below_Secondary,Native,3.133698661930491
4926,23,Male,High,Secondary,Bilingual,3.2346799470195515
4927,20,Male,Low,Below_Secondary,Native,4.0
4928,26,Male,High,Below_Secondary,Native,2.808924578349167
4929,22,Male,Low,Bachelors,Native,3.1287070891855735
4930,25,Male,Medium,Secondary,ESL,2.183930522441003
4931,24,Female,Medium,Secondary,Native,3.2126070156857685
4932,25,Male,Low,Secondary,Native,2.8151401387130517
4933,24,Male,Medium,Bachelors,Bilingual,1.2026358299062025
4934,20,Male,Low,Bachelors,Native,2.2787296313916503
4935,19,Male,Medium,Secondary,Native,1.555790970592074
4936,24,Female,High,Below_Secondary,Native,2.356967772541081
4937,20,Female,Low,Below_Secondary,Bilingual,2.983949390034636
4938,20,Female,Low,Bachelors,Native,2.6207494994908984
4939,19,Male,Medium,Below_Secondary,Native,3.1696426714758594
4940,21,Male,High,Secondary,Native,1.3915156285363355
4941,25,Female,Low,Secondary,ESL,3.3749862499154037
4942,29,Male,Medium,Secondary,Native,2.947349374291469
4943,18,Female,High,Below_Secondary,Native,2.041004045299583
4944,18,Male,Low,Secondary,Native,2.785038329863423
4945,29,Female,Medium,Below_Secondary,Native,4.0
4946,22,Male,Medium,Secondary,Native,3.679137801967003
4947,28,Female,Medium,Bachelors,ESL,3.806539471145971
4948,22,Female,High,Secondary,Native,2.6722605526312697
4949,28,Female,Low,Bachelors,Bilingual,3.4818798571536713
4950,29,Female,High,Bachelors,Bilingual,3.586135638696865
4951,18,Non-binary,High,Bachelors,Native,2.1736669359699867
4952,23,Female,Low,Masters_Plus,Native,3.5743963143913704
4953,18,Male,Low,Secondary,ESL,3.438496392223782
4954,22,Male,High,Secondary,Bilingual,2.396293658130841
4955,26,Female,Medium,Bachelors,Native,2.8560809751438367
4956,29,Female,Medium,Bachelors,Native,3.614916893732297
4957,22,Male,Medium,Bachelors,Native,2.765220283039138
4958,23,Male,Medium,Below_Secondary,Native,3.3300437103859433
4959,25,Non-binary,High,Bachelors,Native,2.5171370801409116
4960,28,Male,Low,Masters_Plus,ESL,2.1430270040349804
4961,18,Male,Low,Secondary,Native,2.0805524877217545
4962,19,Male,High,Masters_Plus,ESL,2.6312430253979695
4963,26,Female,High,Secondary,Bilingual,3.0629857693551577
4964,20,Male,Medium,Below_Secondary,Native,1.7456620102669729
4965,23,Female,High,Secondary,Bilingual,3.9557469001742973
4966,22,Male,Medium,Secondary,Native,3.440665955522498
4967,28,Female,Low,Bachelors,Native,3.1082811652702573
4968,19,Female,High,Bachelors,Native,3.2894706516951424
4969,24,Male,Medium,Bachelors,Native,2.4113896942834976
4970,21,Female,Low,Below_Secondary,Native,1.9144860089836904
4971,18,Male,Medium,Secondary,ESL,3.0459062307301146
4972,30,Male,Medium,Secondary,ESL,3.4264907943689886
4973,21,Female,High,Masters_Plus,Native,2.503721181836629
4974,23,Male,Medium,Secondary,Bilingual,2.233494274152604
4975,24,Female,Low,Masters_Plus,Native,2.4748009767466037
4976,24,Male,Medium,Secondary,Native,3.0886879654609696
4977,24,Male,High,Below_Secondary,Native,3.1611666566839975
4978,20,Male,Medium,Secondary,Native,3.8860070377297466
4979,23,Female,Medium,Secondary,Native,3.0678060474812576
4980,30,Male,Medium,Masters_Plus,Native,2.3001647090111192
4981,25,Female,Low,Bachelors,Native,2.6215699600909685
4982,21,Male,Medium,Masters_Plus,Native,2.171672807464537
4983,30,Male,Medium,Bachelors,ESL,3.4641145901706163
4984,25,Female,High,Bachelors,ESL,2.1308869063501588
4985,19,Female,Low,Bachelors,Bilingual,2.460687450831836
4986,27,Male,Medium,Bachelors,Native,3.0888570419778976
4987,26,Female,Medium,Bachelors,Bilingual,3.7571772442471074
4988,26,Male,Medium,Secondary,Bilingual,4.0
4989,25,Female,Medium,Secondary,Bilingual,1.9957764754269451
4990,27,Female,Medium,Bachelors,Native,3.1825597784925956
4991,30,Female,Medium,Below_Secondary,Native,2.7861949089843443
4992,27,Female,Medium,Secondary,Native,2.6504220321834686
4993,18,Male,Medium,Masters_Plus,Native,2.63027327883401
4994,19,Female,Medium,Secondary,Native,2.0591983031313377
4995,23,Female,Medium,Bachelors,Bilingual,3.8000793788375455
4996,27,Male,Medium,Secondary,Bilingual,1.5514368972261194
4997,22,Male,Medium,Bachelors,Native,2.7114339133743255
4998,29,Female,High,Secondary,Native,3.698424518761023
4999,26,Female,Medium,Masters_Plus,Native,2.936250995904992
5000,22,Male,Low,Masters_Plus,Native,2.397824246330657
